ISO-10303-21;
HEADER;
FILE_DESCRIPTION(('Open CASCADE Model'),'2;1');
FILE_NAME('Open CASCADE Shape Model','2024-10-01T20:19:25',('Author'),(
    'Open CASCADE'),'Open CASCADE STEP processor 7.8','Open CASCADE 7.8'
  ,'Unknown');
FILE_SCHEMA(('CONFIG_CONTROL_DESIGN'));
ENDSEC;
DATA;
#1 = APPLICATION_PROTOCOL_DEFINITION('international standard',
  'config_control_design',1994,#2);
#2 = APPLICATION_CONTEXT(
'configuration controlled 3D designs of mechanical parts and assemblies'
  );
#3 = SHAPE_DEFINITION_REPRESENTATION(#4,#10);
#4 = PRODUCT_DEFINITION_SHAPE('','',#5);
#5 = PRODUCT_DEFINITION('design','',#6,#9);
#6 = PRODUCT_DEFINITION_FORMATION_WITH_SPECIFIED_SOURCE('','',#7,
  .NOT_KNOWN.);
#7 = PRODUCT('Open CASCADE STEP translator 7.8 375',
  'Open CASCADE STEP translator 7.8 375','',(#8));
#8 = MECHANICAL_CONTEXT('',#2,'mechanical');
#9 = DESIGN_CONTEXT('',#2,'design');
#10 = ADVANCED_BREP_SHAPE_REPRESENTATION('',(#11,#15),#1260);
#11 = AXIS2_PLACEMENT_3D('',#12,#13,#14);
#12 = CARTESIAN_POINT('',(0.,0.,0.));
#13 = DIRECTION('',(0.,0.,1.));
#14 = DIRECTION('',(1.,0.,-0.));
#15 = MANIFOLD_SOLID_BREP('',#16);
#16 = CLOSED_SHELL('',(#17,#231,#235,#334,#441,#573,#671,#780,#850,#951,
    #1030,#1149,#1256));
#17 = ADVANCED_FACE('',(#18),#39,.F.);
#18 = FACE_BOUND('',#19,.F.);
#19 = EDGE_LOOP('',(#20,#139,#161,#230));
#20 = ORIENTED_EDGE('',*,*,#21,.T.);
#21 = EDGE_CURVE('',#22,#22,#24,.T.);
#22 = VERTEX_POINT('',#23);
#23 = CARTESIAN_POINT('',(-7.545944277796E-02,0.663684904575,
    -0.108146463455));
#24 = SURFACE_CURVE('',#25,(#38,#93),.PCURVE_S1.);
#25 = B_SPLINE_CURVE_WITH_KNOTS('',6,(#26,#27,#28,#29,#30,#31,#32,#33,
    #34,#35,#36,#37),.UNSPECIFIED.,.F.,.F.,(7,5,7),(0.,0.501440244821,1.
    ),.UNSPECIFIED.);
#26 = CARTESIAN_POINT('',(-7.162935660145E-02,0.663684904575,
    -0.108164506864));
#27 = CARTESIAN_POINT('',(-4.522526653486E-02,0.663684904575,
    -0.137567006727));
#28 = CARTESIAN_POINT('',(-3.155978348422E-02,0.663684904575,
    -0.159174103709));
#29 = CARTESIAN_POINT('',(-2.528814408258E-04,0.663684904575,
    -0.166521829056));
#30 = CARTESIAN_POINT('',(3.229433412059E-02,0.663684904575,
    -0.158097272505));
#31 = CARTESIAN_POINT('',(4.776836125821E-02,0.663684904575,
    -0.136599903105));
#32 = CARTESIAN_POINT('',(4.783330109121E-02,0.663684904575,
    -7.989772641001E-02));
#33 = CARTESIAN_POINT('',(3.258887642299E-02,0.663684904575,
    -6.008107291916E-02));
#34 = CARTESIAN_POINT('',(-2.352369750703E-03,0.663684904575,
    -4.542419009758E-02));
#35 = CARTESIAN_POINT('',(-3.168372718763E-02,0.663684904575,
    -5.997769518093E-02));
#36 = CARTESIAN_POINT('',(-4.537025677793E-02,0.663684904575,
    -7.908593248438E-02));
#37 = CARTESIAN_POINT('',(-7.161560003934E-02,0.663684904575,
    -0.108133076646));
#38 = PCURVE('',#39,#88);
#39 = B_SPLINE_SURFACE_WITH_KNOTS('',3,6,(
    (#40,#41,#42,#43,#44,#45,#46,#47,#48,#49,#50,#51)
    ,(#52,#53,#54,#55,#56,#57,#58,#59,#60,#61,#62,#63)
    ,(#64,#65,#66,#67,#68,#69,#70,#71,#72,#73,#74,#75)
    ,(#76,#77,#78,#79,#80,#81,#82,#83,#84,#85,#86,#87
  )),.UNSPECIFIED.,.F.,.T.,.F.,(4,4),(1,6,5,6,1),(0.,1.),(
    -0.499172634816,0.,0.500827365184,1.,1.500827365184),.UNSPECIFIED.);
#40 = CARTESIAN_POINT('',(-4.822325414301E-02,0.663710865276,
    -0.108158385147));
#41 = CARTESIAN_POINT('',(-4.660642647581E-02,0.663710865276,
    -8.02384092224E-02));
#42 = CARTESIAN_POINT('',(-3.304692685661E-02,0.663710865276,
    -6.089914798429E-02));
#43 = CARTESIAN_POINT('',(2.689731208941E-04,0.663710865276,
    -4.210752936171E-02));
#44 = CARTESIAN_POINT('',(3.259014850889E-02,0.663710865276,
    -6.111636738249E-02));
#45 = CARTESIAN_POINT('',(4.789500916654E-02,0.663710865276,
    -8.089799123209E-02));
#46 = CARTESIAN_POINT('',(4.801528803794E-02,0.663710865276,
    -0.135162935452));
#47 = CARTESIAN_POINT('',(3.282025203342E-02,0.663710865276,
    -0.155478989553));
#48 = CARTESIAN_POINT('',(-6.074467357662E-04,0.663710865276,
    -0.174222556712));
#49 = CARTESIAN_POINT('',(-3.309416423944E-02,0.663710865276,
    -0.15511468725));
#50 = CARTESIAN_POINT('',(-4.655839193704E-02,0.663710865276,
    -0.136020015131));
#51 = CARTESIAN_POINT('',(-4.822325414301E-02,0.663710865276,
    -0.108158385147));
#52 = CARTESIAN_POINT('',(-4.822325414304E-02,0.742465248603,
    -0.108158385147));
#53 = CARTESIAN_POINT('',(-4.660642647584E-02,0.742465248603,
    -8.023840922245E-02));
#54 = CARTESIAN_POINT('',(-3.304692685663E-02,0.742465248603,
    -6.089914798432E-02));
#55 = CARTESIAN_POINT('',(2.689731208942E-04,0.742465248603,
    -4.210752936174E-02));
#56 = CARTESIAN_POINT('',(3.259014850891E-02,0.742465248603,
    -6.111636738252E-02));
#57 = CARTESIAN_POINT('',(4.789500916657E-02,0.742465248603,
    -8.089799123214E-02));
#58 = CARTESIAN_POINT('',(4.801528803797E-02,0.742465248603,
    -0.135162935453));
#59 = CARTESIAN_POINT('',(3.282025203344E-02,0.742465248603,
    -0.155478989554));
#60 = CARTESIAN_POINT('',(-6.074467357665E-04,0.742465248603,
    -0.174222556712));
#61 = CARTESIAN_POINT('',(-3.309416423946E-02,0.742465248603,
    -0.15511468725));
#62 = CARTESIAN_POINT('',(-4.655839193707E-02,0.742465248603,
    -0.136020015132));
#63 = CARTESIAN_POINT('',(-4.822325414304E-02,0.742465248603,
    -0.108158385147));
#64 = CARTESIAN_POINT('',(-4.822325414307E-02,0.821219632137,
    -0.108158385147));
#65 = CARTESIAN_POINT('',(-4.660642647587E-02,0.821219632137,
    -8.02384092225E-02));
#66 = CARTESIAN_POINT('',(-3.304692685665E-02,0.821219632137,
    -6.089914798436E-02));
#67 = CARTESIAN_POINT('',(2.689731208944E-04,0.821219632137,
    -4.210752936176E-02));
#68 = CARTESIAN_POINT('',(3.259014850893E-02,0.821219632137,
    -6.111636738256E-02));
#69 = CARTESIAN_POINT('',(4.78950091666E-02,0.821219632137,
    -8.089799123219E-02));
#70 = CARTESIAN_POINT('',(4.8015288038E-02,0.821219632137,
    -0.135162935453));
#71 = CARTESIAN_POINT('',(3.282025203346E-02,0.821219632137,
    -0.155478989554));
#72 = CARTESIAN_POINT('',(-6.074467357669E-04,0.821219632137,
    -0.174222556712));
#73 = CARTESIAN_POINT('',(-3.309416423948E-02,0.821219632137,
    -0.15511468725));
#74 = CARTESIAN_POINT('',(-4.65583919371E-02,0.821219632137,
    -0.136020015132));
#75 = CARTESIAN_POINT('',(-4.822325414307E-02,0.821219632137,
    -0.108158385147));
#76 = CARTESIAN_POINT('',(-4.82232541431E-02,0.899974015464,
    -0.108158385147));
#77 = CARTESIAN_POINT('',(-4.66064264759E-02,0.899974015464,
    -8.023840922255E-02));
#78 = CARTESIAN_POINT('',(-3.304692685667E-02,0.899974015464,
    -6.08991479844E-02));
#79 = CARTESIAN_POINT('',(2.689731208946E-04,0.899974015464,
    -4.210752936179E-02));
#80 = CARTESIAN_POINT('',(3.259014850895E-02,0.899974015464,
    -6.11163673826E-02));
#81 = CARTESIAN_POINT('',(4.789500916663E-02,0.899974015464,
    -8.089799123224E-02));
#82 = CARTESIAN_POINT('',(4.801528803803E-02,0.899974015464,
    -0.135162935453));
#83 = CARTESIAN_POINT('',(3.282025203348E-02,0.899974015464,
    -0.155478989554));
#84 = CARTESIAN_POINT('',(-6.074467357673E-04,0.899974015464,
    -0.174222556712));
#85 = CARTESIAN_POINT('',(-3.30941642395E-02,0.899974015464,
    -0.15511468725));
#86 = CARTESIAN_POINT('',(-4.655839193713E-02,0.899974015464,
    -0.136020015132));
#87 = CARTESIAN_POINT('',(-4.82232541431E-02,0.899974015464,
    -0.108158385147));
#88 = DEFINITIONAL_REPRESENTATION('',(#89),#92);
#89 = B_SPLINE_CURVE_WITH_KNOTS('',1,(#90,#91),.UNSPECIFIED.,.F.,.F.,(2,
    2),(0.,1.),.PIECEWISE_BEZIER_KNOTS.);
#90 = CARTESIAN_POINT('',(-1.098804482765E-04,1.999916355566));
#91 = CARTESIAN_POINT('',(-1.098804482797E-04,1.00014043477));
#92 = ( GEOMETRIC_REPRESENTATION_CONTEXT(2) 
PARAMETRIC_REPRESENTATION_CONTEXT() REPRESENTATION_CONTEXT('2D SPACE',''
  ) );
#93 = PCURVE('',#94,#111);
#94 = B_SPLINE_SURFACE_WITH_KNOTS('',3,3,(
    (#95,#96,#97,#98)
    ,(#99,#100,#101,#102)
    ,(#103,#104,#105,#106)
    ,(#107,#108,#109,#110
    )),.UNSPECIFIED.,.F.,.F.,.F.,(4,4),(4,4),(0.,1.),(0.,1.),
  .PIECEWISE_BEZIER_KNOTS.);
#95 = CARTESIAN_POINT('',(9.430137724471E-02,0.663684904575,
    -0.202372492789));
#96 = CARTESIAN_POINT('',(3.143379247053E-02,0.663684904575,
    -0.202372492788));
#97 = CARTESIAN_POINT('',(-3.143379246927E-02,0.663684904574,
    -0.202372492788));
#98 = CARTESIAN_POINT('',(-9.430137724345E-02,0.663684904574,
    -0.202372492788));
#99 = CARTESIAN_POINT('',(9.430137724461E-02,0.663684904575,
    -0.139553625668));
#100 = CARTESIAN_POINT('',(3.14337924705E-02,0.663684904574,
    -0.139553625668));
#101 = CARTESIAN_POINT('',(-3.143379246924E-02,0.663684904574,
    -0.139553625668));
#102 = CARTESIAN_POINT('',(-9.430137724335E-02,0.663684904573,
    -0.139553625668));
#103 = CARTESIAN_POINT('',(9.430137724451E-02,0.663684904574,
    -7.67347583826E-02));
#104 = CARTESIAN_POINT('',(3.143379247046E-02,0.663684904574,
    -7.673475838255E-02));
#105 = CARTESIAN_POINT('',(-3.143379246921E-02,0.663684904573,
    -7.673475838251E-02));
#106 = CARTESIAN_POINT('',(-9.430137724325E-02,0.663684904573,
    -7.673475838246E-02));
#107 = CARTESIAN_POINT('',(9.430137724442E-02,0.663684904573,
    -1.391589126228E-02));
#108 = CARTESIAN_POINT('',(3.143379247043E-02,0.663684904573,
    -1.391589126227E-02));
#109 = CARTESIAN_POINT('',(-3.143379246917E-02,0.663684904572,
    -1.391589126227E-02));
#110 = CARTESIAN_POINT('',(-9.430137724316E-02,0.663684904572,
    -1.391589126226E-02));
#111 = DEFINITIONAL_REPRESENTATION('',(#112),#138);
#112 = B_SPLINE_CURVE_WITH_KNOTS('',3,(#113,#114,#115,#116,#117,#118,
    #119,#120,#121,#122,#123,#124,#125,#126,#127,#128,#129,#130,#131,
    #132,#133,#134,#135,#136,#137),.UNSPECIFIED.,.F.,.F.,(4,1,1,1,1,1,1,
    1,1,1,1,1,1,1,1,1,1,1,1,1,1,1,4),(0.,4.545454545455E-02,
    9.090909090909E-02,0.136363636364,0.181818181818,0.227272727273,
    0.272727272727,0.318181818182,0.363636363636,0.409090909091,
    0.454545454545,0.5,0.545454545455,0.590909090909,0.636363636364,
    0.681818181818,0.727272727273,0.772727272727,0.818181818182,
    0.863636363636,0.909090909091,0.954545454545,1.),
  .QUASI_UNIFORM_KNOTS.);
#113 = CARTESIAN_POINT('',(0.499892204155,0.879789557068));
#114 = CARTESIAN_POINT('',(0.471555405299,0.854809384285));
#115 = CARTESIAN_POINT('',(0.418476721451,0.80884926911));
#116 = CARTESIAN_POINT('',(0.351713383809,0.74569728694));
#117 = CARTESIAN_POINT('',(0.300113142289,0.680459196195));
#118 = CARTESIAN_POINT('',(0.265149789802,0.611076992747));
#119 = CARTESIAN_POINT('',(0.247773842306,0.538117358916));
#120 = CARTESIAN_POINT('',(0.248345037164,0.464500796254));
#121 = CARTESIAN_POINT('',(0.266696230462,0.39450992517));
#122 = CARTESIAN_POINT('',(0.302050992808,0.333052805964));
#123 = CARTESIAN_POINT('',(0.353395466806,0.284919437521));
#124 = CARTESIAN_POINT('',(0.418179933894,0.254102954074));
#125 = CARTESIAN_POINT('',(0.497247736622,0.243161282148));
#126 = CARTESIAN_POINT('',(0.576525524328,0.252644688838));
#127 = CARTESIAN_POINT('',(0.64192595814,0.282964794207));
#128 = CARTESIAN_POINT('',(0.695242037472,0.331583808727));
#129 = CARTESIAN_POINT('',(0.73282890153,0.394094216069));
#130 = CARTESIAN_POINT('',(0.752648024717,0.465164024605));
#131 = CARTESIAN_POINT('',(0.753298934485,0.539453475217));
#132 = CARTESIAN_POINT('',(0.73476165424,0.612490568601));
#133 = CARTESIAN_POINT('',(0.698270777425,0.681450027714));
#134 = CARTESIAN_POINT('',(0.645914345623,0.746069869589));
#135 = CARTESIAN_POINT('',(0.580163933243,0.808824274003));
#136 = CARTESIAN_POINT('',(0.527999414849,0.854703974524));
#137 = CARTESIAN_POINT('',(0.500058981108,0.879716617719));
#138 = ( GEOMETRIC_REPRESENTATION_CONTEXT(2) 
PARAMETRIC_REPRESENTATION_CONTEXT() REPRESENTATION_CONTEXT('2D SPACE',''
  ) );
#139 = ORIENTED_EDGE('',*,*,#140,.T.);
#140 = EDGE_CURVE('',#22,#141,#143,.T.);
#141 = VERTEX_POINT('',#142);
#142 = CARTESIAN_POINT('',(-4.860048215772E-02,0.899999976158,
    -0.108147706637));
#143 = SEAM_CURVE('',#144,(#147,#154),.PCURVE_S1.);
#144 = B_SPLINE_CURVE_WITH_KNOTS('',1,(#145,#146),.UNSPECIFIED.,.F.,.F.,
  (2,2),(-1.09880448277E-04,1.00010988042),.PIECEWISE_BEZIER_KNOTS.);
#145 = CARTESIAN_POINT('',(-4.822217042439E-02,0.663684904523,
    -0.10817648501));
#146 = CARTESIAN_POINT('',(-4.822217042448E-02,0.89999997621,
    -0.10817648501));
#147 = PCURVE('',#39,#148);
#148 = DEFINITIONAL_REPRESENTATION('',(#149),#153);
#149 = LINE('',#150,#151);
#150 = CARTESIAN_POINT('',(0.,0.999945948809));
#151 = VECTOR('',#152,1.);
#152 = DIRECTION('',(1.,0.));
#153 = ( GEOMETRIC_REPRESENTATION_CONTEXT(2) 
PARAMETRIC_REPRESENTATION_CONTEXT() REPRESENTATION_CONTEXT('2D SPACE',''
  ) );
#154 = PCURVE('',#39,#155);
#155 = DEFINITIONAL_REPRESENTATION('',(#156),#160);
#156 = LINE('',#157,#158);
#157 = CARTESIAN_POINT('',(0.,1.999945948809));
#158 = VECTOR('',#159,1.);
#159 = DIRECTION('',(1.,0.));
#160 = ( GEOMETRIC_REPRESENTATION_CONTEXT(2) 
PARAMETRIC_REPRESENTATION_CONTEXT() REPRESENTATION_CONTEXT('2D SPACE',''
  ) );
#161 = ORIENTED_EDGE('',*,*,#162,.F.);
#162 = EDGE_CURVE('',#141,#141,#163,.T.);
#163 = SURFACE_CURVE('',#164,(#177,#195),.PCURVE_S1.);
#164 = B_SPLINE_CURVE_WITH_KNOTS('',6,(#165,#166,#167,#168,#169,#170,
    #171,#172,#173,#174,#175,#176),.UNSPECIFIED.,.F.,.F.,(7,5,7),(0.,
    0.501440244821,1.),.UNSPECIFIED.);
#165 = CARTESIAN_POINT('',(-4.861824472601E-02,0.899999976158,
    -0.108200247168));
#166 = CARTESIAN_POINT('',(-4.522526653486E-02,0.899999976158,
    -0.137567006727));
#167 = CARTESIAN_POINT('',(-3.155978348422E-02,0.899999976158,
    -0.159174103709));
#168 = CARTESIAN_POINT('',(-2.528814408258E-04,0.899999976158,
    -0.166521829056));
#169 = CARTESIAN_POINT('',(3.229433412059E-02,0.899999976158,
    -0.158097272505));
#170 = CARTESIAN_POINT('',(4.776836125821E-02,0.899999976158,
    -0.136599903105));
#171 = CARTESIAN_POINT('',(4.783330109121E-02,0.899999976158,
    -7.989772641001E-02));
#172 = CARTESIAN_POINT('',(3.258887642299E-02,0.899999976158,
    -6.008107291916E-02));
#173 = CARTESIAN_POINT('',(-2.352369750703E-03,0.899999976158,
    -4.542419009758E-02));
#174 = CARTESIAN_POINT('',(-3.168372718763E-02,0.899999976158,
    -5.997769518093E-02));
#175 = CARTESIAN_POINT('',(-4.537025677793E-02,0.899999976158,
    -7.908593248438E-02));
#176 = CARTESIAN_POINT('',(-4.858271958943E-02,0.899999976158,
    -0.108095166105));
#177 = PCURVE('',#39,#178);
#178 = DEFINITIONAL_REPRESENTATION('',(#179),#194);
#179 = B_SPLINE_CURVE_WITH_KNOTS('',7,(#180,#181,#182,#183,#184,#185,
    #186,#187,#188,#189,#190,#191,#192,#193),.UNSPECIFIED.,.F.,.F.,(8,6,
    8),(0.,0.5,1.),.UNSPECIFIED.);
#180 = CARTESIAN_POINT('',(1.00010988042,1.999945948809));
#181 = CARTESIAN_POINT('',(1.00010988042,1.924623161097));
#182 = CARTESIAN_POINT('',(1.00010988042,1.840211808548));
#183 = CARTESIAN_POINT('',(1.00010988042,1.81012244157));
#184 = CARTESIAN_POINT('',(1.00010988042,1.691052899836));
#185 = CARTESIAN_POINT('',(1.00010988042,1.654545170223));
#186 = CARTESIAN_POINT('',(1.00010988042,1.577489094672));
#187 = CARTESIAN_POINT('',(1.00010988042,1.427751154933));
#188 = CARTESIAN_POINT('',(1.00010988042,1.359749001086));
#189 = CARTESIAN_POINT('',(1.00010988042,1.282545433623));
#190 = CARTESIAN_POINT('',(1.00010988042,1.211730139645));
#191 = CARTESIAN_POINT('',(1.00010988042,1.148079867322));
#192 = CARTESIAN_POINT('',(1.00010988042,1.075035314882));
#193 = CARTESIAN_POINT('',(1.00010988042,1.000125764299));
#194 = ( GEOMETRIC_REPRESENTATION_CONTEXT(2) 
PARAMETRIC_REPRESENTATION_CONTEXT() REPRESENTATION_CONTEXT('2D SPACE',''
  ) );
#195 = PCURVE('',#196,#213);
#196 = B_SPLINE_SURFACE_WITH_KNOTS('',3,3,(
    (#197,#198,#199,#200)
    ,(#201,#202,#203,#204)
    ,(#205,#206,#207,#208)
    ,(#209,#210,#211,#212
    )),.UNSPECIFIED.,.F.,.F.,.F.,(4,4),(4,4),(0.,1.),(0.,1.),
  .PIECEWISE_BEZIER_KNOTS.);
#197 = CARTESIAN_POINT('',(4.801626467461E-02,0.89999997614,
    -0.156017649482));
#198 = CARTESIAN_POINT('',(1.60054215865E-02,0.899999976137,
    -0.156017649481));
#199 = CARTESIAN_POINT('',(-1.600542158588E-02,0.899999976134,
    -0.156017649481));
#200 = CARTESIAN_POINT('',(-4.801626467399E-02,0.899999976131,
    -0.15601764948));
#201 = CARTESIAN_POINT('',(4.801626467516E-02,0.89999997615,
    -0.124102011207));
#202 = CARTESIAN_POINT('',(1.600542158668E-02,0.899999976147,
    -0.124102011207));
#203 = CARTESIAN_POINT('',(-1.600542158606E-02,0.899999976144,
    -0.124102011206));
#204 = CARTESIAN_POINT('',(-4.801626467454E-02,0.899999976141,
    -0.124102011206));
#205 = CARTESIAN_POINT('',(4.801626467571E-02,0.899999976161,
    -9.218637284836E-02));
#206 = CARTESIAN_POINT('',(1.600542158686E-02,0.899999976158,
    -9.218637284804E-02));
#207 = CARTESIAN_POINT('',(-1.600542158624E-02,0.899999976154,
    -9.218637284772E-02));
#208 = CARTESIAN_POINT('',(-4.801626467509E-02,0.899999976151,
    -9.21863728474E-02));
#209 = CARTESIAN_POINT('',(4.801626467625E-02,0.899999976171,
    -6.027073457347E-02));
#210 = CARTESIAN_POINT('',(1.600542158705E-02,0.899999976168,
    -6.027073457326E-02));
#211 = CARTESIAN_POINT('',(-1.600542158643E-02,0.899999976165,
    -6.027073457305E-02));
#212 = CARTESIAN_POINT('',(-4.801626467563E-02,0.899999976162,
    -6.027073457284E-02));
#213 = DEFINITIONAL_REPRESENTATION('',(#214),#229);
#214 = B_SPLINE_CURVE_WITH_KNOTS('',7,(#215,#216,#217,#218,#219,#220,
    #221,#222,#223,#224,#225,#226,#227,#228),.UNSPECIFIED.,.F.,.F.,(8,6,
    8),(0.,0.5,1.),.UNSPECIFIED.);
#215 = CARTESIAN_POINT('',(0.499331216365,1.005919114193));
#216 = CARTESIAN_POINT('',(0.237056160879,0.976900385986));
#217 = CARTESIAN_POINT('',(4.834256289128E-02,0.858013882665));
#218 = CARTESIAN_POINT('',(-0.109275913309,0.668714673694));
#219 = CARTESIAN_POINT('',(-5.081080495016E-02,0.335390534861));
#220 = CARTESIAN_POINT('',(3.57400869318E-02,0.135605079776));
#221 = CARTESIAN_POINT('',(0.24510487433,4.318966677004E-03));
#222 = CARTESIAN_POINT('',(0.744516804269,1.924190828576E-04));
#223 = CARTESIAN_POINT('',(0.957548025434,0.106182612615));
#224 = CARTESIAN_POINT('',(1.081649002345,0.366674873426));
#225 = CARTESIAN_POINT('',(1.078413503758,0.656310235174));
#226 = CARTESIAN_POINT('',(0.957270127196,0.867415776347));
#227 = CARTESIAN_POINT('',(0.760595955473,0.979120543257));
#228 = CARTESIAN_POINT('',(0.49995831017,1.006093784886));
#229 = ( GEOMETRIC_REPRESENTATION_CONTEXT(2) 
PARAMETRIC_REPRESENTATION_CONTEXT() REPRESENTATION_CONTEXT('2D SPACE',''
  ) );
#230 = ORIENTED_EDGE('',*,*,#140,.F.);
#231 = ADVANCED_FACE('',(#232),#196,.F.);
#232 = FACE_BOUND('',#233,.F.);
#233 = EDGE_LOOP('',(#234));
#234 = ORIENTED_EDGE('',*,*,#162,.T.);
#235 = ADVANCED_FACE('',(#236,#239),#94,.F.);
#236 = FACE_BOUND('',#237,.F.);
#237 = EDGE_LOOP('',(#238));
#238 = ORIENTED_EDGE('',*,*,#21,.F.);
#239 = FACE_BOUND('',#240,.F.);
#240 = EDGE_LOOP('',(#241));
#241 = ORIENTED_EDGE('',*,*,#242,.T.);
#242 = EDGE_CURVE('',#22,#22,#243,.T.);
#243 = SURFACE_CURVE('',#244,(#257,#267),.PCURVE_S1.);
#244 = B_SPLINE_CURVE_WITH_KNOTS('',6,(#245,#246,#247,#248,#249,#250,
    #251,#252,#253,#254,#255,#256),.UNSPECIFIED.,.F.,.F.,(7,5,7),(0.,
    0.500840957786,1.),.UNSPECIFIED.);
#245 = CARTESIAN_POINT('',(-9.464848116439E-02,0.663684904575,
    -0.108117401179));
#246 = CARTESIAN_POINT('',(-9.141541184319E-02,0.663684904575,
    -0.162966801083));
#247 = CARTESIAN_POINT('',(-6.480824297238E-02,0.663684904575,
    -0.200916468263));
#248 = CARTESIAN_POINT('',(4.854489016739E-04,0.663684904575,
    -0.237622823872));
#249 = CARTESIAN_POINT('',(6.397373360845E-02,0.663684904575,
    -0.200449146132));
#250 = CARTESIAN_POINT('',(9.398687145288E-02,0.663684904575,
    -0.161660962091));
#251 = CARTESIAN_POINT('',(9.42290679382E-02,0.663684904575,
    -5.507656264117E-02));
#252 = CARTESIAN_POINT('',(6.448241505148E-02,0.663684904575,
    -1.516231891428E-02));
#253 = CARTESIAN_POINT('',(-1.516180790957E-03,0.663684904575,
    2.118405368829E-02));
#254 = CARTESIAN_POINT('',(-6.46315310358E-02,0.663684904575,
    -1.568372059743E-02));
#255 = CARTESIAN_POINT('',(-9.124935558318E-02,0.663684904575,
    -5.329020021378E-02));
#256 = CARTESIAN_POINT('',(-9.464935745469E-02,0.663684904575,
    -0.108164737394));
#257 = PCURVE('',#94,#258);
#258 = DEFINITIONAL_REPRESENTATION('',(#259),#266);
#259 = B_SPLINE_CURVE_WITH_KNOTS('',5,(#260,#261,#262,#263,#264,#265),
  .UNSPECIFIED.,.F.,.F.,(6,6),(0.,1.),.PIECEWISE_BEZIER_KNOTS.);
#260 = CARTESIAN_POINT('',(0.499892204155,0.879789557068));
#261 = CARTESIAN_POINT('',(-0.155754741829,1.120629301197));
#262 = CARTESIAN_POINT('',(-0.917495942923,-0.580345110937));
#263 = CARTESIAN_POINT('',(1.910282874968,-0.593586764768));
#264 = CARTESIAN_POINT('',(1.157946635495,1.122578670802));
#265 = CARTESIAN_POINT('',(0.500058981108,0.879716617719));
#266 = ( GEOMETRIC_REPRESENTATION_CONTEXT(2) 
PARAMETRIC_REPRESENTATION_CONTEXT() REPRESENTATION_CONTEXT('2D SPACE',''
  ) );
#267 = PCURVE('',#268,#317);
#268 = B_SPLINE_SURFACE_WITH_KNOTS('',3,6,(
    (#269,#270,#271,#272,#273,#274,#275,#276,#277,#278,#279,#280)
    ,(#281,#282,#283,#284,#285,#286,#287,#288,#289,#290,#291,#292)
    ,(#293,#294,#295,#296,#297,#298,#299,#300,#301,#302,#303,#304)
    ,(#305,#306,#307,#308,#309,#310,#311,#312,#313,#314,#315,#316
  )),.UNSPECIFIED.,.F.,.T.,.F.,(4,4),(1,6,5,6,1),(0.,1.),(
    -0.499516097956,0.,0.500483902044,1.,1.500483902044),.UNSPECIFIED.);
#269 = CARTESIAN_POINT('',(-9.441907267579E-02,0.567620476864,
    -0.108174938171));
#270 = CARTESIAN_POINT('',(-9.274194631215E-02,0.567620476864,
    -5.512033053535E-02));
#271 = CARTESIAN_POINT('',(-6.576571636788E-02,0.567620476864,
    -1.616489881412E-02));
#272 = CARTESIAN_POINT('',(1.547597715125E-03,0.567620476864,
    2.362013072526E-02));
#273 = CARTESIAN_POINT('',(6.347470444223E-02,0.567620476864,
    -1.565324154173E-02));
#274 = CARTESIAN_POINT('',(9.416565144798E-02,0.567620476864,
    -5.59813178459E-02));
#275 = CARTESIAN_POINT('',(9.428953039521E-02,0.567620476864,
    -0.160014285063));
#276 = CARTESIAN_POINT('',(6.385604685051E-02,0.567620476864,
    -0.200934319372));
#277 = CARTESIAN_POINT('',(7.715996914771E-04,0.567620476864,
    -0.23989562047));
#278 = CARTESIAN_POINT('',(-6.569492508721E-02,0.567620476864,
    -0.199898065625));
#279 = CARTESIAN_POINT('',(-9.266663370894E-02,0.567620476864,
    -0.16126868345));
#280 = CARTESIAN_POINT('',(-9.441907267579E-02,0.567620476864,
    -0.108174938171));
#281 = CARTESIAN_POINT('',(-9.441907267624E-02,0.59962070674,
    -0.108174938171));
#282 = CARTESIAN_POINT('',(-9.274194631259E-02,0.59962070674,
    -5.512033053562E-02));
#283 = CARTESIAN_POINT('',(-6.57657163682E-02,0.59962070674,
    -1.616489881419E-02));
#284 = CARTESIAN_POINT('',(1.547597715132E-03,0.59962070674,
    2.362013072538E-02));
#285 = CARTESIAN_POINT('',(6.347470444254E-02,0.59962070674,
    -1.565324154181E-02));
#286 = CARTESIAN_POINT('',(9.416565144843E-02,0.59962070674,
    -5.598131784616E-02));
#287 = CARTESIAN_POINT('',(9.428953039566E-02,0.59962070674,
    -0.160014285064));
#288 = CARTESIAN_POINT('',(6.385604685082E-02,0.59962070674,
    -0.200934319373));
#289 = CARTESIAN_POINT('',(7.715996914808E-04,0.59962070674,
    -0.239895620471));
#290 = CARTESIAN_POINT('',(-6.569492508753E-02,0.59962070674,
    -0.199898065626));
#291 = CARTESIAN_POINT('',(-9.266663370938E-02,0.59962070674,
    -0.16126868345));
#292 = CARTESIAN_POINT('',(-9.441907267624E-02,0.59962070674,
    -0.108174938171));
#293 = CARTESIAN_POINT('',(-9.44190726767E-02,0.631620936701,
    -0.108174938172));
#294 = CARTESIAN_POINT('',(-9.274194631304E-02,0.631620936701,
    -5.512033053588E-02));
#295 = CARTESIAN_POINT('',(-6.576571636851E-02,0.631620936701,
    -1.616489881427E-02));
#296 = CARTESIAN_POINT('',(1.54759771514E-03,0.631620936701,
    2.362013072549E-02));
#297 = CARTESIAN_POINT('',(6.347470444284E-02,0.631620936701,
    -1.565324154188E-02));
#298 = CARTESIAN_POINT('',(9.416565144888E-02,0.631620936701,
    -5.598131784643E-02));
#299 = CARTESIAN_POINT('',(9.428953039611E-02,0.631620936701,
    -0.160014285064));
#300 = CARTESIAN_POINT('',(6.385604685112E-02,0.631620936701,
    -0.200934319374));
#301 = CARTESIAN_POINT('',(7.715996914845E-04,0.631620936701,
    -0.239895620472));
#302 = CARTESIAN_POINT('',(-6.569492508784E-02,0.631620936701,
    -0.199898065627));
#303 = CARTESIAN_POINT('',(-9.266663370983E-02,0.631620936701,
    -0.161268683451));
#304 = CARTESIAN_POINT('',(-9.44190726767E-02,0.631620936701,
    -0.108174938172));
#305 = CARTESIAN_POINT('',(-9.441907267715E-02,0.663621166577,
    -0.108174938172));
#306 = CARTESIAN_POINT('',(-9.274194631348E-02,0.663621166577,
    -5.512033053615E-02));
#307 = CARTESIAN_POINT('',(-6.576571636883E-02,0.663621166577,
    -1.616489881435E-02));
#308 = CARTESIAN_POINT('',(1.547597715147E-03,0.663621166577,
    2.36201307256E-02));
#309 = CARTESIAN_POINT('',(6.347470444314E-02,0.663621166577,
    -1.565324154196E-02));
#310 = CARTESIAN_POINT('',(9.416565144933E-02,0.663621166577,
    -5.59813178467E-02));
#311 = CARTESIAN_POINT('',(9.428953039657E-02,0.663621166577,
    -0.160014285065));
#312 = CARTESIAN_POINT('',(6.385604685143E-02,0.663621166577,
    -0.200934319375));
#313 = CARTESIAN_POINT('',(7.715996914882E-04,0.663621166577,
    -0.239895620473));
#314 = CARTESIAN_POINT('',(-6.569492508816E-02,0.663621166577,
    -0.199898065628));
#315 = CARTESIAN_POINT('',(-9.266663371027E-02,0.663621166577,
    -0.161268683452));
#316 = CARTESIAN_POINT('',(-9.441907267715E-02,0.663621166577,
    -0.108174938172));
#317 = DEFINITIONAL_REPRESENTATION('',(#318),#333);
#318 = B_SPLINE_CURVE_WITH_KNOTS('',7,(#319,#320,#321,#322,#323,#324,
    #325,#326,#327,#328,#329,#330,#331,#332),.UNSPECIFIED.,.F.,.F.,(8,6,
    8),(0.,0.5,1.),.UNSPECIFIED.);
#319 = CARTESIAN_POINT('',(1.000663932712,1.000078849772));
#320 = CARTESIAN_POINT('',(1.000663932712,0.926180811504));
#321 = CARTESIAN_POINT('',(1.000663932712,0.85322891342));
#322 = CARTESIAN_POINT('',(1.000663932712,0.791983902234));
#323 = CARTESIAN_POINT('',(1.000663932712,0.709852520727));
#324 = CARTESIAN_POINT('',(1.000663932712,0.644718726455));
#325 = CARTESIAN_POINT('',(1.000663932712,0.574796821924));
#326 = CARTESIAN_POINT('',(1.000663932712,0.428630230394));
#327 = CARTESIAN_POINT('',(1.000663932712,0.35705730955));
#328 = CARTESIAN_POINT('',(1.000663932712,0.291184576581));
#329 = CARTESIAN_POINT('',(1.000663932712,0.205487507804));
#330 = CARTESIAN_POINT('',(1.000663932712,0.14857064655));
#331 = CARTESIAN_POINT('',(1.000663932712,7.418529632384E-02));
#332 = CARTESIAN_POINT('',(1.000663932712,4.580157279443E-06));
#333 = ( GEOMETRIC_REPRESENTATION_CONTEXT(2) 
PARAMETRIC_REPRESENTATION_CONTEXT() REPRESENTATION_CONTEXT('2D SPACE',''
  ) );
#334 = ADVANCED_FACE('',(#335),#268,.F.);
#335 = FACE_BOUND('',#336,.F.);
#336 = EDGE_LOOP('',(#337,#338,#360,#440));
#337 = ORIENTED_EDGE('',*,*,#242,.F.);
#338 = ORIENTED_EDGE('',*,*,#339,.F.);
#339 = EDGE_CURVE('',#340,#22,#342,.T.);
#340 = VERTEX_POINT('',#341);
#341 = CARTESIAN_POINT('',(-9.464447448307E-02,0.567556738853,
    -0.108149876873));
#342 = SEAM_CURVE('',#343,(#346,#353),.PCURVE_S1.);
#343 = B_SPLINE_CURVE_WITH_KNOTS('',1,(#344,#345),.UNSPECIFIED.,.F.,.F.,
  (2,2),(-6.639328359101E-04,1.000663932712),.PIECEWISE_BEZIER_KNOTS.);
#344 = CARTESIAN_POINT('',(-9.441907267579E-02,0.567556738832,
    -0.108174938171));
#345 = CARTESIAN_POINT('',(-9.441907267715E-02,0.663684904596,
    -0.108174938172));
#346 = PCURVE('',#268,#347);
#347 = DEFINITIONAL_REPRESENTATION('',(#348),#352);
#348 = LINE('',#349,#350);
#349 = CARTESIAN_POINT('',(0.,1.));
#350 = VECTOR('',#351,1.);
#351 = DIRECTION('',(1.,0.));
#352 = ( GEOMETRIC_REPRESENTATION_CONTEXT(2) 
PARAMETRIC_REPRESENTATION_CONTEXT() REPRESENTATION_CONTEXT('2D SPACE',''
  ) );
#353 = PCURVE('',#268,#354);
#354 = DEFINITIONAL_REPRESENTATION('',(#355),#359);
#355 = LINE('',#356,#357);
#356 = CARTESIAN_POINT('',(0.,0.));
#357 = VECTOR('',#358,1.);
#358 = DIRECTION('',(1.,0.));
#359 = ( GEOMETRIC_REPRESENTATION_CONTEXT(2) 
PARAMETRIC_REPRESENTATION_CONTEXT() REPRESENTATION_CONTEXT('2D SPACE',''
  ) );
#360 = ORIENTED_EDGE('',*,*,#361,.T.);
#361 = EDGE_CURVE('',#340,#340,#362,.T.);
#362 = SURFACE_CURVE('',#363,(#376,#394),.PCURVE_S1.);
#363 = B_SPLINE_CURVE_WITH_KNOTS('',6,(#364,#365,#366,#367,#368,#369,
    #370,#371,#372,#373,#374,#375),.UNSPECIFIED.,.F.,.F.,(7,5,7),(0.,
    0.500840957786,1.),.UNSPECIFIED.);
#364 = CARTESIAN_POINT('',(-9.464848116439E-02,0.567556738853,
    -0.108117401179));
#365 = CARTESIAN_POINT('',(-9.141541184319E-02,0.567556738853,
    -0.162966801083));
#366 = CARTESIAN_POINT('',(-6.480824297238E-02,0.567556738853,
    -0.200916468263));
#367 = CARTESIAN_POINT('',(4.854489016739E-04,0.567556738853,
    -0.237622823872));
#368 = CARTESIAN_POINT('',(6.397373360845E-02,0.567556738853,
    -0.200449146132));
#369 = CARTESIAN_POINT('',(9.398687145288E-02,0.567556738853,
    -0.161660962091));
#370 = CARTESIAN_POINT('',(9.42290679382E-02,0.567556738853,
    -5.507656264117E-02));
#371 = CARTESIAN_POINT('',(6.448241505148E-02,0.567556738853,
    -1.516231891428E-02));
#372 = CARTESIAN_POINT('',(-1.516180790957E-03,0.567556738853,
    2.118405368829E-02));
#373 = CARTESIAN_POINT('',(-6.46315310358E-02,0.567556738853,
    -1.568372059743E-02));
#374 = CARTESIAN_POINT('',(-9.124935558318E-02,0.567556738853,
    -5.329020021378E-02));
#375 = CARTESIAN_POINT('',(-9.464935745469E-02,0.567556738853,
    -0.108164737394));
#376 = PCURVE('',#268,#377);
#377 = DEFINITIONAL_REPRESENTATION('',(#378),#393);
#378 = B_SPLINE_CURVE_WITH_KNOTS('',7,(#379,#380,#381,#382,#383,#384,
    #385,#386,#387,#388,#389,#390,#391,#392),.UNSPECIFIED.,.F.,.F.,(8,6,
    8),(0.,0.5,1.),.UNSPECIFIED.);
#379 = CARTESIAN_POINT('',(-6.639328359101E-04,1.000061427986));
#380 = CARTESIAN_POINT('',(-6.639328359079E-04,0.926166606937));
#381 = CARTESIAN_POINT('',(-6.639328359057E-04,0.853316378213));
#382 = CARTESIAN_POINT('',(-6.639328359039E-04,0.791852914432));
#383 = CARTESIAN_POINT('',(-6.639328359014E-04,0.709946832418));
#384 = CARTESIAN_POINT('',(-6.639328358995E-04,0.644689316583));
#385 = CARTESIAN_POINT('',(-6.639328358974E-04,0.574796906461));
#386 = CARTESIAN_POINT('',(-6.639328358931E-04,0.428630120071));
#387 = CARTESIAN_POINT('',(-6.639328358909E-04,0.357048825593));
#388 = CARTESIAN_POINT('',(-6.63932835889E-04,0.291212685379));
#389 = CARTESIAN_POINT('',(-6.639328358864E-04,0.205447696517));
#390 = CARTESIAN_POINT('',(-6.639328358847E-04,0.148598067683));
#391 = CARTESIAN_POINT('',(-6.639328358825E-04,7.41798661867E-02));
#392 = CARTESIAN_POINT('',(-6.639328358803E-04,5.551115123126E-17));
#393 = ( GEOMETRIC_REPRESENTATION_CONTEXT(2) 
PARAMETRIC_REPRESENTATION_CONTEXT() REPRESENTATION_CONTEXT('2D SPACE',''
  ) );
#394 = PCURVE('',#395,#412);
#395 = B_SPLINE_SURFACE_WITH_KNOTS('',3,3,(
    (#396,#397,#398,#399)
    ,(#400,#401,#402,#403)
    ,(#404,#405,#406,#407)
    ,(#408,#409,#410,#411
    )),.UNSPECIFIED.,.F.,.F.,.F.,(4,4),(4,4),(0.,1.),(0.,1.),
  .PIECEWISE_BEZIER_KNOTS.);
#396 = CARTESIAN_POINT('',(-0.290379259105,0.567556738854,-0.29035548937
    ));
#397 = CARTESIAN_POINT('',(-9.679308653945E-02,0.567556738854,
    -0.29035548937));
#398 = CARTESIAN_POINT('',(9.679308653594E-02,0.567556738854,
    -0.29035548937));
#399 = CARTESIAN_POINT('',(0.290379259101,0.567556738854,-0.29035548937)
  );
#400 = CARTESIAN_POINT('',(-0.290379259105,0.567556738854,
    -9.678516329467E-02));
#401 = CARTESIAN_POINT('',(-9.679308653943E-02,0.567556738854,
    -9.678516329467E-02));
#402 = CARTESIAN_POINT('',(9.679308653592E-02,0.567556738853,
    -9.678516329467E-02));
#403 = CARTESIAN_POINT('',(0.290379259101,0.567556738853,
    -9.678516329467E-02));
#404 = CARTESIAN_POINT('',(-0.290379259105,0.567556738853,
    9.678516329097E-02));
#405 = CARTESIAN_POINT('',(-9.679308653942E-02,0.567556738853,
    9.678516329096E-02));
#406 = CARTESIAN_POINT('',(9.67930865359E-02,0.567556738853,
    9.678516329096E-02));
#407 = CARTESIAN_POINT('',(0.290379259101,0.567556738853,
    9.678516329096E-02));
#408 = CARTESIAN_POINT('',(-0.290379259105,0.567556738853,0.290355489367
    ));
#409 = CARTESIAN_POINT('',(-9.67930865394E-02,0.567556738853,
    0.290355489367));
#410 = CARTESIAN_POINT('',(9.679308653588E-02,0.567556738853,
    0.290355489367));
#411 = CARTESIAN_POINT('',(0.290379259101,0.567556738853,0.290355489367)
  );
#412 = DEFINITIONAL_REPRESENTATION('',(#413),#439);
#413 = B_SPLINE_CURVE_WITH_KNOTS('',3,(#414,#415,#416,#417,#418,#419,
    #420,#421,#422,#423,#424,#425,#426,#427,#428,#429,#430,#431,#432,
    #433,#434,#435,#436,#437,#438),.UNSPECIFIED.,.F.,.F.,(4,1,1,1,1,1,1,
    1,1,1,1,1,1,1,1,1,1,1,1,1,1,1,4),(0.,4.545454545455E-02,
    9.090909090909E-02,0.136363636364,0.181818181818,0.227272727273,
    0.272727272727,0.318181818182,0.363636363636,0.409090909091,
    0.454545454545,0.5,0.545454545455,0.590909090909,0.636363636364,
    0.681818181818,0.727272727273,0.772727272727,0.818181818182,
    0.863636363636,0.909090909091,0.954545454545,1.),
  .QUASI_UNIFORM_KNOTS.);
#414 = CARTESIAN_POINT('',(0.313778156082,0.33702534478));
#415 = CARTESIAN_POINT('',(0.296828354782,0.337888501798));
#416 = CARTESIAN_POINT('',(0.264620325843,0.343503338548));
#417 = CARTESIAN_POINT('',(0.222899580022,0.362889402843));
#418 = CARTESIAN_POINT('',(0.188622670377,0.393124971517));
#419 = CARTESIAN_POINT('',(0.164110368994,0.432023806988));
#420 = CARTESIAN_POINT('',(0.151321187465,0.47659026353));
#421 = CARTESIAN_POINT('',(0.151419532684,0.523196142787));
#422 = CARTESIAN_POINT('',(0.164393638308,0.568015017951));
#423 = CARTESIAN_POINT('',(0.189001895758,0.607353582836));
#424 = CARTESIAN_POINT('',(0.223281963441,0.637978663107));
#425 = CARTESIAN_POINT('',(0.264406515572,0.657405784398));
#426 = CARTESIAN_POINT('',(0.312515806383,0.664187081112));
#427 = CARTESIAN_POINT('',(0.361222485212,0.658081516026));
#428 = CARTESIAN_POINT('',(0.402893788941,0.638933702311));
#429 = CARTESIAN_POINT('',(0.437742138568,0.608224080127));
#430 = CARTESIAN_POINT('',(0.462781423571,0.568579959768));
#431 = CARTESIAN_POINT('',(0.476041814055,0.523423535368));
#432 = CARTESIAN_POINT('',(0.476295046373,0.476593111576));
#433 = CARTESIAN_POINT('',(0.463571587555,0.431975579722));
#434 = CARTESIAN_POINT('',(0.439079892209,0.393161687294));
#435 = CARTESIAN_POINT('',(0.404805491867,0.363039888929));
#436 = CARTESIAN_POINT('',(0.36306874327,0.343654082308));
#437 = CARTESIAN_POINT('',(0.330788374148,0.337956845535));
#438 = CARTESIAN_POINT('',(0.313737398962,0.337024590344));
#439 = ( GEOMETRIC_REPRESENTATION_CONTEXT(2) 
PARAMETRIC_REPRESENTATION_CONTEXT() REPRESENTATION_CONTEXT('2D SPACE',''
  ) );
#440 = ORIENTED_EDGE('',*,*,#339,.T.);
#441 = ADVANCED_FACE('',(#442,#570),#395,.T.);
#442 = FACE_BOUND('',#443,.T.);
#443 = EDGE_LOOP('',(#444));
#444 = ORIENTED_EDGE('',*,*,#445,.T.);
#445 = EDGE_CURVE('',#446,#446,#448,.T.);
#446 = VERTEX_POINT('',#447);
#447 = CARTESIAN_POINT('',(0.29052528404,0.567556738853,
    -1.483715721423E-06));
#448 = SURFACE_CURVE('',#449,(#462,#491),.PCURVE_S1.);
#449 = B_SPLINE_CURVE_WITH_KNOTS('',6,(#450,#451,#452,#453,#454,#455,
    #456,#457,#458,#459,#460,#461),.UNSPECIFIED.,.F.,.F.,(7,5,7),(0.,
    0.500329102615,1.),.UNSPECIFIED.);
#450 = CARTESIAN_POINT('',(0.29052414391,0.567556738853,
    6.446286480882E-05));
#451 = CARTESIAN_POINT('',(0.28686516587,0.567556738853,-0.161536795082)
  );
#452 = CARTESIAN_POINT('',(0.200240949721,0.567556738853,-0.28593167098)
  );
#453 = CARTESIAN_POINT('',(-3.318181957973E-03,0.567556738853,
    -0.402914404964));
#454 = CARTESIAN_POINT('',(-0.195498141249,0.567556738853,-0.28818378757
    ));
#455 = CARTESIAN_POINT('',(-0.290139819616,0.567556738853,
    -0.158142939165));
#456 = CARTESIAN_POINT('',(-0.29030981175,0.567556738853,0.157657415971)
  );
#457 = CARTESIAN_POINT('',(-0.196222556954,0.567556738853,0.289069476063
    ));
#458 = CARTESIAN_POINT('',(-1.249215309299E-03,0.567556738853,
    0.40281547695));
#459 = CARTESIAN_POINT('',(0.200137550737,0.567556738853,0.285239014911)
  );
#460 = CARTESIAN_POINT('',(0.286716754358,0.567556738853,0.161710582795)
  );
#461 = CARTESIAN_POINT('',(0.29052642417,0.567556738853,
    -6.149543336548E-05));
#462 = PCURVE('',#395,#463);
#463 = DEFINITIONAL_REPRESENTATION('',(#464),#490);
#464 = B_SPLINE_CURVE_WITH_KNOTS('',3,(#465,#466,#467,#468,#469,#470,
    #471,#472,#473,#474,#475,#476,#477,#478,#479,#480,#481,#482,#483,
    #484,#485,#486,#487,#488,#489),.UNSPECIFIED.,.F.,.F.,(4,1,1,1,1,1,1,
    1,1,1,1,1,1,1,1,1,1,1,1,1,1,1,4),(0.,4.545454545455E-02,
    9.090909090909E-02,0.136363636364,0.181818181818,0.227272727273,
    0.272727272727,0.318181818182,0.363636363636,0.409090909091,
    0.454545454545,0.5,0.545454545455,0.590909090909,0.636363636364,
    0.681818181818,0.727272727273,0.772727272727,0.818181818182,
    0.863636363636,0.909090909091,0.954545454545,1.),
  .QUASI_UNIFORM_KNOTS.);
#465 = CARTESIAN_POINT('',(0.500002555002,1.000251438308));
#466 = CARTESIAN_POINT('',(0.44997474962,0.99952654183));
#467 = CARTESIAN_POINT('',(0.353247699252,0.984648409967));
#468 = CARTESIAN_POINT('',(0.224596263834,0.925587144694));
#469 = CARTESIAN_POINT('',(0.117090160985,0.831674372899));
#470 = CARTESIAN_POINT('',(3.927352820004E-02,0.710613241207));
#471 = CARTESIAN_POINT('',(-1.79124343371E-03,0.572245313512));
#472 = CARTESIAN_POINT('',(-1.89879907769E-03,0.428003282766));
#473 = CARTESIAN_POINT('',(3.910797347989E-02,0.28966560248));
#474 = CARTESIAN_POINT('',(0.117173499794,0.168437078329));
#475 = CARTESIAN_POINT('',(0.225281439779,7.408221868536E-02));
#476 = CARTESIAN_POINT('',(0.353721884097,1.418010825918E-02));
#477 = CARTESIAN_POINT('',(0.498588581825,-6.501050672591E-03));
#478 = CARTESIAN_POINT('',(0.644048265382,1.342892839144E-02));
#479 = CARTESIAN_POINT('',(0.773145628476,7.293861546835E-02));
#480 = CARTESIAN_POINT('',(0.881921964549,0.167314817697));
#481 = CARTESIAN_POINT('',(0.960485564683,0.288840014899));
#482 = CARTESIAN_POINT('',(1.001799157241,0.427555142766));
#483 = CARTESIAN_POINT('',(1.001835595077,0.572089811096));
#484 = CARTESIAN_POINT('',(0.960821678247,0.710582469045));
#485 = CARTESIAN_POINT('',(0.883035705786,0.831618372316));
#486 = CARTESIAN_POINT('',(0.775576494297,0.925451420774));
#487 = CARTESIAN_POINT('',(0.646967318784,0.984517737636));
#488 = CARTESIAN_POINT('',(0.550137917172,0.999468204049));
#489 = CARTESIAN_POINT('',(0.499894103205,1.000253401482));
#490 = ( GEOMETRIC_REPRESENTATION_CONTEXT(2) 
PARAMETRIC_REPRESENTATION_CONTEXT() REPRESENTATION_CONTEXT('2D SPACE',''
  ) );
#491 = PCURVE('',#492,#541);
#492 = B_SPLINE_SURFACE_WITH_KNOTS('',3,6,(
    (#493,#494,#495,#496,#497,#498,#499,#500,#501,#502,#503,#504)
    ,(#505,#506,#507,#508,#509,#510,#511,#512,#513,#514,#515,#516)
    ,(#517,#518,#519,#520,#521,#522,#523,#524,#525,#526,#527,#528)
    ,(#529,#530,#531,#532,#533,#534,#535,#536,#537,#538,#539,#540
  )),.UNSPECIFIED.,.F.,.T.,.F.,(4,4),(1,6,5,6,1),(0.,1.),(
    -0.499837293414,0.,0.500162706586,1.,1.500162706586),.UNSPECIFIED.);
#493 = CARTESIAN_POINT('',(0.290422765456,0.567551843945,
    -2.420515520679E-05));
#494 = CARTESIAN_POINT('',(0.288286100285,0.567551843945,0.158304453806)
  );
#495 = CARTESIAN_POINT('',(0.199264009572,0.567551843945,0.290344889055)
  );
#496 = CARTESIAN_POINT('',(-2.468728159026E-03,0.567551843945,
    0.398056853726));
#497 = CARTESIAN_POINT('',(-0.195695449059,0.567551843945,0.292857415841
    ));
#498 = CARTESIAN_POINT('',(-0.290247064368,0.567551843945,0.155671032409
    ));
#499 = CARTESIAN_POINT('',(-0.290310477574,0.567551843945,
    -0.155485324692));
#500 = CARTESIAN_POINT('',(-0.195966929621,0.567551843945,
    -0.293299531163));
#501 = CARTESIAN_POINT('',(-1.502323854982E-03,0.567551843945,
    -0.397956030699));
#502 = CARTESIAN_POINT('',(0.199135743913,0.567551843945,-0.290062588141
    ));
#503 = CARTESIAN_POINT('',(0.288267181489,0.567551843945,-0.158361339118
    ));
#504 = CARTESIAN_POINT('',(0.290422765456,0.567551843945,
    -2.420515520679E-05));
#505 = CARTESIAN_POINT('',(0.290422765456,0.149664578749,
    -2.420515520679E-05));
#506 = CARTESIAN_POINT('',(0.288286100285,0.149664578749,0.158304453806)
  );
#507 = CARTESIAN_POINT('',(0.199264009572,0.149664578749,0.290344889055)
  );
#508 = CARTESIAN_POINT('',(-2.468728159026E-03,0.149664578749,
    0.398056853726));
#509 = CARTESIAN_POINT('',(-0.195695449059,0.149664578749,0.292857415841
    ));
#510 = CARTESIAN_POINT('',(-0.290247064368,0.149664578749,0.155671032409
    ));
#511 = CARTESIAN_POINT('',(-0.290310477574,0.149664578749,
    -0.155485324692));
#512 = CARTESIAN_POINT('',(-0.195966929621,0.149664578749,
    -0.293299531163));
#513 = CARTESIAN_POINT('',(-1.502323854982E-03,0.149664578749,
    -0.397956030699));
#514 = CARTESIAN_POINT('',(0.199135743913,0.149664578749,-0.290062588141
    ));
#515 = CARTESIAN_POINT('',(0.288267181489,0.149664578749,-0.158361339118
    ));
#516 = CARTESIAN_POINT('',(0.290422765456,0.149664578749,
    -2.420515520679E-05));
#517 = CARTESIAN_POINT('',(0.290422765456,-0.268222687548,
    -2.420515520679E-05));
#518 = CARTESIAN_POINT('',(0.288286100285,-0.268222687548,0.158304453806
    ));
#519 = CARTESIAN_POINT('',(0.199264009572,-0.268222687548,0.290344889055
    ));
#520 = CARTESIAN_POINT('',(-2.468728159026E-03,-0.268222687548,
    0.398056853726));
#521 = CARTESIAN_POINT('',(-0.195695449059,-0.268222687548,
    0.292857415841));
#522 = CARTESIAN_POINT('',(-0.290247064368,-0.268222687548,
    0.155671032409));
#523 = CARTESIAN_POINT('',(-0.290310477574,-0.268222687548,
    -0.155485324692));
#524 = CARTESIAN_POINT('',(-0.195966929621,-0.268222687548,
    -0.293299531163));
#525 = CARTESIAN_POINT('',(-1.502323854982E-03,-0.268222687548,
    -0.397956030699));
#526 = CARTESIAN_POINT('',(0.199135743913,-0.268222687548,
    -0.290062588141));
#527 = CARTESIAN_POINT('',(0.288267181489,-0.268222687548,
    -0.158361339118));
#528 = CARTESIAN_POINT('',(0.290422765456,-0.268222687548,
    -2.420515520679E-05));
#529 = CARTESIAN_POINT('',(0.290422765456,-0.686109952744,
    -2.420515520679E-05));
#530 = CARTESIAN_POINT('',(0.288286100285,-0.686109952744,0.158304453806
    ));
#531 = CARTESIAN_POINT('',(0.199264009572,-0.686109952744,0.290344889055
    ));
#532 = CARTESIAN_POINT('',(-2.468728159025E-03,-0.686109952744,
    0.398056853726));
#533 = CARTESIAN_POINT('',(-0.195695449059,-0.686109952744,
    0.292857415841));
#534 = CARTESIAN_POINT('',(-0.290247064368,-0.686109952744,
    0.155671032409));
#535 = CARTESIAN_POINT('',(-0.290310477574,-0.686109952744,
    -0.155485324692));
#536 = CARTESIAN_POINT('',(-0.195966929621,-0.686109952744,
    -0.293299531163));
#537 = CARTESIAN_POINT('',(-1.502323854982E-03,-0.686109952744,
    -0.397956030699));
#538 = CARTESIAN_POINT('',(0.199135743913,-0.686109952744,
    -0.290062588141));
#539 = CARTESIAN_POINT('',(0.288267181489,-0.686109952744,
    -0.158361339118));
#540 = CARTESIAN_POINT('',(0.290422765456,-0.686109952744,
    -2.420515520679E-05));
#541 = DEFINITIONAL_REPRESENTATION('',(#542),#569);
#542 = B_SPLINE_CURVE_WITH_KNOTS('',9,(#543,#544,#545,#546,#547,#548,
    #549,#550,#551,#552,#553,#554,#555,#556,#557,#558,#559,#560,#561,
    #562,#563,#564,#565,#566,#567,#568),.UNSPECIFIED.,.F.,.F.,(10,8,8,10
    ),(0.,0.25,0.5,1.),.UNSPECIFIED.);
#543 = CARTESIAN_POINT('',(-3.904488668053E-06,1.999979554781));
#544 = CARTESIAN_POINT('',(-3.904488663435E-06,1.971651440065));
#545 = CARTESIAN_POINT('',(-3.904488662141E-06,1.944210056907));
#546 = CARTESIAN_POINT('',(-3.904488666685E-06,1.915876304762));
#547 = CARTESIAN_POINT('',(-3.904488666831E-06,1.888815484245));
#548 = CARTESIAN_POINT('',(-3.904488668024E-06,1.861302980981));
#549 = CARTESIAN_POINT('',(-3.904488670244E-06,1.83301860319));
#550 = CARTESIAN_POINT('',(-3.904488667153E-06,1.805651836876));
#551 = CARTESIAN_POINT('',(-3.904488666818E-06,1.777814904349));
#552 = CARTESIAN_POINT('',(-3.904488666393E-06,1.722335362846));
#553 = CARTESIAN_POINT('',(-3.904488665586E-06,1.694538597937));
#554 = CARTESIAN_POINT('',(-3.904488666221E-06,1.666965337608));
#555 = CARTESIAN_POINT('',(-3.904488666206E-06,1.639173297053));
#556 = CARTESIAN_POINT('',(-3.904488666545E-06,1.611333894939));
#557 = CARTESIAN_POINT('',(-3.904488668882E-06,1.583864706757));
#558 = CARTESIAN_POINT('',(-3.904488671022E-06,1.556593322741));
#559 = CARTESIAN_POINT('',(-3.904488668041E-06,1.528688048569));
#560 = CARTESIAN_POINT('',(-3.904488663915E-06,1.44439656415));
#561 = CARTESIAN_POINT('',(-3.904488664999E-06,1.388737094288));
#562 = CARTESIAN_POINT('',(-3.904488678906E-06,1.336295695646));
#563 = CARTESIAN_POINT('',(-3.90448865588E-06,1.274130000464));
#564 = CARTESIAN_POINT('',(-3.904488666006E-06,1.225292998765));
#565 = CARTESIAN_POINT('',(-3.904488674251E-06,1.164645911063));
#566 = CARTESIAN_POINT('',(-3.904488667485E-06,1.111810958571));
#567 = CARTESIAN_POINT('',(-3.904488660866E-06,1.056771573241));
#568 = CARTESIAN_POINT('',(-3.904488668167E-06,0.999979554781));
#569 = ( GEOMETRIC_REPRESENTATION_CONTEXT(2) 
PARAMETRIC_REPRESENTATION_CONTEXT() REPRESENTATION_CONTEXT('2D SPACE',''
  ) );
#570 = FACE_BOUND('',#571,.T.);
#571 = EDGE_LOOP('',(#572));
#572 = ORIENTED_EDGE('',*,*,#361,.T.);
#573 = ADVANCED_FACE('',(#574),#492,.F.);
#574 = FACE_BOUND('',#575,.F.);
#575 = EDGE_LOOP('',(#576,#600,#669,#670));
#576 = ORIENTED_EDGE('',*,*,#577,.T.);
#577 = EDGE_CURVE('',#446,#578,#580,.T.);
#578 = VERTEX_POINT('',#579);
#579 = CARTESIAN_POINT('',(0.274644371781,-0.702225214905,
    -1.00393416435E-07));
#580 = SEAM_CURVE('',#581,(#586,#593),.PCURVE_S1.);
#581 = B_SPLINE_CURVE_WITH_KNOTS('',3,(#582,#583,#584,#585),
  .UNSPECIFIED.,.F.,.F.,(4,4),(-3.904488668053E-06,1.000003904495),
  .PIECEWISE_BEZIER_KNOTS.);
#582 = CARTESIAN_POINT('',(0.290422234244,0.567551843945,
    -6.306398074332E-05));
#583 = CARTESIAN_POINT('',(0.290422234244,0.149664578749,
    -6.306398074331E-05));
#584 = CARTESIAN_POINT('',(0.290422234244,-0.268222687548,
    -6.306398074331E-05));
#585 = CARTESIAN_POINT('',(0.290422234244,-0.686109952744,
    -6.306398074331E-05));
#586 = PCURVE('',#492,#587);
#587 = DEFINITIONAL_REPRESENTATION('',(#588),#592);
#588 = LINE('',#589,#590);
#589 = CARTESIAN_POINT('',(0.,0.999979554781));
#590 = VECTOR('',#591,1.);
#591 = DIRECTION('',(1.,0.));
#592 = ( GEOMETRIC_REPRESENTATION_CONTEXT(2) 
PARAMETRIC_REPRESENTATION_CONTEXT() REPRESENTATION_CONTEXT('2D SPACE',''
  ) );
#593 = PCURVE('',#492,#594);
#594 = DEFINITIONAL_REPRESENTATION('',(#595),#599);
#595 = LINE('',#596,#597);
#596 = CARTESIAN_POINT('',(0.,1.999979554781));
#597 = VECTOR('',#598,1.);
#598 = DIRECTION('',(1.,0.));
#599 = ( GEOMETRIC_REPRESENTATION_CONTEXT(2) 
PARAMETRIC_REPRESENTATION_CONTEXT() REPRESENTATION_CONTEXT('2D SPACE',''
  ) );
#600 = ORIENTED_EDGE('',*,*,#601,.F.);
#601 = EDGE_CURVE('',#578,#578,#602,.T.);
#602 = SURFACE_CURVE('',#603,(#616,#640),.PCURVE_S1.);
#603 = B_SPLINE_CURVE_WITH_KNOTS('',6,(#604,#605,#606,#607,#608,#609,
    #610,#611,#612,#613,#614,#615),.UNSPECIFIED.,.F.,.F.,(7,5,7),(0.,
    0.500329102615,1.),.UNSPECIFIED.);
#604 = CARTESIAN_POINT('',(0.29052414391,-0.68611484766,
    6.446286480882E-05));
#605 = CARTESIAN_POINT('',(0.28686516587,-0.68611484766,-0.161536795082)
  );
#606 = CARTESIAN_POINT('',(0.200240949721,-0.68611484766,-0.28593167098)
  );
#607 = CARTESIAN_POINT('',(-3.318181957973E-03,-0.68611484766,
    -0.402914404964));
#608 = CARTESIAN_POINT('',(-0.195498141249,-0.68611484766,-0.28818378757
    ));
#609 = CARTESIAN_POINT('',(-0.290139819616,-0.68611484766,
    -0.158142939165));
#610 = CARTESIAN_POINT('',(-0.29030981175,-0.68611484766,0.157657415971)
  );
#611 = CARTESIAN_POINT('',(-0.196222556954,-0.68611484766,0.289069476063
    ));
#612 = CARTESIAN_POINT('',(-1.249215309299E-03,-0.68611484766,
    0.40281547695));
#613 = CARTESIAN_POINT('',(0.200137550737,-0.68611484766,0.285239014911)
  );
#614 = CARTESIAN_POINT('',(0.286716754358,-0.68611484766,0.161710582795)
  );
#615 = CARTESIAN_POINT('',(0.29052642417,-0.68611484766,
    -6.149543336548E-05));
#616 = PCURVE('',#492,#617);
#617 = DEFINITIONAL_REPRESENTATION('',(#618),#639);
#618 = B_SPLINE_CURVE_WITH_KNOTS('',10,(#619,#620,#621,#622,#623,#624,
    #625,#626,#627,#628,#629,#630,#631,#632,#633,#634,#635,#636,#637,
    #638),.UNSPECIFIED.,.F.,.F.,(11,9,11),(6.517819710525E-05,
    0.500000869758,0.999936561319),.UNSPECIFIED.);
#619 = CARTESIAN_POINT('',(1.000003904495,1.999979554781));
#620 = CARTESIAN_POINT('',(1.000003904495,1.94900275807));
#621 = CARTESIAN_POINT('',(1.000003904495,1.899614176001));
#622 = CARTESIAN_POINT('',(1.000003904495,1.850047811651));
#623 = CARTESIAN_POINT('',(1.000003904495,1.801218735078));
#624 = CARTESIAN_POINT('',(1.000003904494,1.74713292218));
#625 = CARTESIAN_POINT('',(1.000003904495,1.703597263419));
#626 = CARTESIAN_POINT('',(1.000003904495,1.647590833983));
#627 = CARTESIAN_POINT('',(1.000003904495,1.601128185564));
#628 = CARTESIAN_POINT('',(1.000003904495,1.551160176958));
#629 = CARTESIAN_POINT('',(1.000003904495,1.450025624147));
#630 = CARTESIAN_POINT('',(1.000003904495,1.399646491235));
#631 = CARTESIAN_POINT('',(1.000003904495,1.353048994691));
#632 = CARTESIAN_POINT('',(1.000003904495,1.29688257029));
#633 = CARTESIAN_POINT('',(1.000003904494,1.252513525005));
#634 = CARTESIAN_POINT('',(1.000003904495,1.198784287825));
#635 = CARTESIAN_POINT('',(1.000003904495,1.150017935227));
#636 = CARTESIAN_POINT('',(1.000003904495,1.100515306299));
#637 = CARTESIAN_POINT('',(1.000003904495,1.051183045263));
#638 = CARTESIAN_POINT('',(1.000003904495,1.000045943266));
#639 = ( GEOMETRIC_REPRESENTATION_CONTEXT(2) 
PARAMETRIC_REPRESENTATION_CONTEXT() REPRESENTATION_CONTEXT('2D SPACE',''
  ) );
#640 = PCURVE('',#641,#658);
#641 = B_SPLINE_SURFACE_WITH_KNOTS('',3,3,(
    (#642,#643,#644,#645)
    ,(#646,#647,#648,#649)
    ,(#650,#651,#652,#653)
    ,(#654,#655,#656,#657
    )),.UNSPECIFIED.,.F.,.F.,.F.,(4,4),(4,4),(0.,1.),(0.,1.),
  .PIECEWISE_BEZIER_KNOTS.);
#642 = CARTESIAN_POINT('',(-0.290379259105,-0.68611484766,-0.29035548937
    ));
#643 = CARTESIAN_POINT('',(-9.679308653945E-02,-0.68611484766,
    -0.29035548937));
#644 = CARTESIAN_POINT('',(9.679308653594E-02,-0.68611484766,
    -0.29035548937));
#645 = CARTESIAN_POINT('',(0.290379259101,-0.68611484766,-0.29035548937)
  );
#646 = CARTESIAN_POINT('',(-0.290379259105,-0.68611484766,
    -9.678516329467E-02));
#647 = CARTESIAN_POINT('',(-9.679308653943E-02,-0.68611484766,
    -9.678516329467E-02));
#648 = CARTESIAN_POINT('',(9.679308653592E-02,-0.68611484766,
    -9.678516329467E-02));
#649 = CARTESIAN_POINT('',(0.290379259101,-0.68611484766,
    -9.678516329467E-02));
#650 = CARTESIAN_POINT('',(-0.290379259105,-0.68611484766,
    9.678516329097E-02));
#651 = CARTESIAN_POINT('',(-9.679308653942E-02,-0.68611484766,
    9.678516329096E-02));
#652 = CARTESIAN_POINT('',(9.67930865359E-02,-0.68611484766,
    9.678516329096E-02));
#653 = CARTESIAN_POINT('',(0.290379259101,-0.68611484766,
    9.678516329096E-02));
#654 = CARTESIAN_POINT('',(-0.290379259105,-0.68611484766,0.290355489367
    ));
#655 = CARTESIAN_POINT('',(-9.67930865394E-02,-0.68611484766,
    0.290355489367));
#656 = CARTESIAN_POINT('',(9.679308653588E-02,-0.68611484766,
    0.290355489367));
#657 = CARTESIAN_POINT('',(0.290379259101,-0.68611484766,0.290355489367)
  );
#658 = DEFINITIONAL_REPRESENTATION('',(#659),#668);
#659 = B_SPLINE_CURVE_WITH_KNOTS('',7,(#660,#661,#662,#663,#664,#665,
    #666,#667),.UNSPECIFIED.,.F.,.F.,(8,8),(6.517819710525E-05,
    0.999936561319),.PIECEWISE_BEZIER_KNOTS.);
#660 = CARTESIAN_POINT('',(0.50010799212,0.979742663346));
#661 = CARTESIAN_POINT('',(2.417366887754E-02,1.007335499172));
#662 = CARTESIAN_POINT('',(-0.285319017488,0.575441972666));
#663 = CARTESIAN_POINT('',(-0.500148829397,-0.56826438935));
#664 = CARTESIAN_POINT('',(1.495350442329,-0.580046530365));
#665 = CARTESIAN_POINT('',(1.287068937835,0.577181753685));
#666 = CARTESIAN_POINT('',(0.97693240854,1.008000160267));
#667 = CARTESIAN_POINT('',(0.499892507425,0.979742530943));
#668 = ( GEOMETRIC_REPRESENTATION_CONTEXT(2) 
PARAMETRIC_REPRESENTATION_CONTEXT() REPRESENTATION_CONTEXT('2D SPACE',''
  ) );
#669 = ORIENTED_EDGE('',*,*,#577,.F.);
#670 = ORIENTED_EDGE('',*,*,#445,.T.);
#671 = ADVANCED_FACE('',(#672,#675),#641,.F.);
#672 = FACE_BOUND('',#673,.F.);
#673 = EDGE_LOOP('',(#674));
#674 = ORIENTED_EDGE('',*,*,#601,.T.);
#675 = FACE_BOUND('',#676,.F.);
#676 = EDGE_LOOP('',(#677));
#677 = ORIENTED_EDGE('',*,*,#678,.F.);
#678 = EDGE_CURVE('',#578,#578,#679,.T.);
#679 = SURFACE_CURVE('',#680,(#693,#722),.PCURVE_S1.);
#680 = B_SPLINE_CURVE_WITH_KNOTS('',6,(#681,#682,#683,#684,#685,#686,
    #687,#688,#689,#690,#691,#692),.UNSPECIFIED.,.F.,.F.,(7,5,7),(0.,
    0.500355801287,1.),.UNSPECIFIED.);
#681 = CARTESIAN_POINT('',(0.278614638293,-0.68611484766,
    6.271220794568E-05));
#682 = CARTESIAN_POINT('',(0.263068810598,-0.68611484766,-0.148786152439
    ));
#683 = CARTESIAN_POINT('',(0.183891514535,-0.68611484766,-0.261974022255
    ));
#684 = CARTESIAN_POINT('',(-3.099681391914E-03,-0.68611484766,
    -0.37029167005));
#685 = CARTESIAN_POINT('',(-0.179453544342,-0.68611484766,
    -0.263990842518));
#686 = CARTESIAN_POINT('',(-0.266303161495,-0.68611484766,-0.14552196901
    ));
#687 = CARTESIAN_POINT('',(-0.266481811623,-0.68611484766,0.145026757405
    ));
#688 = CARTESIAN_POINT('',(-0.180184475383,-0.68611484766,0.264880467535
    ));
#689 = CARTESIAN_POINT('',(-1.010991865788E-03,-0.68611484766,
    0.370198881968));
#690 = CARTESIAN_POINT('',(0.183804445778,-0.68611484766,0.261275511272)
  );
#691 = CARTESIAN_POINT('',(0.262913247686,-0.68611484766,0.14895386821)
  );
#692 = CARTESIAN_POINT('',(0.278614561399,-0.68611484766,
    -6.242212045879E-05));
#693 = PCURVE('',#641,#694);
#694 = DEFINITIONAL_REPRESENTATION('',(#695),#721);
#695 = B_SPLINE_CURVE_WITH_KNOTS('',3,(#696,#697,#698,#699,#700,#701,
    #702,#703,#704,#705,#706,#707,#708,#709,#710,#711,#712,#713,#714,
    #715,#716,#717,#718,#719,#720),.UNSPECIFIED.,.F.,.F.,(4,1,1,1,1,1,1,
    1,1,1,1,1,1,1,1,1,1,1,1,1,1,1,4),(0.,4.545454545455E-02,
    9.090909090909E-02,0.136363636364,0.181818181818,0.227272727273,
    0.272727272727,0.318181818182,0.363636363636,0.409090909091,
    0.454545454545,0.5,0.545454545455,0.590909090909,0.636363636364,
    0.681818181818,0.727272727273,0.772727272727,0.818181818182,
    0.863636363636,0.909090909091,0.954545454545,1.),
  .QUASI_UNIFORM_KNOTS.);
#696 = CARTESIAN_POINT('',(0.50010799212,0.979742663346));
#697 = CARTESIAN_POINT('',(0.453944824513,0.975304003594));
#698 = CARTESIAN_POINT('',(0.365025114621,0.95573223208));
#699 = CARTESIAN_POINT('',(0.247005288799,0.89631058861));
#700 = CARTESIAN_POINT('',(0.148424662884,0.80716545641));
#701 = CARTESIAN_POINT('',(7.707410531578E-02,0.69451338621));
#702 = CARTESIAN_POINT('',(3.942305506421E-02,0.566779824177));
#703 = CARTESIAN_POINT('',(3.933778092898E-02,0.434080422925));
#704 = CARTESIAN_POINT('',(7.69608953966E-02,0.307000318133));
#705 = CARTESIAN_POINT('',(0.148555747088,0.195702831443));
#706 = CARTESIAN_POINT('',(0.247691037511,0.109092260171));
#707 = CARTESIAN_POINT('',(0.365460655229,5.41006508665E-02));
#708 = CARTESIAN_POINT('',(0.498583409222,3.509430807445E-02));
#709 = CARTESIAN_POINT('',(0.632308941123,5.334713584572E-02));
#710 = CARTESIAN_POINT('',(0.750737574901,0.107949245362));
#711 = CARTESIAN_POINT('',(0.85054319695,0.194586853907));
#712 = CARTESIAN_POINT('',(0.92263580398,0.306187479024));
#713 = CARTESIAN_POINT('',(0.960563762563,0.433649525978));
#714 = CARTESIAN_POINT('',(0.960619151276,0.566641867876));
#715 = CARTESIAN_POINT('',(0.923015178103,0.694495135327));
#716 = CARTESIAN_POINT('',(0.851692233235,0.80711223803));
#717 = CARTESIAN_POINT('',(0.75315734395,0.896166311936));
#718 = CARTESIAN_POINT('',(0.635181404701,0.955585795083));
#719 = CARTESIAN_POINT('',(0.546161750438,0.97523501575));
#720 = CARTESIAN_POINT('',(0.499892507425,0.979742530943));
#721 = ( GEOMETRIC_REPRESENTATION_CONTEXT(2) 
PARAMETRIC_REPRESENTATION_CONTEXT() REPRESENTATION_CONTEXT('2D SPACE',''
  ) );
#722 = PCURVE('',#723,#772);
#723 = B_SPLINE_SURFACE_WITH_KNOTS('',3,6,(
    (#724,#725,#726,#727,#728,#729,#730,#731,#732,#733,#734,#735)
    ,(#736,#737,#738,#739,#740,#741,#742,#743,#744,#745,#746,#747)
    ,(#748,#749,#750,#751,#752,#753,#754,#755,#756,#757,#758,#759)
    ,(#760,#761,#762,#763,#764,#765,#766,#767,#768,#769,#770,#771
  )),.UNSPECIFIED.,.F.,.T.,.F.,(4,4),(1,6,5,6,1),(0.,1.),(
    -0.499824271534,0.,0.500175728466,1.,1.500175728466),.UNSPECIFIED.);
#724 = CARTESIAN_POINT('',(0.266594200276,-0.686199263615,
    -2.585190532255E-05));
#725 = CARTESIAN_POINT('',(0.264529544037,-0.686199263615,0.145554748705
    ));
#726 = CARTESIAN_POINT('',(0.183017003873,-0.686199263615,0.266095188826
    ));
#727 = CARTESIAN_POINT('',(-2.355976341601E-03,-0.686199263615,
    0.365906588774));
#728 = CARTESIAN_POINT('',(-0.179617311468,-0.686199263615,0.26835595383
    ));
#729 = CARTESIAN_POINT('',(-0.266418072038,-0.686199263615,
    0.143116783875));
#730 = CARTESIAN_POINT('',(-0.266488862439,-0.686199263615,
    -0.142919561435));
#731 = CARTESIAN_POINT('',(-0.17982250749,-0.686199263615,
    -0.268689689273));
#732 = CARTESIAN_POINT('',(-1.722643613728E-03,-0.686199263615,
    -0.365905474148));
#733 = CARTESIAN_POINT('',(0.183123490369,-0.686199263615,
    -0.265927819688));
#734 = CARTESIAN_POINT('',(0.264576433882,-0.686199263615,
    -0.145321606102));
#735 = CARTESIAN_POINT('',(0.266594200276,-0.686199263615,
    -2.585190532255E-05));
#736 = CARTESIAN_POINT('',(0.266594200274,-0.710308537132,
    -2.58519053224E-05));
#737 = CARTESIAN_POINT('',(0.264529544036,-0.710308537132,0.145554748704
    ));
#738 = CARTESIAN_POINT('',(0.183017003872,-0.710308537132,0.266095188825
    ));
#739 = CARTESIAN_POINT('',(-2.355976341587E-03,-0.710308537132,
    0.365906588772));
#740 = CARTESIAN_POINT('',(-0.179617311467,-0.710308537132,
    0.268355953828));
#741 = CARTESIAN_POINT('',(-0.266418072036,-0.710308537132,
    0.143116783875));
#742 = CARTESIAN_POINT('',(-0.266488862438,-0.710308537132,
    -0.142919561434));
#743 = CARTESIAN_POINT('',(-0.179822507489,-0.710308537132,
    -0.268689689272));
#744 = CARTESIAN_POINT('',(-1.722643613718E-03,-0.710308537132,
    -0.365905474146));
#745 = CARTESIAN_POINT('',(0.183123490368,-0.710308537132,
    -0.265927819687));
#746 = CARTESIAN_POINT('',(0.26457643388,-0.710308537132,-0.145321606101
    ));
#747 = CARTESIAN_POINT('',(0.266594200274,-0.710308537132,
    -2.58519053224E-05));
#748 = CARTESIAN_POINT('',(0.266594200273,-0.734417810713,
    -2.585190532225E-05));
#749 = CARTESIAN_POINT('',(0.264529544034,-0.734417810713,0.145554748704
    ));
#750 = CARTESIAN_POINT('',(0.183017003871,-0.734417810713,0.266095188823
    ));
#751 = CARTESIAN_POINT('',(-2.355976341573E-03,-0.734417810713,
    0.36590658877));
#752 = CARTESIAN_POINT('',(-0.179617311466,-0.734417810713,
    0.268355953826));
#753 = CARTESIAN_POINT('',(-0.266418072035,-0.734417810713,
    0.143116783874));
#754 = CARTESIAN_POINT('',(-0.266488862436,-0.734417810713,
    -0.142919561433));
#755 = CARTESIAN_POINT('',(-0.179822507488,-0.734417810713,
    -0.26868968927));
#756 = CARTESIAN_POINT('',(-1.722643613708E-03,-0.734417810713,
    -0.365905474143));
#757 = CARTESIAN_POINT('',(0.183123490367,-0.734417810713,
    -0.265927819685));
#758 = CARTESIAN_POINT('',(0.264576433879,-0.734417810713,-0.1453216061)
  );
#759 = CARTESIAN_POINT('',(0.266594200273,-0.734417810713,
    -2.585190532225E-05));
#760 = CARTESIAN_POINT('',(0.266594200271,-0.75852708423,
    -2.58519053221E-05));
#761 = CARTESIAN_POINT('',(0.264529544033,-0.75852708423,0.145554748703)
  );
#762 = CARTESIAN_POINT('',(0.18301700387,-0.75852708423,0.266095188822)
  );
#763 = CARTESIAN_POINT('',(-2.35597634156E-03,-0.75852708423,
    0.365906588768));
#764 = CARTESIAN_POINT('',(-0.179617311465,-0.75852708423,0.268355953825
    ));
#765 = CARTESIAN_POINT('',(-0.266418072033,-0.75852708423,0.143116783873
    ));
#766 = CARTESIAN_POINT('',(-0.266488862434,-0.75852708423,
    -0.142919561432));
#767 = CARTESIAN_POINT('',(-0.179822507487,-0.75852708423,
    -0.268689689269));
#768 = CARTESIAN_POINT('',(-1.722643613698E-03,-0.75852708423,
    -0.365905474141));
#769 = CARTESIAN_POINT('',(0.183123490366,-0.75852708423,-0.265927819684
    ));
#770 = CARTESIAN_POINT('',(0.264576433877,-0.75852708423,-0.145321606099
    ));
#771 = CARTESIAN_POINT('',(0.266594200271,-0.75852708423,
    -2.58519053221E-05));
#772 = DEFINITIONAL_REPRESENTATION('',(#773),#779);
#773 = B_SPLINE_CURVE_WITH_KNOTS('',4,(#774,#775,#776,#777,#778),
  .UNSPECIFIED.,.F.,.F.,(5,5),(0.,1.),.PIECEWISE_BEZIER_KNOTS.);
#774 = CARTESIAN_POINT('',(0.500000000539,1.000049478598));
#775 = CARTESIAN_POINT('',(-0.953233882153,0.750293803408));
#776 = CARTESIAN_POINT('',(1.213787811821,0.500385849631));
#777 = CARTESIAN_POINT('',(-0.962088059598,0.250650129881));
#778 = CARTESIAN_POINT('',(0.500000000539,-1.99301535253E-05));
#779 = ( GEOMETRIC_REPRESENTATION_CONTEXT(2) 
PARAMETRIC_REPRESENTATION_CONTEXT() REPRESENTATION_CONTEXT('2D SPACE',''
  ) );
#780 = ADVANCED_FACE('',(#781),#723,.F.);
#781 = FACE_BOUND('',#782,.F.);
#782 = EDGE_LOOP('',(#783,#849));
#783 = ORIENTED_EDGE('',*,*,#784,.F.);
#784 = EDGE_CURVE('',#578,#578,#785,.T.);
#785 = SURFACE_CURVE('',#786,(#799,#821),.PCURVE_S1.);
#786 = B_SPLINE_CURVE_WITH_KNOTS('',6,(#787,#788,#789,#790,#791,#792,
    #793,#794,#795,#796,#797,#798),.UNSPECIFIED.,.F.,.F.,(7,5,7),(0.,
    0.500355801287,1.),.UNSPECIFIED.);
#787 = CARTESIAN_POINT('',(0.266703915652,-0.722363173962,
    6.215517931721E-05));
#788 = CARTESIAN_POINT('',(0.263068810598,-0.758611500263,
    -0.148786152439));
#789 = CARTESIAN_POINT('',(0.183891514535,-0.758611500263,
    -0.261974022255));
#790 = CARTESIAN_POINT('',(-3.099681391914E-03,-0.758611500263,
    -0.37029167005));
#791 = CARTESIAN_POINT('',(-0.179453544342,-0.758611500263,
    -0.263990842518));
#792 = CARTESIAN_POINT('',(-0.266303161495,-0.758611500263,
    -0.14552196901));
#793 = CARTESIAN_POINT('',(-0.266481811623,-0.758611500263,
    0.145026757405));
#794 = CARTESIAN_POINT('',(-0.180184475383,-0.758611500263,
    0.264880467535));
#795 = CARTESIAN_POINT('',(-1.010991865788E-03,-0.758611500263,
    0.370198881968));
#796 = CARTESIAN_POINT('',(0.183804445778,-0.758611500263,0.261275511272
    ));
#797 = CARTESIAN_POINT('',(0.262913247686,-0.758611500263,0.14895386821)
  );
#798 = CARTESIAN_POINT('',(0.266703915652,-0.722363173962,
    -6.215517931735E-05));
#799 = PCURVE('',#723,#800);
#800 = DEFINITIONAL_REPRESENTATION('',(#801),#820);
#801 = B_SPLINE_CURVE_WITH_KNOTS('',9,(#802,#803,#804,#805,#806,#807,
    #808,#809,#810,#811,#812,#813,#814,#815,#816,#817,#818,#819),
  .UNSPECIFIED.,.F.,.F.,(10,8,10),(0.,0.5,1.),.UNSPECIFIED.);
#802 = CARTESIAN_POINT('',(0.500000000539,1.000049478598));
#803 = CARTESIAN_POINT('',(0.831030084482,0.943222989898));
#804 = CARTESIAN_POINT('',(0.969352394256,0.888089661583));
#805 = CARTESIAN_POINT('',(0.976552835766,0.835546462544));
#806 = CARTESIAN_POINT('',(1.022312119508,0.774357428391));
#807 = CARTESIAN_POINT('',(0.985808216937,0.726099026708));
#808 = CARTESIAN_POINT('',(1.007900624414,0.664286174639));
#809 = CARTESIAN_POINT('',(0.999744245596,0.612065634634));
#810 = CARTESIAN_POINT('',(1.001167142616,0.556887102676));
#811 = CARTESIAN_POINT('',(1.001167119158,0.444411827473));
#812 = CARTESIAN_POINT('',(1.000225020954,0.388764061818));
#813 = CARTESIAN_POINT('',(1.005673235072,0.33611361513));
#814 = CARTESIAN_POINT('',(0.990763801727,0.274851300211));
#815 = CARTESIAN_POINT('',(1.015728981474,0.224167403894));
#816 = CARTESIAN_POINT('',(0.982299195468,0.165548805398));
#817 = CARTESIAN_POINT('',(0.966801663584,0.111433780759));
#818 = CARTESIAN_POINT('',(0.832283657686,5.70141962959E-02));
#819 = CARTESIAN_POINT('',(0.500000000539,-1.993015352514E-05));
#820 = ( GEOMETRIC_REPRESENTATION_CONTEXT(2) 
PARAMETRIC_REPRESENTATION_CONTEXT() REPRESENTATION_CONTEXT('2D SPACE',''
  ) );
#821 = PCURVE('',#822,#839);
#822 = B_SPLINE_SURFACE_WITH_KNOTS('',3,3,(
    (#823,#824,#825,#826)
    ,(#827,#828,#829,#830)
    ,(#831,#832,#833,#834)
    ,(#835,#836,#837,#838
    )),.UNSPECIFIED.,.F.,.F.,.F.,(4,4),(4,4),(0.,1.),(0.,1.),
  .PIECEWISE_BEZIER_KNOTS.);
#823 = CARTESIAN_POINT('',(-0.266546765957,-0.758611500263,
    -0.266520871819));
#824 = CARTESIAN_POINT('',(-8.88489221429E-02,-0.758611500263,
    -0.266520871819));
#825 = CARTESIAN_POINT('',(8.884892213961E-02,-0.758611500263,
    -0.266520871819));
#826 = CARTESIAN_POINT('',(0.266546765954,-0.758611500263,
    -0.266520871819));
#827 = CARTESIAN_POINT('',(-0.266546765957,-0.758611500263,
    -8.884029076347E-02));
#828 = CARTESIAN_POINT('',(-8.884892214292E-02,-0.758611500263,
    -8.884029076346E-02));
#829 = CARTESIAN_POINT('',(8.884892213963E-02,-0.758611500263,
    -8.884029076346E-02));
#830 = CARTESIAN_POINT('',(0.266546765954,-0.758611500263,
    -8.884029076345E-02));
#831 = CARTESIAN_POINT('',(-0.266546765957,-0.758611500263,
    8.884029076023E-02));
#832 = CARTESIAN_POINT('',(-8.884892214294E-02,-0.758611500263,
    8.884029076023E-02));
#833 = CARTESIAN_POINT('',(8.884892213965E-02,-0.758611500263,
    8.884029076022E-02));
#834 = CARTESIAN_POINT('',(0.266546765954,-0.758611500263,
    8.884029076021E-02));
#835 = CARTESIAN_POINT('',(-0.266546765957,-0.758611500264,
    0.266520871816));
#836 = CARTESIAN_POINT('',(-8.884892214296E-02,-0.758611500263,
    0.266520871816));
#837 = CARTESIAN_POINT('',(8.884892213967E-02,-0.758611500263,
    0.266520871816));
#838 = CARTESIAN_POINT('',(0.266546765954,-0.758611500263,0.266520871816
    ));
#839 = DEFINITIONAL_REPRESENTATION('',(#840),#848);
#840 = B_SPLINE_CURVE_WITH_KNOTS('',6,(#841,#842,#843,#844,#845,#846,
    #847),.UNSPECIFIED.,.F.,.F.,(7,7),(0.,1.),.PIECEWISE_BEZIER_KNOTS.);
#841 = CARTESIAN_POINT('',(0.500113277015,1.000296782692));
#842 = CARTESIAN_POINT('',(-7.436003901559E-02,0.990241863776));
#843 = CARTESIAN_POINT('',(-0.630300886105,0.422078596423));
#844 = CARTESIAN_POINT('',(0.495184473481,-1.321918194522));
#845 = CARTESIAN_POINT('',(1.631646439955,0.418413646154));
#846 = CARTESIAN_POINT('',(1.075926309742,0.990950502307));
#847 = CARTESIAN_POINT('',(0.499996672303,1.000294788228));
#848 = ( GEOMETRIC_REPRESENTATION_CONTEXT(2) 
PARAMETRIC_REPRESENTATION_CONTEXT() REPRESENTATION_CONTEXT('2D SPACE',''
  ) );
#849 = ORIENTED_EDGE('',*,*,#678,.T.);
#850 = ADVANCED_FACE('',(#851,#854),#822,.F.);
#851 = FACE_BOUND('',#852,.F.);
#852 = EDGE_LOOP('',(#853));
#853 = ORIENTED_EDGE('',*,*,#784,.T.);
#854 = FACE_BOUND('',#855,.F.);
#855 = EDGE_LOOP('',(#856));
#856 = ORIENTED_EDGE('',*,*,#857,.T.);
#857 = EDGE_CURVE('',#858,#858,#860,.T.);
#858 = VERTEX_POINT('',#859);
#859 = CARTESIAN_POINT('',(2.323150760086E-02,-0.782308995738,
    -8.741317525144E-06));
#860 = SURFACE_CURVE('',#861,(#872,#886),.PCURVE_S1.);
#861 = B_SPLINE_CURVE_WITH_KNOTS('',5,(#862,#863,#864,#865,#866,#867,
    #868,#869,#870,#871),.UNSPECIFIED.,.F.,.F.,(6,4,6),(0.,
    0.503106867194,1.),.UNSPECIFIED.);
#862 = CARTESIAN_POINT('',(2.323150760086E-02,-0.787650197744,
    4.516046000679E-04));
#863 = CARTESIAN_POINT('',(1.882652113161E-02,-0.758611500263,
    1.743173508373E-02));
#864 = CARTESIAN_POINT('',(9.637782507562E-03,-0.758611500263,
    2.699032020914E-02));
#865 = CARTESIAN_POINT('',(-1.070567060943E-02,-0.758611500263,
    2.633265577422E-02));
#866 = CARTESIAN_POINT('',(-2.184979536752E-02,-0.758611500263,
    1.662039900001E-02));
#867 = CARTESIAN_POINT('',(-2.149294707891E-02,-0.758611500263,
    -1.669712341618E-02));
#868 = CARTESIAN_POINT('',(-9.968953505022E-03,-0.758611500263,
    -2.664240948831E-02));
#869 = CARTESIAN_POINT('',(1.071398943795E-02,-0.758611500263,
    -2.651931820413E-02));
#870 = CARTESIAN_POINT('',(1.936705637511E-02,-0.758611500263,
    -1.690461173295E-02));
#871 = CARTESIAN_POINT('',(2.323150760086E-02,-0.787650197744,
    -4.516046000679E-04));
#872 = PCURVE('',#822,#873);
#873 = DEFINITIONAL_REPRESENTATION('',(#874),#885);
#874 = B_SPLINE_CURVE_WITH_KNOTS('',9,(#875,#876,#877,#878,#879,#880,
    #881,#882,#883,#884),.UNSPECIFIED.,.F.,.F.,(10,10),(0.,1.),
  .PIECEWISE_BEZIER_KNOTS.);
#875 = CARTESIAN_POINT('',(0.500758065167,0.543550002326));
#876 = CARTESIAN_POINT('',(0.569300405449,0.528014816259));
#877 = CARTESIAN_POINT('',(0.199488703126,0.601376115383));
#878 = CARTESIAN_POINT('',(1.553284314585,0.318374954777));
#879 = CARTESIAN_POINT('',(-1.011911196902,0.538426792969));
#880 = CARTESIAN_POINT('',(2.025468598663,0.457118433971));
#881 = CARTESIAN_POINT('',(-0.574039967206,0.360983474899));
#882 = CARTESIAN_POINT('',(0.808677511175,0.59154295735));
#883 = CARTESIAN_POINT('',(0.430964454292,0.528987416761));
#884 = CARTESIAN_POINT('',(0.49991084334,0.543578670912));
#885 = ( GEOMETRIC_REPRESENTATION_CONTEXT(2) 
PARAMETRIC_REPRESENTATION_CONTEXT() REPRESENTATION_CONTEXT('2D SPACE',''
  ) );
#886 = PCURVE('',#887,#936);
#887 = B_SPLINE_SURFACE_WITH_KNOTS('',3,6,(
    (#888,#889,#890,#891,#892,#893,#894,#895,#896,#897,#898,#899)
    ,(#900,#901,#902,#903,#904,#905,#906,#907,#908,#909,#910,#911)
    ,(#912,#913,#914,#915,#916,#917,#918,#919,#920,#921,#922,#923)
    ,(#924,#925,#926,#927,#928,#929,#930,#931,#932,#933,#934,#935
  )),.UNSPECIFIED.,.F.,.T.,.F.,(4,4),(1,6,5,6,1),(0.,1.),(
    -0.498527087588,0.,0.501472912412,1.,1.501472912412),.UNSPECIFIED.);
#888 = CARTESIAN_POINT('',(2.272264293159E-02,-0.758716715956,
    4.734849447812E-05));
#889 = CARTESIAN_POINT('',(2.095084352687E-02,-0.758716715956,
    1.389447253216E-02));
#890 = CARTESIAN_POINT('',(1.455065547684E-02,-0.758716715956,
    2.385682711616E-02));
#891 = CARTESIAN_POINT('',(1.094737341655E-04,-0.758716715956,
    2.717142410889E-02));
#892 = CARTESIAN_POINT('',(-1.496649455165E-02,-0.758716715956,
    2.32649482246E-02));
#893 = CARTESIAN_POINT('',(-2.228312921343E-02,-0.758716715956,
    1.334700892605E-02));
#894 = CARTESIAN_POINT('',(-2.229542705034E-02,-0.758716715956,
    -1.326183927823E-02));
#895 = CARTESIAN_POINT('',(-1.512074622668E-02,-0.758716715956,
    -2.251219172605E-02));
#896 = CARTESIAN_POINT('',(1.279999712104E-03,-0.758716715956,
    -2.901344018149E-02));
#897 = CARTESIAN_POINT('',(1.45923139253E-02,-0.758716715956,
    -2.259551373745E-02));
#898 = CARTESIAN_POINT('',(2.104423731634E-02,-0.758716715956,
    -1.36881172587E-02));
#899 = CARTESIAN_POINT('',(2.272264293159E-02,-0.758716715956,
    4.734849447812E-05));
#900 = CARTESIAN_POINT('',(2.272264293169E-02,-0.778005703798,
    4.734849447834E-05));
#901 = CARTESIAN_POINT('',(2.095084352697E-02,-0.778005703798,
    1.389447253223E-02));
#902 = CARTESIAN_POINT('',(1.455065547691E-02,-0.778005703798,
    2.385682711628E-02));
#903 = CARTESIAN_POINT('',(1.09473734166E-04,-0.778005703798,
    2.717142410901E-02));
#904 = CARTESIAN_POINT('',(-1.496649455172E-02,-0.778005703798,
    2.32649482247E-02));
#905 = CARTESIAN_POINT('',(-2.228312921354E-02,-0.778005703798,
    1.334700892611E-02));
#906 = CARTESIAN_POINT('',(-2.229542705045E-02,-0.778005703798,
    -1.326183927829E-02));
#907 = CARTESIAN_POINT('',(-1.512074622675E-02,-0.778005703798,
    -2.251219172616E-02));
#908 = CARTESIAN_POINT('',(1.27999971211E-03,-0.778005703798,
    -2.901344018162E-02));
#909 = CARTESIAN_POINT('',(1.459231392537E-02,-0.778005703798,
    -2.259551373756E-02));
#910 = CARTESIAN_POINT('',(2.104423731644E-02,-0.778005703798,
    -1.368811725876E-02));
#911 = CARTESIAN_POINT('',(2.272264293169E-02,-0.778005703798,
    4.734849447834E-05));
#912 = CARTESIAN_POINT('',(2.27226429318E-02,-0.79729469169,
    4.734849447856E-05));
#913 = CARTESIAN_POINT('',(2.095084352706E-02,-0.79729469169,
    1.389447253229E-02));
#914 = CARTESIAN_POINT('',(1.455065547698E-02,-0.79729469169,
    2.385682711639E-02));
#915 = CARTESIAN_POINT('',(1.094737341665E-04,-0.79729469169,
    2.717142410914E-02));
#916 = CARTESIAN_POINT('',(-1.496649455179E-02,-0.79729469169,
    2.326494822481E-02));
#917 = CARTESIAN_POINT('',(-2.228312921364E-02,-0.79729469169,
    1.334700892617E-02));
#918 = CARTESIAN_POINT('',(-2.229542705055E-02,-0.79729469169,
    -1.326183927835E-02));
#919 = CARTESIAN_POINT('',(-1.512074622682E-02,-0.79729469169,
    -2.251219172626E-02));
#920 = CARTESIAN_POINT('',(1.279999712116E-03,-0.79729469169,
    -2.901344018176E-02));
#921 = CARTESIAN_POINT('',(1.459231392543E-02,-0.79729469169,
    -2.259551373766E-02));
#922 = CARTESIAN_POINT('',(2.104423731654E-02,-0.79729469169,
    -1.368811725882E-02));
#923 = CARTESIAN_POINT('',(2.27226429318E-02,-0.79729469169,
    4.734849447856E-05));
#924 = CARTESIAN_POINT('',(2.27226429319E-02,-0.816583679532,
    4.734849447878E-05));
#925 = CARTESIAN_POINT('',(2.095084352716E-02,-0.816583679532,
    1.389447253236E-02));
#926 = CARTESIAN_POINT('',(1.455065547705E-02,-0.816583679532,
    2.38568271165E-02));
#927 = CARTESIAN_POINT('',(1.09473734167E-04,-0.816583679532,
    2.717142410927E-02));
#928 = CARTESIAN_POINT('',(-1.496649455186E-02,-0.816583679532,
    2.326494822492E-02));
#929 = CARTESIAN_POINT('',(-2.228312921375E-02,-0.816583679532,
    1.334700892624E-02));
#930 = CARTESIAN_POINT('',(-2.229542705066E-02,-0.816583679532,
    -1.326183927841E-02));
#931 = CARTESIAN_POINT('',(-1.512074622689E-02,-0.816583679532,
    -2.251219172637E-02));
#932 = CARTESIAN_POINT('',(1.279999712122E-03,-0.816583679532,
    -2.901344018189E-02));
#933 = CARTESIAN_POINT('',(1.45923139255E-02,-0.816583679532,
    -2.259551373777E-02));
#934 = CARTESIAN_POINT('',(2.104423731664E-02,-0.816583679532,
    -1.368811725889E-02));
#935 = CARTESIAN_POINT('',(2.27226429319E-02,-0.816583679532,
    4.734849447878E-05));
#936 = DEFINITIONAL_REPRESENTATION('',(#937),#950);
#937 = B_SPLINE_CURVE_WITH_KNOTS('',11,(#938,#939,#940,#941,#942,#943,
    #944,#945,#946,#947,#948,#949),.UNSPECIFIED.,.F.,.F.,(12,12),(0.,1.)
  ,.PIECEWISE_BEZIER_KNOTS.);
#938 = CARTESIAN_POINT('',(0.500000000011,1.994285127402E-03));
#939 = CARTESIAN_POINT('',(4.389216398769E-02,9.573671400332E-02));
#940 = CARTESIAN_POINT('',(-3.423348485886E-02,0.202140021267));
#941 = CARTESIAN_POINT('',(-4.755206867154E-02,0.231546244405));
#942 = CARTESIAN_POINT('',(6.055755153366E-02,0.530641428846));
#943 = CARTESIAN_POINT('',(-3.329044519022E-02,9.450419220083E-02));
#944 = CARTESIAN_POINT('',(-1.596071613702E-02,0.903214170429));
#945 = CARTESIAN_POINT('',(4.522594324141E-02,0.468113528596));
#946 = CARTESIAN_POINT('',(-3.438199303734E-02,0.770259550089));
#947 = CARTESIAN_POINT('',(-4.240616547867E-02,0.803261193556));
#948 = CARTESIAN_POINT('',(3.976868960285E-02,0.904575589438));
#949 = CARTESIAN_POINT('',(0.500000000011,0.997420968449));
#950 = ( GEOMETRIC_REPRESENTATION_CONTEXT(2) 
PARAMETRIC_REPRESENTATION_CONTEXT() REPRESENTATION_CONTEXT('2D SPACE',''
  ) );
#951 = ADVANCED_FACE('',(#952),#887,.F.);
#952 = FACE_BOUND('',#953,.F.);
#953 = EDGE_LOOP('',(#954,#955));
#954 = ORIENTED_EDGE('',*,*,#857,.F.);
#955 = ORIENTED_EDGE('',*,*,#956,.F.);
#956 = EDGE_CURVE('',#858,#858,#957,.T.);
#957 = SURFACE_CURVE('',#958,(#969,#984),.PCURVE_S1.);
#958 = B_SPLINE_CURVE_WITH_KNOTS('',5,(#959,#960,#961,#962,#963,#964,
    #965,#966,#967,#968),.UNSPECIFIED.,.F.,.F.,(6,4,6),(0.,
    0.503106867194,1.),.UNSPECIFIED.);
#959 = CARTESIAN_POINT('',(2.323150760086E-02,-0.787650197744,
    -4.516046000679E-04));
#960 = CARTESIAN_POINT('',(1.882652113161E-02,-0.816688895226,
    -1.743173508373E-02));
#961 = CARTESIAN_POINT('',(9.637782507562E-03,-0.816688895226,
    -2.699032020914E-02));
#962 = CARTESIAN_POINT('',(-1.070567060943E-02,-0.816688895226,
    -2.633265577422E-02));
#963 = CARTESIAN_POINT('',(-2.184979536752E-02,-0.816688895226,
    -1.662039900001E-02));
#964 = CARTESIAN_POINT('',(-2.149294707891E-02,-0.816688895226,
    1.669712341618E-02));
#965 = CARTESIAN_POINT('',(-9.968953505022E-03,-0.816688895226,
    2.664240948831E-02));
#966 = CARTESIAN_POINT('',(1.071398943795E-02,-0.816688895226,
    2.651931820413E-02));
#967 = CARTESIAN_POINT('',(1.936705637511E-02,-0.816688895226,
    1.690461173295E-02));
#968 = CARTESIAN_POINT('',(2.323150760086E-02,-0.787650197744,
    4.516046000679E-04));
#969 = PCURVE('',#887,#970);
#970 = DEFINITIONAL_REPRESENTATION('',(#971),#983);
#971 = B_SPLINE_CURVE_WITH_KNOTS('',10,(#972,#973,#974,#975,#976,#977,
    #978,#979,#980,#981,#982),.UNSPECIFIED.,.F.,.F.,(11,11),(0.,1.),
  .PIECEWISE_BEZIER_KNOTS.);
#972 = CARTESIAN_POINT('',(0.500000000011,0.997420968449));
#973 = CARTESIAN_POINT('',(1.000672288914,0.893059520916));
#974 = CARTESIAN_POINT('',(1.046058972892,0.789160880143));
#975 = CARTESIAN_POINT('',(1.038650453758,0.665117194174));
#976 = CARTESIAN_POINT('',(0.896566719377,0.637496344168));
#977 = CARTESIAN_POINT('',(1.131129892373,0.592615353534));
#978 = CARTESIAN_POINT('',(0.895738983805,0.251901335169));
#979 = CARTESIAN_POINT('',(1.037615832434,0.375638968261));
#980 = CARTESIAN_POINT('',(1.046603152314,0.190646200674));
#981 = CARTESIAN_POINT('',(1.007142698982,0.102968633908));
#982 = CARTESIAN_POINT('',(0.500000000011,1.9942851274E-03));
#983 = ( GEOMETRIC_REPRESENTATION_CONTEXT(2) 
PARAMETRIC_REPRESENTATION_CONTEXT() REPRESENTATION_CONTEXT('2D SPACE',''
  ) );
#984 = PCURVE('',#985,#1002);
#985 = B_SPLINE_SURFACE_WITH_KNOTS('',3,3,(
    (#986,#987,#988,#989)
    ,(#990,#991,#992,#993)
    ,(#994,#995,#996,#997)
    ,(#998,#999,#1000,#1001
    )),.UNSPECIFIED.,.F.,.F.,.F.,(4,4),(4,4),(0.,1.),(0.,1.),
  .PIECEWISE_BEZIER_KNOTS.);
#986 = CARTESIAN_POINT('',(-0.109725365997,-0.81668889523,
    -0.109662531346));
#987 = CARTESIAN_POINT('',(-3.657512206368E-02,-0.816688895229,
    -0.109662531346));
#988 = CARTESIAN_POINT('',(3.657512206203E-02,-0.816688895228,
    -0.109662531346));
#989 = CARTESIAN_POINT('',(0.109725365995,-0.816688895227,
    -0.109662531346));
#990 = CARTESIAN_POINT('',(-0.109725365996,-0.816688895228,
    -3.655417718017E-02));
#991 = CARTESIAN_POINT('',(-3.65751220636E-02,-0.816688895227,
    -3.655417718013E-02));
#992 = CARTESIAN_POINT('',(3.657512206195E-02,-0.816688895226,
    -3.655417718009E-02));
#993 = CARTESIAN_POINT('',(0.109725365995,-0.816688895225,
    -3.655417718005E-02));
#994 = CARTESIAN_POINT('',(-0.109725365996,-0.816688895226,
    3.655417717832E-02));
#995 = CARTESIAN_POINT('',(-3.657512206352E-02,-0.816688895225,
    3.655417717828E-02));
#996 = CARTESIAN_POINT('',(3.657512206187E-02,-0.816688895224,
    3.655417717824E-02));
#997 = CARTESIAN_POINT('',(0.109725365995,-0.816688895223,
    3.65541771782E-02));
#998 = CARTESIAN_POINT('',(-0.109725365996,-0.816688895224,
    0.109662531344));
#999 = CARTESIAN_POINT('',(-3.657512206344E-02,-0.816688895223,
    0.109662531344));
#1000 = CARTESIAN_POINT('',(3.657512206179E-02,-0.816688895223,
    0.109662531344));
#1001 = CARTESIAN_POINT('',(0.109725365994,-0.816688895222,
    0.109662531344));
#1002 = DEFINITIONAL_REPRESENTATION('',(#1003),#1029);
#1003 = B_SPLINE_CURVE_WITH_KNOTS('',3,(#1004,#1005,#1006,#1007,#1008,
    #1009,#1010,#1011,#1012,#1013,#1014,#1015,#1016,#1017,#1018,#1019,
    #1020,#1021,#1022,#1023,#1024,#1025,#1026,#1027,#1028),
  .UNSPECIFIED.,.F.,.F.,(4,1,1,1,1,1,1,1,1,1,1,1,1,1,1,1,1,1,1,1,1,1,4),
  (0.,4.545454545455E-02,9.090909090909E-02,0.136363636364,
    0.181818181818,0.227272727273,0.272727272727,0.318181818182,
    0.363636363636,0.409090909091,0.454545454545,0.5,0.545454545455,
    0.590909090909,0.636363636364,0.681818181818,0.727272727273,
    0.772727272727,0.818181818182,0.863636363636,0.909090909091,
    0.954545454545,1.),.UNSPECIFIED.);
#1004 = CARTESIAN_POINT('',(0.498157618783,0.605792422488));
#1005 = CARTESIAN_POINT('',(0.48668019118,0.603192289787));
#1006 = CARTESIAN_POINT('',(0.465503899223,0.59648508941));
#1007 = CARTESIAN_POINT('',(0.439486566312,0.581893157176));
#1008 = CARTESIAN_POINT('',(0.419663260479,0.562449469436));
#1009 = CARTESIAN_POINT('',(0.406356630087,0.538919442206));
#1010 = CARTESIAN_POINT('',(0.399800104041,0.512569825398));
#1011 = CARTESIAN_POINT('',(0.400115268273,0.485114658092));
#1012 = CARTESIAN_POINT('',(0.407325118518,0.458519621801));
#1013 = CARTESIAN_POINT('',(0.421281485688,0.434842140544));
#1014 = CARTESIAN_POINT('',(0.441899894543,0.416070095682));
#1015 = CARTESIAN_POINT('',(0.468250516589,0.403930334893));
#1016 = CARTESIAN_POINT('',(0.501917312778,0.399819389841));
#1017 = CARTESIAN_POINT('',(0.534284182868,0.404272064884));
#1018 = CARTESIAN_POINT('',(0.559921603569,0.416353156737));
#1019 = CARTESIAN_POINT('',(0.579837201785,0.434807957716));
#1020 = CARTESIAN_POINT('',(0.593377247509,0.457973740469));
#1021 = CARTESIAN_POINT('',(0.600409864717,0.483991300197));
#1022 = CARTESIAN_POINT('',(0.600753161771,0.51093548667));
#1023 = CARTESIAN_POINT('',(0.59434196578,0.536969719555));
#1024 = CARTESIAN_POINT('',(0.581195221617,0.560485580712));
#1025 = CARTESIAN_POINT('',(0.561442128358,0.580278115294));
#1026 = CARTESIAN_POINT('',(0.535312661365,0.595593220679));
#1027 = CARTESIAN_POINT('',(0.513912096716,0.602965057061));
#1028 = CARTESIAN_POINT('',(0.500216683964,0.605862064716));
#1029 = ( GEOMETRIC_REPRESENTATION_CONTEXT(2) 
PARAMETRIC_REPRESENTATION_CONTEXT() REPRESENTATION_CONTEXT('2D SPACE',''
  ) );
#1030 = ADVANCED_FACE('',(#1031,#1146),#985,.T.);
#1031 = FACE_BOUND('',#1032,.T.);
#1032 = EDGE_LOOP('',(#1033));
#1033 = ORIENTED_EDGE('',*,*,#1034,.F.);
#1034 = EDGE_CURVE('',#1035,#1035,#1037,.T.);
#1035 = VERTEX_POINT('',#1036);
#1036 = CARTESIAN_POINT('',(0.110037015428,-0.816688895226,
    -2.445250825198E-06));
#1037 = SURFACE_CURVE('',#1038,(#1051,#1077),.PCURVE_S1.);
#1038 = B_SPLINE_CURVE_WITH_KNOTS('',6,(#1039,#1040,#1041,#1042,#1043,
    #1044,#1045,#1046,#1047,#1048,#1049,#1050),.UNSPECIFIED.,.F.,.F.,(7,
    5,7),(0.,0.500739765917,1.),.UNSPECIFIED.);
#1039 = CARTESIAN_POINT('',(0.110034987879,-0.816688895226,
    -3.800261217325E-05));
#1040 = CARTESIAN_POINT('',(0.106792868494,-0.816688895226,
    6.327237417535E-02));
#1041 = CARTESIAN_POINT('',(7.578748801429E-02,-0.816688895226,
    0.107494104423));
#1042 = CARTESIAN_POINT('',(-9.340245405338E-04,-0.816688895226,
    0.151643883611));
#1043 = CARTESIAN_POINT('',(-7.429248986631E-02,-0.816688895226,
    0.107299684819));
#1044 = CARTESIAN_POINT('',(-0.109403991747,-0.816688895226,
    6.186564300892E-02));
#1045 = CARTESIAN_POINT('',(-0.109656625642,-0.816688895226,
    -6.137472530082E-02));
#1046 = CARTESIAN_POINT('',(-7.490443286102E-02,-0.816688895226,
    -0.108012569253));
#1047 = CARTESIAN_POINT('',(1.084153858474E-03,-0.816688895226,
    -0.151427872664));
#1048 = CARTESIAN_POINT('',(7.553162352848E-02,-0.816688895226,
    -0.107221589421));
#1049 = CARTESIAN_POINT('',(0.106615731112,-0.816688895226,
    -6.335494373687E-02));
#1050 = CARTESIAN_POINT('',(0.110039042977,-0.816688895226,
    3.311211052286E-05));
#1051 = PCURVE('',#985,#1052);
#1052 = DEFINITIONAL_REPRESENTATION('',(#1053),#1076);
#1053 = B_SPLINE_CURVE_WITH_KNOTS('',11,(#1054,#1055,#1056,#1057,#1058,
    #1059,#1060,#1061,#1062,#1063,#1064,#1065,#1066,#1067,#1068,#1069,
    #1070,#1071,#1072,#1073,#1074,#1075),.UNSPECIFIED.,.F.,.F.,(12,10,12
    ),(0.,0.5,1.),.UNSPECIFIED.);
#1054 = CARTESIAN_POINT('',(0.49987568267,1.001389335248));
#1055 = CARTESIAN_POINT('',(0.657140130704,0.994300359753));
#1056 = CARTESIAN_POINT('',(0.788414700697,0.94583843349));
#1057 = CARTESIAN_POINT('',(0.920304247038,0.875818929229));
#1058 = CARTESIAN_POINT('',(0.980930952424,0.719900109979));
#1059 = CARTESIAN_POINT('',(1.109047420586,0.604101856571));
#1060 = CARTESIAN_POINT('',(0.998474354457,0.397410842394));
#1061 = CARTESIAN_POINT('',(1.056786402518,0.278234223892));
#1062 = CARTESIAN_POINT('',(0.879791779444,0.13065448109));
#1063 = CARTESIAN_POINT('',(0.800785580107,4.680215779234E-02));
#1064 = CARTESIAN_POINT('',(0.653904586119,1.674115013354E-03));
#1065 = CARTESIAN_POINT('',(0.352295894222,1.138398553874E-04));
#1066 = CARTESIAN_POINT('',(0.203392339252,4.433284869296E-02));
#1067 = CARTESIAN_POINT('',(0.120671478405,0.124833623365));
#1068 = CARTESIAN_POINT('',(-5.196903847945E-02,0.277287115057));
#1069 = CARTESIAN_POINT('',(-1.035369913452E-02,0.392191789153));
#1070 = CARTESIAN_POINT('',(-0.102326036201,0.615386130681));
#1071 = CARTESIAN_POINT('',(2.155098063795E-02,0.711991006281));
#1072 = CARTESIAN_POINT('',(7.654920304337E-02,0.876535689211));
#1073 = CARTESIAN_POINT('',(0.211338335946,0.94514191965));
#1074 = CARTESIAN_POINT('',(0.342060303726,0.994667389789));
#1075 = CARTESIAN_POINT('',(0.500024480005,1.00140011127));
#1076 = ( GEOMETRIC_REPRESENTATION_CONTEXT(2) 
PARAMETRIC_REPRESENTATION_CONTEXT() REPRESENTATION_CONTEXT('2D SPACE',''
  ) );
#1077 = PCURVE('',#1078,#1127);
#1078 = B_SPLINE_SURFACE_WITH_KNOTS('',3,6,(
    (#1079,#1080,#1081,#1082,#1083,#1084,#1085,#1086,#1087,#1088,#1089
      ,#1090)
    ,(#1091,#1092,#1093,#1094,#1095,#1096,#1097,#1098,#1099,#1100,#1101
      ,#1102)
    ,(#1103,#1104,#1105,#1106,#1107,#1108,#1109,#1110,#1111,#1112,#1113
      ,#1114)
    ,(#1115,#1116,#1117,#1118,#1119,#1120,#1121,#1122,#1123,#1124,#1125
      ,#1126
    )),.UNSPECIFIED.,.F.,.T.,.F.,(4,4),(1,6,5,6,1),(0.,1.),(
    -0.499537308571,0.,0.500462691429,1.,1.500462691429),.UNSPECIFIED.);
#1079 = CARTESIAN_POINT('',(0.109829823913,-0.816762401596,
    -3.064547201867E-05));
#1080 = CARTESIAN_POINT('',(0.108077020567,-0.816762401596,
    6.151589720346E-02));
#1081 = CARTESIAN_POINT('',(7.627542335765E-02,-0.816762401596,
    0.107283954372));
#1082 = CARTESIAN_POINT('',(-1.731275360736E-03,-0.816762401596,
    0.153111576596));
#1083 = CARTESIAN_POINT('',(-7.383784667431E-02,-0.816762401596,
    0.107942744715));
#1084 = CARTESIAN_POINT('',(-0.109605291598,-0.816762401596,
    6.03861831757E-02));
#1085 = CARTESIAN_POINT('',(-0.109696585611,-0.816762401596,
    -6.012406177864E-02));
#1086 = CARTESIAN_POINT('',(-7.422005568026E-02,-0.816762401596,
    -0.108304045334));
#1087 = CARTESIAN_POINT('',(-8.682103260214E-04,-0.816762401596,
    -0.153101984331));
#1088 = CARTESIAN_POINT('',(7.631537678726E-02,-0.816762401596,
    -0.106959837646));
#1089 = CARTESIAN_POINT('',(0.10798168849,-0.816762401596,
    -6.160493613459E-02));
#1090 = CARTESIAN_POINT('',(0.109829823913,-0.816762401596,
    -3.064547201867E-05));
#1091 = CARTESIAN_POINT('',(0.109829823914,-0.844483757658,
    -3.064547201884E-05));
#1092 = CARTESIAN_POINT('',(0.108077020568,-0.844483757658,
    6.151589720379E-02));
#1093 = CARTESIAN_POINT('',(7.627542335806E-02,-0.844483757658,
    0.107283954372));
#1094 = CARTESIAN_POINT('',(-1.731275360745E-03,-0.844483757658,
    0.153111576596));
#1095 = CARTESIAN_POINT('',(-7.38378466747E-02,-0.844483757658,
    0.107942744716));
#1096 = CARTESIAN_POINT('',(-0.109605291599,-0.844483757658,
    6.038618317603E-02));
#1097 = CARTESIAN_POINT('',(-0.109696585611,-0.844483757658,
    -6.012406177896E-02));
#1098 = CARTESIAN_POINT('',(-7.422005568066E-02,-0.844483757658,
    -0.108304045335));
#1099 = CARTESIAN_POINT('',(-8.682103260261E-04,-0.844483757658,
    -0.153101984332));
#1100 = CARTESIAN_POINT('',(7.631537678767E-02,-0.844483757658,
    -0.106959837647));
#1101 = CARTESIAN_POINT('',(0.107981688491,-0.844483757658,
    -6.160493613492E-02));
#1102 = CARTESIAN_POINT('',(0.109829823914,-0.844483757658,
    -3.064547201884E-05));
#1103 = CARTESIAN_POINT('',(0.109829823915,-0.872205113794,
    -3.0645472019E-05));
#1104 = CARTESIAN_POINT('',(0.108077020568,-0.872205113794,
    6.151589720412E-02));
#1105 = CARTESIAN_POINT('',(7.627542335846E-02,-0.872205113794,
    0.107283954373));
#1106 = CARTESIAN_POINT('',(-1.731275360754E-03,-0.872205113794,
    0.153111576597));
#1107 = CARTESIAN_POINT('',(-7.38378466751E-02,-0.872205113794,
    0.107942744717));
#1108 = CARTESIAN_POINT('',(-0.1096052916,-0.872205113794,
    6.038618317635E-02));
#1109 = CARTESIAN_POINT('',(-0.109696585612,-0.872205113794,
    -6.012406177928E-02));
#1110 = CARTESIAN_POINT('',(-7.422005568105E-02,-0.872205113794,
    -0.108304045335));
#1111 = CARTESIAN_POINT('',(-8.682103260307E-04,-0.872205113794,
    -0.153101984333));
#1112 = CARTESIAN_POINT('',(7.631537678808E-02,-0.872205113794,
    -0.106959837648));
#1113 = CARTESIAN_POINT('',(0.107981688491,-0.872205113794,
    -6.160493613525E-02));
#1114 = CARTESIAN_POINT('',(0.109829823915,-0.872205113794,
    -3.0645472019E-05));
#1115 = CARTESIAN_POINT('',(0.109829823915,-0.899926469857,
    -3.064547201917E-05));
#1116 = CARTESIAN_POINT('',(0.108077020569,-0.899926469857,
    6.151589720445E-02));
#1117 = CARTESIAN_POINT('',(7.627542335887E-02,-0.899926469857,
    0.107283954373));
#1118 = CARTESIAN_POINT('',(-1.731275360763E-03,-0.899926469857,
    0.153111576598));
#1119 = CARTESIAN_POINT('',(-7.383784667549E-02,-0.899926469857,
    0.107942744717));
#1120 = CARTESIAN_POINT('',(-0.1096052916,-0.899926469857,
    6.038618317667E-02));
#1121 = CARTESIAN_POINT('',(-0.109696585613,-0.899926469857,
    -6.01240617796E-02));
#1122 = CARTESIAN_POINT('',(-7.422005568145E-02,-0.899926469857,
    -0.108304045336));
#1123 = CARTESIAN_POINT('',(-8.682103260354E-04,-0.899926469857,
    -0.153101984334));
#1124 = CARTESIAN_POINT('',(7.631537678849E-02,-0.899926469857,
    -0.106959837648));
#1125 = CARTESIAN_POINT('',(0.107981688492,-0.899926469857,
    -6.160493613558E-02));
#1126 = CARTESIAN_POINT('',(0.109829823915,-0.899926469857,
    -3.064547201917E-05));
#1127 = DEFINITIONAL_REPRESENTATION('',(#1128),#1145);
#1128 = B_SPLINE_CURVE_WITH_KNOTS('',8,(#1129,#1130,#1131,#1132,#1133,
    #1134,#1135,#1136,#1137,#1138,#1139,#1140,#1141,#1142,#1143,#1144),
  .UNSPECIFIED.,.F.,.F.,(9,7,9),(0.,0.5,1.),.UNSPECIFIED.);
#1129 = CARTESIAN_POINT('',(-8.838717440979E-04,0.999998382195));
#1130 = CARTESIAN_POINT('',(-8.838717442714E-04,1.064161620075));
#1131 = CARTESIAN_POINT('',(-8.838717440735E-04,1.128269347492));
#1132 = CARTESIAN_POINT('',(-8.83871743892E-04,1.184923420562));
#1133 = CARTESIAN_POINT('',(-8.838717444291E-04,1.249132257381));
#1134 = CARTESIAN_POINT('',(-8.83871744498E-04,1.315044417804));
#1135 = CARTESIAN_POINT('',(-8.838717437411E-04,1.373839508144));
#1136 = CARTESIAN_POINT('',(-8.838717441354E-04,1.435801034105));
#1137 = CARTESIAN_POINT('',(-8.838717441675E-04,1.563390616433));
#1138 = CARTESIAN_POINT('',(-8.838717438025E-04,1.626698396553));
#1139 = CARTESIAN_POINT('',(-8.838717442329E-04,1.681445867122));
#1140 = CARTESIAN_POINT('',(-8.838717448812E-04,1.756568359244));
#1141 = CARTESIAN_POINT('',(-8.838717434757E-04,1.811000294948));
#1142 = CARTESIAN_POINT('',(-8.838717441488E-04,1.873075122555));
#1143 = CARTESIAN_POINT('',(-8.838717443957E-04,1.935473037086));
#1144 = CARTESIAN_POINT('',(-8.838717440768E-04,2.000078165219));
#1145 = ( GEOMETRIC_REPRESENTATION_CONTEXT(2) 
PARAMETRIC_REPRESENTATION_CONTEXT() REPRESENTATION_CONTEXT('2D SPACE',''
  ) );
#1146 = FACE_BOUND('',#1147,.T.);
#1147 = EDGE_LOOP('',(#1148));
#1148 = ORIENTED_EDGE('',*,*,#956,.F.);
#1149 = ADVANCED_FACE('',(#1150),#1078,.F.);
#1150 = FACE_BOUND('',#1151,.F.);
#1151 = EDGE_LOOP('',(#1152,#1153,#1175,#1255));
#1152 = ORIENTED_EDGE('',*,*,#1034,.F.);
#1153 = ORIENTED_EDGE('',*,*,#1154,.T.);
#1154 = EDGE_CURVE('',#1035,#1155,#1157,.T.);
#1155 = VERTEX_POINT('',#1156);
#1156 = CARTESIAN_POINT('',(0.110032621437,-0.899999976158,
    5.369077808397E-06));
#1157 = SEAM_CURVE('',#1158,(#1161,#1168),.PCURVE_S1.);
#1158 = B_SPLINE_CURVE_WITH_KNOTS('',1,(#1159,#1160),.UNSPECIFIED.,.F.,
  .F.,(2,2),(-8.838717440979E-04,1.000883870918),
  .PIECEWISE_BEZIER_KNOTS.);
#1159 = CARTESIAN_POINT('',(0.109829787996,-0.816688895207,
    -3.184195866166E-05));
#1160 = CARTESIAN_POINT('',(0.109829787998,-0.899999976176,
    -3.184195866217E-05));
#1161 = PCURVE('',#1078,#1162);
#1162 = DEFINITIONAL_REPRESENTATION('',(#1163),#1167);
#1163 = LINE('',#1164,#1165);
#1164 = CARTESIAN_POINT('',(0.,0.999998382195));
#1165 = VECTOR('',#1166,1.);
#1166 = DIRECTION('',(1.,0.));
#1167 = ( GEOMETRIC_REPRESENTATION_CONTEXT(2) 
PARAMETRIC_REPRESENTATION_CONTEXT() REPRESENTATION_CONTEXT('2D SPACE',''
  ) );
#1168 = PCURVE('',#1078,#1169);
#1169 = DEFINITIONAL_REPRESENTATION('',(#1170),#1174);
#1170 = LINE('',#1171,#1172);
#1171 = CARTESIAN_POINT('',(0.,1.999998382195));
#1172 = VECTOR('',#1173,1.);
#1173 = DIRECTION('',(1.,0.));
#1174 = ( GEOMETRIC_REPRESENTATION_CONTEXT(2) 
PARAMETRIC_REPRESENTATION_CONTEXT() REPRESENTATION_CONTEXT('2D SPACE',''
  ) );
#1175 = ORIENTED_EDGE('',*,*,#1176,.T.);
#1176 = EDGE_CURVE('',#1155,#1155,#1177,.T.);
#1177 = SURFACE_CURVE('',#1178,(#1191,#1209),.PCURVE_S1.);
#1178 = B_SPLINE_CURVE_WITH_KNOTS('',6,(#1179,#1180,#1181,#1182,#1183,
    #1184,#1185,#1186,#1187,#1188,#1189,#1190),.UNSPECIFIED.,.F.,.F.,(7,
    5,7),(0.,0.500739765917,1.),.UNSPECIFIED.);
#1179 = CARTESIAN_POINT('',(0.110034987879,-0.899999976158,
    -3.800261217325E-05));
#1180 = CARTESIAN_POINT('',(0.106792868494,-0.899999976158,
    6.327237417535E-02));
#1181 = CARTESIAN_POINT('',(7.578748801429E-02,-0.899999976158,
    0.107494104423));
#1182 = CARTESIAN_POINT('',(-9.340245405338E-04,-0.899999976158,
    0.151643883611));
#1183 = CARTESIAN_POINT('',(-7.429248986631E-02,-0.899999976158,
    0.107299684819));
#1184 = CARTESIAN_POINT('',(-0.109403991747,-0.899999976158,
    6.186564300892E-02));
#1185 = CARTESIAN_POINT('',(-0.109656625642,-0.899999976158,
    -6.137472530082E-02));
#1186 = CARTESIAN_POINT('',(-7.490443286102E-02,-0.899999976158,
    -0.108012569253));
#1187 = CARTESIAN_POINT('',(1.084153858474E-03,-0.899999976158,
    -0.151427872664));
#1188 = CARTESIAN_POINT('',(7.553162352848E-02,-0.899999976158,
    -0.107221589421));
#1189 = CARTESIAN_POINT('',(0.106615731112,-0.899999976158,
    -6.335494373687E-02));
#1190 = CARTESIAN_POINT('',(0.110039042977,-0.899999976158,
    3.311211052286E-05));
#1191 = PCURVE('',#1078,#1192);
#1192 = DEFINITIONAL_REPRESENTATION('',(#1193),#1208);
#1193 = B_SPLINE_CURVE_WITH_KNOTS('',7,(#1194,#1195,#1196,#1197,#1198,
    #1199,#1200,#1201,#1202,#1203,#1204,#1205,#1206,#1207),
  .UNSPECIFIED.,.F.,.F.,(8,6,8),(0.,0.5,1.),.UNSPECIFIED.);
#1194 = CARTESIAN_POINT('',(1.000883870918,1.));
#1195 = CARTESIAN_POINT('',(1.000883870918,1.073329119466));
#1196 = CARTESIAN_POINT('',(1.000883870918,1.146575386844));
#1197 = CARTESIAN_POINT('',(1.000883870918,1.207938949162));
#1198 = CARTESIAN_POINT('',(1.000883870918,1.290328638912));
#1199 = CARTESIAN_POINT('',(1.000883870918,1.356227074102));
#1200 = CARTESIAN_POINT('',(1.000883870918,1.426685836222));
#1201 = CARTESIAN_POINT('',(1.000883870918,1.572508280922));
#1202 = CARTESIAN_POINT('',(1.000883870918,1.643138591241));
#1203 = CARTESIAN_POINT('',(1.000883870918,1.710637287622));
#1204 = CARTESIAN_POINT('',(1.000883870918,1.791624863811));
#1205 = CARTESIAN_POINT('',(1.000883870918,1.853701048321));
#1206 = CARTESIAN_POINT('',(1.000883870918,1.926249298782));
#1207 = CARTESIAN_POINT('',(1.000883870918,2.000084940053));
#1208 = ( GEOMETRIC_REPRESENTATION_CONTEXT(2) 
PARAMETRIC_REPRESENTATION_CONTEXT() REPRESENTATION_CONTEXT('2D SPACE',''
  ) );
#1209 = PCURVE('',#1210,#1227);
#1210 = B_SPLINE_SURFACE_WITH_KNOTS('',3,3,(
    (#1211,#1212,#1213,#1214)
    ,(#1215,#1216,#1217,#1218)
    ,(#1219,#1220,#1221,#1222)
    ,(#1223,#1224,#1225,#1226
    )),.UNSPECIFIED.,.F.,.F.,.F.,(4,4),(4,4),(0.,1.),(0.,1.),
  .PIECEWISE_BEZIER_KNOTS.);
#1211 = CARTESIAN_POINT('',(-0.109725365997,-0.899999976163,
    -0.109662531346));
#1212 = CARTESIAN_POINT('',(-3.657512206368E-02,-0.899999976162,
    -0.109662531346));
#1213 = CARTESIAN_POINT('',(3.657512206203E-02,-0.899999976161,
    -0.109662531346));
#1214 = CARTESIAN_POINT('',(0.109725365995,-0.89999997616,
    -0.109662531346));
#1215 = CARTESIAN_POINT('',(-0.109725365996,-0.899999976161,
    -3.655417718017E-02));
#1216 = CARTESIAN_POINT('',(-3.65751220636E-02,-0.89999997616,
    -3.655417718013E-02));
#1217 = CARTESIAN_POINT('',(3.657512206195E-02,-0.899999976159,
    -3.655417718009E-02));
#1218 = CARTESIAN_POINT('',(0.109725365995,-0.899999976158,
    -3.655417718005E-02));
#1219 = CARTESIAN_POINT('',(-0.109725365996,-0.899999976159,
    3.655417717832E-02));
#1220 = CARTESIAN_POINT('',(-3.657512206352E-02,-0.899999976158,
    3.655417717828E-02));
#1221 = CARTESIAN_POINT('',(3.657512206187E-02,-0.899999976157,
    3.655417717824E-02));
#1222 = CARTESIAN_POINT('',(0.109725365995,-0.899999976156,
    3.65541771782E-02));
#1223 = CARTESIAN_POINT('',(-0.109725365996,-0.899999976157,
    0.109662531344));
#1224 = CARTESIAN_POINT('',(-3.657512206344E-02,-0.899999976156,
    0.109662531344));
#1225 = CARTESIAN_POINT('',(3.657512206179E-02,-0.899999976155,
    0.109662531344));
#1226 = CARTESIAN_POINT('',(0.109725365994,-0.899999976154,
    0.109662531344));
#1227 = DEFINITIONAL_REPRESENTATION('',(#1228),#1254);
#1228 = B_SPLINE_CURVE_WITH_KNOTS('',3,(#1229,#1230,#1231,#1232,#1233,
    #1234,#1235,#1236,#1237,#1238,#1239,#1240,#1241,#1242,#1243,#1244,
    #1245,#1246,#1247,#1248,#1249,#1250,#1251,#1252,#1253),
  .UNSPECIFIED.,.F.,.F.,(4,1,1,1,1,1,1,1,1,1,1,1,1,1,1,1,1,1,1,1,1,1,4),
  (0.,4.545454545455E-02,9.090909090909E-02,0.136363636364,
    0.181818181818,0.227272727273,0.272727272727,0.318181818182,
    0.363636363636,0.409090909091,0.454545454545,0.5,0.545454545455,
    0.590909090909,0.636363636364,0.681818181818,0.727272727273,
    0.772727272727,0.818181818182,0.863636363636,0.909090909091,
    0.954545454545,1.),.QUASI_UNIFORM_KNOTS.);
#1229 = CARTESIAN_POINT('',(0.499988851024,1.001420133945));
#1230 = CARTESIAN_POINT('',(0.551736508489,0.999193960226));
#1231 = CARTESIAN_POINT('',(0.650398643669,0.982526975985));
#1232 = CARTESIAN_POINT('',(0.778792707833,0.923170808278));
#1233 = CARTESIAN_POINT('',(0.884817357396,0.829956695668));
#1234 = CARTESIAN_POINT('',(0.960954241215,0.709843061986));
#1235 = CARTESIAN_POINT('',(1.00084316319,0.572245665461));
#1236 = CARTESIAN_POINT('',(1.000675876522,0.428466057351));
#1237 = CARTESIAN_POINT('',(0.960438904983,0.290333597805));
#1238 = CARTESIAN_POINT('',(0.884082873548,0.169192276743));
#1239 = CARTESIAN_POINT('',(0.77794695592,7.492559290685E-02));
#1240 = CARTESIAN_POINT('',(0.651046526512,1.511523062439E-02));
#1241 = CARTESIAN_POINT('',(0.503463059159,-5.742677124247E-03));
#1242 = CARTESIAN_POINT('',(0.354272015998,1.324540679464E-02));
#1243 = CARTESIAN_POINT('',(0.225868455512,7.222297357867E-02));
#1244 = CARTESIAN_POINT('',(0.11817496818,0.166658848015));
#1245 = CARTESIAN_POINT('',(4.0628486225E-02,0.288587862703));
#1246 = CARTESIAN_POINT('',(-4.159840384203E-04,0.427617633324));
#1247 = CARTESIAN_POINT('',(-1.047224143211E-03,0.572009434445));
#1248 = CARTESIAN_POINT('',(3.861185967573E-02,0.7097691327));
#1249 = CARTESIAN_POINT('',(0.114647452521,0.829696423236));
#1250 = CARTESIAN_POINT('',(0.220646369244,0.922663429099));
#1251 = CARTESIAN_POINT('',(0.349114809504,0.982090179062));
#1252 = CARTESIAN_POINT('',(0.448034258375,0.999013954543));
#1253 = CARTESIAN_POINT('',(0.500150972766,1.001429373145));
#1254 = ( GEOMETRIC_REPRESENTATION_CONTEXT(2) 
PARAMETRIC_REPRESENTATION_CONTEXT() REPRESENTATION_CONTEXT('2D SPACE',''
  ) );
#1255 = ORIENTED_EDGE('',*,*,#1154,.F.);
#1256 = ADVANCED_FACE('',(#1257),#1210,.F.);
#1257 = FACE_BOUND('',#1258,.F.);
#1258 = EDGE_LOOP('',(#1259));
#1259 = ORIENTED_EDGE('',*,*,#1176,.F.);
#1260 = ( GEOMETRIC_REPRESENTATION_CONTEXT(3) 
GLOBAL_UNCERTAINTY_ASSIGNED_CONTEXT((#1264)) 
GLOBAL_UNIT_ASSIGNED_CONTEXT((#1261,#1262,#1263)) REPRESENTATION_CONTEXT
('Context #1','3D Context with UNIT and UNCERTAINTY') );
#1261 = ( LENGTH_UNIT() NAMED_UNIT(*) SI_UNIT(.MILLI.,.METRE.) );
#1262 = ( NAMED_UNIT(*) PLANE_ANGLE_UNIT() SI_UNIT($,.RADIAN.) );
#1263 = ( NAMED_UNIT(*) SI_UNIT($,.STERADIAN.) SOLID_ANGLE_UNIT() );
#1264 = UNCERTAINTY_MEASURE_WITH_UNIT(LENGTH_MEASURE(2.E-02),#1261,
  'distance_accuracy_value','confusion accuracy');
#1265 = PRODUCT_RELATED_PRODUCT_CATEGORY('detail',$,(#7));
#1266 = PRODUCT_CATEGORY_RELATIONSHIP('','',#1267,#1265);
#1267 = PRODUCT_CATEGORY('part',$);
#1268 = CC_DESIGN_PERSON_AND_ORGANIZATION_ASSIGNMENT(#1269,#1272,(#6,#5)
  );
#1269 = PERSON_AND_ORGANIZATION(#1270,#1271);
#1270 = PERSON('IP172.17.0,root','','root',$,$,$);
#1271 = ORGANIZATION('IP172.17.0','Unspecified','');
#1272 = PERSON_AND_ORGANIZATION_ROLE('creator');
#1273 = CC_DESIGN_PERSON_AND_ORGANIZATION_ASSIGNMENT(#1269,#1274,(#7));
#1274 = PERSON_AND_ORGANIZATION_ROLE('design_owner');
#1275 = CC_DESIGN_PERSON_AND_ORGANIZATION_ASSIGNMENT(#1269,#1276,(#6));
#1276 = PERSON_AND_ORGANIZATION_ROLE('design_supplier');
#1277 = CC_DESIGN_PERSON_AND_ORGANIZATION_ASSIGNMENT(#1269,#1278,(#1279)
  );
#1278 = PERSON_AND_ORGANIZATION_ROLE('classification_officer');
#1279 = SECURITY_CLASSIFICATION('','',#1280);
#1280 = SECURITY_CLASSIFICATION_LEVEL('unclassified');
#1281 = CC_DESIGN_SECURITY_CLASSIFICATION(#1279,(#6));
#1282 = CC_DESIGN_DATE_AND_TIME_ASSIGNMENT(#1283,#1287,(#5));
#1283 = DATE_AND_TIME(#1284,#1285);
#1284 = CALENDAR_DATE(2024,1,10);
#1285 = LOCAL_TIME(20,10,$,#1286);
#1286 = COORDINATED_UNIVERSAL_TIME_OFFSET(8,$,.AHEAD.);
#1287 = DATE_TIME_ROLE('creation_date');
#1288 = CC_DESIGN_DATE_AND_TIME_ASSIGNMENT(#1283,#1289,(#1279));
#1289 = DATE_TIME_ROLE('classification_date');
#1290 = CC_DESIGN_APPROVAL(#1291,(#6,#5,#1279));
#1291 = APPROVAL(#1292,'');
#1292 = APPROVAL_STATUS('not_yet_approved');
#1293 = APPROVAL_PERSON_ORGANIZATION(#1269,#1291,#1294);
#1294 = APPROVAL_ROLE('approver');
#1295 = APPROVAL_DATE_TIME(#1283,#1291);
ENDSEC;
END-ISO-10303-21;
