00000797
00001926
00003390
00005083
00005807
00006588
00007551
00009016
00009254
00009683
00010361
00010702
00011604
00014933
00015455
00015962
00016307
00016936
00017091
00017301
00017363
00018543
00019677
00020942
00021072
00021854
00021948
00022077
00022650
00024132
00024653
00026284
00026789
00027421
00029925
00031007
00032221
00032613
00033624
00034096
00034261
00035096
00035443
00036786
00037317
00037522
00038377
00039347
00041117
00042408
00042493
00042565
00043034
00043436
00044176
00044547
00045133
00045168
00045703
00046872
00047057
00047559
00050436
00051370
00052220
00052829
00053171
00054469
00055503
00055963
00058669
00059365
00060075
00062633
00063876
00065069
00065204
00065815
00066694
00066852
00067833
00067937
00068246
00068606
00069546
00070788
00072791
00073449
00074925
00076215
00077661
00077903
00079326
00080755
00081261
00082207
00082891
00083417
00084447
00084888
00086074
00087329
00088533
00090147
00091061
00092270
00092425
00093760
00094434
00095708
00096364
00097342
00100099
00101531
00101851
00103282
00103612
00104204
00106668
00106929
00107150
00107236
00109387
00110206
00110309
00112168
00114389
00114804
00116611
00117819
00119286
00121343
00122641
00123476
00123609
00125499
00125921
00126796
00127093
00130510
00130641
00131007
00131529
00131661
00132506
00134770
00135497
00136771
00137013
00137404
00137670
00139064
00139712
00141434
00142081
00142922
00143853
00144225
00144730
00145936
00147229
00147363
00147904
00150359
00150876
00152462
00152549
00153050
00154157
00154647
00156908
00157558
00160241
00160712
00160917
00161119
00161532
00161604
00162067
00162250
00162458
00164978
00166136
00168418
00168790
00170229
00170892
00173187
00174132
00175105
00177420
00178767
00179698
00181041
00181763
00182358
00183923
00183932
00184179
00185360
00186042
00187336
00189220
00189381
00191328
00191862
00192320
00192696
00194590
00195538
00197484
00199219
00199650
00199981
00200282
00200579
00201600
00202531
00204902
00205239
00205573
00206121
00206205
00207270
00208251
00208437
00209620
00210669
00211584
00212227
00212409
00214603
00215870
00217105
00217731
00218344
00218527
00218886
00218958
00219083
00219619
00219937
00220601
00220863
00221011
00222047
00222356
00223409
00223685
00223857
00224406
00224861
00225724
00227930
00228401
00228567
00230439
00230569
00231373
00231820
00232001
00232386
00232900
00232960
00234013
00234247
00234423
00234771
00235228
00235549
00236015
00236689
00237196
00238163
00238360
00238818
00239323
00239870
00239984
00240224
00241104
00241553
00241916
00242463
00242735
00243049
00243943
00244444
00245874
00246091
00248013
00249439
00249913
00250213
00251852
00255935
00256514
00256640
00256774
00256849
00257778
00258356
00260521
00261287
00262342
00263070
00263787
00264864
00265781
00266740
00267698
00267807
00268260
00268485
00269653
00270325
00270595
00270951
00271186
00271381
00272357
00272459
00272614
00272661
00272862
00273102
00273828
00274107
00274494
00274905
00275022
00277017
00277425
00278113
00278303
00280106
00280163
00280271
00280686
00280969
00281866
00282117
00282194
00282588
00283385
00283985
00284285
00284915
00285156
00285306
00285864
00286353
00287621
00288647
00290403
00291304
00292024
00292222
00293398
00293501
00294028
00294615
00294943
00295220
00296136
00296925
00296942
00297744
00298888
00299523
00299978
00301062
00301329
00301565
00302233
00303202
00303436
00304077
00305182
00305730
00306141
00306364
00306483
00306552
00307021
00307263
00307496
00307868
00308160
00308239
00308282
00308435
00308574
00309458
00309630
00310616
00311613
00312998
00313407
00313605
00313943
00313947
00314355
00314660
00315564
00317172
00317674
00317811
00318149
00319056
00319537
00319915
00320685
00321106
00321267
00321573
00322156
00322332
00322826
00323185
00323544
00323973
00324920
00325447
00326520
00327728
00327816
00328706
00329281
00330199
00330948
00332174
00332859
00333001
00333484
00334582
00335203
00335899
00336279
00336405
00338049
00339204
00339564
00339858
00342053
00342984
00344861
00346059
00347562
00348003
00349126
00349449
00350088
00351327
00351484
00351934
00352424
00353646
00354124
00354170
00356355
00356581
00356670
00357042
00357171
00357537
00359093
00359099
00359117
00359133
00359391
00359422
00359836
00360141
00360658
00361175
00361419
00363973
00364031
00365228
00366633
00366902
00367072
00368540
00368788
00369116
00369734
00369976
00370802
00372804
00373550
00374273
00374765
00375296
00375626
00376629
00378185
00379362
00379756
00381605
00381706
00383937
00384531
00385112
00385476
00386810
00388341
00388964
00389765
00390281
00391339
00392891
00395049
00396073
00400672
00402733
00403274
00403478
00404442
00405485
00406977
00410476
00410883
00411895
00411903
00412533
00413740
00415865
00416967
00417145
00418182
00418764
00418962
00419389
00419857
00420544
00421270
00421837
00421905
00422164
00422309
00422359
00423247
00423708
00424838
00425176
00426095
00426847
00427048
00427927
00428022
00429824
00433597
00433776
00434834
00435069
00436650
00437324
00438960
00439582
00440000
00440590
00442494
00443516
00443977
00446170
00446671
00447815
00450790
00451903
00453200
00455623
00456753
00457478
00458005
00459301
00459995
00460347
00460602
00461242
00461495
00462153
00464083
00464754
00465341
00465451
00466456
00466753
00467518
00468543
00469793
00471091
00471349
00471712
00472674
00474291
00474378
00474918
00476498
00476813
00477351
00477799
00478318
00478633
00479385
00479455
00479548
00480189
00481197
00482402
00482997
00483284
00484073
00486388
00486655
00487635
00488415
00488508
00488869
00489352
00489649
00492701
00493308
00493652
00493658
00493681
00493824
00494322
00494535
00495088
00496232
00496495
00496863
00497734
00499344
00500019
00500272
00500797
00501130
00501918
00502085
00503096
00503527
00503735
00504059
00504381
00506139
00506856
00507475
00507979
00508401
00508970
00509563
00509963
00510920
00511094
00513302
00514611
00514985
00516147
00516928
00516997
00517934
00518531
00518789
00518910
00519039
00519317
00519796
00520189
00521155
00523879
00524350
00525238
00525381
00526383
00526633
00527376
00527601
00528908
00529156
00529471
00529923
00530158
00530320
00530383
00530443
00531450
00533232
00533614
00534147
00534297
00534824
00535291
00536453
00537416
00537490
00537597
00538495
00540013
00540198
00540570
00540757
00540838
00541462
00541804
00541894
00544358
00544492
00545608
00545838
00546841
00547707
00548764
00550035
00550807
00551340
00552068
00552239
00553275
00554439
00554865
00555740
00556612
00558801
00560218
00561274
00561497
00562255
00563157
00564267
00565011
00566668
00568092
00568274
00568384
00569626
00570933
00571389
00571918
00572443
00572724
00573562
00574356
00576517
00576734
00578202
00579011
00579595
00579971
00580061
00583767
00584071
00587049
00588820
00590625
00591155
00592578
00594040
00595909
00598784
00599865
00600198
00600657
00601145
00602979
00603306
00604273
00604910
00605857
00605944
00606036
00606626
00606839
00607421
00607531
00608372
00608748
00609474
00610102
00611585
00613076
00613143
00613841
00613989
00614924
00616635
00616846
00617241
00618095
00619237
00620323
00620669
00623092
00624661
00625654
00626143
00627209
00627747
00628237
00630018
00631253
00631497
00632015
00632443
00633620
00634780
00635132
00635928
00636213
00637050
00637438
00638736
00639023
00640423
00641205
00641822
00642204
00642721
00645022
00646390
00647213
00649353
00649495
00650843
00652659
00653091
00654147
00655174
00655556
00656820
00656991
00658127
00658407
00659071
00659675
00660508
00661201
00662950
00663313
00664484
00665208
00666803
00669299
00669838
00670464
00672390
00673720
00673866
00674441
00676353
00677369
00679853
00681760
00682046
00682107
00682248
00682566
00683308
00684055
00685261
00685566
00685693
00685969
00686748
00687741
00688920
00691054
00692217
00692642
00693811
00695241
00695771
00696267
00696925
00697339
00698394
00698828
00698985
00699311
00700731
00701675
00702221
00702516
00702781
00702891
00703102
00703171
00703514
00704257
00705130
00705695
00706155
00707665
00709211
00709498
00709739
00710467
00711568
00712541
00712603
00713363
00714729
00715534
00716683
00717354
00718868
00721182
00721576
00722725
00722833
00723343
00723656
00725227
00728822
00730675
00731383
00732452
00734290
00734912
00735731
00735882
00736033
00736850
00737538
00738557
00738844
00738860
00739178
00739793
00740546
00741202
00741393
00741847
00741972
00742347
00742545
00742870
00743393
00744085
00744912
00746500
00746604
00746967
00747767
00748659
00748884
00748941
00749182
00750216
00751422
00754862
00755983
00756286
00757284
00758212
00759365
00759434
00761663
00763123
00763349
00764196
00764362
00765118
00767824
00768300
00769879
00770703
00772082
00773001
00773560
00775373
00776143
00776857
00777563
00778188
00778728
00779100
00779385
00779837
00781387
00782324
00783444
00783533
00784319
00785225
00785765
00786933
00787442
00787596
00787767
00788120
00788472
00789034
00790334
00790721
00791426
00791775
00792291
00792815
00794230
00795107
00796035
00797686
00797875
00797915
00798856
00800735
00800825
00801107
00801199
00801732
00804163
00805416
00808288
00809525
00809870
00810984
00811641
00813814
00814115
00814669
00815009
00815474
00815930
00817888
00819017
00819594
00820578
00821522
00821670
00824187
00825165
00825507
00826157
00826344
00827871
00828903
00830985
00832036
00833317
00834440
00834586
00835026
00835783
00836097
00836875
00837287
00837850
00839500
00840035
00840100
00841319
00842540
00843710
00844880
00845141
00846133
00846408
00848714
00851333
00851780
00852629
00854050
00854907
00856486
00856863
00857747
00860327
00860850
00860885
00861480
00861651
00862575
00863960
00864347
00865922
00866606
00867074
00868426
00869029
00871157
00873259
00873889
00874603
00874887
00876321
00877142
00877837
00878404
00879652
00879971
00880624
00880721
00881150
00882236
00882538
00883160
00884117
00885859
00888001
00890876
00892213
00893623
00894443
00894542
00894954
00896198
00896619
00896935
00898125
00899570
00901485
00904179
00905213
00906020
00907226
00907885
00909153
00910330
00911125
00912012
00913173
00915180
00916309
00917120
00918795
00919405
00919727
00921370
00921931
00922203
00922887
00924953
00927550
00927599
00928755
00929577
00930976
00932166
00933510
00933890
00934777
00936203
00936492
00936810
00938325
00938625
00939543
00940799
00941747
00942554
00944346
00944587
00945222
00946574
00947632
00950637
00951871
00953096
00954235
00954582
00954859
00955637
00956328
00957272
00957604
00959602
00960317
00960635
00962504
00962959
00963721
00965826
00966979
00967766
00968279
00968854
00969679
00970210
00972236
00973378
00974225
00975187
00975610
00976463
00976631
00976985
00978110
00978207
00979693
00980287
00981259
00981652
00981839
00982695
00983602
00984238
00985194
00986248
00987427
00987922
00989510
00990947
00990986
00991826
00993146
00993199
00995406
00996988
00997577
00999792
00000070
00000329
00000348
00000413
00000559
00000638
00000712
00000802
00000843
00000954
00001000
00001009
00001014
00001109
00001170
00001213
00001398
00001402
00001408
00001497
00001519
00001539
00001579
00001623
00001776
00001865
00001906
00001970
00001972
00002065
00002091
00002211
00002241
00002297
00002338
00002406
00002505
00002512
00002629
00002680
00002698
00002745
00002852
00002886
00002963
00003117
00003144
00003203
00003211
00003288
00003407
00003444
00003558
00003666
00003709
00003803
00003810
00003823
00003857
00003869
00003988
00004055
00004078
00004125
00004261
00004282
00004308
00004333
00004339
00004409
00004433
00004629
00004643
00004698
00004747
00004934
00004981
00005042
00005057
00005085
00005107
00005140
00005277
00005314
00005317
00005321
00005341
00005419
00005442
00005496
00005498
00005562
00005569
00005655
00005689
00005793
00005893
00005899
00005915
00006003
00006109
00006190
00006383
00006455
00006466
00006470
00006495
00006527
00006547
00006578
00006629
00006645
00006676
00006699
00006845
00006884
00006892
00007054
00007128
00007184
00007188
00007190
00007192
00007251
00007256
00007282
00007441
00007498
00007536
00007612
00007676
00007731
00007809
00007825
00007882
00007884
00008056
00008117
00008136
00008231
00008298
00008377
00008379
00008396
00008420
00008453
00008609
00008750
00008926
00008936
00008964
00009014
00009035
00009045
00009105
00009233
00009251
00009307
00009376
00009485
00009535
00009550
00009612
00009682
00009770
00009805
00009849
00009877
00009933
00009947
00009966
00009998
00010116
00010159
00010242
00010247
00010386
00010401
00010404
00010470
00010472
00010520
00010570
00010582
00010611
00010624
00010642
00010669
00010698
00010718
00010783
00010843
00010980
00011013
00011351
00011405
00011421
00011435
00011532
00011535
00011572
00011588
00012022
00012028
00012046
00012048
00012082
00012169
00012219
00012222
00012224
00012233
00012298
00012348
00012499
00012574
00012640
00012704
00012744
00012938
00012991
00013007
00013095
00013172
00013299
00013304
00013431
00013465
00013539
00013617
00013765
00013906
00013925
00013998
00014063
00014086
00014168
00014190
00014203
00014246
00014419
00014481
00014520
00014531
00014658
00014755
00014772
00014904
00014918
00014922
00014941
00014945
00014947
00015051
00015161
00015174
00015229
00015254
00015261
00015267
00015271
00015287
00015342
00015386
00015451
00015517
00015569
00015587
00015609
00015629
00015641
00015644
00015647
00015668
00015718
00015729
00015761
00015769
00015859
00015904
00015915
00015956
00016005
00016099
00016187
00016209
00016229
00016242
00016405
00016423
00016426
00016449
00016622
00016624
00016639
00016655
00016770
00016773
00016857
00016878
00016896
00016943
00016945
00016947
00016983
00016996
00017017
00017021
00017034
00017061
00017063
00017066
00017070
00017076
00017078
00017081
00017083
00017085
00017089
00017092
00017094
00017097
00017100
00017108
00017116
00017120
00017122
00017127
00017131
00017135
00017139
00017143
00017148
00017150
00017153
00017155
00017163
00017170
00017172
00017180
00017185
00017268
00017271
00017274
00017280
00017283
00017294
00017298
00017304
00017306
00017313
00017319
00017321
00017331
00017344
00017361
00017367
00017370
00017372
00017379
00017388
00017391
00017419
00017452
00017458
00017460
00017463
00017466
00017470
00017533
00017561
00017607
00017670
00017746
00017831
00017857
00017932
00018186
00018214
00018258
00018339
00018370
00018455
00018475
00019499
00019597
00019717
00019720
00019734
00019742
00019752
00019783
00019826
00019890
00019907
00019963
00020218
00020347
00020353
00020358
00020361
00020373
00020382
00020411
00020419
00020426
00020461
00020475
00020735
00020748
00020816
00020845
00020884
00020894
00020920
00020935
00020940
00020982
00020989
00021012
00021026
00021032
00021035
00021041
00021054
00021058
00021069
00021082
00021105
00021149
00021188
00021249
00021288
00021295
00021322
00021458
00021469
00021521
00021525
00021529
00021558
00021565
00021646
00021658
00021681
00021720
00021810
00021816
00021841
00021858
00021901
00021908
00021912
00021936
00021947
00021954
00021960
00021965
00021968
00021991
00022001
00022035
00022048
00022064
00022071
00022074
00022080
00022087
00022089
00022095
00022099
00022125
00022156
00022159
00022163
00022169
00022171
00022189
00022202
00022232
00022253
00022304
00022323
00022325
00022336
00022377
00022508
00022520
00022543
00022546
00022569
00022619
00022623
00022633
00022636
00022640
00022643
00022651
00022665
00022692
00022735
00022788
00022790
00022799
00022822
00022830
00022833
00022838
00022842
00022849
00022852
00022864
00022869
00022879
00022902
00023011
00023042
00023085
00023404
00023464
00023508
00023634
00023779
00023793
00023804
00023999
00024122
00024162
00024249
00024251
00024327
00024410
00024447
00024530
00024603
00024640
00024673
00024684
00024707
00024752
00024806
00024857
00024860
00024944
00024962
00025000
00025002
00025004
00025069
00025091
00025181
00025190
00025194
00025223
00025265
00025271
00025296
00025376
00025389
00025446
00025505
00025575
00025593
00025653
00025699
00025811
00025813
00025910
00025917
00025919
00025921
00025932
00025935
00025939
00026049
00026128
00026132
00026142
00026153
00026306
00026327
00026336
00026395
00026441
00026445
00026528
00026573
00026577
00026615
00026619
00026623
00026632
00026636
00026642
00026644
00026656
00026673
00026675
00026690
00026704
00026715
00026745
00026770
00026773
00026776
00026784
00026791
00026798
00026807
00026810
00026816
00026824
00026837
00026839
00026841
00026847
00026850
00026865
00026911
00026913
00026963
00026985
00026997
00026999
00027002
00027029
00027065
00027139
00027206
00027228
00027238
00027241
00027369
00027397
00027424
00027431
00027448
00027452
00027494
00027539
00027648
00027711
00027791
00027860
00027901
00027927
00027963
00028109
00028112
00028136
00028186
00028216
00028276
00028286
00028320
00028654
00028691
00028772
00028867
00028901
00028922
00028951
00028985
00029051
00029069
00029111
00029145
00029148
00029171
00029194
00029286
00029332
00029404
00029535
00029537
00029548
00029560
00029562
00029605
00029697
00029699
00029713
00029722
00029765
00029786
00029796
00029835
00029841
00029911
00029931
00029935
00029964
00029996
00030064
00030093
00030116
00030190
00030349
00030351
00030401
00030407
00030524
00030537
00030568
00030583
00030652
00030836
00030855
00030906
00030931
00030939
00030947
00030954
00030958
00030972
00030978
00030985
00031019
00031046
00031091
00031128
00031141
00031143
00031172
00031174
00031230
00031239
00031295
00031297
00031299
00031303
00031351
00031373
00031428
00031470
00031630
00031633
00031684
00031738
00032025
00032036
00032039
00032057
00032070
00032114
00032139
00032233
00032254
00032269
00032275
00032401
00032457
00032554
00032605
00032628
00032660
00032825
00032886
00032931
00032961
00032963
00032966
00032968
00033022
00033058
00033095
00033109
00033164
00033169
00033207
00033210
00033227
00033309
00033417
00033419
00033444
00033521
00033599
00033618
00033622
00033680
00033683
00033745
00033779
00033803
00033820
00033823
00033885
00033993
00034003
00034021
00034101
00034132
00034197
00034237
00034243
00034255
00034267
00034270
00034300
00034314
00034347
00034388
00034416
00034467
00034488
00034509
00034559
00034611
00034713
00034744
00034761
00034958
00034982
00034991
00035020
00035091
00035093
00035095
00035099
00035113
00035115
00035117
00035126
00035162
00035165
00035191
00035194
00035199
00035201
00035206
00035209
00035223
00035294
00035298
00035351
00035363
00035368
00035403
00035414
00035445
00035450
00035460
00035480
00035496
00035536
00035542
00035562
00035621
00035675
00035752
00035843
00035899
00035908
00035965
00035973
00036031
00036182
00036229
00036258
00036280
00036284
00036300
00036303
00036305
00036311
00036317
00036334
00036348
00036371
00036389
00036392
00036402
00036455
00036459
00036465
00036489
00036559
00036610
00036676
00036717
00036772
00036830
00036852
00036884
00036991
00037036
00037038
00037045
00037072
00037125
00037132
00037155
00037160
00037162
00037249
00037298
00037335
00037397
00037405
00037431
00037533
00037564
00037651
00037785
00037898
00037993
00038017
00038140
00038262
00038304
00038378
00038380
00038383
00038390
00038487
00038579
00038581
00038605
00038667
00038676
00038698
00038985
00039018
00039085
00039143
00039187
00039241
00039248
00039251
00039255
00039265
00039278
00039323
00039358
00039369
00039390
00039418
00039476
00039556
00039566
00039588
00039637
00039642
00039682
00039716
00039732
00039761
00039764
00039766
00039772
00039789
00039794
00039805
00039888
00039900
00039906
00039954
00039959
00039972
00040058
00040123
00040145
00040164
00040185
00040259
00040358
00040569
00040715
00040736
00040740
00040845
00040861
00040916
00040960
00041049
00041074
00041146
00041178
00041259
00041299
00041332
00041435
00041545
00041569
00041590
00041706
00041747
00041759
00041839
00041951
00041959
00041985
00041987
00041996
00042101
00042156
00042159
00042193
00042219
00042222
00042241
00042293
00042328
00042341
00042416
00042469
00042475
00042485
00042512
00042545
00042560
00042567
00042575
00042597
00042743
00042767
00042917
00042941
00042949
00043050
00043076
00043104
00043158
00043170
00043397
00043443
00043486
00043528
00043535
00043588
00043634
00043793
00043817
00043845
00044062
00044103
00044114
00044132
00044136
00044239
00044283
00044323
00044390
00044434
00044450
00044469
00044596
00044623
00044626
00044643
00044728
00044735
00044739
00044806
00044834
00044993
00045015
00045085
00045100
00045102
00045130
00045137
00045150
00045289
00045294
00045350
00045359
00045387
00045474
00045610
00045758
00045794
00045839
00045883
00045895
00045917
00045960
00045998
00046000
00046053
00046108
00046121
00046326
00046426
00046440
00046582
00046619
00046848
00046912
00046978
00047023
00047055
00047058
00047064
00047076
00047094
00047193
00047199
00047257
00047292
00047301
00047323
00047328
00047446
00047485
00047487
00047494
00047513
00047547
00047593
00047616
00047728
00047733
00047800
00047869
00047932
00047946
00047995
00048001
00048012
00048016
00048028
00048042
00048079
00048082
00048269
00048294
00048499
00048591
00048644
00048660
00048765
00048770
00048844
00048909
00048917
00048925
00048950
00048961
00049003
00049018
00049158
00049271
00049317
00049347
00049385
00049639
00049703
00049903
00049909
00049931
00049940
00049954
00050045
00050086
00050108
00050186
00050228
00050260
00050285
00050291
00050308
00050314
00050316
00050337
00050383
00050416
00050468
00050489
00050503
00050508
00050519
00050577
00050603
00050625
00050629
00050704
00050707
00050849
00050865
00050880
00050954
00050976
00051081
00051084
00051099
00051121
00051124
00051131
00051139
00051150
00051216
00051244
00051344
00051434
00051454
00051456
00051461
00051466
00051471
00051474
00051497
00051554
00051573
00051585
00051801
00051838
00051883
00051903
00051997
00052043
00052071
00052091
00052114
00052232
00052322
00052363
00052414
00052455
00052465
00052536
00052762
00052897
00052908
00052979
00053010
00053012
00053017
00053034
00053075
00053132
00053158
00053188
00053239
00053275
00053328
00053356
00053372
00053379
00053399
00053410
00053444
00053520
00053573
00053575
00053588
00053590
00053604
00053614
00053625
00053631
00053662
00053720
00053753
00053863
00053905
00053926
00053938
00053960
00053988
00054066
00054072
00054085
00054129
00054207
00054289
00054308
00054312
00054365
00054383
00054434
00054447
00054458
00054506
00054542
00054575
00054621
00054725
00054756
00054775
00054819
00054834
00054900
00054910
00055029
00055061
00055480
00055512
00055552
00055602
00055651
00055853
00055886
00055901
00055936
00055957
00055968
00055970
00055987
00055997
00056027
00056044
00056130
00056197
00056300
00056361
00056380
00056399
00056403
00056429
00056466
00056562
00056645
00056647
00056663
00056694
00056865
00056897
00056954
00056976
00056978
00056983
00056988
00057006
00057008
00057048
00057071
00057078
00057097
00057148
00057239
00057284
00057332
00057393
00057464
00057499
00057509
00057548
00057625
00057725
00057769
00057785
00057999
00058093
00058139
00058144
00058151
00058158
00058160
00058166
00058170
00058177
00058212
00058303
00058487
00058626
00058670
00058692
00058715
00058717
00058764
00058799
00058826
00058829
00058888
00058893
00058896
00058992
00059008
00059028
00059091
00059122
00059125
00059133
00059232
00059247
00059309
00059322
00059329
00059334
00059341
00059355
00059366
00059374
00059385
00059392
00059424
00059448
00059493
00059550
00059555
00059565
00059572
00059580
00059599
00059691
00059743
00059771
00059834
00059837
00059872
00059895
00059931
00059936
00060052
00060064
00060081
00060144
00060166
00060177
00060248
00060250
00060291
00060310
00060316
00060322
00060334
00060656
00060681
00060707
00060722
00060923
00061017
00061131
00061156
00061251
00061282
00061295
00061301
00061308
00061344
00061379
00061450
00061470
00061512
00061541
00061547
00061612
00061700
00061712
00061833
00061915
00061972
00061974
00061984
00061991
00062039
00062103
00062192
00062261
00062320
00062368
00062376
00062393
00062452
00062673
00062742
00062795
00062821
00062892
00062924
00062954
00063046
00063048
00063260
00063297
00063331
00063354
00063399
00063404
00063447
00063513
00063603
00063613
00063681
00063764
00063767
00063818
00063848
00063893
00063909
00063943
00064038
00064040
00064136
00064158
00064175
00064193
00064221
00064226
00064235
00064247
00064251
00064253
00064275
00064336
00064357
00064373
00064405
00064439
00064442
00064447
00064450
00064453
00064489
00064501
00064604
00064656
00064666
00064703
00064779
00064929
00064983
00065039
00065044
00065067
00065077
00065081
00065084
00065089
00065190
00065281
00065337
00065348
00065399
00065409
00065431
00065498
00065523
00065532
00065566
00065624
00065686
00065745
00065876
00065901
00065955
00065991
00066044
00066095
00066130
00066141
00066260
00066316
00066415
00066455
00066536
00066698
00066702
00066704
00066782
00066802
00066806
00066814
00066828
00066851
00066862
00066937
00066940
00067069
00067113
00067119
00067121
00067124
00067130
00067164
00067214
00067223
00067232
00067234
00067249
00067278
00067310
00067347
00067350
00067381
00067403
00067443
00067481
00067494
00067501
00067572
00067629
00067631
00067633
00067737
00067739
00067749
00067871
00067887
00067951
00067957
00068061
00068093
00068129
00068196
00068228
00068337
00068340
00068355
00068370
00068376
00068379
00068391
00068404
00068410
00068464
00068473
00068486
00068591
00068649
00068809
00068819
00068835
00068840
00068926
00068975
00069006
00069037
00069055
00069164
00069201
00069246
00069333
00069410
00069533
00069563
00069596
00069607
00069706
00069774
00069872
00069877
00069927
00069937
00070202
00070280
00070368
00070522
00070535
00070553
00070582
00070630
00070714
00070760
00070771
00070899
00070926
00070985
00071247
00071311
00071321
00071367
00071405
00071447
00071458
00071515
00071519
00071530
00071540
00071561
00071583
00071585
00071587
00071630
00071651
00071663
00071666
00071748
00071751
00071821
00071861
00071876
00071906
00071975
00072008
00072049
00072058
00072104
00072110
00072332
00072371
00072410
00072433
00072463
00072510
00072766
00072778
00072806
00072921
00072926
00072933
00072977
00073083
00073086
00073088
00073158
00073182
00073190
00073277
00073285
00073416
00073448
00073488
00073526
00073875
00073878
00074031
00074059
00074061
00074063
00074214
00074272
00074297
00074492
00074494
00074514
00074553
00074556
00074692
00074695
00074783
00074813
00074815
00074844
00074868
00074928
00074942
00074958
00074961
00074971
00075116
00075295
00075537
00075655
00075686
00075726
00075743
00075824
00075850
00075877
00075974
00075998
00076025
00076159
00076230
00076239
00076244
00076265
00076278
00076339
00076342
00076364
00076477
00076547
00076644
00076684
00076825
00077048
00077206
00077240
00077252
00077391
00077485
00077520
00077549
00077575
00077593
00077605
00077633
00077651
00077653
00077656
00077659
00077664
00077668
00077672
00077675
00077678
00077682
00077686
00077688
00077691
00077836
00077852
00077975
00077990
00078114
00078143
00078252
00078360
00078377
00078387
00078390
00078392
00078403
00078556
00078560
00078562
00078565
00078569
00078621
00078651
00078766
00078898
00078911
00078916
00078961
00079044
00079167
00079241
00079264
00079297
00079327
00079331
00079359
00079379
00079416
00079419
00079425
00079451
00079460
00079487
00079512
00079558
00079608
00079635
00079653
00079702
00079724
00079732
00079737
00079741
00079774
00079861
00079902
00079917
00079941
00079994
00080377
00080432
00080482
00080488
00080545
00080628
00080660
00080705
00080707
00080747
00080756
00080770
00080780
00080836
00080844
00080854
00080885
00080943
00080980
00080984
00080986
00081027
00081142
00081182
00081233
00081251
00081348
00081365
00081382
00081387
00081413
00081418
00081492
00081538
00081546
00081562
00081569
00081622
00081690
00081761
00081802
00081845
00081927
00081986
00081990
00082008
00082028
00082079
00082157
00082170
00082221
00082230
00082239
00082246
00082258
00082307
00082317
00082319
00082347
00082350
00082426
00082517
00082663
00082684
00082690
00082697
00082712
00082730
00082778
00082889
00082921
00082948
00082961
00082966
00083027
00083076
00083081
00083090
00083130
00083168
00083220
00083290
00083312
00083426
00083514
00083529
00083576
00083678
00083718
00083747
00083835
00083889
00084104
00084136
00084240
00084300
00084317
00084344
00084352
00084367
00084384
00084466
00084480
00084534
00084696
00084754
00084786
00084806
00084809
00084829
00084884
00084890
00084901
00084947
00085004
00085026
00085054
00085056
00085226
00085294
00085324
00085377
00085429
00085431
00086007
00086164
00086250
00086286
00086331
00086407
00086419
00086468
00086516
00086548
00086664
00086667
00086694
00086698
00086700
00086742
00086781
00086812
00086819
00086825
00086847
00086915
00086952
00087001
00087063
00087192
00087195
00087199
00087201
00087211
00087254
00087311
00087357
00087400
00087521
00087555
00087572
00087602
00087604
00087606
00087609
00087611
00087623
00087680
00087697
00087699
00087711
00087737
00087821
00087911
00088043
00088057
00088059
00088094
00088113
00088168
00088192
00088295
00088329
00088351
00088358
00088426
00088622
00088750
00088810
00088858
00088902
00089028
00089060
00089090
00089137
00089220
00089274
00089279
00089281
00089283
00089294
00089297
00089309
00089323
00089368
00089489
00089529
00089595
00089644
00089687
00089724
00089821
00090157
00090180
00090252
00090298
00090438
00090509
00090555
00090608
00090641
00090699
00090796
00090798
00090812
00090854
00090867
00090869
00090883
00090904
00090982
00090984
00091040
00091045
00091059
00091062
00091115
00091137
00091196
00091248
00091267
00091318
00091425
00091428
00091456
00091479
00091612
00091621
00091648
00091682
00091687
00091693
00091701
00091748
00091802
00091848
00091939
00091974
00091977
00092239
00092299
00092327
00092366
00092396
00092411
00092509
00092522
00092541
00092545
00092583
00092595
00092597
00092599
00092601
00092899
00092924
00092957
00092972
00092979
00092993
00093035
00093069
00093291
00093392
00093414
00093464
00093559
00093562
00093644
00093790
00093807
00093810
00093868
00093894
00093904
00094077
00094093
00094104
00094111
00094113
00094118
00094132
00094135
00094137
00094140
00094252
00094268
00094278
00094369
00094389
00094465
00094539
00094553
00094560
00094579
00094592
00094600
00094602
00094610
00094746
00094897
00095027
00095067
00095072
00095124
00095127
00095130
00095135
00095137
00095141
00095157
00095190
00095210
00095225
00095279
00095298
00095400
00095461
00095514
00095525
00095613
00095624
00095748
00095751
00095755
00095757
00095784
00095922
00096030
00096056
00096092
00096203
00096226
00096228
00096252
00096287
00096328
00096337
00096402
00096409
00096417
00096423
00096440
00096446
00096451
00096512
00096521
00096544
00096554
00096560
00096573
00096594
00096613
00096630
00096693
00096699
00096736
00096747
00096750
00096761
00096801
00096837
00096860
00096899
00096961
00097014
00097018
00097023
00097030
00097033
00097048
00097148
00097228
00097305
00097339
00097343
00097347
00097365
00097391
00097397
00097462
00097555
00097605
00097680
00097706
00097801
00097840
00097910
00097916
00097972
00097999
00098045
00098050
00098061
00098141
00098148
00098168
00098199
00098299
00098320
00098331
00098440
00098511
00098573
00098646
00098648
00098804
00098831
00098873
00098880
00098886
00098928
00098979
00098983
00098999
00099034
00099073
00099080
00099082
00099116
00099144
00099205
00099246
00099260
00099757
00099798
00099845
00099869
00099895
00099904
00100070
00100184
00100225
00100294
00100383
00100389
00100395
00100421
00100437
00100515
00100541
00100567
00100588
00100591
00100612
00100659
00100695
00100762
00100798
00100838
00100925
00101047
00101187
00101306
00101310
00101384
00101388
00101393
00101398
00101404
00101409
00101417
00101423
00101448
00101451
00101488
00101499
00101502
00101510
00101513
00101518
00101523
00101527
00101535
00101550
00101555
00101575
00101585
00101604
00101626
00101662
00101699
00101708
00101710
00101712
00101716
00101738
00101780
00101895
00101911
00101917
00101921
00101944
00101953
00101968
00101990
00102003
00102024
00102048
00102060
00102072
00102074
00102092
00102105
00102119
00102125
00102151
00102155
00102174
00102177
00102226
00102426
00102468
00102474
00102478
00102484
00102585
00102621
00102645
00102673
00102678
00102704
00102797
00103011
00103069
00103104
00103137
00103139
00103175
00103212
00103239
00103243
00103268
00103290
00103309
00103419
00103521
00103545
00103560
00103609
00103617
00103624
00103634
00103666
00103716
00103718
00103773
00103780
00103884
00103926
00103934
00103943
00103965
00103975
00103987
00104064
00104073
00104086
00104096
00104104
00104161
00104199
00104203
00104221
00104256
00104259
00104291
00104348
00104385
00104406
00104447
00104522
00104524
00104609
00104632
00104656
00104669
00104753
00104876
00104945
00104984
00104987
00104989
00104998
00105005
00105007
00105055
00105058
00105065
00105080
00105125
00105151
00105154
00105181
00105190
00105198
00105201
00105205
00105214
00105232
00105238
00105241
00105245
00105251
00105258
00105262
00105271
00105288
00105295
00105298
00105311
00105334
00105345
00105360
00105393
00105470
00105472
00105479
00105530
00105541
00105575
00105826
00105851
00105945
00106027
00106036
00106057
00106100
00106123
00106156
00106160
00106176
00106197
00106232
00106355
00106582
00106682
00106745
00106888
00106900
00106955
00107069
00107107
00107140
00107170
00107207
00107219
00107231
00107239
00107382
00107448
00107483
00107519
00107527
00107530
00107540
00107546
00107641
00107667
00107723
00107755
00107832
00107853
00107921
00107992
00108106
00108133
00108186
00108219
00108326
00108397
00108443
00108475
00108495
00108497
00108502
00108513
00108574
00108725
00108777
00108891
00108906
00108950
00108978
00108985
00109004
00109018
00109069
00109096
00109193
00109195
00109344
00109353
00109360
00109379
00109392
00109466
00109473
00109536
00109574
00109599
00109667
00109678
00109693
00109715
00109743
00109823
00109863
00109871
00109874
00109914
00109969
00109975
00110140
00110151
00110207
00110329
00110340
00110377
00110379
00110388
00110424
00110456
00110489
00110542
00110559
00110618
00110696
00110732
00110780
00110899
00110922
00111124
00111225
00111228
00111337
00111393
00111445
00111447
00111466
00111576
00111670
00111680
00111708
00111754
00111762
00111817
00111881
00111968
00112011
00112053
00112112
00112119
00112148
00112205
00112209
00112223
00112229
00112439
00112464
00112472
00112544
00112624
00112690
00112715
00112935
00112989
00113020
00113070
00113160
00113250
00113256
00113370
00113427
00113443
00113472
00113585
00113647
00113709
00113738
00113762
00113943
00113989
00113996
00114038
00114082
00114106
00114114
00114186
00114390
00114395
00114428
00114451
00114460
00114570
00114591
00114629
00114634
00114639
00114779
00114785
00114821
00114835
00114838
00114840
00114861
00114892
00114898
00114904
00114946
00114977
00115010
00115013
00115024
00115159
00115168
00115188
00115251
00115259
00115277
00115336
00115378
00115453
00115476
00115703
00115710
00115742
00115754
00115758
00115773
00115779
00115911
00115923
00115925
00115929
00115931
00115990
00115992
00116036
00116121
00116127
00116143
00116222
00116241
00116283
00116307
00116398
00116435
00116492
00116530
00116587
00116621
00116642
00116652
00116666
00116671
00116690
00116703
00116763
00116793
00116810
00116821
00116855
00116868
00116900
00117007
00117041
00117103
00117149
00117211
00117225
00117228
00117307
00117333
00117339
00117343
00117348
00117357
00117414
00117588
00117628
00117670
00117677
00117685
00117711
00117713
00117717
00117744
00117836
00117868
00117986
00117990
00118020
00118077
00118128
00118179
00118208
00118232
00118237
00118344
00118358
00118365
00118566
00118570
00118611
00118630
00118842
00118979
00119002
00119074
00119086
00119163
00119175
00119177
00119292
00119302
00119319
00119388
00119390
00119394
00119453
00119455
00119497
00119517
00119523
00119531
00119547
00119565
00119567
00119581
00119599
00119608
00119622
00119633
00119644
00119657
00119733
00119791
00119802
00119811
00119815
00119873
00119907
00119930
00119940
00119978
00120128
00120178
00120218
00120264
00120275
00120279
00120354
00120409
00120455
00120514
00120556
00120605
00120628
00120641
00120693
00120750
00120810
00120839
00120882
00120905
00120917
00121033
00121067
00121096
00121132
00121153
00121255
00121333
00121341
00121348
00121372
00121450
00121721
00121829
00121876
00121888
00121929
00121971
00122003
00122020
00122038
00122267
00122388
00122417
00122472
00122477
00122555
00122619
00122681
00122853
00122872
00122875
00123174
00123190
00123236
00123254
00123280
00123301
00123454
00123463
00123475
00123492
00123604
00123623
00123633
00123653
00123694
00123696
00123723
00123728
00123783
00123805
00123831
00123856
00123864
00123890
00123929
00124061
00124177
00124231
00124258
00124314
00124341
00124413
00124442
00124491
00124540
00124724
00124783
00124820
00124855
00124881
00124935
00124991
00125054
00125084
00125088
00125107
00125132
00125190
00125245
00125300
00125313
00125433
00125476
00125521
00125606
00125734
00125751
00125876
00125905
00125918
00125922
00125944
00125959
00125992
00126026
00126052
00126062
00126073
00126076
00126090
00126100
00126109
00126123
00126145
00126185
00126190
00126217
00126295
00126300
00126312
00126345
00126350
00126355
00126364
00126377
00126388
00126394
00126430
00126498
00126567
00126609
00126748
00126758
00126767
00126779
00126824
00126827
00126872
00126934
00126961
00126985
00126988
00127083
00127138
00127193
00127199
00127246
00127255
00127257
00127259
00127300
00127349
00127391
00127450
00127483
00127493
00127537
00127623
00127664
00127744
00127791
00127835
00127890
00127911
00128024
00128047
00128064
00128134
00128228
00128236
00128250
00128279
00128286
00128610
00128703
00128739
00128764
00128766
00128768
00128783
00128821
00128923
00128933
00128944
00128972
00128998
00129055
00129068
00129165
00129178
00129270
00129274
00129334
00129339
00129416
00129546
00129655
00129969
00130351
00130513
00130515
00130519
00130525
00130535
00130547
00130554
00130571
00130578
00130580
00130583
00130604
00130626
00130651
00130688
00130694
00130704
00130764
00130774
00130778
00130784
00130794
00130801
00130843
00130868
00130886
00130889
00130984
00131016
00131187
00131224
00131256
00131258
00131342
00131388
00131410
00131413
00131478
00131530
00131569
00131610
00131665
00131739
00131768
00131782
00131790
00131798
00131891
00132040
00132043
00132108
00132119
00132161
00132183
00132210
00132227
00132247
00132258
00132275
00132286
00132300
00132336
00132399
00132457
00132473
00132480
00132495
00132505
00132509
00132522
00132546
00132561
00132565
00132593
00132634
00132752
00132811
00132858
00132874
00132893
00132930
00132951
00133080
00133083
00133122
00133135
00133225
00133233
00133303
00133375
00133413
00133447
00133496
00133501
00133526
00133587
00133606
00133667
00133722
00133739
00133808
00133865
00133903
00133905
00133909
00133913
00133942
00133960
00134051
00134089
00134171
00134223
00134312
00134345
00134348
00134398
00134448
00134540
00134543
00134549
00134557
00134589
00134614
00134618
00134629
00134636
00134719
00134729
00134782
00134825
00134941
00134959
00135061
00135087
00135113
00135122
00135125
00135180
00135187
00135190
00135201
00135203
00135206
00135209
00135217
00135304
00135310
00135325
00135347
00135378
00135431
00135482
00135514
00135540
00135595
00135625
00135650
00135680
00135717
00135738
00135751
00135769
00135875
00135909
00135970
00136046
00136185
00136353
00136384
00136508
00136541
00136557
00136568
00136583
00136603
00136610
00136616
00136699
00136734
00136738
00136846
00136896
00136903
00136905
00136910
00136915
00136923
00136925
00136933
00136938
00136940
00136950
00136955
00136967
00137000
00137003
00137020
00137032
00137041
00137057
00137059
00137077
00137082
00137118
00137186
00137205
00137227
00137240
00137252
00137262
00137269
00137276
00137372
00137509
00137597
00137601
00137673
00137698
00137701
00137729
00137756
00137762
00137811
00137819
00137952
00138038
00138266
00138279
00138337
00138383
00138602
00138639
00138718
00138770
00138778
00138786
00138814
00138818
00138848
00138878
00138882
00138884
00138889
00138895
00138898
00138921
00139013
00139043
00139096
00139150
00139294
00139315
00139342
00139372
00139388
00139432
00139439
00139537
00139563
00139577
00139579
00139589
00139713
00139784
00139788
00139797
00139818
00139825
00139851
00140058
00140074
00140087
00140089
00140098
00140123
00140147
00140182
00140287
00140376
00140422
00140506
00140553
00140740
00140751
00140775
00140787
00140807
00140919
00140972
00141141
00141144
00141153
00141160
00141169
00141176
00141180
00141216
00141237
00141303
00141305
00141309
00141344
00141392
00141402
00141405
00141407
00141410
00141414
00141416
00141422
00141430
00141436
00141440
00141449
00141467
00141487
00141490
00141504
00141568
00141711
00141714
00141719
00141923
00141928
00141960
00142014
00142074
00142185
00142295
00142343
00142365
00142409
00142430
00142445
00142477
00142515
00142606
00142671
00142753
00142763
00142799
00142853
00142860
00142897
00142965
00142992
00143039
00143136
00143267
00143322
00143349
00143533
00143624
00143707
00143803
00143807
00143832
00143881
00143884
00143994
00144057
00144088
00144113
00144132
00144145
00144179
00144217
00144221
00144270
00144323
00144335
00144371
00144446
00144557
00144577
00144599
00144639
00144666
00144676
00144732
00144845
00144856
00144907
00144991
00145131
00145207
00145290
00145313
00145351
00145394
00145397
00145403
00145496
00145538
00145552
00145612
00145614
00145636
00145661
00145698
00145740
00145844
00145905
00145926
00145954
00145972
00145977
00145985
00146035
00146233
00146237
00146249
00146306
00146353
00146375
00146478
00146496
00146508
00146569
00146594
00146649
00146734
00146840
00146941
00146946
00146954
00146961
00146980
00146984
00147005
00147043
00147206
00147259
00147289
00147308
00147368
00147415
00147448
00147475
00147489
00147496
00147506
00147514
00147581
00147673
00147689
00147708
00147802
00147840
00147895
00147927
00147970
00148042
00148333
00148466
00148597
00149693
00150258
00150299
00150380
00150456
00150475
00150485
00150511
00150515
00150528
00150547
00150554
00150560
00150601
00150613
00150656
00150671
00150692
00150719
00150722
00150754
00150861
00150875
00150879
00150885
00150887
00150903
00150914
00150920
00152104
00152113
00152118
00152214
00152225
00152231
00152322
00152382
00152450
00152457
00152472
00152474
00152488
00152524
00152547
00152550
00152620
00152693
00152708
00152727
00152731
00152818
00152821
00152824
00152835
00152853
00152886
00152997
00153033
00153068
00153107
00153323
00153345
00153494
00153587
00153659
00153666
00153680
00153700
00153731
00153741
00153752
00153838
00153845
00153940
00154024
00154039
00154061
00154104
00154209
00154284
00154330
00154375
00154480
00154538
00154631
00154646
00154650
00154747
00154789
00154793
00154948
00155058
00155133
00155258
00155264
00155344
00155453
00155462
00155494
00155637
00155701
00155767
00155794
00155801
00155810
00155849
00155933
00156055
00156103
00156148
00156169
00156879
00156910
00156924
00156977
00157054
00157060
00157069
00157120
00157132
00157168
00157188
00157298
00157316
00157435
00157661
00157686
00157695
00157698
00157777
00157811
00157818
00157847
00157901
00158044
00158113
00158240
00158283
00158355
00158402
00158420
00158462
00158677
00158703
00158715
00158744
00158819
00158914
00158922
00158978
00159008
00159050
00159112
00159184
00159230
00159234
00159260
00159328
00159347
00159406
00159429
00159476
00159499
00159583
00159701
00159731
00159733
00159820
00159964
00160063
00160096
00160203
00160239
00160392
00160396
00160655
00160696
00160709
00160739
00160806
00160818
00160821
00160838
00160855
00160872
00160907
00160915
00160958
00161059
00161159
00161209
00161259
00161263
00161280
00161288
00161297
00161300
00161315
00161363
00161411
00161420
00161428
00161435
00161458
00161480
00161486
00161518
00161525
00161575
00161605
00161626
00161631
00161643
00161683
00161703
00161734
00161798
00161827
00161847
00161849
00161900
00161973
00161975
00162017
00162019
00162028
00162093
00162185
00162248
00162260
00162355
00162396
00162405
00162448
00162483
00162567
00162584
00162600
00162645
00162667
00162671
00162714
00162819
00162855
00162923
00162994
00163047
00163084
00163098
00163104
00163205
00163259
00163310
00163343
00163410
00163484
00163493
00163533
00163562
00163579
00163603
00163617
00163657
00163748
00163773
00163846
00163848
00163853
00163964
00164011
00164080
00164156
00164242
00164261
00164329
00164331
00164391
00164394
00164398
00164414
00164422
00164427
00164535
00164545
00164619
00164767
00164868
00164884
00164923
00164974
00164996
00165145
00165192
00165272
00165333
00165335
00165347
00165367
00165439
00165484
00165519
00165521
00165569
00165577
00165627
00165787
00165819
00165821
00165834
00165901
00165956
00165994
00166048
00166081
00166165
00166196
00166198
00166245
00166257
00166338
00166358
00166370
00166415
00166423
00166440
00166464
00166492
00166526
00166568
00166637
00166656
00166698
00166735
00166765
00166866
00166906
00166936
00166944
00166968
00167000
00167048
00167085
00167123
00167158
00167181
00167264
00167277
00167369
00167413
00167471
00167497
00167527
00167529
00167532
00167581
00167779
00167799
00167857
00167896
00167937
00167996
00168003
00168008
00168059
00168231
00168267
00168321
00168324
00168329
00168334
00168343
00168347
00168367
00168410
00168421
00168446
00168773
00168899
00168988
00169012
00169091
00169095
00169146
00169149
00169225
00169330
00169339
00169377
00169387
00169444
00169511
00169562
00169722
00169740
00169743
00169878
00169882
00169886
00170093
00170107
00170136
00170156
00170202
00170271
00170284
00170345
00170380
00170389
00170523
00170534
00170581
00170735
00170822
00170929
00170982
00171037
00171109
00171114
00171190
00171203
00171338
00171378
00171414
00171422
00171463
00171489
00171532
00171654
00171665
00171723
00171761
00171837
00171859
00171888
00171972
00172006
00172049
00172137
00172197
00172345
00172352
00172417
00172435
00172453
00172553
00172577
00172637
00172652
00172669
00172694
00172753
00172867
00172887
00172958
00172985
00172999
00173002
00173006
00173022
00173149
00173157
00173245
00173275
00173359
00173407
00173530
00173609
00173629
00173651
00173714
00173743
00173766
00173809
00173835
00173875
00173922
00173944
00174009
00174022
00174031
00174039
00174074
00174114
00174161
00174183
00174247
00174268
00174379
00174410
00174413
00174423
00174426
00174434
00174489
00174513
00174528
00174541
00174560
00174574
00174578
00174618
00174692
00174781
00174826
00174828
00174861
00174867
00174872
00174911
00174917
00174942
00174952
00174961
00175026
00175031
00175060
00175175
00175226
00175266
00175335
00175365
00175443
00175454
00175456
00175471
00175481
00175501
00175548
00175551
00175592
00175697
00175704
00175707
00175822
00175828
00175887
00175894
00175906
00175921
00175931
00175957
00176055
00176078
00176097
00176115
00176128
00176143
00176283
00176319
00176404
00176418
00176476
00176490
00176589
00176603
00176616
00176653
00176656
00176658
00176696
00176711
00176713
00176715
00176717
00176745
00176758
00176812
00176880
00176894
00176978
00177004
00177073
00177112
00177142
00177188
00177192
00177264
00177402
00177435
00177454
00177481
00177560
00177580
00177607
00177623
00177626
00177654
00177687
00177707
00177722
00177778
00177917
00177950
00177961
00177974
00177987
00177993
00177997
00178004
00178026
00178036
00178063
00178067
00178072
00178082
00178088
00178365
00178446
00178471
00178482
00178539
00178546
00178580
00178583
00178589
00178635
00178752
00178800
00178837
00178886
00178966
00178998
00179032
00179060
00179119
00179152
00179179
00179183
00179190
00179193
00179196
00179198
00179221
00179272
00179339
00179397
00179410
00179429
00179459
00179492
00179508
00179637
00179684
00179718
00179732
00179765
00179856
00179861
00179874
00179955
00179963
00179966
00179982
00180086
00180145
00180152
00180163
00180181
00180260
00180363
00180434
00180479
00180617
00180716
00180762
00180782
00180788
00180821
00180826
00180852
00181015
00181038
00181040
00181228
00181276
00181369
00181665
00181752
00181788
00181806
00181853
00181868
00181887
00181900
00181960
00182046
00182105
00182126
00182218
00182223
00182238
00182278
00182326
00182341
00182346
00182360
00182382
00182393
00182422
00182531
00182535
00182537
00182541
00182551
00182584
00182624
00182646
00182684
00182705
00182740
00182742
00182784
00182812
00182818
00182863
00182889
00182923
00182928
00182935
00182944
00182984
00182990
00182999
00183034
00183085
00183092
00183103
00183135
00183143
00183157
00183204
00183213
00183258
00183286
00183323
00183329
00183402
00183412
00183441
00183577
00183656
00183660
00183687
00183763
00183797
00183824
00183865
00183888
00183902
00183951
00183994
00184012
00184059
00184076
00184079
00184082
00184084
00184093
00184145
00184280
00184306
00184337
00184361
00184377
00184446
00184514
00184516
00184539
00184603
00184638
00184681
00184717
00184759
00184776
00184799
00184910
00184947
00184994
00185090
00185133
00185147
00185158
00185223
00185274
00185306
00185353
00185373
00185410
00185422
00185424
00185447
00185615
00185641
00185671
00185703
00185710
00186003
00186034
00186071
00186145
00186162
00186224
00186251
00186279
00186306
00186401
00186611
00186633
00186635
00186715
00186766
00186793
00186817
00186836
00186892
00187016
00187038
00187043
00187114
00187152
00187188
00187198
00187222
00187291
00187300
00187312
00187314
00187350
00187367
00187381
00187429
00187435
00187438
00187442
00187531
00187572
00187579
00188026
00188049
00188061
00188073
00188124
00188168
00188177
00188181
00188200
00188383
00188437
00188618
00188646
00188720
00188753
00188833
00188879
00188962
00189002
00189043
00189183
00189195
00189198
00189200
00189205
00189211
00189214
00189219
00189226
00189233
00189242
00189282
00189306
00189365
00189419
00189429
00189499
00189561
00189581
00189675
00189768
00189773
00189818
00189897
00189958
00190172
00190191
00190256
00190293
00190500
00190608
00190626
00190629
00190786
00190811
00190859
00190957
00190965
00190970
00190989
00191043
00191059
00191091
00191110
00191148
00191178
00191182
00191189
00191200
00191203
00191270
00191320
00191322
00191383
00191421
00191423
00191453
00191523
00191575
00191627
00191705
00191725
00191773
00191798
00191883
00192013
00192053
00192101
00192115
00192187
00192234
00192306
00192338
00192474
00192495
00192618
00192706
00192733
00192746
00192782
00192810
00192812
00192828
00193103
00193162
00193202
00193206
00193263
00193413
00193416
00193418
00193448
00193609
00193657
00193668
00193671
00193674
00193679
00193684
00193689
00193695
00193706
00193835
00193926
00194054
00194089
00194120
00194199
00194365
00194451
00194453
00194480
00194486
00194521
00194674
00194718
00194762
00194778
00194810
00194921
00194984
00195000
00195031
00195059
00195161
00195393
00195425
00195519
00195559
00195576
00195590
00195647
00195679
00195726
00195764
00195774
00195826
00195843
00196002
00196024
00196036
00196059
00196071
00196181
00196291
00196340
00196377
00196423
00196439
00196462
00196477
00196496
00196515
00196538
00196548
00196606
00196753
00196776
00196946
00196959
00197100
00197168
00197175
00197179
00197185
00197189
00197246
00197322
00197451
00197480
00197485
00197489
00197495
00197570
00197633
00197655
00197737
00197754
00197797
00197840
00197894
00198058
00198113
00198145
00198150
00198155
00198164
00198387
00198420
00198449
00198457
00198477
00198490
00198534
00198592
00198749
00198753
00198771
00198793
00198850
00198879
00198920
00198923
00198936
00198978
00199024
00199088
00199097
00199110
00199122
00199144
00199211
00199272
00199452
00199490
00199542
00199547
00199647
00199689
00199716
00199798
00199831
00199898
00199908
00199911
00199915
00199976
00200085
00200110
00200119
00200138
00200200
00200228
00200295
00200312
00200318
00200335
00200341
00200350
00200374
00200436
00200441
00200474
00200555
00200580
00200585
00200608
00200663
00200702
00200788
00200842
00200882
00200895
00200901
00200960
00201033
00201035
00201068
00201110
00201121
00201270
00201291
00201420
00201496
00201506
00201535
00201550
00201610
00201667
00201738
00201765
00201767
00201790
00201830
00202083
00202145
00202168
00202495
00202502
00202546
00202604
00202659
00202677
00202739
00202767
00202820
00202895
00202972
00202981
00203034
00203048
00203170
00203217
00203305
00203337
00203354
00203457
00203479
00203607
00203662
00203898
00203960
00204021
00204073
00204087
00204158
00204160
00204179
00204271
00204321
00204326
00204342
00204382
00204427
00204532
00204565
00204639
00204882
00204913
00204968
00205059
00205154
00205184
00205295
00205345
00205410
00205427
00205558
00205563
00205567
00205571
00205588
00205600
00205613
00205692
00205717
00205757
00205775
00205814
00205861
00205884
00205912
00205999
00206034
00206092
00206143
00206226
00206405
00206421
00206464
00206500
00206673
00206799
00206815
00206841
00206858
00206943
00206970
00207033
00207053
00207075
00207261
00207268
00207285
00207353
00207363
00207566
00207569
00207764
00207782
00207838
00207864
00207927
00207942
00207981
00208080
00208152
00208204
00208231
00208272
00208280
00208283
00208298
00208335
00208344
00208368
00208371
00208397
00208399
00208413
00208436
00208463
00208487
00208493
00208498
00208619
00208776
00208830
00208936
00209093
00209095
00209102
00209115
00209141
00209172
00209226
00209252
00209258
00209308
00209372
00209387
00209413
00209420
00209465
00209548
00209584
00209985
00210127
00210181
00210200
00210231
00210249
00210268
00210295
00210327
00210330
00210405
00210444
00210466
00210520
00210559
00210638
00210666
00210672
00210695
00210739
00210806
00210866
00210869
00210881
00210902
00210914
00210922
00210968
00211041
00211250
00211270
00211316
00211337
00211351
00211373
00211422
00211474
00211485
00211585
00211731
00211807
00211885
00212070
00212092
00212095
00212121
00212223
00212242
00212335
00212368
00212387
00212442
00212584
00212603
00212637
00212647
00212655
00212703
00212752
00212838
00212922
00213059
00213142
00213203
00213258
00213307
00213309
00213328
00213333
00213375
00213448
00213463
00213525
00213577
00213654
00213715
00213717
00213731
00213929
00213944
00214032
00214089
00214096
00214103
00214135
00214163
00214181
00214283
00214288
00214297
00214308
00214312
00214321
00214341
00214365
00214450
00214517
00214679
00214718
00214736
00214765
00214922
00215034
00215048
00215148
00215328
00215334
00215338
00215343
00215354
00215442
00215545
00215551
00215560
00215646
00215648
00215707
00215714
00215730
00215742
00215794
00215800
00215803
00215817
00215825
00215828
00215872
00215963
00216046
00216111
00216219
00216252
00216259
00216264
00216278
00216281
00216294
00216337
00216340
00216356
00216417
00216498
00216529
00216531
00216730
00216762
00216787
00216893
00217006
00217025
00217052
00217066
00217157
00217304
00217330
00217343
00217348
00217390
00217403
00217529
00217547
00217550
00217567
00217584
00217617
00217641
00217705
00217707
00217722
00217754
00217796
00217842
00217894
00217926
00217956
00217987
00217990
00218059
00218157
00218178
00218189
00218216
00218295
00218298
00218346
00218350
00218354
00218358
00218365
00218368
00218376
00218380
00218409
00218441
00218505
00218526
00218560
00218625
00218770
00218772
00218777
00218780
00218782
00218786
00218796
00218799
00218804
00218873
00218890
00218905
00218908
00218918
00218922
00218936
00218960
00218994
00218996
00219042
00219045
00219048
00219050
00219066
00219095
00219136
00219178
00219208
00219211
00219372
00219374
00219391
00219411
00219509
00219578
00219620
00219704
00219719
00219722
00219733
00219740
00219747
00219752
00219860
00219863
00219866
00219870
00219872
00219874
00219876
00219882
00219887
00219889
00219892
00219894
00219897
00219900
00219903
00219905
00219908
00219914
00219925
00219936
00219940
00219949
00220212
00220217
00220290
00220341
00220357
00220439
00220458
00220501
00220533
00220550
00220585
00220599
00220615
00220713
00220725
00220751
00220771
00220796
00220804
00220852
00220856
00220859
00220865
00220877
00220889
00220912
00220917
00220923
00220928
00220951
00220974
00220980
00220984
00220996
00220998
00221000
00221009
00221012
00221023
00221025
00221043
00221058
00221077
00221082
00221090
00221127
00221178
00221300
00221312
00221314
00221340
00221361
00221402
00221410
00221449
00221465
00221499
00221540
00221569
00221648
00221687
00221725
00221746
00221847
00221852
00221888
00221891
00221893
00221924
00221936
00221941
00221952
00221955
00221957
00221960
00221962
00221972
00221974
00221998
00222017
00222024
00222044
00222100
00222142
00222171
00222242
00222306
00222313
00222315
00222365
00222378
00222406
00222413
00222421
00222437
00222491
00222494
00222522
00222576
00222593
00222598
00222613
00222643
00222646
00222750
00222758
00222763
00222855
00222982
00222988
00222990
00222992
00223004
00223059
00223101
00223142
00223170
00223243
00223253
00223280
00223347
00223352
00223411
00223415
00223507
00223509
00223542
00223562
00223603
00223607
00223610
00223634
00223644
00223652
00223659
00223678
00223681
00223754
00223770
00223779
00223804
00223881
00223891
00223917
00223927
00223950
00223963
00223982
00223997
00224002
00224073
00224090
00224147
00224213
00224261
00224276
00224338
00224341
00224350
00224354
00224404
00224428
00224437
00224539
00224623
00224675
00224713
00224741
00224747
00224754
00224864
00224866
00224873
00224990
00225177
00225206
00225265
00225330
00225485
00225519
00225526
00225532
00225572
00225589
00225663
00225695
00225710
00225801
00226164
00226192
00226198
00226201
00226222
00226239
00226265
00226271
00226277
00226284
00226289
00226318
00226341
00226378
00226383
00226476
00226537
00226549
00226619
00226654
00226685
00226699
00226787
00226857
00226945
00227081
00227125
00227145
00227177
00227201
00227206
00227215
00227231
00227249
00227296
00227316
00227333
00227337
00227348
00227370
00227396
00227434
00227511
00227543
00227546
00227550
00227553
00227560
00227566
00227577
00227589
00227597
00227606
00227614
00227618
00227623
00227645
00227648
00227657
00227679
00227681
00227685
00227695
00227698
00227719
00227751
00227856
00227871
00227924
00227928
00227949
00228045
00228058
00228107
00228170
00228172
00228184
00228231
00228234
00228247
00228300
00228336
00228342
00228536
00228544
00228568
00228640
00228692
00228796
00228836
00228872
00228892
00229208
00229218
00229255
00229273
00229333
00229382
00229394
00229397
00229451
00229481
00229497
00229592
00229598
00229602
00229610
00229641
00229712
00229717
00229719
00229740
00229874
00229885
00229907
00229917
00229985
00230088
00230179
00230186
00230293
00230310
00230321
00230420
00230422
00230466
00230499
00230508
00230513
00230515
00230525
00230537
00230576
00230609
00230632
00230720
00230726
00230734
00230894
00230905
00230922
00230943
00230992
00231020
00231034
00231049
00231061
00231070
00231072
00231097
00231100
00231103
00231136
00231199
00231271
00231278
00231312
00231350
00231352
00231364
00231401
00231421
00231427
00231478
00231493
00231530
00231541
00231549
00231554
00231596
00231610
00231617
00231661
00231689
00231721
00231726
00231795
00231799
00231813
00231863
00231881
00231885
00231888
00231902
00231904
00231914
00231916
00231919
00231921
00231924
00231928
00231931
00231934
00231937
00231944
00231947
00231958
00231966
00231991
00232002
00232006
00232009
00232011
00232038
00232042
00232057
00232061
00232073
00232116
00232150
00232171
00232185
00232345
00232379
00232420
00232436
00232467
00232479
00232493
00232500
00232509
00232551
00232586
00232603
00232607
00232611
00232616
00232619
00232633
00232728
00232739
00232742
00232749
00232752
00232764
00232767
00232770
00232774
00232777
00232779
00232781
00232786
00232804
00232812
00232874
00232882
00232887
00232889
00232891
00232905
00232916
00232944
00232949
00232956
00232963
00232991
00233122
00233124
00233126
00233157
00233215
00233285
00233451
00233514
00233590
00233598
00233814
00233935
00233969
00233978
00233985
00234017
00234074
00234128
00234152
00234169
00234223
00234286
00234308
00234405
00234437
00234465
00234514
00234526
00234551
00234585
00234589
00234594
00234600
00234615
00234716
00234757
00234760
00234772
00234779
00234826
00234893
00234906
00234917
00234928
00235000
00235121
00235163
00235204
00235226
00235259
00235300
00235526
00235536
00235539
00235611
00235686
00235853
00235934
00235958
00235984
00236000
00236007
00236012
00236028
00236038
00236076
00236118
00236125
00236130
00236175
00236185
00236247
00236271
00236278
00236287
00236374
00236423
00236462
00236532
00236534
00236536
00236569
00236615
00236677
00236736
00236764
00236772
00236812
00236850
00236925
00237003
00237021
00237194
00237264
00237267
00237281
00237312
00237315
00237319
00237321
00237328
00237349
00237364
00237466
00237554
00237664
00237691
00237700
00237705
00237730
00237742
00237745
00237843
00237906
00237926
00237983
00237988
00238013
00238020
00238094
00238108
00238153
00238224
00238229
00238257
00238273
00238277
00238289
00238291
00238299
00238301
00238357
00238383
00238472
00238570
00238597
00238599
00238602
00238614
00238616
00238660
00238728
00238797
00238841
00238851
00238893
00238895
00238898
00238919
00238931
00238939
00238989
00238999
00239015
00239028
00239044
00239105
00239173
00239319
00239322
00239462
00239486
00239494
00239499
00239503
00239547
00239565
00239642
00239670
00239706
00239739
00239741
00239780
00239798
00239969
00239985
00239994
00239996
00239998
00240045
00240053
00240057
00240066
00240101
00240164
00240214
00240260
00240432
00240452
00240509
00240550
00240588
00240590
00240607
00240613
00240622
00240664
00240874
00240911
00240945
00240962
00240974
00240986
00241097
00241102
00241107
00241168
00241194
00241200
00241207
00241214
00241227
00241263
00241265
00241278
00241301
00241306
00241329
00241460
00241493
00241537
00241540
00241555
00241591
00241612
00241639
00241657
00241665
00241671
00241685
00241723
00241763
00241778
00241783
00241869
00241922
00241962
00241994
00242036
00242044
00242116
00242122
00242124
00242135
00242180
00242377
00242466
00242520
00242555
00242625
00242654
00242656
00242660
00242774
00242841
00242868
00242949
00242973
00242984
00242994
00243001
00243018
00243046
00243081
00243083
00243109
00243118
00243137
00243154
00243210
00243236
00243254
00243278
00243281
00243290
00243368
00243372
00243462
00243486
00243582
00243616
00243705
00243787
00243892
00243907
00243940
00243962
00244001
00244006
00244036
00244086
00244138
00244183
00244189
00244284
00244321
00244339
00244388
00244449
00244484
00244506
00244534
00244555
00244557
00244579
00244598
00244602
00244623
00244694
00244709
00244726
00244782
00244793
00244918
00245086
00245106
00245206
00245215
00245327
00245356
00245394
00245406
00245439
00245447
00245473
00245504
00245593
00245694
00245726
00245743
00245757
00245772
00245783
00245841
00245844
00245872
00245896
00245934
00245945
00246001
00246007
00246013
00246016
00246026
00246042
00246092
00246116
00246189
00246225
00246288
00246290
00246339
00246360
00246417
00246555
00246577
00246681
00246766
00246769
00246899
00246926
00246938
00246975
00246993
00246999
00247022
00247024
00247026
00247028
00247031
00247036
00247039
00247060
00247100
00247249
00247260
00247276
00247279
00247289
00247308
00247359
00247364
00247490
00247511
00247523
00247565
00247637
00247807
00247912
00247923
00247925
00247927
00247930
00247932
00248058
00248328
00248332
00248355
00248421
00248447
00248504
00248520
00248697
00248700
00248704
00248770
00248832
00248844
00248867
00248962
00248967
00248972
00249134
00249147
00249197
00249203
00249245
00249252
00249256
00249265
00249281
00249287
00249297
00249329
00249348
00249353
00249355
00249437
00249451
00249466
00249472
00249482
00249502
00249507
00249558
00249593
00249610
00249640
00249682
00249723
00249771
00249789
00249827
00249838
00249863
00249870
00249881
00250222
00250245
00250303
00250316
00250322
00250401
00250454
00250518
00250546
00250554
00250573
00250592
00250695
00250749
00250788
00250834
00250844
00250902
00250905
00251010
00251110
00251282
00251293
00251308
00251312
00251370
00251379
00251502
00251514
00251558
00251663
00251776
00251791
00251804
00251808
00251844
00251849
00251851
00251943
00251960
00252003
00252025
00252027
00252039
00252074
00252088
00252139
00252163
00252206
00252245
00252259
00252263
00252311
00252411
00252418
00252490
00252496
00252501
00252577
00252658
00252670
00252688
00252692
00252756
00252758
00252830
00252847
00252870
00252900
00252924
00252979
00253105
00253111
00253133
00253220
00253270
00253292
00253805
00253817
00253827
00253830
00253961
00254167
00254174
00254195
00254232
00254247
00254309
00254349
00254503
00254507
00254514
00254548
00254585
00254615
00254675
00254751
00254868
00254875
00254878
00254898
00254903
00254908
00254913
00255059
00255071
00255141
00255196
00255223
00255504
00255560
00255564
00255593
00255596
00255606
00255617
00255644
00255660
00255726
00255735
00255740
00255785
00255865
00255906
00256033
00256060
00256123
00256170
00256197
00256227
00256274
00256301
00256304
00256361
00256382
00256513
00256571
00256578
00256586
00256601
00256604
00256610
00256615
00256634
00256648
00256673
00256677
00256700
00256721
00256742
00256890
00256958
00256981
00257096
00257246
00257385
00257413
00257464
00257491
00257533
00257581
00257606
00257617
00257626
00257637
00257642
00257657
00257675
00257713
00257717
00257728
00257736
00257746
00257773
00257808
00257900
00257919
00258073
00258082
00258323
00258376
00258395
00258412
00258417
00258423
00258502
00258506
00258512
00258565
00258617
00258647
00258651
00258683
00258710
00258750
00258771
00258773
00258882
00258897
00258945
00258963
00258999
00259037
00259042
00259058
00259141
00259176
00259187
00259236
00259292
00259387
00259422
00259430
00259477
00259509
00259523
00259558
00259603
00259610
00259633
00259654
00259686
00259783
00259799
00259833
00259900
00259920
00260008
00260029
00260078
00260132
00260177
00260224
00260237
00260252
00260275
00260283
00260315
00260324
00260366
00260585
00260665
00260680
00260696
00260794
00260965
00261029
00261058
00261124
00261137
00261178
00261222
00261240
00261290
00261292
00261294
00261296
00261301
00261304
00261489
00261556
00261568
00261586
00261591
00261684
00261787
00261888
00261924
00261940
00261982
00262188
00262220
00262239
00262241
00262254
00262301
00262340
00262402
00262414
00262424
00262430
00262433
00262436
00262445
00262469
00262482
00262536
00262538
00262570
00262663
00262670
00262673
00262676
00262678
00262688
00262694
00262730
00262737
00262759
00262769
00262825
00262854
00262865
00262901
00262904
00262907
00262909
00262930
00262997
00263024
00263029
00263033
00263057
00263075
00263081
00263105
00263115
00263117
00263203
00263249
00263265
00263276
00263287
00263356
00263415
00263487
00263510
00263528
00263546
00263550
00263558
00263561
00263571
00263574
00263577
00263581
00263585
00263588
00263593
00263599
00263605
00263610
00263613
00263655
00263764
00263875
00263915
00263921
00263930
00263941
00263943
00263951
00263957
00263960
00263967
00263969
00263971
00263974
00263982
00263984
00263989
00263993
00264000
00264011
00264013
00264029
00264032
00264039
00264048
00264057
00264091
00264257
00264269
00264303
00264322
00264339
00264342
00264359
00264418
00264433
00264454
00264471
00264494
00264503
00264562
00264592
00264601
00264608
00264610
00264666
00264681
00264686
00264689
00264691
00264693
00264697
00264700
00264704
00264707
00264710
00264713
00264717
00264725
00264728
00264865
00264881
00264896
00264930
00264952
00264962
00264989
00265053
00265164
00265240
00265247
00265375
00265488
00265559
00265629
00265647
00265649
00265658
00265708
00265716
00265790
00265832
00265864
00265869
00265897
00265990
00266079
00266092
00266135
00266153
00266271
00266293
00266298
00266305
00266334
00266340
00266359
00266361
00266364
00266368
00266370
00266372
00266375
00266400
00266475
00266479
00266485
00266492
00266555
00266578
00266582
00266600
00266700
00266705
00266743
00266766
00266902
00267015
00267109
00267127
00267137
00267153
00267165
00267169
00267248
00267367
00267492
00267511
00267527
00267591
00267619
00267682
00267696
00267700
00267709
00267719
00267727
00267744
00267747
00267763
00267783
00267798
00267933
00267988
00268023
00268025
00268030
00268033
00268035
00268054
00268124
00268132
00268139
00268161
00268167
00268257
00268271
00268288
00268307
00268365
00268372
00268375
00268424
00268470
00268482
00268557
00268608
00268612
00269080
00269130
00269315
00269359
00269365
00269368
00269448
00269477
00269488
00269538
00269747
00269897
00269903
00269988
00270074
00270128
00270188
00270197
00270202
00270209
00270233
00270256
00270306
00270335
00270381
00270408
00270441
00270495
00270548
00270589
00270617
00270678
00270681
00270684
00270686
00270689
00270756
00270760
00270762
00270764
00270771
00270773
00270776
00270778
00270783
00270789
00270791
00270794
00270796
00270800
00270802
00270806
00270810
00270812
00270818
00270820
00270822
00270825
00270828
00270831
00270834
00270841
00270845
00270847
00270849
00270852
00270856
00270858
00270865
00270869
00270871
00270875
00270879
00270881
00270885
00270889
00270892
00270901
00270909
00270937
00270944
00270947
00270950
00270955
00270958
00270974
00270979
00270984
00270999
00271012
00271014
00271059
00271062
00271091
00271097
00271099
00271104
00271109
00271111
00271116
00271119
00271122
00271131
00271136
00271141
00271149
00271158
00271162
00271165
00271169
00271171
00271176
00271179
00271183
00271185
00271191
00271197
00271201
00271205
00271209
00271211
00271214
00271220
00271230
00271268
00271294
00271312
00271314
00271319
00271327
00271343
00271361
00271364
00271373
00271382
00271399
00271403
00271421
00271443
00271462
00271552
00271575
00271610
00271696
00271947
00272015
00272050
00272059
00272061
00272066
00272071
00272095
00272098
00272125
00272148
00272178
00272233
00272313
00272334
00272382
00272389
00272422
00272429
00272434
00272444
00272497
00272510
00272521
00272529
00272535
00272543
00272548
00272551
00272557
00272559
00272562
00272564
00272571
00272578
00272587
00272590
00272593
00272599
00272606
00272608
00272612
00272615
00272619
00272627
00272631
00272635
00272637
00272639
00272659
00272668
00272672
00272682
00272721
00272748
00272750
00272753
00272762
00272766
00272769
00272771
00272777
00272781
00272786
00272796
00272800
00272808
00272817
00272825
00272832
00272839
00272844
00272852
00272856
00272864
00272874
00272881
00272887
00272892
00272894
00272897
00272902
00272905
00272914
00272930
00272941
00272947
00273039
00273044
00273112
00273124
00273159
00273161
00273176
00273198
00273203
00273210
00273215
00273218
00273232
00273243
00273253
00273328
00273332
00273412
00273467
00273517
00273582
00273618
00273669
00273674
00273688
00273714
00273740
00273765
00273793
00273851
00273907
00274026
00274058
00274155
00274171
00274257
00274277
00274296
00274376
00274420
00274436
00274442
00274444
00274454
00274459
00274465
00274472
00274476
00274479
00274485
00274491
00274493
00274496
00274504
00274514
00274543
00274547
00274560
00274565
00274610
00274627
00274669
00274684
00274699
00274790
00274810
00274876
00274889
00274895
00274909
00275025
00275034
00275108
00275145
00275154
00275158
00275162
00275178
00275200
00275381
00275398
00275409
00275411
00275418
00275420
00275422
00275425
00275427
00275429
00275442
00275448
00275493
00275507
00275584
00275604
00275611
00275665
00275691
00275811
00275889
00275984
00276008
00276026
00276088
00276098
00276103
00276105
00276108
00276110
00276112
00276147
00276152
00276160
00276169
00276227
00276244
00276263
00276302
00276353
00276376
00276385
00276461
00276615
00276624
00276635
00276679
00276719
00276752
00276769
00276863
00276904
00277015
00277057
00277087
00277197
00277244
00277246
00277259
00277273
00277276
00277288
00277338
00277413
00277476
00277479
00277498
00277502
00277511
00277515
00277523
00277529
00277595
00277709
00277777
00277853
00277855
00277859
00277862
00277864
00277888
00277896
00277904
00277907
00278029
00278062
00278094
00278102
00278136
00278169
00278223
00278234
00278295
00278319
00278368
00278400
00278440
00278451
00278514
00278553
00278669
00278702
00278826
00278891
00278959
00278992
00279045
00279061
00279069
00279081
00279117
00279140
00279149
00279153
00279218
00279290
00279308
00279328
00279339
00279438
00279479
00279489
00279491
00279514
00279546
00279559
00279637
00279639
00279646
00279672
00279694
00279747
00279776
00279791
00279793
00279795
00279798
00279800
00279802
00279804
00279807
00279827
00279898
00279917
00279946
00279960
00279981
00279991
00279996
00280049
00280075
00280081
00280083
00280088
00280097
00280101
00280113
00280123
00280134
00280144
00280152
00280160
00280174
00280186
00280216
00280224
00280243
00280253
00280272
00280292
00280345
00280348
00280371
00280374
00280377
00280388
00280401
00280417
00280425
00280428
00280430
00280435
00280472
00280481
00280502
00280513
00280518
00280522
00280534
00280539
00280545
00280547
00280553
00280572
00280604
00280611
00280644
00280739
00280744
00280762
00280780
00280874
00280908
00280928
00280931
00280935
00280955
00280974
00281043
00281102
00281150
00281169
00281212
00281258
00281288
00281301
00281304
00281326
00281333
00281340
00281349
00281360
00281410
00281465
00281512
00281530
00281705
00281733
00281799
00281810
00281821
00281835
00281848
00281861
00281863
00281868
00281873
00281911
00281950
00281961
00281988
00281996
00282008
00282045
00282105
00282111
00282139
00282149
00282153
00282164
00282166
00282175
00282181
00282226
00282231
00282279
00282292
00282307
00282314
00282446
00282497
00282544
00282589
00282642
00282663
00282688
00282759
00282814
00282903
00282925
00282983
00283113
00283174
00283378
00283418
00283498
00283511
00283660
00283703
00283715
00283799
00283856
00283882
00283907
00283952
00283976
00283988
00283998
00284003
00284024
00284056
00284085
00284109
00284150
00284157
00284164
00284175
00284186
00284192
00284215
00284218
00284228
00284235
00284241
00284243
00284245
00284252
00284270
00284284
00284287
00284303
00284333
00284342
00284371
00284376
00284393
00284405
00284418
00284427
00284502
00284574
00284585
00284630
00284646
00284650
00284687
00284764
00284814
00284816
00284818
00284820
00284823
00284831
00284834
00284836
00284838
00284840
00284842
00284844
00284846
00284852
00284855
00284859
00284862
00284864
00284866
00284868
00284907
00284909
00284918
00284920
00284923
00284941
00285051
00285056
00285060
00285069
00285076
00285154
00285181
00285227
00285233
00285279
00285305
00285310
00285314
00285349
00285383
00285391
00285409
00285487
00285590
00285641
00285648
00285657
00285662
00285666
00285705
00285718
00285728
00285735
00285741
00285747
00285750
00285753
00285764
00285767
00285773
00285781
00285787
00285790
00285798
00285802
00285810
00285865
00285959
00285966
00285974
00286038
00286045
00286059
00286084
00286126
00286240
00286303
00286306
00286310
00286314
00286326
00286349
00286357
00286379
00286385
00286394
00286410
00286415
00286432
00286442
00286561
00287104
00287142
00287160
00287172
00287211
00287307
00287317
00287380
00287483
00287559
00287581
00287588
00287590
00287619
00287657
00287689
00287788
00287806
00287816
00287828
00287859
00287958
00287965
00287982
00287987
00288022
00288070
00288106
00288277
00288355
00288373
00288376
00288422
00288520
00288530
00288532
00288536
00288562
00288564
00288568
00288575
00288681
00288729
00288797
00288822
00288875
00288877
00288912
00288914
00288918
00289013
00289029
00289118
00289135
00289162
00289310
00289413
00289500
00289506
00289532
00289545
00289552
00289605
00289747
00289784
00289799
00289915
00289917
00289934
00289987
00289999
00290027
00290031
00290043
00290134
00290168
00290196
00290221
00290245
00290258
00290260
00290283
00290285
00290363
00290381
00290416
00290467
00290474
00290485
00290489
00290563
00290592
00290598
00290607
00290617
00290676
00290706
00290710
00290725
00290776
00290809
00290811
00290851
00290874
00290945
00291078
00291082
00291107
00291129
00291140
00291219
00291256
00291260
00291302
00291410
00291441
00291483
00291540
00291564
00291580
00291707
00291727
00291774
00291800
00291831
00292017
00292022
00292034
00292071
00292117
00292183
00292191
00292207
00292211
00292219
00292223
00292225
00292248
00292281
00292391
00292464
00292492
00292531
00292546
00292639
00292704
00292721
00292807
00292811
00292920
00292948
00292977
00293072
00293146
00293285
00293324
00293386
00293453
00293455
00293466
00293473
00293493
00293607
00293678
00293714
00293782
00293792
00293821
00293834
00293855
00293932
00294013
00294027
00294054
00294068
00294147
00294160
00294171
00294189
00294213
00294221
00294225
00294260
00294267
00294284
00294340
00294353
00294362
00294396
00294501
00294586
00294604
00294703
00294789
00294801
00294867
00294885
00294917
00295052
00295078
00295097
00295105
00295165
00295236
00295251
00295360
00295437
00295477
00295524
00295685
00295702
00295723
00295725
00295742
00295747
00295830
00295909
00295916
00295964
00295967
00295977
00295992
00295994
00296018
00296025
00296049
00296088
00296098
00296118
00296130
00296132
00296135
00296139
00296150
00296154
00296170
00296189
00296383
00296486
00296500
00296572
00296580
00296643
00296736
00296786
00296788
00296838
00296871
00296893
00296922
00296924
00296929
00296931
00296934
00296943
00296953
00297001
00297011
00297188
00297206
00297241
00297246
00297264
00297267
00297271
00297295
00297320
00297324
00297332
00297336
00297342
00297345
00297392
00297412
00297414
00297419
00297449
00297452
00297461
00297504
00297663
00297710
00297763
00297783
00297835
00297894
00297904
00297906
00297909
00297925
00297937
00297976
00297990
00297997
00298028
00298036
00298039
00298067
00298070
00298103
00298148
00298311
00298325
00298444
00298469
00298481
00298557
00298592
00298605
00298622
00298772
00298776
00298820
00298883
00298887
00298913
00298920
00298930
00298937
00298958
00298972
00299007
00299009
00299043
00299053
00299056
00299065
00299118
00299147
00299193
00299223
00299290
00299308
00299323
00299361
00299422
00299432
00299475
00299541
00299627
00299688
00299703
00299713
00299733
00299782
00299854
00299871
00299910
00299918
00299939
00299941
00299969
00299971
00299973
00299984
00299987
00299996
00300036
00300112
00300193
00300208
00300248
00300431
00300439
00300464
00300477
00300498
00300508
00300516
00300539
00300598
00300609
00300619
00300629
00300644
00300653
00300679
00300750
00300792
00300796
00300824
00300838
00300928
00300951
00300980
00301016
00301060
00301091
00301156
00301221
00301309
00301320
00301324
00301327
00301331
00301348
00301354
00301397
00301410
00301416
00301432
00301479
00301505
00301514
00301516
00301518
00301547
00301561
00301573
00301626
00301691
00301744
00301839
00301873
00301888
00301926
00301977
00301987
00302013
00302045
00302049
00302110
00302163
00302179
00302189
00302224
00302238
00302246
00302261
00302272
00302306
00302342
00302362
00302469
00302505
00302512
00302530
00302534
00302564
00302580
00302663
00302855
00302882
00302890
00302901
00302913
00302918
00303056
00303141
00303203
00303231
00303246
00303252
00303257
00303304
00303324
00303495
00303550
00303555
00303559
00303572
00303631
00303642
00303683
00303723
00303755
00303860
00303867
00303880
00303945
00303981
00304049
00304091
00304100
00304170
00304187
00304204
00304259
00304282
00304323
00304370
00304517
00304582
00304666
00304695
00304725
00304767
00304769
00304836
00304849
00304867
00304869
00305033
00305043
00305079
00305106
00305165
00305219
00305237
00305258
00305275
00305322
00305342
00305413
00305421
00305423
00305441
00305458
00305472
00305486
00305516
00305538
00305554
00305569
00305643
00305647
00305735
00305778
00305792
00305890
00305900
00305902
00305909
00305993
00306060
00306075
00306122
00306136
00306181
00306183
00306229
00306259
00306287
00306309
00306360
00306371
00306395
00306402
00306451
00306478
00306485
00306487
00306494
00306503
00306506
00306515
00306522
00306530
00306533
00306539
00306544
00306547
00306551
00306556
00306566
00306574
00306584
00306587
00306631
00306645
00306649
00306652
00306655
00306711
00306713
00306813
00306840
00306870
00306894
00306988
00307001
00307014
00307018
00307020
00307023
00307025
00307118
00307142
00307149
00307153
00307161
00307165
00307216
00307225
00307227
00307232
00307234
00307236
00307239
00307243
00307246
00307250
00307252
00307254
00307256
00307260
00307264
00307267
00307273
00307277
00307279
00307289
00307295
00307303
00307310
00307326
00307328
00307331
00307333
00307338
00307347
00307445
00307463
00307482
00307650
00307655
00307658
00307667
00307669
00307676
00307682
00307684
00307688
00307690
00307693
00307697
00307703
00307711
00307716
00307719
00307726
00307730
00307739
00307743
00307749
00307768
00307780
00307783
00307811
00307817
00307819
00307821
00307829
00307831
00307835
00307846
00307861
00307865
00307874
00307879
00307885
00307889
00307915
00307929
00307953
00308007
00308077
00308113
00308138
00308146
00308159
00308185
00308188
00308207
00308216
00308242
00308251
00308258
00308262
00308268
00308270
00308285
00308293
00308297
00308307
00308310
00308315
00308354
00308403
00308409
00308415
00308417
00308420
00308425
00308439
00308453
00308455
00308460
00308468
00308492
00308510
00308520
00308536
00308550
00308575
00308577
00308579
00308607
00308662
00308708
00308761
00308763
00308780
00308818
00308825
00308835
00308886
00308914
00308922
00309060
00309074
00309093
00309107
00309123
00309152
00309178
00309207
00309223
00309237
00309268
00309278
00309281
00309283
00309326
00309411
00309421
00309509
00309515
00309521
00309530
00309540
00309554
00309603
00309653
00309676
00309716
00309719
00309731
00309757
00309795
00309886
00309952
00309964
00309973
00309997
00310052
00310113
00310163
00310184
00310226
00310252
00310258
00310291
00310306
00310346
00310511
00310552
00310574
00310577
00310595
00310638
00310674
00310744
00310823
00310841
00310849
00310855
00310882
00310896
00310898
00310953
00310969
00311003
00311010
00311064
00311068
00311072
00311108
00311122
00311129
00311158
00311165
00311178
00311238
00311288
00311314
00311389
00311405
00311411
00311423
00311436
00311457
00311468
00311478
00311487
00311560
00311641
00311960
00312007
00312051
00312109
00312117
00312123
00312188
00312239
00312241
00312298
00312334
00312350
00312355
00312370
00312374
00312427
00312433
00312517
00312538
00312650
00312662
00312665
00312707
00312714
00312725
00312729
00312731
00312734
00312740
00312761
00312815
00312870
00312940
00312953
00312961
00312982
00312984
00313006
00313011
00313014
00313032
00313099
00313107
00313114
00313118
00313129
00313188
00313252
00313308
00313311
00313323
00313330
00313337
00313347
00313353
00313358
00313366
00313375
00313386
00313403
00313405
00313408
00313414
00313423
00313452
00313462
00313471
00313477
00313490
00313492
00313497
00313503
00313510
00313517
00313520
00313529
00313535
00313544
00313559
00313574
00313583
00313591
00313599
00313610
00313617
00313623
00313629
00313646
00313693
00313817
00313871
00313886
00313937
00313942
00313959
00313981
00313986
00314004
00314009
00314012
00314020
00314022
00314037
00314044
00314147
00314211
00314263
00314288
00314349
00314431
00314488
00314557
00314581
00314611
00314632
00314766
00314780
00314782
00314787
00314790
00314825
00314892
00314923
00314927
00315036
00315188
00315204
00315287
00315293
00315338
00315341
00315385
00315542
00315591
00315793
00315832
00315860
00316021
00316054
00316062
00316206
00316284
00316337
00316375
00316443
00316466
00316468
00316470
00316582
00316606
00316615
00316726
00316820
00316845
00316861
00316890
00316903
00316985
00317071
00317114
00317154
00317163
00317165
00317174
00317187
00317196
00317201
00317314
00317371
00317377
00317461
00317489
00317526
00317579
00317616
00317630
00317640
00317677
00317684
00317692
00317722
00317727
00317737
00317754
00317771
00317787
00317804
00317824
00317830
00317847
00317909
00318021
00318077
00318109
00318111
00318204
00318452
00318475
00318509
00318601
00318604
00318608
00318629
00318657
00318729
00318743
00318768
00318791
00318916
00318976
00319045
00319073
00319076
00319093
00319143
00319177
00319300
00319303
00319318
00319322
00319327
00319335
00319342
00319351
00319354
00319372
00319374
00319388
00319401
00319413
00319424
00319441
00319457
00319464
00319467
00319505
00319508
00319525
00319539
00319561
00319566
00319570
00319583
00319590
00319605
00319656
00319676
00319696
00319717
00319725
00319739
00319744
00319747
00319761
00319763
00319771
00319783
00319799
00319808
00319817
00319877
00319891
00319906
00319957
00319973
00319981
00320008
00320037
00320112
00320164
00320198
00320211
00320223
00320241
00320299
00320362
00320387
00320409
00320429
00320450
00320493
00320569
00320613
00320703
00320773
00320780
00320787
00320789
00320801
00320803
00320806
00320820
00320822
00320826
00320879
00320921
00320938
00320974
00321025
00321028
00321031
00321036
00321044
00321056
00321063
00321068
00321076
00321081
00321086
00321093
00321098
00321120
00321171
00321173
00321176
00321178
00321196
00321237
00321270
00321285
00321304
00321335
00321349
00321365
00321373
00321375
00321388
00321408
00321417
00321439
00321447
00321477
00321479
00321491
00321493
00321500
00321505
00321510
00321514
00321524
00321535
00321550
00321554
00321563
00321575
00321579
00321583
00321587
00321661
00321719
00321787
00321828
00321857
00321867
00321873
00321884
00321896
00321931
00322014
00322022
00322034
00322037
00322040
00322078
00322081
00322083
00322089
00322137
00322186
00322278
00322290
00322302
00322304
00322312
00322347
00322359
00322390
00322481
00322514
00322527
00322570
00322613
00322640
00322815
00322825
00322843
00322853
00322860
00322885
00322905
00322919
00323019
00323025
00323032
00323040
00323071
00323076
00323165
00323184
00323189
00323193
00323195
00323254
00323260
00323263
00323297
00323311
00323317
00323357
00323360
00323362
00323385
00323395
00323400
00323416
00323436
00323507
00323513
00323521
00323525
00323536
00323541
00323546
00323549
00323584
00323594
00323611
00323832
00323860
00323887
00323920
00323925
00323930
00323942
00324001
00324041
00324072
00324154
00324214
00324226
00324267
00324454
00324458
00324463
00324501
00324550
00324681
00324703
00324747
00324779
00324850
00324874
00324904
00324972
00325147
00325239
00325336
00325364
00325441
00325513
00325531
00325658
00325672
00325721
00325741
00325770
00325798
00325850
00325854
00325859
00325920
00325948
00326006
00326032
00326143
00326171
00326313
00326351
00326356
00326360
00326419
00326437
00326505
00326515
00326517
00326537
00326637
00326650
00326720
00326745
00326756
00326855
00326871
00326927
00326961
00326986
00327210
00327326
00327344
00327421
00327434
00327436
00327438
00327502
00327528
00327540
00327549
00327554
00327669
00327672
00327682
00327687
00327709
00327713
00327726
00327729
00327734
00327811
00327859
00327891
00327907
00327970
00327990
00328041
00328052
00328070
00328074
00328108
00328167
00328170
00328231
00328271
00328348
00328356
00328397
00328429
00328483
00328556
00328591
00328624
00328654
00328682
00328704
00328733
00328746
00328826
00328920
00329107
00329172
00329194
00329241
00329253
00329277
00329284
00329286
00329288
00329291
00329340
00329358
00329420
00329444
00329535
00329712
00329756
00329819
00329976
00330054
00330071
00330075
00330213
00330249
00330275
00330303
00330330
00330343
00330416
00330473
00330561
00330630
00330756
00330772
00330796
00330812
00330837
00330840
00330848
00330884
00330910
00330913
00330972
00330988
00331000
00331007
00331037
00331060
00331114
00331120
00331168
00331185
00331237
00331268
00331290
00331527
00331540
00331568
00331586
00331686
00331729
00331743
00331897
00331915
00331965
00332070
00332139
00332164
00332166
00332168
00332170
00332173
00332230
00332269
00332310
00332353
00332390
00332413
00332421
00332433
00332452
00332514
00332534
00332536
00332546
00332550
00332557
00332758
00332836
00332848
00332875
00332878
00333015
00333058
00333066
00333099
00333149
00333167
00333426
00333434
00333474
00333478
00333487
00333491
00333494
00333515
00333519
00333542
00333576
00333667
00333739
00333766
00333801
00333807
00333872
00334025
00334046
00334095
00334180
00334212
00334230
00334294
00334359
00334393
00334445
00334488
00334597
00334599
00334601
00334604
00334765
00334789
00334843
00335020
00335022
00335139
00335143
00335157
00335177
00335192
00335226
00335272
00335300
00335302
00335304
00335436
00335446
00335480
00335531
00335534
00335621
00335704
00335763
00335790
00335890
00335895
00335897
00335953
00335966
00335974
00335977
00335983
00336006
00336012
00336024
00336081
00336206
00336324
00336336
00336359
00336371
00336404
00336411
00336430
00336447
00336454
00336461
00336469
00336501
00336568
00336604
00336658
00336677
00336723
00336760
00336789
00336799
00336823
00336826
00336832
00336834
00336874
00336913
00336987
00337029
00337033
00337098
00337202
00337259
00337326
00337350
00337463
00337574
00337620
00337641
00337657
00337754
00337931
00337966
00337989
00338020
00338033
00338082
00338101
00338140
00338186
00338215
00338275
00338368
00338426
00338446
00338451
00338476
00338626
00338641
00338672
00338681
00338822
00338860
00338862
00338871
00338935
00339029
00339083
00339181
00339206
00339259
00339340
00339450
00339459
00339488
00339527
00339531
00339537
00339662
00339682
00339692
00339694
00339735
00339788
00339792
00339803
00339829
00339860
00339862
00339872
00339876
00339898
00339951
00340066
00340158
00340167
00340169
00340173
00340176
00340182
00340244
00340274
00340280
00340309
00340368
00340415
00340495
00340598
00340609
00340636
00340653
00340708
00340764
00340796
00340842
00340907
00341207
00341209
00341224
00341239
00341305
00341314
00341316
00341320
00341412
00341465
00341520
00341578
00341603
00341645
00341695
00341729
00341767
00341816
00341913
00341953
00342001
00342016
00342143
00342219
00342267
00342284
00342293
00342296
00342315
00342376
00342669
00342685
00342688
00342690
00342693
00342735
00342741
00342752
00342763
00342773
00342825
00342829
00342831
00342839
00342846
00342851
00342882
00342884
00342893
00342899
00342934
00342939
00342941
00342943
00342950
00342952
00342958
00342963
00342965
00342971
00342974
00342977
00342980
00342985
00342987
00342991
00343002
00343004
00343006
00343011
00343014
00343024
00343059
00343070
00343076
00343103
00343197
00343199
00343239
00343293
00343337
00343339
00343349
00343398
00343414
00343632
00343746
00343843
00343893
00343981
00343995
00344012
00344024
00344026
00344066
00344187
00344194
00344245
00344289
00344344
00344415
00344461
00344513
00344562
00344623
00344673
00344754
00344809
00344857
00344929
00344957
00344987
00344990
00344994
00345015
00345065
00345101
00345105
00345107
00345114
00345140
00345190
00345194
00345221
00345226
00345232
00345234
00345293
00345393
00345396
00345399
00345403
00345478
00345484
00345508
00345686
00345740
00345901
00345966
00346028
00346063
00346135
00346175
00346257
00346281
00346295
00346335
00346422
00346444
00346519
00346549
00346611
00346615
00346709
00346805
00346811
00346879
00347011
00347107
00347127
00347146
00347201
00347256
00347279
00347341
00347375
00347386
00347437
00347484
00347517
00347538
00347573
00347585
00347619
00347630
00347665
00347716
00347738
00347994
00347996
00348056
00348115
00348124
00348210
00348314
00348379
00348591
00348601
00348603
00348612
00348772
00348790
00348822
00348834
00348907
00348912
00348989
00349029
00349036
00349043
00349051
00349119
00349123
00349144
00349236
00349320
00349333
00349451
00349592
00349709
00349840
00349861
00349895
00349912
00349921
00349926
00349934
00349948
00349959
00349962
00349972
00349977
00349982
00350043
00350089
00350123
00350157
00350226
00350242
00350273
00350299
00350305
00350412
00350450
00350517
00350524
00350546
00350584
00350591
00350652
00350695
00350793
00350818
00350891
00350950
00350969
00351000
00351020
00351044
00351067
00351228
00351286
00351289
00351311
00351313
00351387
00351399
00351405
00351409
00351414
00351453
00351466
00351493
00351523
00351527
00351573
00351575
00351594
00351655
00351673
00351685
00351741
00351786
00351854
00351857
00351859
00351863
00351865
00351868
00351873
00351932
00351936
00351944
00352033
00352048
00352073
00352088
00352101
00352134
00352141
00352153
00352158
00352163
00352172
00352174
00352181
00352186
00352197
00352211
00352332
00352334
00352340
00352368
00352400
00352412
00352447
00352460
00352544
00352546
00352565
00352579
00352603
00352615
00352624
00352635
00352641
00352663
00352683
00352708
00352765
00352801
00352863
00352930
00352957
00353043
00353174
00353191
00353193
00353293
00353427
00353445
00353451
00353547
00353551
00353562
00353564
00353590
00353593
00353595
00353598
00353600
00353602
00353604
00353606
00353608
00353610
00353613
00353615
00353617
00353620
00353622
00353631
00353634
00353636
00353640
00353643
00353649
00353651
00353658
00353665
00353667
00353672
00353676
00353681
00353685
00353690
00353693
00353696
00353705
00353715
00353720
00353769
00353865
00353878
00353892
00353900
00353908
00353939
00353953
00353961
00353993
00354018
00354048
00354117
00354128
00354130
00354374
00354431
00354482
00354548
00354746
00354754
00354780
00354823
00354841
00354863
00354900
00354905
00354978
00355148
00355150
00355152
00355156
00355160
00355183
00355226
00355228
00355240
00355296
00355430
00355499
00355525
00355527
00355735
00355758
00355850
00355859
00356025
00356119
00356123
00356127
00356180
00356197
00356236
00356253
00356319
00356330
00356343
00356347
00356358
00356361
00356417
00356420
00356424
00356427
00356439
00356443
00356473
00356484
00356490
00356514
00356571
00356580
00356595
00356637
00356646
00356648
00356659
00356662
00356667
00356671
00356675
00356729
00356732
00356803
00356890
00356892
00356904
00356918
00356923
00356928
00356932
00356962
00356970
00356973
00356975
00356999
00357030
00357045
00357100
00357136
00357181
00357213
00357287
00357381
00357394
00357504
00357526
00357530
00357534
00357539
00357543
00357557
00357728
00357866
00357967
00357975
00358134
00358261
00358269
00358288
00358331
00358336
00358367
00358501
00358548
00358570
00358591
00358607
00358633
00358725
00358850
00358978
00359009
00359039
00359089
00359096
00359100
00359103
00359106
00359108
00359111
00359113
00359118
00359123
00359125
00359136
00359140
00359143
00359145
00359147
00359154
00359166
00359177
00359179
00359187
00359190
00359199
00359290
00359302
00359413
00359419
00359423
00359426
00359429
00359438
00359447
00359458
00359474
00359482
00359485
00359599
00359689
00359691
00359693
00359695
00359697
00359700
00359723
00359728
00359737
00359783
00359806
00359810
00359824
00359826
00359833
00359837
00359840
00359844
00359848
00359850
00359855
00359858
00359864
00359868
00359871
00359875
00359879
00359885
00359888
00359891
00359895
00359897
00359901
00359913
00359919
00359955
00359967
00359969
00359993
00360097
00360100
00360145
00360191
00360335
00360341
00360369
00360406
00360414
00360456
00360459
00360490
00360573
00360593
00360599
00360620
00360626
00360697
00360741
00360780
00360785
00360788
00360810
00360899
00360922
00361029
00361070
00361112
00361128
00361162
00361238
00361277
00361285
00361293
00361314
00361348
00361350
00361359
00361367
00361376
00361378
00361384
00361386
00361390
00361392
00361421
00361426
00361511
00361536
00361538
00361540
00361545
00361547
00361549
00361571
00361579
00361581
00361583
00361585
00361587
00361652
00361680
00361740
00361784
00361845
00361881
00361891
00361893
00361896
00361898
00361925
00361953
00361971
00361999
00362061
00362077
00362127
00362231
00362239
00362253
00362303
00362336
00362367
00362384
00362517
00362523
00362608
00362719
00362767
00362784
00362921
00362943
00362992
00363043
00363095
00363106
00363154
00363235
00363304
00363356
00363360
00363394
00363708
00363742
00363756
00363800
00363846
00364093
00364205
00364207
00364210
00364218
00364225
00364244
00364287
00364340
00364392
00364425
00364455
00364489
00364493
00364495
00364541
00364679
00364713
00364737
00364765
00364796
00364874
00365054
00365105
00365153
00365218
00365222
00365231
00365308
00365348
00365452
00365465
00365470
00365481
00365496
00365503
00365507
00365538
00365586
00365592
00365616
00365626
00365644
00365673
00365773
00366099
00366119
00366184
00366207
00366230
00366232
00366236
00366263
00366303
00366324
00366329
00366336
00366338
00366342
00366363
00366378
00366459
00366465
00366467
00366477
00366486
00366495
00366524
00366528
00366538
00366655
00366667
00366678
00366735
00366821
00366913
00366998
00367018
00367026
00367034
00367049
00367052
00367062
00367070
00367074
00367079
00367082
00367193
00367212
00367239
00367353
00367396
00367407
00367409
00367415
00367485
00367758
00367832
00367892
00367917
00367922
00367964
00367979
00367981
00368021
00368073
00368120
00368143
00368204
00368208
00368400
00368444
00368482
00368489
00368604
00368647
00368721
00368735
00368757
00368759
00368768
00368775
00368787
00368793
00368797
00368935
00368937
00368977
00368999
00369001
00369020
00369029
00369038
00369079
00369087
00369102
00369200
00369242
00369279
00369458
00369491
00369539
00369683
00369810
00369858
00369868
00369886
00369926
00369960
00370000
00370068
00370261
00370341
00370347
00370478
00370496
00370661
00370681
00370702
00370760
00370798
00370806
00370823
00370959
00370970
00371005
00371010
00371063
00371080
00371297
00371346
00371422
00371444
00371464
00371496
00371511
00371539
00371541
00371543
00371554
00371568
00371570
00371590
00371595
00371597
00371599
00371615
00371626
00371653
00371669
00371733
00371737
00371783
00371932
00372054
00372104
00372279
00372294
00372347
00372356
00372426
00372497
00372717
00372792
00372855
00372861
00372881
00372889
00372973
00372980
00372986
00373080
00373113
00373115
00373157
00373161
00373166
00373172
00373193
00373204
00373216
00373272
00373312
00373335
00373337
00373363
00373394
00373413
00373457
00373492
00373504
00373543
00373552
00373602
00373688
00373690
00373725
00373727
00373729
00374173
00374202
00374251
00374285
00374299
00374389
00374497
00374499
00374540
00374555
00374624
00374749
00374813
00374850
00374910
00374997
00375103
00375113
00375258
00375302
00375341
00375344
00375354
00375441
00375484
00375513
00375557
00375590
00375612
00375638
00375685
00375698
00375705
00375709
00375722
00375772
00375776
00375783
00375786
00375801
00375804
00375866
00375891
00375903
00375944
00375967
00375996
00375998
00376076
00376146
00376232
00377488
00377580
00377596
00377644
00377695
00377727
00377870
00378029
00378098
00378289
00378302
00378347
00378355
00378359
00378363
00378378
00378381
00378387
00378390
00378407
00378409
00378412
00378422
00378452
00378470
00378483
00378629
00378783
00378798
00378816
00378825
00378907
00378961
00379076
00379122
00379131
00379194
00379197
00379252
00379361
00379364
00379422
00379575
00379741
00379763
00379782
00379805
00379818
00379842
00379849
00379863
00379946
00380053
00380055
00380057
00380059
00380070
00380463
00380497
00380499
00380501
00380582
00380588
00380591
00380616
00380648
00380790
00380802
00380941
00380944
00380994
00381029
00381068
00381075
00381089
00381125
00381145
00381230
00381246
00381291
00381622
00381638
00381666
00381678
00381762
00381891
00381922
00381951
00381956
00381966
00381981
00382002
00382061
00382085
00382138
00382145
00382259
00382307
00382403
00382406
00382416
00382418
00382425
00382430
00382435
00382437
00382446
00382451
00382465
00382477
00382548
00382683
00382693
00382716
00382739
00382741
00382755
00382768
00382821
00382836
00382840
00382842
00382938
00382958
00382965
00383614
00383617
00383720
00383764
00383768
00383787
00383874
00383934
00383936
00384007
00384054
00384123
00384129
00384134
00384154
00384192
00384338
00384417
00384430
00384512
00384534
00384547
00384567
00384586
00384590
00384612
00384640
00384645
00384647
00384664
00384667
00384730
00384768
00384960
00385003
00385114
00385139
00385141
00385153
00385155
00385177
00385263
00385270
00385274
00385285
00385289
00385337
00385370
00385394
00385403
00385424
00385438
00385452
00385470
00385531
00385542
00385599
00385657
00385692
00385699
00385798
00385901
00385921
00385931
00386028
00386103
00386197
00386261
00386283
00386287
00386363
00386518
00386524
00386528
00386555
00386566
00386587
00386688
00386693
00386696
00386801
00386817
00386822
00386837
00386842
00386872
00386886
00386925
00386972
00387023
00387035
00387063
00387080
00387174
00387176
00387186
00387190
00387194
00387211
00387294
00387302
00387318
00387359
00387361
00387611
00387616
00387618
00387641
00387657
00387682
00387766
00387768
00387906
00388027
00388122
00388157
00388326
00388346
00388351
00388379
00388661
00388705
00388714
00388719
00388737
00388798
00388831
00388852
00388855
00388857
00388863
00388956
00388966
00389050
00389121
00389166
00389221
00389333
00389341
00389347
00389357
00389359
00389367
00389373
00389385
00389387
00389392
00389394
00389420
00389468
00389487
00389553
00389576
00389593
00389623
00389722
00389757
00389800
00389930
00389937
00389974
00390055
00390070
00390073
00390077
00390081
00390114
00390117
00390147
00390176
00390240
00390277
00390310
00390321
00390383
00390399
00390418
00390421
00390442
00390527
00390555
00390557
00390570
00390803
00390863
00391003
00391125
00391184
00391276
00391312
00391316
00391348
00391450
00391517
00391608
00391760
00391796
00392010
00392131
00392263
00392332
00392358
00392361
00392373
00392393
00392428
00392433
00392435
00392497
00392577
00392621
00392648
00392677
00392764
00392804
00392898
00393001
00393009
00393038
00393144
00393195
00393290
00393322
00393384
00393389
00393409
00393439
00393763
00393774
00393826
00393940
00393972
00394008
00394058
00394079
00394140
00394180
00394250
00394253
00394417
00394458
00394477
00394492
00394525
00394665
00394678
00394742
00394774
00394801
00394833
00394997
00395032
00395034
00395123
00395128
00395230
00395294
00395296
00395319
00395359
00395389
00395463
00395913
00395924
00395995
00396021
00396055
00396060
00396062
00396065
00396072
00396076
00396099
00396124
00396461
00396499
00396524
00396529
00396598
00396610
00396621
00396629
00396661
00396697
00396755
00396762
00396766
00396773
00396778
00396785
00396790
00396820
00396861
00396919
00396926
00396933
00396942
00397022
00397133
00397265
00397362
00397400
00397422
00397520
00397551
00397624
00397629
00397722
00397759
00397794
00397801
00397825
00397855
00397942
00397966
00398039
00398278
00398358
00398389
00398426
00398592
00398674
00398753
00398786
00398856
00398890
00398968
00398992
00399050
00399104
00399106
00399179
00399194
00399246
00399321
00399423
00399499
00399525
00399574
00399628
00399645
00399669
00399689
00399692
00399697
00399714
00399729
00399800
00399846
00400039
00400049
00400094
00400268
00400285
00400318
00400424
00400488
00400527
00400583
00400664
00400667
00400703
00400991
00401057
00401190
00401255
00401354
00401373
00401378
00401452
00401563
00401597
00401801
00401808
00401828
00401860
00402006
00402013
00402030
00402050
00402103
00402177
00402303
00402327
00402329
00402414
00402615
00402696
00402744
00402804
00402818
00402826
00402830
00402834
00402839
00402843
00402846
00402878
00402894
00402948
00403065
00403073
00403102
00403151
00403163
00403209
00403243
00403340
00403406
00403429
00403528
00403538
00403584
00403808
00403855
00403886
00403941
00404043
00404073
00404154
00404343
00404394
00404523
00404534
00404562
00404570
00404574
00404578
00404628
00404674
00404714
00404759
00404790
00404833
00404870
00404883
00404983
00405043
00405179
00405198
00405224
00405257
00405313
00405376
00405484
00405487
00405515
00405518
00405538
00405634
00405666
00405706
00405728
00405752
00405841
00405845
00405847
00405870
00405892
00405894
00406035
00406041
00406171
00406210
00406337
00406394
00406547
00406636
00406674
00406689
00406711
00406763
00406795
00406839
00406880
00406924
00406971
00407169
00407172
00407185
00407196
00407200
00407335
00407362
00407426
00407482
00407545
00407641
00407685
00407824
00407903
00408031
00408036
00408166
00408264
00408267
00408298
00408337
00408339
00408502
00408546
00408573
00408579
00408581
00408593
00408763
00408805
00409004
00409111
00409126
00409373
00409425
00409465
00409474
00409557
00409580
00409635
00409680
00409707
00409724
00409756
00409821
00409841
00409927
00409943
00409975
00409980
00409987
00409997
00410032
00410063
00410088
00410115
00410131
00410164
00410263
00410276
00410311
00410435
00410466
00410474
00410530
00410561
00410583
00410605
00410643
00410743
00410758
00410829
00410885
00410921
00410962
00411040
00411068
00411070
00411077
00411094
00411102
00411151
00411198
00411229
00411244
00411293
00411300
00411423
00411448
00411502
00411521
00411573
00411621
00411664
00411670
00411804
00411821
00411846
00411896
00411902
00411907
00411977
00412037
00412280
00412301
00412307
00412321
00412339
00412397
00412414
00412469
00412565
00412576
00412697
00412767
00412814
00412930
00412991
00412993
00413007
00413025
00413038
00413052
00413185
00413478
00413517
00413537
00413580
00413652
00413665
00413671
00413680
00413790
00413842
00414048
00414053
00414073
00414112
00414167
00414273
00414306
00414328
00414357
00414440
00414543
00414661
00414881
00414909
00414957
00414994
00415050
00415307
00415339
00415417
00415472
00415507
00415511
00415550
00415576
00415637
00415668
00415727
00415784
00415811
00415886
00415902
00416112
00416184
00416228
00416275
00416332
00416357
00416399
00416420
00416437
00416590
00416641
00416669
00416673
00416745
00416749
00416775
00416831
00416928
00416969
00417022
00417040
00417124
00417169
00417175
00417182
00417200
00417245
00417436
00417467
00417548
00417577
00417579
00417618
00417687
00417787
00417808
00417848
00417879
00417943
00418044
00418053
00418062
00418066
00418184
00418281
00418414
00418430
00418437
00418471
00418569
00418605
00418636
00418661
00418701
00418706
00418745
00418749
00418754
00418765
00418779
00418788
00418792
00418803
00418809
00418815
00418819
00418821
00418833
00418835
00418845
00418854
00418856
00418860
00418866
00418871
00418876
00418881
00418889
00418895
00418903
00418916
00418960
00418965
00418969
00418976
00418982
00418992
00418999
00419013
00419026
00419034
00419036
00419038
00419042
00419062
00419085
00419104
00419120
00419142
00419154
00419191
00419222
00419256
00419264
00419269
00419273
00419279
00419293
00419331
00419339
00419343
00419345
00419357
00419362
00419370
00419378
00419388
00419393
00419401
00419405
00419409
00419415
00419419
00419424
00419432
00419440
00419578
00419584
00419625
00419634
00419663
00419691
00419704
00419707
00419762
00419769
00419856
00419915
00419934
00419994
00420014
00420019
00420160
00420165
00420197
00420310
00420336
00420348
00420424
00420463
00420531
00420621
00420709
00420714
00420739
00420781
00420898
00420932
00420988
00421082
00421116
00421124
00421218
00421251
00421271
00421280
00421299
00421309
00421323
00421361
00421371
00421431
00421458
00421491
00421528
00421554
00421583
00421593
00421619
00421638
00421663
00421684
00421689
00421700
00421707
00421709
00421711
00421717
00421730
00421747
00421762
00421773
00421786
00421817
00421822
00421826
00421835
00421842
00421858
00421864
00421876
00421891
00421894
00421914
00421917
00421919
00421921
00421924
00421932
00421959
00421970
00421976
00421980
00421996
00422014
00422021
00422059
00422105
00422127
00422133
00422142
00422152
00422171
00422173
00422175
00422181
00422183
00422192
00422195
00422203
00422210
00422213
00422220
00422223
00422243
00422259
00422264
00422277
00422285
00422293
00422296
00422304
00422307
00422319
00422323
00422325
00422336
00422342
00422345
00422348
00422352
00422360
00422378
00422392
00422420
00422432
00422443
00422522
00422559
00422571
00422619
00422635
00422660
00422687
00422816
00422823
00422870
00422894
00422900
00422935
00422954
00422956
00423093
00423208
00423287
00423368
00423429
00423621
00423647
00423698
00423702
00423715
00423718
00423720
00423725
00423728
00423812
00423827
00424102
00424126
00424197
00424252
00424265
00424295
00424333
00424347
00424362
00424369
00424399
00424435
00424445
00424472
00424485
00424495
00424511
00424655
00424678
00424694
00424776
00424778
00424832
00424850
00424891
00424946
00424966
00424977
00424997
00425010
00425080
00425084
00425093
00425117
00425127
00425149
00425157
00425239
00425261
00425269
00425277
00425284
00425384
00425387
00425389
00425406
00425480
00425496
00425500
00425516
00425546
00425574
00425602
00425650
00426033
00426041
00426043
00426054
00426059
00426194
00426201
00426205
00426226
00426291
00426656
00426768
00426773
00426779
00426856
00426906
00426931
00426933
00426940
00426942
00426944
00427017
00427128
00427132
00427141
00427146
00427161
00427212
00427253
00427350
00427402
00427416
00427453
00427459
00427475
00427478
00427485
00427528
00427549
00427564
00427676
00427693
00427704
00427928
00427930
00427960
00428007
00428017
00428031
00428043
00428047
00428058
00428066
00428160
00428241
00428635
00428647
00428681
00428741
00428760
00428821
00428823
00428835
00428858
00428955
00428981
00429028
00429072
00429259
00429426
00429469
00429523
00429552
00429554
00429620
00429652
00429709
00429765
00429850
00430048
00430067
00430151
00430372
00430430
00430442
00430476
00430486
00430507
00430575
00430593
00430710
00430725
00430738
00430748
00430755
00430761
00430791
00430795
00430947
00430950
00430982
00431056
00431131
00431192
00431287
00431349
00431643
00431648
00431687
00431726
00431849
00431937
00431943
00431954
00431961
00431965
00431968
00431974
00431985
00431993
00431995
00432056
00432139
00432170
00432175
00432243
00432265
00432356
00432358
00432376
00432388
00432405
00432544
00432567
00432590
00432607
00432610
00432825
00432857
00432934
00432969
00432990
00433053
00433111
00433233
00433244
00433289
00433332
00433409
00433530
00433569
00433693
00433720
00433724
00433761
00433765
00433767
00433771
00433777
00433836
00433968
00434047
00434085
00434190
00434207
00434250
00434274
00434277
00434356
00434368
00434392
00434438
00434442
00434513
00434522
00434540
00434549
00434584
00434594
00434624
00434816
00434823
00434825
00434846
00434879
00434906
00434921
00434932
00434947
00434949
00434954
00434972
00434977
00435019
00435067
00435077
00435099
00435104
00435136
00435145
00435235
00435397
00435599
00435640
00435647
00435655
00435672
00435767
00435817
00435882
00435892
00435906
00435970
00435974
00436305
00436343
00436464
00436535
00436541
00436558
00436575
00436638
00436659
00436665
00436667
00436676
00436680
00436689
00436692
00436694
00436696
00436701
00436774
00436784
00436793
00436839
00436842
00436888
00436896
00436916
00436954
00436974
00437009
00437014
00437017
00437144
00437155
00437180
00437252
00437272
00437348
00437436
00437475
00437537
00437569
00437578
00437619
00437683
00437739
00437765
00437825
00437832
00437841
00437863
00437890
00437907
00437932
00438002
00438038
00438067
00438098
00438109
00438132
00438221
00438236
00438251
00438345
00438362
00438432
00438474
00438491
00438505
00438628
00438636
00438688
00438710
00438725
00438750
00438764
00438869
00438880
00438893
00438913
00438970
00439003
00439051
00439120
00439250
00439281
00439314
00439339
00439394
00439399
00439523
00439558
00439604
00439632
00439749
00439829
00439835
00439855
00439993
00440002
00440052
00440072
00440112
00440223
00440266
00440269
00440296
00440314
00440347
00440354
00440364
00440368
00440374
00440383
00440392
00440437
00440440
00440456
00440494
00440496
00440520
00440580
00440588
00440595
00440653
00440683
00440698
00440711
00440737
00440752
00440773
00440805
00440807
00440923
00440988
00441004
00441097
00441378
00441399
00441442
00441492
00441539
00441627
00441707
00441722
00441744
00441805
00441890
00441956
00442096
00442175
00442191
00442207
00442246
00442331
00442365
00442435
00442456
00442469
00442476
00442491
00442559
00442578
00442582
00442643
00442658
00442660
00442670
00442705
00442764
00442809
00442817
00442820
00442868
00442899
00442904
00442936
00443073
00443125
00443153
00443177
00443184
00443188
00443195
00443203
00443223
00443254
00443372
00443397
00443401
00443408
00443410
00443465
00443502
00443529
00443583
00443586
00443600
00443671
00443994
00443997
00444020
00444211
00444285
00444397
00444399
00444433
00444533
00444552
00444576
00444604
00444630
00444660
00444667
00444670
00444677
00444792
00444942
00444976
00444979
00445022
00445032
00445041
00445065
00445144
00445164
00445269
00445342
00445378
00445423
00445448
00445456
00445585
00445633
00445754
00445770
00445845
00445874
00445965
00446097
00446149
00446185
00446323
00446487
00446499
00446565
00446567
00446575
00446588
00446619
00446641
00446657
00446666
00446669
00446745
00446806
00446813
00446970
00446989
00447100
00447370
00447455
00447615
00447640
00447644
00447647
00447685
00447692
00447708
00447735
00447743
00447787
00447794
00447808
00447813
00447828
00447835
00447844
00447852
00447875
00447887
00447891
00447910
00448005
00448065
00448085
00448107
00448181
00448256
00448265
00448302
00448361
00448403
00448420
00448468
00448479
00448513
00448568
00448642
00448651
00448669
00448738
00448798
00448843
00448861
00448879
00448912
00448931
00448973
00449080
00449103
00449240
00449521
00449526
00449703
00449772
00449918
00449946
00450054
00450068
00450074
00450124
00450198
00450548
00450583
00450620
00450650
00450662
00450664
00450670
00450685
00450707
00450865
00451109
00451243
00451280
00451288
00451407
00451543
00451560
00451627
00451732
00451808
00451998
00452006
00452047
00452152
00452217
00452423
00452448
00452542
00452589
00452599
00452635
00452697
00452741
00452831
00452847
00452961
00452965
00453076
00453099
00453186
00453297
00453324
00453336
00453355
00453529
00453677
00453793
00453919
00453923
00453961
00453969
00454014
00454024
00454049
00454082
00454272
00454365
00454473
00454495
00454526
00454546
00454581
00454634
00454637
00454649
00454685
00454689
00454693
00454735
00454750
00454802
00454808
00454830
00454884
00454937
00454964
00454980
00455052
00455176
00455194
00455237
00455288
00455384
00455423
00455436
00455439
00455442
00455453
00455457
00455470
00455516
00455559
00455570
00455579
00455593
00455643
00455650
00455693
00455753
00455828
00455945
00456028
00456071
00456111
00456161
00456285
00456287
00456294
00456309
00456363
00456445
00456447
00456452
00456484
00456494
00456541
00456543
00456545
00456574
00456576
00456585
00456596
00456601
00456616
00456675
00456706
00456727
00456769
00456870
00456882
00456946
00456982
00457175
00457179
00457227
00457338
00457381
00457490
00457557
00457560
00457565
00457577
00457580
00457585
00457605
00457622
00457630
00457640
00457817
00457866
00457892
00457897
00457909
00457913
00457933
00457944
00457968
00458096
00458099
00458246
00458351
00458460
00458482
00458612
00458625
00458749
00458815
00458901
00458906
00458918
00459104
00459269
00459318
00459327
00459338
00459348
00459351
00459401
00459431
00459469
00459482
00459618
00459705
00459835
00459898
00459900
00459919
00459951
00459968
00460060
00460062
00460066
00460119
00460134
00460140
00460163
00460278
00460304
00460326
00460334
00460351
00460375
00460379
00460395
00460510
00460526
00460639
00460657
00460734
00460736
00460778
00460809
00460841
00460896
00460906
00461003
00461051
00461085
00461130
00461135
00461212
00461218
00461279
00461398
00461497
00461532
00461581
00461589
00461593
00461612
00461647
00461701
00461725
00461740
00461746
00461748
00461760
00461803
00461805
00461844
00461849
00461851
00461860
00461880
00461886
00461927
00461945
00461970
00462078
00462162
00462168
00462201
00462210
00462247
00462281
00462327
00462633
00462648
00462732
00462789
00462988
00463021
00463098
00463137
00463156
00463219
00463296
00463307
00463338
00463394
00463411
00463493
00463530
00463535
00463547
00463557
00463575
00463629
00463688
00463700
00463756
00463800
00463803
00463818
00463868
00463883
00463896
00464019
00464060
00464102
00464162
00464237
00464327
00464346
00464367
00464408
00464433
00464435
00464451
00464479
00464529
00464559
00464614
00464686
00464742
00464780
00464797
00464850
00464885
00464908
00464990
00465139
00465180
00465199
00465215
00465330
00465427
00465601
00465658
00465677
00465679
00465727
00465811
00465836
00465902
00465905
00465914
00465921
00465963
00465994
00466005
00466154
00466176
00466214
00466218
00466246
00466264
00466313
00466339
00466393
00466432
00466495
00466508
00466548
00466576
00466632
00466680
00466735
00466754
00466760
00466875
00466900
00466967
00467004
00467021
00467028
00467126
00467262
00467321
00467328
00467341
00467389
00467396
00467465
00467480
00467615
00467621
00467637
00467730
00467829
00467834
00467845
00467854
00467857
00467880
00467904
00468070
00468194
00468244
00468379
00468404
00468450
00468481
00468539
00468547
00468552
00468704
00468709
00468714
00468741
00468755
00468902
00468916
00468957
00468993
00469002
00469178
00469185
00469347
00469414
00469481
00469485
00469515
00469538
00469570
00469572
00469603
00469636
00469665
00469705
00469726
00469772
00469849
00469986
00469991
00470010
00470035
00470043
00470050
00470055
00470057
00470059
00470061
00470064
00470067
00470079
00470093
00470242
00470268
00470378
00470407
00470471
00470503
00470507
00470534
00470640
00470646
00470649
00470707
00470716
00470746
00470779
00470872
00470933
00470961
00470970
00471021
00471040
00471048
00471055
00471061
00471076
00471107
00471110
00471142
00471368
00471387
00471396
00471441
00471493
00471624
00471654
00471683
00471821
00471868
00471928
00472156
00472277
00472332
00472365
00472369
00472505
00472523
00472557
00472567
00472605
00472621
00472624
00472633
00472644
00472648
00472656
00472669
00472727
00472756
00472788
00472838
00472841
00472865
00472885
00472892
00473023
00473030
00473033
00473036
00473041
00473060
00473089
00473103
00473187
00473257
00473261
00473331
00473359
00473374
00473380
00473391
00473415
00473426
00473442
00473452
00473481
00473506
00473565
00473595
00473652
00473677
00473690
00473693
00473725
00473765
00473779
00473783
00473948
00473967
00474048
00474050
00474130
00474179
00474267
00474278
00474315
00474317
00474371
00474384
00474419
00474464
00474572
00474664
00474741
00474766
00474777
00474786
00474790
00474842
00474876
00474881
00474917
00474984
00475039
00475084
00475112
00475163
00475190
00475208
00475298
00475329
00475371
00475383
00475411
00475448
00475480
00475505
00475513
00475558
00475562
00475598
00475635
00475705
00475729
00475738
00476055
00476099
00476146
00476172
00476272
00476320
00476363
00476527
00476603
00476614
00476701
00476753
00476778
00476798
00476896
00476950
00477116
00477154
00477157
00477180
00477184
00477187
00477217
00477259
00477261
00477407
00477441
00477461
00477644
00477701
00477800
00477803
00477805
00477894
00477912
00477940
00477957
00477987
00478020
00478092
00478096
00478118
00478126
00478132
00478158
00478160
00478205
00478215
00478224
00478226
00478246
00478265
00478272
00478276
00478279
00478317
00478353
00478378
00478403
00478423
00478430
00478464
00478606
00478631
00478638
00478640
00478679
00478701
00478706
00478723
00478739
00478764
00478783
00478897
00478936
00478978
00478986
00479028
00479301
00479310
00479380
00479387
00479410
00479415
00479422
00479430
00479435
00479445
00479466
00479569
00479591
00479655
00479685
00479695
00479702
00479722
00479738
00479768
00479811
00479823
00479865
00479890
00479923
00480008
00480111
00480136
00480184
00480241
00480244
00480249
00480306
00480316
00480369
00480424
00480469
00480603
00480617
00480686
00480698
00480746
00480770
00480817
00480827
00480841
00480873
00480990
00481096
00481128
00481132
00481185
00481216
00481240
00481261
00481266
00481274
00481277
00481282
00481294
00481305
00481350
00481379
00481450
00481458
00481485
00481599
00481627
00481651
00481671
00481675
00481858
00481955
00481986
00482035
00482041
00482072
00482080
00482129
00482161
00482224
00482232
00482270
00482334
00482376
00482425
00482483
00482490
00482522
00482536
00482567
00482580
00482610
00482621
00482746
00482754
00482776
00482865
00482902
00482925
00483115
00483237
00483246
00483258
00483286
00483302
00483383
00483396
00483543
00483569
00483806
00483853
00483900
00483903
00483905
00483947
00484057
00484063
00484140
00484185
00484207
00484258
00484294
00484394
00484396
00484445
00484480
00484521
00484536
00484570
00484634
00484815
00484820
00484823
00484829
00484942
00485039
00485098
00485154
00485231
00485240
00485246
00485328
00485503
00485528
00485727
00485765
00485789
00485793
00485814
00485816
00485911
00485950
00486023
00486030
00486035
00486038
00486050
00486159
00486167
00486181
00486203
00486241
00486270
00486276
00486281
00486291
00486316
00486336
00486341
00486351
00486398
00486449
00486456
00486505
00486519
00486544
00486550
00486553
00486558
00486584
00486590
00486594
00486606
00486612
00486624
00486650
00486658
00486663
00486667
00486689
00486718
00486751
00486761
00486800
00486853
00486858
00486945
00486961
00486971
00486977
00486990
00487035
00487062
00487074
00487086
00487093
00487098
00487116
00487131
00487168
00487181
00487201
00487225
00487282
00487296
00487370
00487384
00487410
00487418
00487426
00487446
00487506
00487586
00487593
00487627
00487646
00487655
00487661
00487757
00487771
00487809
00487864
00488050
00488119
00488125
00488174
00488239
00488285
00488338
00488353
00488414
00488424
00488437
00488526
00488566
00488721
00488790
00488818
00488833
00488870
00488895
00488917
00488961
00488975
00488977
00488985
00488998
00489009
00489101
00489118
00489139
00489164
00489168
00489171
00489175
00489181
00489185
00489188
00489198
00489287
00489289
00489320
00489345
00489355
00489423
00489493
00489505
00489533
00489554
00489595
00489597
00489618
00489630
00489647
00489693
00489699
00489703
00489705
00489707
00489712
00489720
00489722
00489729
00489735
00489795
00489859
00489988
00490116
00490265
00490308
00490351
00490388
00490403
00490564
00490610
00490687
00490903
00491064
00491183
00491192
00491344
00491464
00491533
00491541
00491587
00491616
00491620
00491623
00491740
00491828
00491951
00492213
00492338
00492358
00492376
00492385
00492455
00492478
00492533
00492539
00492563
00492593
00492620
00492641
00492645
00492684
00492709
00492753
00492763
00492794
00492805
00492856
00492891
00492918
00492922
00492947
00492972
00492978
00492983
00492998
00493021
00493029
00493083
00493092
00493129
00493154
00493159
00493163
00493216
00493268
00493309
00493314
00493316
00493319
00493345
00493353
00493361
00493388
00493411
00493437
00493442
00493446
00493483
00493568
00493588
00493619
00493650
00493675
00493706
00493710
00493716
00493726
00493776
00493806
00493837
00493841
00493855
00493860
00493955
00493957
00493984
00494021
00494072
00494074
00494098
00494100
00494153
00494159
00494196
00494205
00494220
00494273
00494286
00494342
00494359
00494392
00494401
00494423
00494447
00494495
00494524
00494559
00494591
00494614
00494681
00494740
00494786
00494888
00494991
00495064
00495070
00495083
00495090
00495106
00495149
00495234
00495285
00495314
00495365
00495371
00495389
00495461
00495525
00495623
00495670
00495753
00495809
00495829
00495848
00495866
00495876
00496116
00496131
00496150
00496158
00496177
00496190
00496220
00496278
00496301
00496320
00496329
00496352
00496448
00496455
00496459
00496462
00496465
00496467
00496470
00496482
00496486
00496488
00496493
00496496
00496516
00496541
00496573
00496587
00496623
00496627
00496633
00496649
00496654
00496660
00496719
00496835
00496861
00496868
00496963
00496980
00496982
00497002
00497021
00497029
00497037
00497052
00497063
00497106
00497130
00497150
00497187
00497220
00497347
00497362
00497442
00497451
00497542
00497548
00497605
00497645
00497706
00497936
00497981
00497983
00498105
00498112
00498226
00498302
00498317
00498320
00498429
00498506
00498569
00498720
00498765
00498816
00498848
00498857
00498878
00498887
00498949
00498966
00498981
00498990
00499060
00499113
00499175
00499211
00499261
00499313
00499341
00499373
00499390
00499398
00499409
00499543
00499545
00499547
00499785
00499816
00499830
00499837
00499854
00499862
00499867
00499870
00499874
00499885
00499898
00499941
00499993
00499995
00500010
00500021
00500063
00500065
00500077
00500079
00500113
00500123
00500137
00500148
00500228
00500231
00500258
00500260
00500270
00500296
00500298
00500324
00500326
00500338
00500340
00500353
00500360
00500386
00500432
00500457
00500532
00500540
00500549
00500565
00500569
00500592
00500602
00500606
00500621
00500629
00500634
00500642
00500654
00500659
00500690
00500715
00500760
00500784
00500799
00500835
00500838
00500842
00500906
00500929
00500931
00500934
00500936
00500939
00501002
00501095
00501133
00501161
00501195
00501377
00501403
00501506
00501524
00501599
00501623
00501628
00501673
00501721
00501736
00501742
00501770
00501829
00501954
00501986
00502045
00502309
00502635
00502652
00502701
00502826
00502890
00502941
00502988
00503024
00503093
00503161
00503193
00503218
00503315
00503340
00503379
00503415
00503499
00503547
00503621
00503674
00503685
00503687
00503736
00503749
00503766
00503894
00503923
00503927
00503931
00503933
00504040
00504084
00504089
00504115
00504258
00504263
00504269
00504327
00504402
00504462
00504569
00504622
00504687
00504893
00504938
00504989
00505005
00505048
00505050
00505074
00505126
00505128
00505215
00505368
00505429
00505459
00505461
00505559
00505568
00505685
00505735
00505737
00505779
00505816
00505822
00505842
00505884
00505920
00505956
00505974
00506025
00506086
00506120
00506153
00506193
00506413
00506650
00506687
00506728
00506755
00506825
00506842
00506930
00506937
00506943
00506947
00507006
00507029
00507103
00507113
00507120
00507125
00507133
00507143
00507164
00507174
00507208
00507215
00507347
00507383
00507415
00507441
00507449
00507499
00507516
00507553
00507564
00507575
00507613
00507629
00507637
00507690
00507693
00507727
00507729
00507742
00507745
00507759
00507765
00507820
00507900
00507902
00507913
00507915
00507943
00507977
00507982
00508004
00508024
00508061
00508063
00508075
00508166
00508220
00508229
00508242
00508245
00508277
00508379
00508385
00508398
00508407
00508439
00508465
00508517
00508521
00508525
00508576
00508698
00508721
00508739
00508743
00508765
00508799
00508845
00508874
00508946
00508968
00509003
00509020
00509189
00509530
00509556
00509564
00509613
00509719
00509788
00509809
00509840
00509880
00509964
00509997
00510036
00510047
00510117
00510119
00510270
00510279
00510350
00510382
00510386
00510416
00510462
00510498
00510574
00510594
00510637
00510647
00510650
00510655
00510662
00510673
00510697
00510730
00510789
00510797
00510820
00510852
00510886
00510891
00510898
00510903
00510938
00510941
00510965
00511005
00511026
00511028
00511033
00511047
00511058
00511076
00511100
00511108
00511113
00511116
00511146
00511151
00511159
00511168
00511200
00511221
00511280
00511324
00511400
00511471
00511507
00511512
00511554
00511578
00511614
00511655
00511657
00511659
00511671
00511759
00511838
00511845
00511854
00511922
00511963
00512019
00512021
00512033
00512038
00512275
00512285
00512301
00512425
00512449
00512462
00512491
00512494
00512501
00512503
00512507
00512709
00512731
00512858
00512867
00512905
00512959
00512964
00512989
00513054
00513091
00513107
00513148
00513298
00513320
00513425
00513498
00513649
00513790
00513809
00513814
00513847
00513887
00513895
00513916
00513991
00514002
00514009
00514048
00514105
00514254
00514285
00514339
00514422
00514444
00514452
00514482
00514485
00514512
00514541
00514544
00514656
00514669
00514680
00514697
00514702
00514707
00514712
00514731
00514739
00514744
00514748
00514750
00514774
00514793
00514818
00514823
00514833
00514882
00514891
00514933
00514965
00514991
00515039
00515138
00515250
00515273
00515286
00515325
00515340
00515350
00515385
00515414
00515435
00515505
00515654
00515662
00515689
00515718
00515750
00515970
00516035
00516060
00516078
00516109
00516121
00516161
00516165
00516190
00516200
00516205
00516225
00516254
00516258
00516365
00516441
00516443
00516460
00516495
00516521
00516628
00516647
00516669
00516675
00516770
00516804
00516830
00516861
00516954
00516979
00517013
00517070
00517103
00517113
00517150
00517175
00517188
00517205
00517207
00517211
00517271
00517273
00517287
00517307
00517313
00517380
00517397
00517399
00517403
00517417
00517422
00517427
00517440
00517548
00517684
00517715
00517748
00517750
00517753
00517851
00517853
00517874
00517885
00517902
00517925
00517928
00517932
00517935
00517952
00518207
00518244
00518267
00518283
00518295
00518336
00518393
00518412
00518438
00518498
00518526
00518533
00518618
00518746
00518766
00518788
00518797
00518810
00518822
00518831
00518840
00518871
00518883
00518905
00518916
00518944
00518956
00518969
00518977
00518995
00518997
00519020
00519022
00519024
00519027
00519067
00519078
00519082
00519092
00519099
00519111
00519124
00519135
00519143
00519207
00519257
00519274
00519281
00519287
00519289
00519293
00519299
00519313
00519341
00519381
00519417
00519419
00519425
00519438
00519479
00519482
00519514
00519526
00519565
00519569
00519591
00519607
00519609
00519615
00519622
00519624
00519650
00519676
00519789
00519861
00519873
00519888
00519980
00520000
00520010
00520121
00520150
00520190
00520207
00520226
00520229
00520237
00520263
00520276
00520298
00520331
00520405
00520426
00520459
00520476
00520489
00520534
00520615
00520620
00520640
00520676
00520681
00520718
00520728
00520733
00520766
00520773
00520789
00520870
00520880
00520912
00520920
00520939
00520945
00520952
00520961
00520974
00520997
00521026
00521080
00521083
00521104
00521163
00521284
00521338
00521340
00521363
00521479
00521594
00521622
00521625
00521745
00521756
00521817
00521890
00521895
00521912
00521981
00521995
00522008
00522016
00522028
00522047
00522066
00522070
00522129
00522166
00522202
00522239
00522336
00522364
00522403
00522436
00522451
00522456
00522488
00522502
00522576
00522666
00522680
00522688
00522699
00522774
00522803
00522808
00522871
00522874
00522929
00522979
00522991
00523031
00523058
00523071
00523087
00523137
00523144
00523207
00523253
00523344
00523373
00523384
00523424
00523518
00523592
00523686
00523717
00523762
00523780
00523788
00523818
00523830
00523833
00523873
00523892
00523900
00523909
00523913
00523968
00524004
00524114
00524127
00524184
00524325
00524476
00524502
00524517
00524656
00524659
00524703
00524706
00524733
00524743
00524817
00524944
00524968
00524987
00525016
00525024
00525252
00525304
00525367
00525414
00525449
00525483
00525534
00525586
00525691
00525708
00525713
00525728
00525767
00525825
00525903
00525971
00525984
00526044
00526075
00526079
00526084
00526104
00526130
00526261
00526316
00526371
00526437
00526460
00526469
00526546
00526560
00526646
00526695
00526734
00526889
00526925
00526934
00527088
00527117
00527136
00527157
00527160
00527234
00527244
00527279
00527285
00527289
00527340
00527356
00527366
00527370
00527379
00527386
00527440
00527444
00527473
00527480
00527495
00527508
00527510
00527518
00527523
00527535
00527547
00527557
00527570
00527575
00527582
00527585
00527592
00527599
00527607
00527612
00527618
00527620
00527622
00527637
00527659
00527688
00527725
00527732
00527764
00527777
00527803
00527881
00527950
00528138
00528163
00528211
00528244
00528284
00528335
00528412
00528592
00528688
00528754
00528891
00528919
00528943
00528997
00529014
00529041
00529131
00529137
00529152
00529157
00529167
00529178
00529209
00529249
00529385
00529410
00529412
00529470
00529481
00529485
00529573
00529597
00529690
00529704
00529816
00529841
00529855
00529873
00529875
00529881
00529899
00529911
00529914
00529926
00529928
00529938
00529942
00529946
00529949
00529956
00529966
00529969
00529975
00530013
00530017
00530024
00530026
00530049
00530051
00530053
00530062
00530077
00530136
00530173
00530195
00530213
00530219
00530221
00530227
00530231
00530237
00530239
00530251
00530254
00530272
00530278
00530290
00530302
00530305
00530314
00530321
00530324
00530326
00530341
00530348
00530357
00530368
00530376
00530384
00530387
00530389
00530394
00530400
00530412
00530420
00530422
00530428
00530449
00530454
00530459
00530468
00530474
00530477
00530479
00530493
00530497
00530500
00530516
00530519
00530522
00530525
00530533
00530543
00530554
00530564
00530569
00530571
00530581
00530588
00530591
00530593
00530596
00530613
00530617
00530651
00530660
00530664
00530675
00530689
00530759
00530800
00530821
00530918
00530936
00530976
00531061
00531136
00531151
00531201
00531206
00531218
00531231
00531237
00531244
00531260
00531338
00531363
00531384
00531399
00531417
00531426
00531452
00531456
00531475
00531540
00531592
00531644
00531713
00531741
00531746
00531758
00531762
00531776
00531799
00531836
00531868
00531888
00531895
00531943
00531961
00532122
00532130
00532157
00532192
00532214
00532336
00532347
00532355
00532449
00532531
00532561
00532662
00532664
00532678
00532694
00532715
00532717
00532737
00532794
00532944
00532974
00532978
00532981
00532999
00533065
00533104
00533170
00533231
00533238
00533242
00533248
00533255
00533266
00533280
00533292
00533308
00533368
00533394
00533411
00533467
00533481
00533485
00533496
00533508
00533514
00533620
00533622
00533779
00533865
00533894
00533922
00533959
00533978
00534027
00534116
00534162
00534191
00534228
00534240
00534254
00534358
00534456
00534491
00534496
00534586
00534591
00534628
00534638
00534650
00534652
00534711
00534730
00534789
00534833
00534851
00534882
00534895
00534897
00534911
00534916
00534994
00535049
00535215
00535248
00535287
00535293
00535302
00535322
00535364
00535366
00535368
00535405
00535434
00535452
00535463
00535485
00535560
00535567
00535579
00535691
00535704
00535709
00535750
00535756
00535758
00535763
00535767
00535780
00535791
00535804
00535809
00535899
00535926
00536029
00536048
00536106
00536195
00536268
00536279
00536286
00536334
00536409
00536451
00536588
00536627
00536663
00536711
00536754
00536762
00536771
00536776
00536787
00536806
00536823
00536849
00536931
00536935
00536937
00536940
00536943
00536975
00536982
00536990
00537011
00537020
00537036
00537054
00537175
00537194
00537210
00537247
00537330
00537413
00537415
00537422
00537424
00537427
00537456
00537459
00537463
00537477
00537484
00537516
00537523
00537525
00537528
00537530
00537532
00537537
00537555
00537582
00537645
00537669
00537688
00537699
00537714
00537806
00537809
00537848
00537942
00538162
00538220
00538225
00538260
00538271
00538307
00538315
00538348
00538362
00538458
00538485
00538510
00538536
00538548
00538571
00538577
00538579
00538627
00538662
00538675
00538740
00538753
00538757
00538836
00538889
00539064
00539116
00539132
00539186
00539226
00539262
00539339
00539351
00539428
00539443
00539454
00539483
00539525
00539567
00539761
00539789
00539873
00539876
00539905
00539920
00539941
00539977
00539998
00540011
00540024
00540049
00540151
00540183
00540186
00540241
00540263
00540270
00540277
00540313
00540315
00540327
00540331
00540338
00540370
00540385
00540400
00540418
00540463
00540483
00540491
00540522
00540526
00540538
00540552
00540568
00540600
00540628
00540643
00540669
00540685
00540706
00540737
00540756
00540760
00540763
00540769
00540772
00540776
00540779
00540781
00540788
00540795
00540802
00540806
00540810
00540814
00540816
00540825
00540837
00541104
00541120
00541142
00541174
00541394
00541415
00541454
00541486
00541490
00541601
00541613
00541657
00541713
00541718
00541770
00541865
00541929
00541974
00542045
00542064
00542076
00542092
00542103
00542119
00542172
00542215
00542236
00542286
00542365
00542384
00542395
00542549
00542624
00542657
00542734
00542739
00542764
00542771
00542802
00542866
00542914
00542926
00542939
00543039
00543066
00543100
00543115
00543251
00543397
00543418
00543421
00543476
00543545
00543947
00543973
00543994
00544209
00544283
00544430
00544450
00544477
00544487
00544518
00544581
00544604
00544627
00544683
00544773
00544821
00544850
00545021
00545057
00545127
00545134
00545152
00545174
00545229
00545266
00545288
00545593
00545611
00545658
00545671
00545768
00545813
00545823
00545843
00545849
00545895
00545917
00545980
00546135
00546173
00546181
00546198
00546204
00546253
00546336
00546345
00546355
00546363
00546374
00546521
00546583
00546603
00546656
00546667
00546768
00546838
00546869
00546946
00546995
00547025
00547042
00547184
00547322
00547333
00547339
00547399
00547415
00547634
00547709
00547729
00547732
00547734
00547876
00547881
00548056
00548201
00548222
00548250
00548270
00548289
00548330
00548351
00548407
00548435
00548550
00548595
00548746
00548785
00548791
00548820
00548840
00548880
00548946
00548948
00548967
00548992
00549005
00549048
00549055
00549236
00549245
00549250
00549255
00549303
00549417
00549485
00549566
00549589
00549592
00549643
00549694
00549715
00549726
00549733
00549876
00549954
00549985
00549998
00550009
00550021
00550066
00550754
00550796
00550803
00550805
00550808
00550831
00550851
00550884
00550905
00550943
00551015
00551107
00551112
00551169
00551233
00551251
00551343
00551347
00551354
00551359
00551364
00551445
00551477
00551490
00551781
00551808
00551861
00552079
00552124
00552156
00552162
00552222
00552252
00552254
00552257
00552312
00552332
00552452
00552524
00552542
00552665
00552759
00552763
00552820
00552830
00552855
00552882
00553105
00553167
00553184
00553221
00553247
00553360
00553369
00553497
00553523
00553543
00553679
00553703
00553740
00553862
00553929
00553991
00554000
00554005
00554015
00554022
00554037
00554147
00554162
00554185
00554211
00554253
00554315
00554395
00554406
00554444
00554473
00554521
00554531
00554573
00554580
00554585
00554589
00554593
00554712
00554731
00554738
00554743
00554745
00554750
00554845
00554853
00554868
00554893
00554952
00554959
00554983
00555236
00555300
00555369
00555402
00555427
00555457
00555501
00555527
00555529
00555605
00555651
00555743
00555745
00555756
00555760
00555763
00555785
00555793
00555877
00555949
00555964
00556045
00556074
00556081
00556146
00556203
00556212
00556259
00556275
00556376
00556465
00556536
00556613
00556621
00556625
00556643
00556666
00556673
00556739
00556763
00557019
00557318
00557402
00557457
00557470
00557483
00557508
00557516
00557520
00557541
00557543
00557627
00557644
00557672
00557746
00557754
00557758
00557765
00557774
00557780
00557793
00557798
00557853
00557887
00557895
00557941
00557972
00558017
00558058
00558064
00558085
00558115
00558173
00558252
00558274
00558291
00558314
00558356
00558436
00558458
00558614
00558640
00558648
00558664
00558668
00558680
00558693
00558712
00558732
00558806
00558842
00558876
00558898
00558935
00558944
00559039
00559154
00559180
00559221
00559239
00559265
00559358
00559388
00559407
00559627
00559672
00559957
00560015
00560187
00560211
00560306
00560323
00560370
00560375
00560411
00560444
00560461
00560515
00560545
00560587
00560596
00560630
00560636
00560651
00560684
00560687
00560715
00560734
00560779
00560813
00560847
00560860
00560873
00560927
00560940
00560994
00560996
00561012
00561115
00561149
00561156
00561164
00561170
00561179
00561208
00561239
00561254
00561267
00561282
00561301
00561314
00561329
00561334
00561352
00561381
00561405
00561454
00561481
00561519
00561532
00561686
00561761
00561799
00561815
00561819
00561822
00561826
00561828
00561915
00562001
00562030
00562034
00562036
00562038
00562045
00562134
00562148
00562166
00562188
00562192
00562233
00562248
00562257
00562397
00562440
00562495
00562520
00562548
00562580
00562648
00562728
00562751
00562764
00563441
00563444
00563490
00563563
00563693
00563756
00563801
00563830
00563852
00563867
00563933
00564040
00564125
00564147
00564159
00564273
00564287
00564300
00564316
00564320
00564331
00564336
00564383
00564566
00564585
00564629
00564702
00564794
00564796
00564805
00564891
00564974
00565013
00565043
00565092
00565127
00565229
00565381
00565393
00565441
00565554
00565609
00565613
00565628
00565718
00565747
00565840
00565861
00565887
00565962
00565982
00566022
00566117
00566124
00566127
00566130
00566133
00566161
00566302
00566370
00566495
00566546
00566548
00566611
00566677
00566717
00566724
00566726
00566733
00566759
00566765
00566900
00566906
00566921
00566937
00567030
00567107
00567268
00567285
00567314
00567325
00567341
00567364
00567532
00567543
00567584
00567606
00567622
00567625
00567627
00567632
00567648
00567713
00567729
00567780
00567790
00567804
00567859
00567897
00567974
00568042
00568077
00568112
00568119
00568146
00568186
00568193
00568208
00568267
00568298
00568365
00568379
00568410
00568426
00568482
00568496
00568500
00568502
00568506
00568515
00568553
00568588
00568609
00568621
00568628
00568634
00568704
00568734
00568781
00568811
00568826
00568919
00568940
00568947
00568958
00568978
00568983
00569034
00569038
00569045
00569047
00569049
00569053
00569066
00569081
00569120
00569143
00569205
00569225
00569348
00569444
00569478
00569481
00569491
00569497
00569539
00569570
00569599
00569604
00569621
00569623
00569627
00569630
00569634
00569646
00569701
00569712
00569747
00569856
00569868
00569874
00569883
00569902
00570085
00570146
00570172
00570189
00570208
00570261
00570263
00570318
00570402
00570482
00570504
00570515
00570523
00570564
00570567
00570618
00570720
00570778
00570870
00570901
00570917
00570930
00570949
00571083
00571193
00571230
00571233
00571236
00571239
00571354
00571364
00571372
00571379
00571396
00571422
00571476
00571491
00571494
00571500
00571546
00571557
00571577
00571582
00571585
00571595
00571612
00571673
00571680
00571687
00571729
00571867
00571869
00571891
00571898
00571917
00571927
00571937
00571939
00571950
00571952
00572024
00572117
00572128
00572164
00572201
00572208
00572222
00572224
00572230
00572233
00572256
00572320
00572330
00572382
00572424
00572427
00572437
00572444
00572497
00572534
00572576
00572633
00572672
00572691
00572713
00572722
00572730
00572784
00572804
00572815
00572823
00573021
00573081
00573167
00573225
00573328
00573338
00573352
00573358
00573386
00573407
00573442
00573458
00573460
00573463
00573465
00573468
00573574
00573623
00573656
00573658
00573683
00573752
00573896
00573907
00573910
00573912
00573921
00573936
00573960
00573995
00574016
00574079
00574120
00574131
00574158
00574200
00574217
00574351
00574374
00574385
00574440
00574495
00574512
00574602
00574641
00574841
00574849
00575000
00575043
00575072
00575085
00575183
00575400
00575450
00575459
00575494
00575497
00575504
00575528
00575545
00575577
00575618
00575621
00575640
00575651
00575661
00575700
00575778
00575793
00575808
00575814
00575819
00575830
00575852
00575950
00576060
00576076
00576135
00576153
00576158
00576257
00576409
00576430
00576484
00576505
00576522
00576700
00576726
00576738
00576746
00576758
00576768
00576773
00576824
00576928
00577019
00577049
00577055
00577163
00577194
00577206
00577208
00577222
00577261
00577301
00577304
00577312
00577326
00577375
00577400
00577462
00577471
00577473
00577483
00577644
00577747
00577763
00577902
00577928
00578031
00578111
00578145
00578190
00578205
00578246
00578261
00578265
00578267
00578273
00578278
00578526
00578635
00578790
00578805
00578814
00578821
00578906
00578932
00578941
00578972
00578978
00578981
00579006
00579054
00579101
00579196
00579199
00579201
00579244
00579262
00579276
00579278
00579397
00579451
00579455
00579470
00579504
00579592
00579702
00579756
00579812
00579845
00579897
00579911
00579919
00579929
00579932
00579942
00579951
00579955
00579967
00579987
00580034
00580038
00580045
00580052
00580082
00580175
00580212
00580235
00580265
00580270
00580288
00580367
00580371
00580415
00580476
00580513
00580518
00580524
00580533
00580556
00580695
00580711
00580732
00580840
00580848
00580872
00580883
00580980
00581069
00581117
00581130
00581160
00581212
00581220
00581222
00581225
00581231
00581235
00581238
00581291
00581332
00581336
00581340
00581348
00581358
00581381
00581392
00581440
00581548
00581553
00581593
00581629
00581669
00581695
00581711
00581723
00581734
00581742
00581795
00582049
00582091
00582094
00582187
00582191
00582198
00582207
00582229
00582232
00582270
00582353
00582358
00582415
00582436
00582463
00582476
00582506
00582522
00582574
00582603
00582700
00582709
00582712
00582749
00582773
00582788
00582796
00582813
00582845
00582853
00582860
00582869
00583048
00583091
00583101
00583147
00583175
00583179
00583181
00583190
00583207
00583258
00583335
00583431
00583493
00583505
00583516
00583518
00583556
00583668
00583682
00583743
00583762
00583769
00583773
00583791
00583839
00583878
00583935
00583966
00583993
00584003
00584057
00584126
00584142
00584215
00584236
00584268
00584273
00584294
00584338
00584344
00584416
00584441
00584462
00584484
00584672
00584732
00584900
00584941
00584961
00584974
00584995
00585071
00585122
00585182
00585235
00585253
00585262
00585289
00585457
00585517
00585546
00585596
00585644
00585689
00585694
00585700
00585750
00585937
00585994
00586150
00586168
00586261
00586269
00586303
00586364
00586469
00586549
00586551
00586555
00586560
00586620
00586637
00586684
00586715
00586731
00586790
00586809
00586853
00586899
00586958
00587048
00587055
00587069
00587153
00587249
00587287
00587387
00587432
00587456
00587462
00587482
00587495
00587553
00587729
00587732
00587747
00587788
00587859
00587867
00587899
00587975
00587995
00588021
00588058
00588079
00588164
00588298
00588301
00588305
00588316
00588325
00588327
00588340
00588353
00588367
00588425
00588438
00588450
00588483
00588510
00588550
00588554
00588564
00588587
00588620
00588719
00588830
00588892
00588918
00588935
00588939
00588950
00588962
00588974
00588993
00589002
00589080
00589084
00589266
00589272
00589455
00589491
00589550
00589617
00589644
00589671
00589761
00589769
00589837
00589885
00589907
00589919
00589968
00589983
00590009
00590046
00590053
00590065
00590071
00590076
00590086
00590128
00590209
00590220
00590266
00590268
00590271
00590342
00590368
00590381
00590386
00590412
00590479
00590484
00590555
00590565
00590574
00590615
00590670
00590680
00590693
00590771
00590785
00590838
00590845
00590871
00590913
00590987
00590995
00591045
00591120
00591134
00591183
00591276
00591467
00591599
00591864
00591866
00591931
00592018
00592049
00592090
00592150
00592169
00592200
00592225
00592258
00592266
00592308
00592337
00592360
00592373
00592397
00592478
00592510
00592524
00592591
00592670
00592696
00592703
00592722
00592738
00592915
00592951
00592958
00592963
00593023
00593077
00593097
00593099
00593104
00593111
00593169
00593214
00593217
00593229
00593248
00593337
00593382
00593471
00593658
00593691
00593694
00593696
00593722
00593842
00593848
00593854
00593876
00593893
00593925
00593944
00594050
00594070
00594087
00594118
00594136
00594138
00594146
00594160
00594181
00594196
00594223
00594302
00594330
00594368
00594449
00594456
00594484
00594490
00594604
00594620
00594759
00594776
00594795
00594918
00594992
00595009
00595067
00595091
00595108
00595150
00595152
00595154
00595167
00595186
00595236
00595294
00595313
00595320
00595359
00595411
00595417
00595553
00595674
00595705
00595781
00595822
00595841
00595894
00595902
00595919
00595923
00595978
00596036
00596044
00596092
00596157
00596206
00596231
00596297
00596364
00596367
00596375
00596422
00596529
00596547
00596553
00596568
00596579
00596590
00596662
00596676
00596720
00596733
00596739
00596741
00596750
00596756
00596781
00596801
00596810
00596813
00596823
00596857
00596869
00596901
00596987
00597044
00597093
00597143
00597301
00597422
00597727
00597863
00597880
00597936
00597976
00597993
00598016
00598079
00598184
00598190
00598231
00598371
00598413
00598581
00598613
00598617
00598637
00598666
00598764
00598822
00598843
00598997
00599318
00599359
00599399
00599434
00599467
00599575
00599599
00599643
00599710
00599748
00599751
00599776
00599779
00599781
00599809
00599853
00599856
00600154
00600186
00600244
00600259
00600261
00600264
00600268
00600272
00600348
00600417
00600456
00600458
00600514
00600525
00600549
00600561
00600609
00600701
00600722
00600787
00600796
00600805
00600865
00600961
00600994
00600996
00601004
00601040
00601047
00601059
00601101
00601138
00601211
00601221
00601226
00601233
00601248
00601263
00601274
00601321
00601347
00601371
00601378
00601380
00601384
00601391
00601407
00601421
00601425
00601441
00601486
00601706
00601713
00601935
00601938
00601940
00601955
00601967
00601992
00601994
00602072
00602099
00602101
00602149
00602183
00602194
00602214
00602220
00602224
00602237
00602269
00602272
00602324
00602363
00602380
00602387
00602441
00602558
00602598
00602622
00602716
00602718
00602720
00602768
00602783
00602789
00602804
00602807
00602828
00602838
00602888
00602900
00602917
00602950
00603003
00603027
00603090
00603128
00603146
00603199
00603303
00603325
00603361
00603471
00603582
00603678
00603900
00603912
00603935
00603973
00603977
00603987
00604008
00604031
00604068
00604077
00604130
00604157
00604188
00604236
00604274
00604279
00604294
00604327
00604343
00604412
00604526
00604580
00604589
00604591
00604597
00604599
00604698
00604798
00604850
00604885
00604898
00604934
00605013
00605205
00605257
00605386
00605436
00605477
00605523
00605590
00605744
00605769
00605862
00605878
00605884
00605927
00605938
00605941
00605945
00605953
00605968
00606004
00606035
00606059
00606089
00606126
00606164
00606194
00606202
00606268
00606513
00606515
00606517
00606535
00606541
00606543
00606605
00606663
00606685
00606688
00606783
00606785
00606789
00606795
00606798
00606811
00607093
00607133
00607143
00607160
00607181
00607186
00607231
00607236
00607302
00607305
00607317
00607377
00607390
00607399
00607411
00607503
00607612
00607672
00607697
00607741
00607793
00607799
00607801
00607804
00607809
00607830
00607872
00607904
00607925
00607930
00607968
00608024
00608027
00608035
00608065
00608075
00608121
00608216
00608353
00608358
00608362
00608451
00608494
00608585
00608614
00608619
00608645
00608647
00608662
00608675
00608714
00608753
00608776
00608781
00608793
00608841
00608875
00608887
00609107
00609150
00609168
00609288
00609372
00609443
00609532
00609593
00609747
00609829
00610033
00610097
00610227
00610262
00610289
00610321
00610344
00610470
00610508
00610543
00610545
00610558
00610602
00610618
00610656
00610669
00610693
00610700
00610704
00610760
00610789
00610791
00610899
00610969
00611098
00611126
00611162
00611212
00611218
00611234
00611250
00611274
00611318
00611337
00611392
00611414
00611437
00611526
00611532
00611593
00611602
00611688
00611691
00611746
00611772
00611806
00611809
00611829
00611832
00611836
00611844
00611860
00611862
00611872
00611889
00611891
00611893
00611898
00611913
00611921
00611925
00611933
00611938
00611940
00611942
00612005
00612038
00612118
00612138
00612152
00612173
00612175
00612177
00612381
00612439
00612441
00612446
00612469
00612554
00612731
00612751
00612766
00612778
00612884
00612894
00612955
00613027
00613125
00613157
00613170
00613181
00613233
00613276
00613290
00613292
00613316
00613337
00613346
00613362
00613369
00613383
00613404
00613438
00613443
00613464
00613542
00613557
00613576
00613591
00613666
00613670
00613723
00613727
00613729
00613748
00613820
00613822
00613830
00613832
00613835
00613844
00613853
00613862
00613874
00613877
00613883
00613887
00613903
00613905
00613907
00613909
00613925
00613947
00613951
00613966
00613972
00613982
00613988
00613992
00613997
00614040
00614077
00614081
00614098
00614104
00614134
00614160
00614174
00614289
00614370
00614429
00614439
00614455
00614553
00614588
00614623
00614652
00614664
00614706
00614719
00614722
00614724
00614730
00614732
00614736
00614741
00614744
00614747
00614764
00614829
00614889
00614921
00614926
00614973
00614988
00615004
00615008
00615062
00615117
00615124
00615131
00615179
00615235
00615256
00615276
00615301
00615305
00615309
00615311
00615314
00615337
00615342
00615592
00615704
00615732
00615755
00615762
00615862
00615877
00615904
00615974
00616003
00616030
00616059
00616062
00616098
00616118
00616168
00616175
00616240
00616294
00616328
00616356
00616377
00616449
00616637
00616649
00616775
00616793
00616834
00616926
00616949
00616954
00616967
00616985
00616987
00617082
00617090
00617141
00617161
00617174
00617176
00617255
00617275
00617312
00617343
00617353
00617356
00617367
00617447
00617479
00617482
00617484
00617492
00617532
00617544
00617573
00617586
00617704
00617713
00617762
00617774
00617776
00617852
00617886
00617908
00617946
00618040
00618123
00618137
00618145
00618148
00618153
00618156
00618314
00618333
00618393
00618406
00618488
00618498
00618507
00618576
00618612
00618670
00618673
00618678
00618686
00618734
00618752
00618792
00618800
00618802
00618811
00618826
00618836
00619073
00619238
00619260
00619279
00619328
00619355
00619377
00619381
00619394
00619400
00619413
00619415
00619438
00619462
00619478
00619570
00619612
00619625
00619633
00619662
00619704
00619745
00619750
00619764
00619776
00619786
00619973
00620114
00620149
00620157
00620165
00620182
00620188
00620218
00620229
00620276
00620278
00620283
00620285
00620306
00620320
00620324
00620393
00620419
00620475
00620492
00620494
00620576
00620632
00620645
00620713
00620738
00620762
00620791
00620873
00620919
00620923
00621004
00621065
00621076
00621093
00621192
00621225
00621275
00621311
00621345
00621348
00621368
00621378
00621384
00621509
00621526
00621549
00621567
00621612
00621633
00621656
00621779
00621784
00621921
00622080
00622138
00622160
00622256
00622268
00622270
00622274
00622306
00622316
00622342
00622345
00622352
00622359
00622396
00622425
00622555
00622664
00622801
00622874
00622906
00623018
00623024
00623117
00623295
00623310
00623415
00623528
00623548
00623596
00623649
00623695
00623720
00623811
00623831
00623884
00623897
00623901
00623954
00623958
00624069
00624080
00624100
00624113
00624120
00624148
00624211
00624228
00624251
00624283
00624295
00624306
00624393
00624464
00624490
00624515
00624666
00624689
00624702
00624717
00624719
00624728
00624744
00624793
00624851
00624855
00624876
00624963
00624995
00625029
00625093
00625117
00625126
00625143
00625184
00625230
00625241
00625245
00625261
00625289
00625298
00625353
00625392
00625472
00625522
00625537
00625543
00625545
00625554
00625556
00625581
00625603
00625646
00625686
00625726
00625763
00625901
00625967
00625983
00625994
00626101
00626180
00626194
00626326
00626373
00626448
00626541
00626651
00626661
00626727
00626757
00626977
00627033
00627079
00627184
00627235
00627325
00627329
00627391
00627488
00627490
00627573
00627616
00627628
00627674
00627741
00627763
00627807
00627823
00628039
00628218
00628231
00628250
00628351
00628404
00628549
00628600
00628647
00628659
00628690
00628705
00628729
00628819
00628995
00629063
00629068
00629086
00629114
00629196
00629262
00629331
00629394
00629430
00629452
00629515
00629543
00629603
00629642
00629651
00629690
00629809
00629863
00629878
00629900
00629909
00629929
00629992
00630019
00630106
00630164
00630200
00630319
00630355
00630479
00630526
00630532
00630620
00630678
00630683
00630729
00630776
00630784
00630803
00630884
00630921
00630924
00630953
00631015
00631045
00631152
00631180
00631235
00631263
00631300
00631335
00631483
00631542
00631758
00631883
00631909
00632011
00632039
00632044
00632047
00632049
00632054
00632056
00632147
00632154
00632209
00632236
00632245
00632248
00632253
00632280
00632397
00632416
00632441
00632512
00632582
00632629
00632723
00632753
00632816
00632826
00632909
00632918
00633060
00633114
00633175
00633306
00633334
00633346
00633380
00633394
00633454
00633461
00633522
00633614
00633679
00633713
00633760
00633781
00633836
00633846
00633848
00633884
00633900
00633927
00634167
00634190
00634197
00634224
00634260
00634331
00634346
00634395
00634504
00634517
00634521
00634583
00634599
00634610
00634658
00634703
00634717
00634763
00634767
00634779
00634789
00634792
00634796
00634800
00634803
00634821
00634835
00634886
00634895
00634920
00634926
00634968
00635124
00635140
00635199
00635239
00635259
00635265
00635348
00635374
00635530
00635536
00635564
00635576
00635595
00635604
00635606
00635608
00635611
00635636
00635674
00635712
00635715
00635721
00635742
00635819
00635821
00635860
00635882
00635933
00635954
00636048
00636051
00636079
00636125
00636413
00636419
00636423
00636442
00636499
00636552
00636659
00636682
00636688
00636696
00636711
00636787
00636805
00636811
00636871
00636944
00636955
00636990
00636995
00637029
00637073
00637132
00637146
00637154
00637203
00637227
00637348
00637424
00637427
00637435
00637440
00637451
00637456
00637473
00637475
00637485
00637488
00637501
00637534
00637554
00637567
00637581
00637595
00637615
00637621
00637647
00637679
00637700
00637728
00637755
00637820
00637852
00637906
00637935
00637942
00638024
00638050
00638096
00638126
00638174
00638182
00638191
00638239
00638266
00638268
00638312
00638353
00638410
00638425
00638440
00638489
00638561
00638570
00638682
00638693
00638701
00638720
00638724
00638733
00638749
00638763
00638861
00638890
00638893
00638915
00638956
00639126
00639154
00639333
00639335
00639393
00639427
00639430
00639596
00639625
00639642
00639699
00639842
00639876
00639916
00639951
00640010
00640014
00640018
00640038
00640043
00640124
00640132
00640379
00640386
00640392
00640437
00640533
00640541
00640547
00640556
00640558
00640577
00640585
00640613
00640641
00640692
00640705
00640708
00640748
00640824
00640828
00640850
00640920
00640951
00641025
00641142
00641170
00641181
00641216
00641248
00641261
00641307
00641406
00641534
00641537
00641551
00641672
00641704
00641716
00641828
00641858
00641890
00641918
00641979
00641989
00642036
00642047
00642105
00642183
00642244
00642289
00642299
00642353
00642407
00642411
00642455
00642503
00642593
00642617
00642630
00642717
00642719
00642722
00642760
00642843
00642880
00642990
00643013
00643098
00643137
00643173
00643214
00643236
00643252
00643349
00643361
00643387
00643428
00643437
00643459
00643464
00643472
00643479
00643527
00643529
00643531
00643632
00643660
00643748
00643795
00643826
00643880
00643905
00643961
00644141
00644218
00644330
00644401
00644476
00644546
00644640
00644685
00644737
00644963
00644985
00644997
00645050
00645121
00645137
00645159
00645162
00645318
00645458
00645486
00645488
00645611
00645654
00645661
00645700
00645742
00645755
00645772
00645848
00645854
00645861
00645932
00645997
00646001
00646003
00646179
00646237
00646262
00646270
00646308
00646341
00646344
00646408
00646417
00646420
00646434
00646542
00646625
00646727
00646754
00646840
00646919
00646930
00646963
00647008
00647017
00647073
00647099
00647203
00647223
00647293
00647550
00647901
00647940
00648054
00648096
00648120
00648240
00648273
00648317
00648368
00648397
00648408
00648429
00648443
00648503
00648684
00648791
00648967
00649058
00649072
00649169
00649302
00649354
00649359
00649438
00649468
00649523
00649541
00649601
00649623
00649631
00649651
00649796
00649895
00650175
00650535
00650550
00650555
00650557
00650559
00650575
00650599
00650680
00650682
00650700
00650730
00650880
00650915
00650989
00651087
00651138
00651155
00651192
00651208
00651378
00651423
00651425
00651517
00651578
00651586
00651592
00651626
00651665
00651711
00651780
00651812
00651814
00651964
00652259
00652317
00652476
00652530
00652543
00652629
00652653
00652664
00652682
00652705
00652739
00652742
00652759
00652763
00652765
00652780
00652786
00652790
00652845
00653027
00653034
00653046
00653108
00653123
00653166
00653186
00653222
00653330
00653344
00653362
00653373
00653612
00653652
00653657
00653753
00653783
00653824
00653845
00653968
00653979
00653997
00654017
00654042
00654048
00654104
00654137
00654180
00654204
00654383
00654597
00654607
00654616
00654624
00654723
00654725
00654734
00654848
00655006
00655051
00655053
00655057
00655064
00655074
00655095
00655099
00655104
00655171
00655173
00655178
00655287
00655433
00655506
00655567
00655697
00655699
00655705
00655718
00655720
00655744
00655754
00655782
00655793
00655798
00655858
00655907
00655913
00655929
00656012
00656152
00656205
00656239
00656241
00656309
00656323
00656330
00656400
00656567
00656574
00656613
00656620
00656666
00656759
00656834
00656863
00656885
00656927
00656942
00656965
00656992
00657039
00657068
00657100
00657116
00657123
00657143
00657167
00657226
00657248
00657284
00657298
00657347
00657416
00657472
00657506
00657527
00657554
00657559
00657599
00657602
00657614
00657629
00657636
00657644
00657668
00657671
00657678
00657708
00657765
00657772
00657775
00657777
00657802
00657805
00657925
00657936
00658041
00658168
00658235
00658243
00658247
00658260
00658270
00658310
00658333
00658394
00658494
00658511
00658631
00658674
00658736
00658910
00659039
00659076
00659126
00659161
00659163
00659180
00659233
00659308
00659338
00659525
00659545
00659581
00659602
00659680
00659686
00659711
00659751
00659771
00659804
00659808
00659817
00659846
00659956
00660009
00660207
00660209
00660217
00660231
00660285
00660300
00660353
00660394
00660398
00660506
00660529
00660571
00660617
00660638
00660687
00660733
00660809
00660869
00660972
00661014
00661077
00661097
00661137
00661143
00661199
00661204
00661385
00661389
00661436
00661468
00661492
00661570
00661596
00661600
00661616
00661624
00661634
00661656
00661717
00661724
00661734
00661803
00661821
00661846
00661899
00662011
00662052
00662264
00662283
00662291
00662312
00662572
00662634
00662664
00662682
00662705
00662709
00662745
00662799
00662857
00662884
00662888
00662919
00663009
00663074
00663097
00663120
00663125
00663158
00663165
00663201
00663203
00663207
00663209
00663216
00663246
00663257
00663262
00663281
00663365
00663368
00663546
00663559
00663587
00663639
00663648
00663761
00663815
00663826
00663896
00663956
00664075
00664150
00664167
00664179
00664252
00664261
00664343
00664420
00664506
00664517
00664529
00664573
00664661
00664672
00664680
00664698
00664729
00664748
00664788
00664795
00664801
00664819
00664899
00664952
00664957
00664960
00664966
00664977
00664996
00665000
00665027
00665033
00665038
00665040
00665052
00665121
00665138
00665168
00665181
00665207
00665249
00665275
00665361
00665365
00665550
00665631
00665644
00665658
00665662
00665665
00665677
00665712
00665751
00665807
00665944
00666010
00666033
00666039
00666083
00666098
00666187
00666216
00666255
00666345
00666380
00666596
00666616
00666641
00666672
00666739
00666768
00666774
00666801
00666829
00666893
00666971
00667077
00667120
00667156
00667478
00668207
00668369
00668426
00668458
00668491
00668501
00668536
00668569
00668661
00668706
00668779
00668811
00668832
00668864
00668879
00668882
00668889
00668931
00668933
00668953
00668984
00669241
00669266
00669290
00669448
00669455
00669463
00669468
00669473
00669569
00669576
00669589
00669619
00669791
00669833
00669914
00669965
00669978
00670105
00670226
00670257
00670267
00670274
00670334
00670369
00670408
00670421
00670423
00670425
00670434
00670444
00670454
00670460
00670475
00670496
00670543
00670563
00670717
00670787
00670789
00670792
00670818
00671038
00671090
00671092
00671126
00671184
00671201
00671249
00671278
00671618
00671894
00671943
00671988
00672098
00672126
00672264
00672274
00672309
00672355
00672362
00672394
00672429
00672487
00672536
00672546
00672569
00672623
00672657
00672802
00672805
00672902
00672904
00672966
00673167
00673261
00673276
00673283
00673304
00673316
00673385
00673396
00673524
00673530
00673551
00673665
00673727
00673776
00673798
00673836
00673868
00673909
00673939
00673947
00673971
00673974
00674085
00674106
00674114
00674168
00674193
00674204
00674221
00674236
00674238
00674240
00674253
00674293
00674317
00674355
00674392
00674407
00674457
00674468
00674493
00674518
00674520
00674522
00674525
00674549
00674559
00674578
00674583
00674603
00674698
00674717
00674792
00674808
00675170
00675248
00675296
00675359
00675391
00675463
00675474
00675493
00675500
00675502
00675506
00675531
00675535
00675539
00675556
00675558
00675576
00675602
00675613
00675619
00675668
00675794
00675864
00675872
00675878
00675900
00675957
00675992
00676006
00676034
00676043
00676061
00676070
00676094
00676102
00676152
00676156
00676171
00676199
00676218
00676237
00676301
00676380
00676410
00676583
00676591
00676678
00676695
00676758
00676794
00676841
00676852
00676876
00676887
00676966
00677033
00677058
00677064
00677152
00677218
00677225
00677253
00677281
00677289
00677332
00677355
00677411
00677465
00677610
00677621
00677694
00677729
00677793
00677856
00677973
00678053
00678098
00678128
00678169
00678190
00678223
00678354
00678385
00678445
00678509
00678518
00678523
00678539
00678561
00678583
00678654
00678712
00678746
00678767
00678777
00678845
00678854
00678873
00678892
00678962
00678987
00678999
00679016
00679022
00679083
00679105
00679112
00679120
00679238
00679261
00679303
00679378
00679524
00679526
00679585
00679692
00679852
00679855
00679890
00679909
00680053
00680069
00680159
00680214
00680237
00680286
00680312
00680413
00680429
00680470
00680514
00680600
00680612
00680671
00680696
00680748
00680918
00680920
00680925
00680932
00681027
00681051
00681053
00681056
00681114
00681175
00681190
00681227
00681323
00681476
00681529
00681532
00681550
00681552
00681554
00681581
00681589
00681596
00681602
00681617
00681630
00681735
00681755
00681776
00681795
00681806
00681811
00681829
00681835
00681839
00681870
00681889
00681898
00681939
00681982
00681990
00682001
00682022
00682025
00682042
00682059
00682061
00682072
00682099
00682108
00682110
00682113
00682119
00682123
00682125
00682132
00682136
00682157
00682165
00682172
00682181
00682185
00682187
00682199
00682203
00682232
00682235
00682238
00682243
00682246
00682250
00682254
00682281
00682326
00682372
00682442
00682478
00682513
00682542
00682658
00682823
00682956
00683073
00683082
00683089
00683128
00683204
00683215
00683243
00683265
00683309
00683313
00683332
00683502
00683512
00683527
00683587
00683605
00683612
00683649
00683659
00683674
00683687
00683712
00683785
00683794
00683846
00683876
00683932
00684008
00684014
00684048
00684064
00684087
00684089
00684091
00684123
00684222
00684353
00684428
00684439
00684512
00684563
00684579
00684621
00684690
00684753
00684763
00684810
00684839
00684927
00684937
00684939
00685096
00685203
00685245
00685250
00685263
00685277
00685279
00685287
00685299
00685332
00685350
00685392
00685403
00685415
00685417
00685434
00685442
00685449
00685455
00685476
00685481
00685498
00685510
00685513
00685541
00685569
00685573
00685582
00685597
00685606
00685608
00685620
00685632
00685661
00685673
00685677
00685688
00685697
00685719
00685769
00685823
00685837
00685840
00685858
00685865
00685870
00685875
00685878
00685886
00685888
00685891
00685893
00685897
00685900
00685902
00685904
00685911
00685914
00685916
00685921
00685934
00685943
00685956
00685993
00686005
00686018
00686129
00686155
00686214
00686257
00686307
00686355
00686453
00686541
00686556
00686577
00686581
00686688
00686692
00686713
00686725
00686750
00686846
00686966
00686990
00686994
00687013
00687022
00687027
00687065
00687067
00687073
00687081
00687093
00687158
00687216
00687677
00687773
00687803
00687857
00687859
00687866
00687880
00688094
00688098
00688116
00688121
00688332
00688351
00688516
00688535
00688550
00688567
00688640
00688674
00688676
00688693
00688695
00688708
00688712
00688723
00688742
00688800
00688805
00688831
00688888
00688905
00688923
00688925
00688956
00688961
00688972
00688974
00689042
00689048
00689083
00689106
00689273
00689347
00689374
00689434
00689542
00689553
00689604
00689610
00689614
00689621
00689630
00689639
00689691
00689694
00689777
00689828
00689864
00689878
00689939
00690063
00690115
00690448
00690545
00690558
00690593
00690634
00690898
00691115
00691118
00691138
00691166
00691175
00691244
00691269
00691358
00691365
00691475
00691585
00691672
00691830
00691894
00691906
00691921
00691936
00691994
00692028
00692032
00692039
00692045
00692121
00692129
00692268
00692413
00692460
00692495
00692501
00692518
00692531
00692617
00692644
00692648
00692749
00692876
00693044
00693071
00693088
00693166
00693269
00693324
00693354
00693379
00693418
00693515
00693534
00693542
00693560
00693660
00693788
00693861
00693900
00693914
00693934
00693968
00693974
00694010
00694024
00694067
00694167
00694218
00694311
00694843
00694883
00694899
00694955
00694959
00695031
00695053
00695070
00695090
00695138
00695149
00695161
00695177
00695194
00695198
00695207
00695297
00695312
00695345
00695359
00695382
00695438
00695458
00695494
00695539
00695687
00695697
00695701
00695714
00695721
00695730
00695742
00695751
00695789
00695920
00695953
00695955
00695976
00696012
00696145
00696154
00696179
00696252
00696258
00696272
00696380
00696405
00696428
00696443
00696456
00696481
00696484
00696491
00696532
00696549
00696624
00696741
00696801
00696820
00696846
00696865
00696881
00696889
00696923
00696930
00696933
00696948
00696976
00697074
00697123
00697172
00697185
00697212
00697291
00697315
00697357
00697410
00697438
00697457
00697486
00697496
00697501
00697506
00697521
00697550
00697659
00697707
00697801
00697902
00697945
00697981
00697998
00698015
00698018
00698058
00698092
00698266
00698325
00698353
00698378
00698398
00698442
00698525
00698582
00698852
00698866
00698876
00698892
00698928
00698956
00698989
00699026
00699032
00699218
00699246
00699257
00699259
00699315
00699332
00699367
00699413
00699442
00699444
00699751
00699755
00699777
00699805
00699879
00699902
00699904
00699908
00699911
00699933
00699940
00699974
00700005
00700022
00700030
00700073
00700110
00700159
00700228
00700552
00700642
00700681
00700702
00700721
00700752
00700770
00701050
00701214
00701232
00701347
00701525
00701572
00701666
00701760
00701839
00701873
00702070
00702096
00702134
00702139
00702143
00702191
00702193
00702205
00702227
00702355
00702363
00702471
00702482
00702489
00702550
00702574
00702628
00702676
00702728
00702762
00702767
00702770
00702774
00702784
00702801
00702805
00702818
00702833
00702837
00702842
00702867
00702877
00702882
00702892
00702895
00702899
00702908
00702943
00703027
00703046
00703048
00703101
00703106
00703181
00703230
00703257
00703268
00703301
00703351
00703427
00703445
00703501
00703600
00703658
00703694
00703710
00703762
00703785
00703787
00703921
00703933
00703942
00703983
00704040
00704158
00704163
00704237
00704256
00704414
00704422
00704457
00704463
00704465
00704467
00704501
00704628
00704700
00704755
00704772
00704796
00704879
00704924
00704947
00704959
00704972
00704979
00705063
00705081
00705121
00705125
00705215
00705241
00705248
00705250
00705254
00705266
00705292
00705297
00705323
00705340
00705402
00705418
00705433
00705528
00705643
00705673
00705692
00705724
00705760
00705822
00705847
00705867
00705905
00705953
00705956
00706083
00706187
00706494
00706566
00706577
00706581
00706594
00706790
00706794
00706871
00706892
00706909
00706964
00707013
00707045
00707338
00707345
00707363
00707546
00707618
00707647
00707677
00707733
00707901
00707985
00707993
00707995
00707998
00708000
00708003
00708025
00708033
00708048
00708053
00708057
00708206
00708218
00708249
00708366
00708437
00708475
00708497
00708500
00708580
00708608
00708655
00708757
00708769
00708820
00708932
00708961
00708963
00708980
00709014
00709056
00709229
00709284
00709311
00709325
00709453
00709482
00709495
00709504
00709550
00709600
00709670
00709758
00709786
00709809
00709870
00709979
00709981
00710091
00710171
00710249
00710436
00710463
00710470
00710499
00710584
00710626
00710669
00710681
00710694
00710725
00710756
00710773
00710863
00710928
00710953
00710995
00711005
00711129
00711172
00711200
00711240
00711260
00711289
00711330
00711334
00711368
00711410
00711452
00711550
00711602
00711631
00711793
00711809
00711874
00711885
00711951
00712009
00712019
00712042
00712056
00712100
00712110
00712138
00712157
00712176
00712192
00712236
00712268
00712310
00712425
00712528
00712545
00712590
00712592
00712596
00712629
00712676
00712699
00712733
00712806
00712817
00712857
00712904
00713004
00713071
00713097
00713121
00713155
00713166
00713290
00713309
00713320
00713376
00713396
00713448
00713547
00713564
00713593
00713679
00713705
00713757
00713764
00713889
00713983
00714252
00714290
00714295
00714332
00714346
00714376
00714437
00714479
00714498
00714507
00714512
00714516
00714521
00714525
00714563
00714568
00714579
00714589
00714594
00714635
00714650
00714652
00714658
00714679
00714691
00714756
00714770
00714855
00714882
00714902
00714909
00714936
00714950
00715006
00715020
00715041
00715138
00715179
00715202
00715215
00715224
00715300
00715398
00715487
00715504
00715519
00715529
00715563
00715573
00715598
00715703
00715740
00715754
00715786
00715789
00715795
00715907
00715920
00715957
00716014
00716034
00716052
00716069
00716084
00716108
00716130
00716263
00716265
00716314
00716388
00716661
00716679
00716691
00716722
00716725
00716772
00716848
00716891
00717015
00717026
00717093
00717167
00717331
00717353
00717369
00717408
00717411
00717432
00717484
00717558
00717572
00717601
00717680
00717739
00717798
00717841
00717901
00717908
00717912
00717934
00717951
00717977
00717983
00717993
00718029
00718032
00718091
00718094
00718138
00718155
00718161
00718215
00718242
00718319
00718352
00718358
00718363
00718368
00718395
00718414
00718425
00718434
00718460
00718530
00718536
00718568
00718601
00718631
00718744
00718748
00718768
00718800
00718823
00718879
00718985
00718993
00719063
00719078
00719198
00719201
00719230
00719271
00719278
00719293
00719298
00719328
00719334
00719337
00719353
00719390
00719415
00719483
00719570
00719607
00719616
00719705
00719721
00719723
00719763
00719773
00719775
00719816
00719899
00719924
00719970
00719975
00720021
00720027
00720032
00720049
00720111
00720118
00720122
00720131
00720165
00720258
00720282
00720295
00720469
00720778
00720788
00720810
00720865
00720920
00720975
00721071
00721084
00721099
00721115
00721126
00721152
00721167
00721186
00721191
00721203
00721228
00721230
00721232
00721262
00721293
00721358
00721428
00721530
00721541
00721543
00721567
00721585
00721629
00721637
00721642
00721689
00721699
00721707
00721742
00721793
00721802
00721902
00722007
00722058
00722072
00722077
00722111
00722172
00722174
00722190
00722206
00722242
00722271
00722316
00722362
00722372
00722505
00722547
00722688
00722693
00722721
00722741
00722743
00722784
00722794
00722826
00722841
00722866
00722900
00722906
00722918
00722920
00722952
00722957
00722999
00723116
00723159
00723165
00723231
00723253
00723285
00723330
00723339
00723351
00723358
00723389
00723479
00723486
00723525
00723658
00723685
00723775
00723787
00723844
00723955
00724003
00724011
00724021
00724039
00724078
00724143
00724169
00724171
00724222
00724237
00724247
00724258
00724262
00724311
00724390
00724405
00724443
00724467
00724538
00724620
00724699
00724702
00724723
00724803
00724841
00724845
00724923
00724949
00724975
00725159
00725240
00725468
00725475
00725479
00725522
00725537
00725553
00725557
00725609
00725640
00725742
00725745
00725786
00725844
00725981
00726109
00726136
00726141
00726152
00726154
00726171
00726177
00726229
00726271
00726298
00726320
00726327
00726359
00726431
00726447
00726469
00726471
00726511
00726907
00727117
00727134
00727145
00727220
00727301
00727332
00727447
00727483
00727489
00727507
00727569
00727612
00727646
00727692
00727698
00727742
00727766
00727807
00727823
00727844
00727847
00727853
00727855
00727858
00727866
00727887
00727897
00727901
00727909
00727912
00727914
00727916
00727918
00727920
00727922
00727926
00727953
00727977
00728010
00728054
00728092
00728118
00728131
00728138
00728141
00728159
00728167
00728292
00728304
00728466
00728520
00728617
00728634
00728646
00728687
00728718
00728754
00728829
00728848
00728885
00728923
00729003
00729034
00729161
00729336
00729340
00729391
00729434
00729493
00729528
00729614
00729622
00729628
00729642
00729688
00729704
00729707
00729803
00729845
00729858
00729884
00729935
00729937
00729940
00730008
00730024
00730031
00730109
00730321
00730350
00730371
00730438
00730442
00730629
00730640
00730714
00730854
00730958
00730975
00730979
00731046
00731059
00731061
00731155
00731213
00731224
00731294
00731318
00731375
00731420
00731482
00731500
00731536
00731629
00731646
00731668
00731751
00731763
00731778
00731787
00731797
00731860
00731868
00732149
00732159
00732165
00732193
00732221
00732231
00732271
00732285
00732299
00732316
00732323
00732338
00732411
00732414
00732423
00732430
00732450
00732533
00732595
00732632
00732650
00732735
00732739
00732769
00732787
00732815
00732818
00732820
00732928
00732987
00733074
00733140
00733236
00733373
00733393
00733427
00733449
00733492
00733613
00733747
00733786
00733939
00733950
00733958
00733986
00734018
00734026
00734051
00734091
00734158
00734181
00734203
00734248
00734268
00734306
00734364
00734371
00734454
00734496
00734505
00734515
00734517
00734523
00734864
00734986
00735029
00735037
00735092
00735113
00735147
00735150
00735153
00735155
00735168
00735174
00735196
00735219
00735233
00735255
00735276
00735293
00735307
00735361
00735381
00735414
00735430
00735437
00735475
00735480
00735508
00735598
00735612
00735642
00735654
00735679
00735697
00735700
00735713
00735727
00735733
00735735
00735778
00735789
00735798
00735802
00735806
00735808
00735813
00735833
00735843
00735851
00735864
00735881
00735931
00735985
00736039
00736102
00736128
00736232
00736323
00736360
00736393
00736499
00736553
00736562
00736572
00736589
00736810
00736813
00736843
00736845
00736868
00736879
00736902
00736973
00736976
00736997
00737090
00737110
00737145
00737201
00737264
00737268
00737298
00737300
00737332
00737336
00737362
00737377
00737382
00737389
00737399
00737474
00737476
00737514
00737539
00737541
00737559
00737644
00737673
00737742
00737787
00737958
00737971
00737994
00738007
00738010
00738021
00738107
00738237
00738252
00738254
00738256
00738258
00738262
00738285
00738298
00738302
00738304
00738314
00738333
00738335
00738337
00738340
00738347
00738351
00738361
00738366
00738369
00738371
00738374
00738403
00738409
00738416
00738418
00738420
00738456
00738461
00738495
00738499
00738503
00738509
00738546
00738573
00738605
00738608
00738623
00738641
00738644
00738653
00738661
00738679
00738683
00738708
00738714
00738719
00738728
00738738
00738741
00738753
00738755
00738761
00738764
00738768
00738774
00738780
00738782
00738785
00738790
00738795
00738802
00738809
00738815
00738819
00738825
00738830
00738838
00738840
00738843
00738846
00738848
00738852
00738866
00738869
00738871
00738873
00738879
00738887
00738923
00738971
00738999
00739025
00739050
00739054
00739065
00739071
00739077
00739106
00739117
00739124
00739136
00739142
00739155
00739161
00739176
00739179
00739195
00739240
00739271
00739277
00739296
00739307
00739340
00739394
00739444
00739459
00739461
00739466
00739481
00739488
00739534
00739545
00739555
00739684
00739749
00739760
00739772
00739791
00739794
00739829
00739940
00739981
00740004
00740021
00740071
00740096
00740120
00740203
00740298
00740300
00740303
00740309
00740393
00740539
00740551
00740557
00740560
00740563
00740696
00740709
00740759
00740769
00740875
00740877
00740880
00740895
00740910
00740947
00740978
00741085
00741120
00741164
00741337
00741344
00741359
00741366
00741377
00741381
00741387
00741439
00741569
00741587
00741603
00741615
00741701
00741727
00741755
00741788
00741846
00741855
00741899
00741904
00741909
00741915
00741933
00741945
00741986
00741999
00742132
00742160
00742165
00742169
00742177
00742180
00742188
00742194
00742224
00742260
00742325
00742329
00742333
00742340
00742349
00742355
00742364
00742366
00742370
00742374
00742389
00742403
00742406
00742411
00742418
00742429
00742447
00742488
00742490
00742493
00742531
00742580
00742672
00742683
00742693
00742742
00742746
00742750
00742754
00742757
00742759
00742762
00742775
00742867
00742882
00742910
00742974
00742985
00742987
00742996
00742999
00743011
00743032
00743043
00743053
00743085
00743114
00743209
00743230
00743312
00743314
00743367
00743378
00743426
00743457
00743574
00743615
00743632
00743705
00743712
00743744
00743858
00743921
00743978
00743991
00744007
00744055
00744139
00744200
00744228
00744294
00744338
00744353
00744533
00744554
00744568
00744747
00744792
00744883
00744885
00744904
00744951
00744956
00744979
00745003
00745075
00745123
00745131
00745134
00745163
00745262
00745319
00745355
00745380
00745594
00745601
00745603
00745620
00745625
00745628
00745641
00745673
00745696
00745798
00745892
00745903
00745916
00745923
00746085
00746107
00746126
00746173
00746179
00746215
00746228
00746290
00746443
00746463
00746482
00746491
00746499
00746507
00746584
00746588
00746594
00746603
00746606
00746621
00746721
00746741
00746765
00746796
00746824
00746850
00746862
00746897
00746910
00746912
00746946
00746959
00746986
00746991
00746997
00747047
00747087
00747095
00747100
00747214
00747234
00747327
00747394
00747446
00747592
00747633
00747645
00747694
00747737
00748174
00748211
00748275
00748277
00748280
00748285
00748287
00748289
00748297
00748299
00748301
00748305
00748308
00748310
00748332
00748337
00748351
00748437
00748442
00748446
00748515
00748535
00748570
00748635
00748652
00748663
00748840
00748886
00748923
00748930
00748935
00748993
00749123
00749134
00749141
00749146
00749150
00749152
00749155
00749164
00749179
00749207
00749250
00749281
00749310
00749312
00749351
00749413
00749415
00749500
00749519
00749533
00749542
00749551
00749565
00749587
00749668
00749702
00749740
00749749
00749765
00749768
00749770
00749781
00749789
00749804
00749817
00749841
00749973
00750008
00750025
00750035
00750105
00750224
00750244
00750295
00750304
00750349
00750377
00750544
00750602
00750614
00750620
00750656
00750727
00750729
00750732
00750767
00750930
00750937
00751000
00751032
00751050
00751103
00751234
00751321
00751415
00751426
00751451
00751477
00751526
00751645
00751799
00751862
00751935
00751938
00751947
00752185
00752187
00752401
00752410
00752456
00752698
00752797
00752803
00752851
00752943
00752964
00752970
00753039
00753109
00753127
00753200
00753394
00753419
00753445
00753507
00753676
00753906
00753990
00754052
00754143
00754147
00754181
00754323
00754356
00754387
00754500
00754525
00754588
00754654
00754711
00754759
00754842
00754898
00754957
00754988
00754999
00755134
00755136
00755183
00755208
00755279
00755315
00755351
00755385
00755418
00755460
00755494
00755524
00755567
00755703
00755828
00755861
00755984
00755994
00756012
00756132
00756215
00756232
00756236
00756244
00756252
00756275
00756281
00756322
00756498
00756500
00756502
00756572
00756588
00756609
00756645
00756681
00756691
00756791
00756803
00756840
00756939
00756978
00756994
00757126
00757156
00757177
00757219
00757250
00757370
00757418
00757475
00757518
00757525
00757527
00757542
00757581
00757591
00757625
00757654
00757676
00757761
00757775
00757777
00757785
00757805
00757827
00757833
00757855
00757895
00757905
00757920
00758056
00758096
00758123
00758182
00758184
00758233
00758242
00758275
00758333
00758507
00758518
00758528
00758576
00758581
00758614
00758798
00758920
00758944
00759007
00759009
00759165
00759187
00759194
00759300
00759308
00759313
00759326
00759344
00759359
00759366
00759379
00759391
00759395
00759405
00759423
00759436
00759449
00759451
00759462
00759470
00759478
00759488
00759502
00759512
00759515
00759527
00759535
00759542
00759630
00759752
00759785
00759809
00759867
00759873
00759975
00760301
00760336
00760414
00760441
00760475
00760557
00760621
00760624
00760703
00760961
00761036
00761069
00761114
00761116
00761118
00761131
00761197
00761202
00761218
00761290
00761434
00761553
00761568
00761601
00761605
00761611
00761628
00761673
00761700
00761736
00761797
00761834
00761930
00761980
00761994
00762013
00762022
00762078
00762092
00762129
00762141
00762177
00762204
00762225
00762279
00762329
00762359
00762384
00762493
00762515
00762678
00762721
00762730
00762792
00762816
00762835
00762847
00762909
00762942
00762969
00763047
00763049
00763096
00763205
00763231
00763261
00763282
00763293
00763305
00763317
00763346
00763452
00763475
00763571
00763578
00763587
00763592
00763638
00763654
00763666
00763711
00763717
00763754
00763788
00763862
00763958
00763963
00764003
00764024
00764056
00764139
00764220
00764257
00764295
00764361
00764371
00764393
00764471
00764485
00764540
00764559
00764564
00764638
00764652
00764672
00764683
00764880
00764892
00764894
00764918
00764948
00765002
00765004
00765054
00765060
00765095
00765122
00765160
00765220
00765222
00765286
00765407
00765502
00765522
00765541
00765544
00765583
00765596
00765635
00765651
00765690
00765707
00765727
00765740
00765825
00765884
00765902
00765911
00765925
00765947
00765976
00765985
00766044
00766086
00766104
00766134
00766164
00766198
00766221
00766248
00766292
00766318
00766351
00766484
00766498
00766541
00766581
00766628
00766647
00766721
00766739
00766754
00766875
00766979
00767217
00767244
00767265
00767267
00767269
00767380
00767399
00767433
00767468
00767545
00767592
00767622
00767657
00767827
00767881
00767912
00767914
00767922
00767926
00767980
00767993
00768022
00768229
00768301
00768303
00768317
00768351
00768372
00768381
00768408
00768410
00768482
00768517
00768579
00768583
00768631
00768710
00768774
00768810
00768974
00769060
00769292
00769314
00769347
00769434
00769466
00769491
00769532
00769606
00769657
00769663
00769678
00769717
00769778
00769787
00769825
00769878
00769914
00769922
00769948
00769974
00770009
00770081
00770153
00770155
00770198
00770324
00770353
00770383
00770422
00770503
00770539
00770554
00770679
00770761
00770811
00770853
00770883
00770974
00770977
00771056
00771062
00771129
00771132
00771145
00771175
00771220
00771223
00771268
00771451
00771584
00771638
00771650
00771707
00771817
00771863
00771986
00772010
00772058
00772094
00772110
00772126
00772140
00772142
00772184
00772197
00772209
00772354
00772361
00772377
00772385
00772425
00772453
00772478
00772557
00772575
00772601
00772617
00772625
00772637
00772702
00772857
00772860
00772880
00772917
00772962
00772979
00772996
00772998
00773002
00773008
00773016
00773071
00773099
00773155
00773191
00773238
00773372
00773398
00773413
00773432
00773475
00773480
00773536
00773562
00773597
00773668
00773715
00773740
00773867
00773886
00773919
00773978
00774044
00774224
00774251
00774261
00774343
00774550
00774617
00774655
00774714
00774723
00774769
00774904
00775082
00775128
00775205
00775277
00775486
00775545
00775591
00775633
00775650
00775672
00775694
00775699
00775788
00775806
00775892
00775928
00775964
00776069
00776211
00776358
00776826
00776830
00776833
00776842
00776845
00776851
00776854
00776858
00776896
00776907
00776912
00776916
00776980
00777032
00777047
00777116
00777124
00777232
00777256
00777276
00777309
00777313
00777385
00777406
00777427
00777504
00777558
00777565
00777567
00777620
00777623
00777858
00777901
00778116
00778154
00778358
00778370
00778406
00778442
00778493
00778537
00778546
00778711
00778767
00778809
00778812
00778834
00778860
00778892
00778900
00779051
00779075
00779106
00779117
00779148
00779190
00779200
00779235
00779254
00779273
00779281
00779292
00779298
00779305
00779312
00779316
00779331
00779365
00779367
00779370
00779384
00779394
00779399
00779402
00779405
00779409
00779411
00779413
00779417
00779433
00779451
00779566
00779766
00779784
00779836
00779871
00779937
00779947
00779974
00780007
00780103
00780106
00780252
00780350
00780367
00780370
00780388
00780411
00780440
00780533
00780575
00780590
00780641
00780649
00780651
00780656
00780676
00780750
00780805
00780840
00780860
00780865
00780878
00780976
00781022
00781091
00781141
00781345
00781376
00781386
00781396
00781480
00781502
00781505
00781517
00781610
00781627
00781657
00781759
00781786
00781824
00781987
00782073
00782109
00782156
00782275
00782308
00782323
00782339
00782570
00782577
00782582
00782726
00782864
00782888
00782937
00783035
00783058
00783147
00783216
00783221
00783298
00783306
00783310
00783312
00783339
00783425
00783443
00783450
00783497
00783506
00783517
00783522
00783561
00783573
00783578
00783613
00783645
00783653
00783702
00783730
00783804
00783808
00783817
00783822
00783852
00783928
00783945
00783954
00783956
00784029
00784197
00784227
00784246
00784263
00784329
00784381
00784419
00784464
00784485
00784520
00784571
00784780
00784788
00784791
00784793
00784797
00784802
00784813
00784837
00784839
00784842
00784850
00784889
00784925
00784970
00784988
00785013
00785078
00785102
00785107
00785119
00785125
00785214
00785285
00785298
00785360
00785363
00785507
00785517
00785524
00785579
00785581
00785706
00785728
00785767
00785817
00785847
00785858
00785871
00785915
00785919
00785992
00786089
00786107
00786145
00786244
00786269
00786291
00786354
00786381
00786474
00786491
00786507
00786527
00786553
00786726
00786760
00786876
00787050
00787086
00787117
00787131
00787175
00787181
00787211
00787215
00787239
00787268
00787272
00787293
00787306
00787321
00787361
00787366
00787401
00787414
00787421
00787459
00787465
00787531
00787581
00787586
00787599
00787604
00787612
00787616
00787623
00787633
00787635
00787654
00787694
00787751
00787784
00787822
00787872
00787876
00787896
00787940
00787975
00788025
00788027
00788089
00788125
00788128
00788146
00788170
00788223
00788266
00788276
00788281
00788286
00788312
00788314
00788399
00788425
00788447
00788576
00788606
00788673
00788677
00788753
00788791
00788859
00788870
00788905
00788930
00788957
00788970
00789027
00789070
00789138
00789140
00789158
00789254
00789257
00789315
00789342
00789357
00789412
00789488
00789510
00789517
00789668
00789670
00789690
00789694
00789726
00789754
00789787
00789807
00789814
00789912
00789974
00789979
00790045
00790060
00790100
00790126
00790177
00790224
00790228
00790250
00790268
00790291
00790324
00790332
00790336
00790346
00790352
00790390
00790417
00790426
00790546
00790597
00790606
00790612
00790622
00790626
00790633
00790655
00790667
00790674
00790680
00790700
00790707
00790766
00790770
00790772
00790810
00790862
00790898
00790964
00791002
00791020
00791052
00791062
00791071
00791073
00791089
00791105
00791135
00791158
00791171
00791191
00791197
00791211
00791253
00791259
00791268
00791270
00791278
00791282
00791311
00791316
00791320
00791326
00791353
00791382
00791394
00791420
00791430
00791504
00791545
00791607
00791612
00791618
00791661
00791778
00791782
00791786
00791799
00791835
00791908
00791956
00791963
00792045
00792137
00792167
00792204
00792223
00792245
00792270
00792339
00792435
00792559
00792593
00792672
00792795
00792836
00792846
00792850
00792853
00792889
00792894
00792931
00793062
00793126
00793144
00793147
00793214
00793280
00793370
00793432
00793458
00793522
00793536
00793539
00793569
00793612
00793623
00793696
00793722
00793727
00793732
00793744
00793760
00793822
00794012
00794032
00794050
00794077
00794111
00794154
00794178
00794180
00794197
00794239
00794255
00794331
00794363
00794365
00794374
00794410
00794479
00794532
00794575
00794592
00794607
00794649
00794686
00794713
00794782
00794872
00795033
00795043
00795064
00795088
00795102
00795115
00795142
00795148
00795151
00795232
00795260
00795278
00795328
00795391
00795447
00795453
00795460
00795658
00795738
00795741
00795751
00795781
00795846
00795885
00795925
00796077
00796202
00796204
00796226
00796286
00796363
00796391
00796456
00796481
00796499
00796579
00796708
00796747
00796754
00796787
00796835
00796837
00796839
00796858
00796872
00796915
00796939
00796970
00797010
00797142
00797243
00797290
00797375
00797433
00797437
00797446
00797457
00797478
00797494
00797505
00797515
00797526
00797643
00797722
00797732
00797755
00797787
00797809
00797853
00797872
00797883
00797886
00797899
00797913
00798215
00798349
00798475
00798501
00798503
00798507
00798509
00798567
00798624
00798685
00798695
00798759
00798845
00798925
00798931
00798990
00799012
00799023
00799050
00799161
00799170
00799225
00799266
00799299
00799348
00799408
00799464
00799586
00799597
00799761
00799805
00799818
00799847
00799854
00799900
00800020
00800167
00800212
00800306
00800377
00800381
00800388
00800393
00800406
00800423
00800484
00800487
00800580
00800609
00800650
00800657
00800737
00800789
00800811
00800826
00800856
00800943
00800954
00800975
00800983
00800992
00800998
00801010
00801032
00801077
00801097
00801106
00801176
00801196
00801205
00801224
00801258
00801274
00801284
00801302
00801328
00801356
00801379
00801392
00801406
00801432
00801725
00801754
00801781
00801799
00801876
00801925
00802052
00802062
00802187
00802283
00802316
00802365
00802401
00802456
00802466
00802510
00802547
00802555
00802562
00802651
00802746
00802753
00802807
00803077
00803103
00803133
00803156
00803282
00803295
00803327
00803350
00803354
00803372
00803390
00803394
00803406
00803457
00803463
00803473
00803501
00803518
00803528
00803542
00803605
00803656
00803683
00803789
00804008
00804025
00804059
00804069
00804079
00804087
00804226
00804231
00804238
00804305
00804427
00804472
00804531
00804597
00804647
00804674
00804945
00804973
00805055
00805100
00805102
00805111
00805333
00805369
00805420
00805422
00805460
00805464
00805600
00805618
00805761
00805848
00806145
00806189
00806359
00806396
00806415
00806600
00806604
00806643
00806746
00806791
00806799
00806802
00806858
00806877
00806888
00806890
00806917
00806921
00806923
00806984
00807100
00807130
00807187
00807207
00807277
00807306
00807335
00807367
00807454
00807458
00807602
00807633
00807672
00807678
00807684
00807735
00807761
00807878
00807894
00807911
00807951
00807962
00807969
00807990
00808025
00808027
00808073
00808111
00808213
00808254
00808280
00808320
00808335
00808345
00808356
00808369
00808389
00808508
00808521
00808570
00808589
00808603
00808629
00808652
00808765
00808816
00808828
00808840
00808856
00808866
00808976
00808998
00809160
00809195
00809201
00809224
00809325
00809488
00809558
00809581
00809671
00809678
00809688
00809702
00809734
00809799
00809810
00809829
00809838
00809945
00810140
00810170
00810174
00810243
00810398
00810521
00810558
00810672
00810677
00810683
00810723
00810813
00810824
00810856
00810875
00810975
00810993
00811013
00811093
00811122
00811125
00811188
00811234
00811255
00811270
00811303
00811314
00811331
00811357
00811374
00811460
00811475
00811499
00811514
00811529
00811570
00811614
00811648
00811731
00811733
00811767
00811785
00811809
00811870
00811924
00812027
00812032
00812141
00812293
00812323
00812329
00812383
00812441
00812483
00812512
00812533
00812583
00812650
00812685
00812738
00812759
00812815
00812836
00812902
00812963
00813093
00813394
00813456
00813594
00813605
00813688
00813717
00813922
00813964
00814043
00814065
00814082
00814108
00814171
00814185
00814224
00814226
00814237
00814303
00814305
00814307
00814375
00814411
00814426
00814462
00814464
00814466
00814488
00814634
00814658
00814672
00814682
00814698
00814718
00814747
00814760
00814831
00814838
00814841
00814849
00815043
00815101
00815192
00815218
00815264
00815323
00815337
00815403
00815433
00815513
00815793
00815829
00815868
00815879
00815920
00815966
00816050
00816088
00816176
00816250
00816432
00816434
00816459
00816518
00816529
00816595
00816607
00816633
00816640
00816703
00816715
00816766
00816769
00816790
00816808
00816829
00816874
00816898
00816979
00817043
00817077
00817219
00817291
00817335
00817349
00817364
00817427
00817494
00817513
00817523
00817561
00817809
00817880
00818087
00818103
00818153
00818189
00818279
00818347
00818354
00818386
00818419
00818528
00818567
00818643
00818690
00818694
00818759
00818857
00818929
00819049
00819073
00819185
00819248
00819313
00819322
00819356
00819449
00819492
00819746
00819755
00819759
00819784
00819829
00819838
00820170
00820207
00820258
00820322
00820342
00820353
00820557
00820602
00820615
00820618
00820644
00820673
00820830
00820870
00820888
00820922
00821014
00821201
00821206
00821364
00821384
00821440
00821472
00821587
00821598
00821600
00821602
00821606
00821613
00821621
00821631
00821663
00821680
00821814
00821864
00821935
00821992
00822020
00822068
00822136
00822298
00822359
00822473
00822530
00822603
00822654
00822680
00822722
00822781
00822795
00822918
00823038
00823143
00823148
00823170
00823439
00823531
00823550
00823749
00823775
00823781
00823784
00823791
00823793
00823800
00823839
00823877
00823897
00823934
00823963
00823980
00824001
00824004
00824049
00824070
00824078
00824098
00824176
00824264
00824321
00824333
00824349
00824366
00824471
00824531
00824585
00824595
00824646
00824757
00824778
00824852
00824878
00824934
00824965
00825001
00825049
00825054
00825064
00825099
00825115
00825171
00825213
00825270
00825383
00825455
00825467
00825484
00825536
00825552
00825594
00825615
00825644
00825803
00825843
00825868
00825897
00825907
00825915
00825923
00825932
00825972
00825974
00826059
00826133
00826159
00826183
00826205
00826221
00826232
00826235
00826287
00826316
00826342
00826358
00826377
00826481
00826491
00826495
00826502
00826563
00826731
00826879
00826917
00827028
00827060
00827177
00827230
00827264
00827294
00827331
00827399
00827460
00827482
00827523
00827538
00827569
00827665
00827704
00827796
00827873
00827875
00827973
00828023
00828043
00828068
00828091
00828148
00828338
00828356
00828400
00828472
00828495
00828609
00828613
00828673
00828691
00828716
00828743
00828902
00828908
00828911
00829127
00829132
00829200
00829221
00829234
00829490
00829525
00829529
00829532
00829537
00829679
00829809
00829917
00830002
00830310
00830378
00830416
00830570
00830572
00830770
00830934
00830969
00830994
00831061
00831167
00831254
00831265
00831277
00831330
00831397
00831470
00831497
00831551
00831617
00831627
00831703
00831717
00831742
00831767
00831770
00831775
00831801
00832099
00832147
00832162
00832172
00832252
00832355
00832460
00832474
00832497
00832511
00832534
00832546
00832575
00832579
00832704
00832768
00832816
00832889
00832978
00833018
00833356
00833441
00833454
00833636
00833673
00833736
00833818
00833996
00834027
00834078
00834098
00834157
00834218
00834225
00834262
00834376
00834381
00834476
00834592
00834670
00834684
00834731
00834760
00834802
00834900
00834942
00834949
00834985
00835029
00835259
00835286
00835354
00835438
00835723
00835778
00835782
00835789
00835824
00836106
00836123
00836157
00836258
00836431
00836490
00836498
00836684
00836693
00836713
00836794
00836869
00836874
00836879
00836881
00836887
00836911
00836975
00837089
00837168
00837194
00837213
00837223
00837235
00837323
00837351
00837356
00837407
00837410
00837484
00837507
00837562
00837591
00837619
00837623
00837660
00837822
00837847
00837935
00837971
00838016
00838049
00838056
00838089
00838110
00838186
00838207
00838242
00838246
00838306
00838457
00838583
00838638
00838702
00838753
00838863
00838912
00838923
00838931
00838944
00839090
00839131
00839232
00839347
00839466
00839605
00839626
00839657
00839684
00839723
00839847
00839859
00839868
00840036
00840057
00840076
00840099
00840115
00840127
00840129
00840287
00840485
00840659
00840710
00840745
00840760
00840800
00840834
00840886
00840924
00840942
00840951
00840955
00841005
00841073
00841112
00841159
00841194
00841271
00841296
00841369
00841406
00841437
00841448
00841507
00841512
00841514
00841607
00841837
00841866
00841905
00841918
00841958
00841978
00842021
00842134
00842295
00842518
00842531
00842799
00842856
00843299
00843360
00843400
00843446
00843529
00843554
00843598
00843713
00843821
00843864
00843960
00844130
00844146
00844187
00844442
00844566
00844629
00844664
00844666
00844794
00844796
00844849
00844916
00844955
00844970
00844976
00845029
00845086
00845090
00845092
00845096
00845150
00845181
00845370
00845382
00845432
00845484
00845517
00845543
00845569
00845651
00845818
00845855
00845918
00845943
00846086
00846155
00846199
00846398
00846416
00846470
00846490
00846556
00846577
00846594
00846673
00846710
00846766
00846780
00846825
00846874
00846947
00846984
00847033
00847063
00847105
00847260
00847267
00847307
00847337
00847342
00847360
00847386
00847428
00847459
00847477
00847525
00847610
00847630
00847670
00847682
00847706
00847857
00847925
00848024
00848091
00848144
00848195
00848235
00848274
00848290
00848319
00848346
00848348
00848425
00848504
00848566
00848574
00848701
00848705
00848755
00848817
00848869
00848964
00849049
00849506
00849618
00849662
00849804
00849871
00849950
00849993
00850002
00850082
00850099
00850106
00850129
00850156
00850229
00850275
00850335
00850515
00850559
00850611
00850627
00850661
00850807
00850833
00850894
00850929
00850969
00850984
00851021
00851033
00851042
00851118
00851134
00851164
00851213
00851263
00851268
00851314
00851330
00851342
00851388
00851422
00851437
00851483
00851494
00851534
00851572
00851602
00851609
00851636
00851652
00851678
00851683
00851735
00851799
00851830
00851909
00851936
00852000
00852069
00852071
00852160
00852167
00852172
00852174
00852210
00852266
00852442
00852465
00852493
00852526
00852551
00852626
00852644
00852649
00852685
00852731
00852766
00852791
00852819
00852901
00852938
00852947
00852960
00852992
00853057
00853065
00853105
00853111
00853182
00853187
00853309
00853343
00853363
00853373
00853401
00853406
00853555
00853760
00853764
00853810
00853948
00854034
00854067
00854103
00854209
00854228
00854240
00854255
00854288
00854296
00854347
00854365
00854379
00854434
00854450
00854710
00854904
00854956
00855064
00855144
00855172
00855308
00855315
00855371
00855427
00855514
00855525
00855533
00855589
00855592
00855601
00855654
00855730
00855744
00855819
00855856
00855867
00856060
00856139
00856193
00856271
00856351
00856373
00856391
00856436
00856455
00856483
00856576
00856610
00856704
00856729
00856819
00856858
00856899
00857007
00857105
00857255
00857322
00857344
00857358
00857587
00857593
00857650
00857670
00857755
00857787
00857810
00857838
00857877
00858023
00858357
00858561
00858797
00858844
00858946
00859114
00859157
00859180
00859233
00859245
00859252
00859255
00859312
00859317
00859376
00859400
00859427
00859488
00859566
00859610
00859618
00859656
00859682
00859882
00860014
00860029
00860060
00860171
00860195
00860245
00860255
00860316
00860373
00860384
00860450
00860465
00860537
00860573
00860586
00860596
00860638
00860640
00860690
00860693
00860695
00860730
00860769
00860841
00860865
00861020
00861131
00861325
00861390
00861467
00861469
00861484
00861521
00861559
00861639
00861792
00861809
00861815
00861820
00861824
00861837
00861871
00861894
00861901
00862004
00862012
00862016
00862035
00862045
00862080
00862083
00862109
00862144
00862169
00862191
00862355
00862481
00862536
00862569
00862694
00862697
00862746
00862748
00862819
00862855
00862998
00863102
00863144
00863181
00863191
00863213
00863251
00863296
00863411
00863519
00863576
00863596
00863614
00863684
00863751
00863792
00863804
00863881
00863910
00863929
00863985
00864059
00864071
00864125
00864239
00864244
00864287
00864307
00864349
00864414
00864501
00864523
00864537
00864562
00864566
00864601
00864612
00864622
00864673
00864711
00864764
00864777
00864821
00864851
00864881
00864914
00864920
00865001
00865165
00865274
00865423
00865465
00865553
00865555
00865601
00865614
00865704
00865725
00865790
00865826
00865986
00866024
00866162
00866177
00866216
00866261
00866331
00866333
00866390
00866421
00866425
00866427
00866474
00866477
00866506
00866508
00866513
00866516
00866532
00866576
00866627
00866674
00866762
00866864
00866922
00866943
00866984
00867016
00867026
00867058
00867144
00867348
00867365
00867425
00867476
00867579
00867605
00867631
00867665
00867710
00867746
00867773
00867829
00868124
00868129
00868156
00868162
00868233
00868304
00868327
00868330
00868353
00868400
00868435
00868473
00868528
00868569
00868583
00868642
00868682
00868759
00868772
00868805
00868832
00868881
00868907
00869074
00869121
00869172
00869339
00869393
00869404
00869422
00869475
00869552
00869624
00869627
00869636
00869812
00870003
00870042
00870055
00870191
00870319
00870377
00870455
00870529
00870716
00870886
00870889
00870899
00870901
00870914
00871040
00871112
00871114
00871140
00871351
00871449
00871663
00871675
00871742
00872020
00872068
00872172
00872186
00872206
00872266
00872433
00872514
00872532
00872667
00872677
00872731
00872735
00872738
00872783
00872832
00872850
00872942
00872952
00873015
00873104
00873129
00873163
00873209
00873260
00873271
00873289
00873295
00873318
00873361
00873372
00873411
00873529
00873596
00873615
00873670
00873736
00873808
00873847
00873864
00873978
00874015
00874271
00874354
00874388
00874418
00874435
00874473
00874482
00874532
00874565
00874569
00874595
00874605
00874626
00874686
00874802
00874814
00874849
00874871
00874894
00874914
00874979
00875101
00875114
00875150
00875178
00875217
00875250
00875252
00875351
00875371
00875403
00875498
00875593
00875715
00875782
00875900
00876241
00876354
00876362
00876441
00876444
00876559
00876618
00876671
00876698
00876725
00876753
00876776
00876798
00876902
00876961
00877041
00877059
00877126
00877147
00877227
00877230
00877270
00877281
00877291
00877322
00877331
00877375
00877389
00877392
00877488
00877577
00877596
00877624
00877674
00877684
00877687
00877759
00877768
00877790
00877823
00877946
00878051
00878121
00878129
00878145
00878216
00878229
00878234
00878253
00878314
00878344
00878363
00878401
00878419
00878441
00878460
00878510
00878520
00878648
00878730
00878814
00878848
00878879
00878914
00878957
00878969
00879113
00879220
00879288
00879303
00879331
00879427
00879481
00879536
00879693
00879704
00879726
00879807
00879823
00879834
00879844
00879864
00879868
00879878
00879884
00880017
00880099
00880163
00880241
00880284
00880353
00880373
00880428
00880460
00880518
00880598
00880619
00880647
00880658
00880761
00880763
00880773
00880823
00880860
00880864
00880876
00880900
00880914
00881104
00881138
00881147
00881154
00881219
00881224
00881265
00881280
00881366
00881392
00881480
00881498
00881521
00881585
00881662
00881772
00881788
00881790
00881804
00881860
00881871
00881873
00881914
00881975
00882212
00882263
00882297
00882332
00882501
00882517
00882568
00882631
00882662
00882752
00882761
00882817
00882848
00882891
00882966
00882978
00883002
00883016
00883058
00883082
00883196
00883204
00883221
00883244
00883310
00883477
00883480
00883576
00883763
00883784
00883856
00883968
00884001
00884045
00884055
00884103
00884183
00884217
00884219
00884432
00884537
00884563
00884646
00884648
00884661
00884664
00884693
00884819
00884835
00884868
00884904
00884942
00884984
00885006
00885061
00885223
00885306
00885540
00885688
00885724
00885828
00885905
00885924
00885958
00886017
00886066
00886112
00886121
00886144
00886191
00886221
00886329
00886339
00886351
00886384
00886407
00886466
00886530
00886684
00886686
00886692
00886725
00886786
00887006
00887018
00887221
00887361
00887467
00887485
00887718
00887731
00887865
00887874
00887908
00887932
00888192
00888209
00888274
00888475
00888521
00888594
00888708
00888734
00888736
00888851
00888943
00889029
00889064
00889147
00889259
00889336
00889603
00889650
00889660
00889715
00889734
00889753
00889759
00889870
00889891
00889932
00890014
00890080
00890111
00890130
00890136
00890396
00890433
00890455
00890478
00890480
00890482
00890488
00890509
00890546
00890635
00890664
00890690
00890782
00891033
00891124
00891139
00891143
00891159
00891167
00891195
00891228
00891329
00891419
00891454
00891460
00891475
00891548
00891672
00891703
00891781
00891888
00891937
00892003
00892007
00892011
00892014
00892120
00892125
00892230
00892430
00892479
00892613
00892689
00892707
00892750
00892815
00892820
00892829
00892870
00892906
00892932
00893040
00893101
00893117
00893140
00893191
00893244
00893316
00893335
00893372
00893387
00893435
00893463
00893477
00893504
00893546
00893548
00893572
00893620
00893636
00893641
00893653
00893662
00893671
00893673
00893700
00893709
00893931
00893945
00893978
00894009
00894029
00894078
00894094
00894108
00894156
00894308
00894340
00894352
00894477
00894539
00894565
00894569
00894643
00894779
00894861
00894934
00894967
00895002
00895004
00895006
00895014
00895017
00895022
00895024
00895099
00895141
00895151
00895403
00895459
00895472
00895476
00895505
00895568
00895579
00895794
00895799
00895999
00896021
00896059
00896090
00896115
00896118
00896142
00896192
00896363
00896398
00896452
00896487
00896552
00896575
00896586
00896592
00896599
00896624
00896650
00896657
00896689
00896694
00896702
00896766
00896780
00896803
00896827
00896958
00896987
00897004
00897029
00897062
00897090
00897099
00897149
00897191
00897257
00897281
00897321
00897364
00897409
00897435
00897452
00897465
00897496
00897516
00897612
00897730
00897736
00897756
00897768
00897818
00897869
00898046
00898074
00898091
00898113
00898118
00898131
00898248
00898252
00898346
00898366
00898447
00898480
00898648
00898671
00898675
00898779
00898828
00898892
00898951
00899096
00899119
00899159
00899198
00899353
00899355
00899359
00899370
00899391
00899393
00899655
00899664
00899840
00899856
00899873
00899954
00900019
00900041
00900102
00900238
00900281
00900311
00900320
00900343
00900345
00900405
00900411
00900554
00900598
00900600
00900694
00900696
00900699
00900714
00900747
00900781
00900791
00900821
00900842
00900886
00900899
00900938
00900957
00901008
00901059
00901146
00901156
00901207
00901300
00901312
00901448
00901467
00901479
00901502
00901618
00901664
00901716
00901740
00901802
00901879
00901928
00901986
00902022
00902024
00902037
00902275
00902305
00902347
00902418
00902542
00902553
00902581
00902587
00902613
00902619
00902675
00902933
00902967
00903078
00903133
00903154
00903233
00903298
00903322
00903381
00903460
00903541
00903683
00903690
00903714
00903806
00903861
00903909
00903913
00903945
00903953
00904053
00904070
00904072
00904131
00904137
00904180
00904182
00904280
00904435
00904540
00904548
00904639
00904668
00904674
00904702
00904720
00904753
00904797
00904812
00904845
00904849
00904993
00905048
00905093
00905158
00905204
00905211
00905222
00905236
00905327
00905395
00905715
00905776
00905787
00905852
00905878
00905892
00905896
00905913
00905921
00905964
00905992
00906107
00906109
00906171
00906340
00906434
00906463
00906470
00906488
00906494
00906562
00906584
00906600
00906620
00906717
00906766
00906784
00906844
00906858
00906908
00906933
00906937
00906957
00907013
00907101
00907121
00907151
00907194
00907255
00907267
00907369
00907394
00907410
00907475
00907537
00907632
00907670
00907742
00907771
00907773
00907822
00907854
00907886
00907987
00908179
00908260
00908335
00908348
00908556
00908581
00908620
00908688
00908716
00908728
00908765
00909010
00909041
00909089
00909109
00909151
00909177
00909315
00909532
00909554
00909594
00909633
00909647
00909760
00909785
00909798
00909940
00909970
00910003
00910012
00910045
00910051
00910069
00910083
00910099
00910215
00910230
00910282
00910321
00910327
00910342
00910427
00910577
00910607
00910616
00910625
00910644
00910670
00910672
00910820
00910829
00910872
00910920
00910987
00911131
00911240
00911263
00911375
00911408
00911543
00911569
00911594
00911737
00911789
00911826
00911951
00911960
00911973
00912089
00912112
00912188
00912346
00912434
00912468
00912542
00912608
00912885
00912904
00912954
00912959
00912968
00913007
00913135
00913154
00913174
00913230
00913255
00913266
00913298
00913323
00913361
00913456
00913523
00913587
00913767
00913796
00913806
00913819
00913830
00913921
00913972
00913996
00913998
00914034
00914117
00914224
00914273
00914501
00914567
00914610
00914662
00914894
00915045
00915105
00915182
00915238
00915256
00915265
00915288
00915470
00915561
00915666
00915692
00915701
00915719
00915725
00915821
00915930
00916129
00916659
00916778
00916834
00916944
00916965
00917085
00917143
00917158
00917250
00917268
00917312
00917377
00917451
00917484
00917493
00917590
00917654
00917676
00917751
00917805
00917903
00918024
00918047
00918099
00918282
00918336
00918413
00918460
00918630
00918632
00918640
00918690
00918713
00918726
00918728
00918740
00918770
00918789
00918792
00918796
00918850
00918894
00918918
00919064
00919109
00919130
00919139
00919187
00919329
00919345
00919422
00919476
00919701
00919835
00919939
00920090
00920092
00920133
00920163
00920168
00920179
00920199
00920215
00920241
00920373
00920479
00920490
00920520
00920560
00920584
00920619
00920695
00920734
00920739
00920767
00920776
00920867
00920921
00920950
00921007
00921034
00921046
00921234
00921297
00921305
00921307
00921327
00921364
00921374
00921584
00921607
00921630
00921678
00921805
00921825
00921872
00921894
00921922
00921926
00921932
00921952
00922016
00922063
00922181
00922184
00922189
00922224
00922270
00922305
00922314
00922371
00922599
00922696
00922751
00922820
00922912
00922917
00922977
00923039
00923104
00923239
00923304
00923365
00923381
00923419
00923421
00923521
00923543
00923575
00923666
00923676
00923769
00923782
00923822
00923855
00923895
00923909
00923937
00923973
00924012
00924133
00924147
00924246
00924262
00924572
00924641
00924755
00924779
00924790
00924792
00924803
00924851
00924907
00925006
00925013
00925048
00925054
00925099
00925123
00925162
00925235
00925258
00925289
00925329
00925415
00925419
00925545
00925572
00925595
00925664
00925915
00925953
00925981
00926036
00926108
00926122
00926140
00926233
00926303
00926379
00926385
00926394
00926486
00926575
00926653
00926680
00926696
00926708
00926733
00926740
00926756
00926802
00926932
00926936
00926966
00927058
00927166
00927182
00927211
00927393
00927450
00927522
00927548
00927554
00927557
00927563
00927610
00927708
00927764
00927784
00927863
00927926
00928019
00928056
00928068
00928086
00928106
00928132
00928320
00928405
00928407
00928432
00928466
00928486
00928666
00928769
00928786
00928857
00928978
00929072
00929080
00929215
00929257
00929272
00929632
00929658
00929664
00929669
00929758
00929774
00929808
00929838
00929900
00929907
00930037
00930124
00930196
00930302
00930336
00930388
00930470
00930552
00930678
00930690
00930711
00930775
00930787
00930793
00930844
00930903
00930922
00931016
00931043
00931054
00931058
00931117
00931175
00931204
00931249
00931348
00931377
00931756
00931887
00931899
00931945
00932026
00932048
00932069
00932108
00932170
00932410
00932450
00932488
00932628
00932675
00932698
00932790
00932798
00932869
00933005
00933103
00933155
00933294
00933353
00933377
00933390
00933514
00933530
00933539
00933542
00933635
00933796
00933871
00933946
00933957
00934094
00934260
00934327
00934352
00934361
00934364
00934366
00934372
00934599
00934629
00934671
00934674
00934688
00934731
00934741
00934789
00934812
00934880
00934893
00934909
00934913
00934922
00934924
00934937
00934957
00934999
00935004
00935008
00935084
00935103
00935126
00935169
00935235
00935568
00936297
00936312
00936337
00936364
00936372
00936494
00936579
00936684
00936686
00936691
00936777
00936779
00936801
00936816
00936926
00936943
00936958
00937138
00937154
00937156
00937159
00937169
00937207
00937220
00937314
00937393
00937402
00937406
00937414
00937422
00937456
00937509
00937821
00937928
00938141
00938157
00938159
00938298
00938437
00938459
00938470
00938518
00938612
00938628
00938678
00938867
00938903
00938966
00939037
00939131
00939213
00939243
00939252
00939277
00939369
00939473
00939488
00939582
00939629
00939635
00939656
00939684
00939724
00939882
00939908
00939955
00940002
00940047
00940128
00940144
00940239
00940296
00940428
00940567
00940599
00940616
00940901
00940938
00941032
00941075
00941085
00941167
00941225
00941247
00941298
00941392
00941439
00941462
00941482
00941504
00941584
00941724
00941800
00941980
00942032
00942096
00942146
00942221
00942235
00942260
00942262
00942278
00942327
00942402
00942440
00942498
00942569
00942615
00942635
00942714
00942752
00942807
00942837
00942897
00942926
00942995
00943050
00943054
00943082
00943092
00943140
00943165
00943254
00943335
00943361
00943541
00943617
00943699
00943728
00943837
00943902
00944016
00944074
00944161
00944243
00944302
00944327
00944347
00944461
00944539
00944568
00944600
00944673
00944702
00944720
00944725
00944731
00944762
00944764
00944864
00944886
00944926
00944941
00944982
00945004
00945007
00945009
00945011
00945062
00945079
00945152
00945182
00945201
00945321
00945387
00945450
00945500
00945542
00945569
00945649
00945690
00945754
00945791
00945817
00945862
00945905
00945934
00945942
00946028
00946119
00946150
00946244
00946283
00946326
00946328
00946342
00946345
00946376
00946473
00946523
00946566
00946575
00946606
00946714
00946765
00946768
00946787
00947076
00947158
00947193
00947242
00947273
00947390
00947577
00947594
00947633
00947847
00947878
00947888
00948135
00948139
00948153
00948162
00948168
00948172
00948226
00948234
00948271
00948280
00948343
00948383
00948432
00948601
00948632
00948676
00948790
00948810
00948851
00948896
00949033
00949063
00949066
00949091
00949146
00949181
00949367
00949423
00949465
00949530
00949707
00949711
00949716
00949719
00949725
00949732
00949773
00949893
00949988
00950016
00950118
00950133
00950280
00950425
00950456
00950631
00950639
00950669
00950678
00950703
00950775
00950831
00950841
00951053
00951064
00951201
00951219
00951249
00951271
00951440
00951507
00951509
00951511
00951523
00951525
00951534
00951543
00951550
00951592
00951677
00951700
00951764
00951801
00951873
00951917
00951920
00951924
00951937
00951942
00951968
00951996
00952036
00952071
00952088
00952167
00952180
00952259
00952301
00952434
00952451
00952617
00952695
00952725
00952735
00952765
00952808
00952852
00952913
00953021
00953104
00953257
00953272
00953287
00953289
00953330
00953338
00953381
00953385
00953396
00953445
00953544
00953615
00953621
00953684
00953711
00953798
00953914
00953950
00953971
00954023
00954069
00954311
00954442
00954531
00954632
00954706
00954763
00954782
00954822
00954982
00955000
00955162
00955172
00955188
00955354
00955383
00955398
00955410
00955484
00955550
00955583
00955636
00955742
00955851
00955902
00955908
00955920
00955986
00956126
00956130
00956156
00956168
00956175
00956179
00956183
00956210
00956250
00956398
00956524
00956799
00956812
00956957
00957064
00957138
00957174
00957286
00957382
00957399
00957417
00957463
00957466
00957605
00957607
00957632
00957643
00957724
00957743
00957872
00958037
00958041
00958085
00958300
00958326
00958349
00958429
00958438
00958458
00958487
00958571
00958890
00959007
00959045
00959142
00959184
00959302
00959395
00959421
00959467
00959510
00959573
00959592
00959607
00959612
00959678
00959725
00959736
00959843
00959960
00960003
00960065
00960079
00960094
00960271
00960345
00960384
00960394
00960421
00960539
00960574
00960650
00960902
00960966
00961015
00961048
00961125
00961231
00961275
00961315
00961339
00961399
00961597
00961641
00961972
00962025
00962053
00962108
00962196
00962253
00962270
00962283
00962351
00962548
00962606
00962661
00962698
00962840
00962902
00962907
00962915
00962981
00963008
00963095
00963129
00963233
00963246
00963300
00963355
00963376
00963410
00963413
00963518
00963542
00963544
00963619
00963720
00963723
00963786
00963920
00964042
00964045
00964183
00964197
00964273
00964394
00964421
00964443
00964455
00964457
00964554
00964683
00964729
00964771
00964826
00964841
00964924
00965065
00965088
00965096
00965130
00965181
00965407
00965444
00965446
00965538
00965580
00965583
00965593
00965599
00965619
00965659
00965661
00965698
00965726
00965773
00965915
00966018
00966123
00966128
00966207
00966235
00966245
00966327
00966392
00966464
00966472
00966604
00966624
00966665
00966759
00966802
00966848
00966893
00966939
00966942
00966984
00967000
00967098
00967107
00967283
00967492
00967527
00967549
00967562
00967581
00967620
00967646
00967671
00967703
00967765
00967888
00967903
00967956
00968039
00968122
00968136
00968189
00968366
00968374
00968466
00968565
00968628
00968630
00968673
00968740
00968766
00968778
00968859
00968950
00969057
00969094
00969133
00969174
00969179
00969223
00969449
00969451
00969467
00969503
00969553
00969576
00969780
00969905
00970021
00970067
00970113
00970207
00970303
00970369
00970445
00970473
00970617
00970663
00970678
00970744
00970846
00970856
00970930
00970939
00970957
00971048
00971068
00971077
00971191
00971256
00971296
00971362
00971485
00971578
00971583
00971615
00971873
00971943
00972084
00972116
00972296
00972474
00972596
00972604
00972733
00972835
00972908
00972956
00972966
00973002
00973054
00973059
00973062
00973085
00973204
00973232
00973366
00973382
00973398
00973422
00973452
00973523
00973598
00973624
00973655
00973765
00973912
00974174
00974224
00974242
00974256
00974274
00974414
00974478
00974489
00974600
00974708
00974785
00974806
00974820
00974823
00974834
00974907
00974973
00975173
00975253
00975258
00975302
00975349
00975386
00975450
00975483
00975559
00975773
00975843
00975871
00975887
00975947
00975965
00976143
00976240
00976330
00976336
00976391
00976412
00976437
00976481
00976529
00976549
00976590
00976661
00976716
00976734
00976736
00976754
00976813
00976945
00976961
00976966
00976992
00977005
00977105
00977236
00977431
00977466
00977561
00977593
00977703
00977708
00977770
00977907
00978016
00978032
00978078
00978106
00978132
00978145
00978148
00978203
00978530
00978722
00978727
00978768
00978895
00979015
00979045
00979047
00979149
00979225
00979275
00979355
00979488
00979692
00979697
00979712
00979876
00980009
00980156
00980203
00980214
00980262
00980292
00980322
00980410
00980495
00980504
00980551
00980698
00980747
00980760
00980798
00980878
00980999
00981081
00981106
00981113
00981387
00981408
00981479
00981513
00981568
00981585
00981637
00981680
00981689
00981762
00981899
00981960
00982038
00982253
00982292
00982341
00982558
00982670
00982743
00982897
00982902
00982982
00983090
00983121
00983176
00983193
00983204
00983230
00983273
00983425
00983478
00983572
00983620
00983687
00983748
00983793
00983863
00983954
00983960
00984008
00984021
00984069
00984225
00984227
00984234
00984236
00984346
00984351
00984394
00984411
00984428
00984493
00984501
00984597
00984629
00984637
00984760
00984764
00984791
00984886
00984924
00985004
00985055
00985075
00985162
00985196
00985209
00985264
00985302
00985340
00985358
00985467
00985542
00985602
00985631
00985640
00985665
00985772
00985789
00985801
00986005
00986048
00986068
00986105
00986142
00986203
00986225
00986232
00986243
00986308
00986313
00986334
00986380
00986417
00986588
00986683
00986701
00986713
00986718
00986814
00986915
00986931
00987084
00987092
00987185
00987306
00987414
00987435
00987613
00987621
00987632
00987641
00987731
00987736
00987781
00987793
00987819
00987862
00988087
00988122
00988141
00988187
00988216
00988287
00988438
00988538
00988542
00988553
00988602
00988712
00988825
00989049
00989506
00989529
00989568
00989628
00989657
00989691
00989805
00989922
00990003
00990215
00990310
00990348
00990360
00990671
00990739
00990907
00990920
00990924
00990934
00990936
00990946
00990951
00990957
00990959
00990963
00990965
00990967
00990971
00990979
00990983
00991012
00991020
00991024
00991043
00991089
00991181
00991376
00991715
00991790
00991860
00991883
00991962
00992130
00992253
00992462
00992493
00992525
00992583
00993135
00993142
00993144
00993153
00993157
00993163
00993168
00993172
00993177
00993183
00993204
00993209
00993251
00993294
00993310
00993442
00993475
00993509
00993519
00993575
00993578
00993642
00993672
00993855
00993864
00993901
00993973
00994040
00994054
00994109
00994139
00994167
00994236
00994362
00994411
00994586
00994631
00994689
00994927
00994951
00995056
00995101
00995182
00995218
00995265
00995270
00995348
00995422
00995484
00995522
00995544
00995590
00995607
00995646
00995695
00995733
00996294
00996328
00996372
00996438
00996455
00996483
00996532
00996537
00996562
00996698
00996732
00996822
00996841
00996854
00996881
00996920
00996960
00996965
00997400
00997449
00997523
00997529
00997542
00997557
00997565
00997580
00997613
00997627
00997681
00997777
00997820
00997878
00997931
00997934
00997963
00998012
00998747
00998760
00998776
00998778
00998821
00998921
00998937
00998953
00999130
00999181
00999341
00999679
00999713
00999797
00999800
00999999
00000894
00003406
00005825
00006608
00007655
00009919
00010531
00010704
00011043
00013449
00015702
00016772
00017052
00017292
00017598
00019190
00019753
00020508
00021017
00021074
00021304
00022149
00022157
00022474
00022686
00022862
00024025
00024632
00024732
00024807
00024846
00025334
00026350
00026549
00026799
00026910
00028288
00029288
00029538
00029676
00030091
00030567
00031031
00031701
00032359
00032913
00033601
00034507
00035123
00035175
00036029
00036650
00036895
00037995
00038913
00039511
00039946
00041029
00041607
00042579
00043615
00043944
00045081
00045789
00047564
00047795
00048033
00048299
00048843
00048928
00049498
00049679
00049964
00050262
00050886
00052303
00052978
00053230
00053531
00053609
00054105
00054532
00055621
00056518
00056686
00056846
00057497
00058885
00059121
00059708
00060069
00060191
00060317
00061119
00061334
00061513
00062188
00063061
00063259
00063439
00063751
00064404
00064568
00065600
00066496
00067694
00068675
00069784
00071050
00071699
00071788
00072409
00073872
00074618
00074919
00075293
00075529
00076136
00076654
00077663
00078577
00078665
00079287
00079677
00080138
00080668
00081253
00081416
00082361
00083619
00084314
00085168
00085407
00086410
00087309
00087955
00088362
00089108
00089322
00090473
00091346
00091793
00094066
00094103
00095131
00095750
00096319
00096487
00096536
00096631
00096701
00096782
00097540
00097947
00098046
00098163
00098726
00099353
00099601
00100694
00101440
00101478
00101719
00102192
00102472
00103447
00103855
00104045
00104502
00105022
00105273
00106060
00106744
00107234
00107430
00109082
00109446
00109741
00110269
00111341
00112474
00112982
00113090
00113486
00113854
00114394
00114886
00115368
00116053
00116240
00116691
00117403
00118176
00118516
00119827
00119880
00120640
00120765
00121094
00121425
00121861
00122202
00123303
00123773
00124754
00125997
00126385
00127685
00129347
00129541
00129657
00130163
00130528
00130624
00130875
00132041
00132273
00132482
00133354
00134043
00134741
00135216
00135912
00136462
00136602
00136690
00136914
00136954
00137022
00137060
00137199
00137251
00137260
00137278
00137700
00138024
00138565
00140064
00141146
00141163
00141409
00141433
00141478
00141710
00141942
00142904
00145210
00146950
00147313
00147756
00149198
00149881
00150622
00151313
00151692
00152653
00154827
00155107
00155961
00156239
00156793
00158291
00159124
00160142
00160663
00161158
00162781
00163111
00164308
00165216
00166164
00166449
00168419
00169174
00169338
00169876
00171050
00172198
00172973
00173372
00174279
00174412
00174945
00175753
00176159
00176392
00177090
00177319
00177533
00178065
00178447
00178964
00179709
00179945
00180779
00181894
00182534
00183100
00184085
00184448
00185153
00186325
00186423
00186673
00187390
00189401
00189733
00190087
00190996
00192243
00193204
00193681
00194055
00195139
00195728
00195839
00196907
00197498
00198245
00199119
00199453
00199648
00199749
00200657
00203326
00203577
00205344
00206699
00207678
00208060
00209124
00210867
00211211
00211668
00213565
00214457
00215709
00217341
00217717
00218378
00218510
00218909
00219101
00219370
00219727
00220808
00220919
00221258
00221491
00221995
00222368
00222573
00223056
00223806
00224876
00225187
00225646
00226253
00226272
00227564
00227843
00228572
00229264
00230314
00230423
00230480
00230716
00231439
00231595
00231645
00231899
00231936
00232782
00232883
00233600
00234894
00235348
00236192
00236709
00237091
00237718
00237953
00238994
00239197
00239468
00240227
00241049
00241485
00241656
00241690
00241924
00242176
00242597
00242740
00243246
00243306
00244142
00244412
00244548
00245888
00246040
00246337
00246558
00246806
00247245
00247471
00248145
00248392
00248690
00248831
00248935
00250458
00251268
00251792
00254329
00254521
00254984
00255574
00256155
00256656
00256928
00257564
00257690
00257731
00257740
00258785
00260130
00261563
00262222
00262305
00262479
00262658
00263183
00263504
00263532
00263555
00263586
00264040
00264312
00264607
00264679
00264708
00266085
00266484
00266718
00267596
00267846
00268145
00268491
00270196
00270759
00270827
00270864
00270884
00270891
00271007
00271105
00271128
00271182
00271227
00271425
00271930
00272501
00272519
00272609
00272640
00272765
00272775
00272810
00272834
00272936
00273170
00273231
00273667
00274553
00274628
00274772
00275163
00276058
00276099
00276164
00276866
00277322
00277856
00279087
00279408
00279655
00279921
00280246
00280296
00280446
00280733
00281902
00282004
00282224
00282268
00282284
00282311
00282833
00283314
00284006
00284178
00284256
00284821
00284850
00284916
00285061
00285329
00285689
00285725
00285757
00285799
00285838
00286448
00287128
00287771
00287945
00288360
00288543
00288662
00288857
00289308
00289924
00290417
00290430
00290650
00291275
00292180
00292236
00292280
00293175
00293302
00293638
00294248
00294546
00295417
00296791
00297217
00297425
00297908
00298174
00298821
00299310
00299704
00300008
00300520
00300708
00301055
00301184
00301633
00302532
00302575
00303379
00304156
00304181
00305238
00306098
00306489
00306507
00306512
00306600
00307127
00307242
00307280
00307311
00307638
00307653
00307695
00307704
00307786
00307893
00307964
00308054
00308604
00308714
00309115
00309183
00309364
00309604
00309785
00309885
00310073
00311300
00312796
00312995
00313382
00313394
00313541
00313590
00313612
00314032
00314764
00315756
00317619
00317808
00318470
00318765
00319306
00319449
00319603
00319694
00319772
00319977
00320274
00321049
00321167
00321301
00321466
00321520
00321885
00322093
00322622
00322777
00322858
00323029
00323188
00323403
00323542
00325205
00325622
00326135
00327529
00327670
00327883
00328177
00329132
00329177
00329372
00330173
00330767
00330999
00331056
00331091
00331482
00332163
00332435
00332994
00335093
00335191
00335261
00335963
00336066
00336552
00336831
00338179
00340011
00340170
00340181
00341325
00342840
00342888
00343061
00343168
00343996
00344659
00344855
00344860
00344928
00345585
00345697
00346233
00347130
00347531
00347899
00348879
00349321
00349814
00350368
00350854
00351066
00351537
00351851
00351872
00352170
00352439
00352768
00352923
00353637
00353673
00354338
00354849
00355066
00355170
00355799
00355871
00356252
00356328
00356357
00356470
00356513
00356643
00356786
00357313
00358809
00359067
00359441
00359509
00359851
00360686
00361272
00361375
00361388
00361458
00361569
00361776
00361890
00361959
00362348
00362397
00362522
00362940
00363230
00363757
00364349
00364558
00365587
00366107
00366278
00366456
00366519
00367885
00368265
00368732
00370272
00370820
00371574
00372628
00373162
00373516
00373603
00374270
00375402
00377079
00378413
00378463
00378914
00379205
00379532
00380590
00381058
00381292
00381814
00382049
00382651
00383015
00383118
00384003
00384474
00385407
00385700
00386559
00386578
00387013
00387384
00387539
00388413
00388854
00389391
00389772
00390124
00390513
00391318
00391485
00392371
00392678
00393076
00394954
00395308
00396596
00396611
00397399
00397670
00397996
00399210
00400516
00401312
00402720
00402959
00403241
00403550
00404182
00405012
00405237
00406430
00407048
00408645
00409013
00409158
00409452
00410580
00411277
00411302
00411453
00411541
00411904
00412352
00413774
00415420
00416656
00416968
00417133
00418781
00418840
00418886
00418935
00418975
00419000
00419055
00419244
00419261
00419271
00419314
00419358
00419709
00419925
00420657
00421089
00421340
00421542
00421723
00421789
00421813
00421969
00422258
00422284
00422353
00422368
00422588
00422968
00424461
00424815
00425150
00425298
00425379
00425503
00426207
00426934
00427118
00427599
00427700
00429043
00430638
00432527
00433538
00434741
00434838
00436690
00437545
00437607
00437857
00437953
00438576
00439063
00439692
00440167
00440591
00440918
00442028
00442994
00443305
00444043
00445107
00445873
00447063
00447170
00448413
00448774
00450028
00450967
00452036
00452193
00454569
00454962
00455644
00456267
00456347
00456599
00456958
00457931
00458721
00459399
00459437
00459455
00459635
00460084
00460420
00460764
00460777
00460931
00461104
00461256
00461752
00461856
00462093
00462238
00463261
00463634
00464059
00464409
00464530
00465947
00466159
00466552
00467258
00467435
00467830
00468412
00468892
00469565
00469826
00469966
00470051
00470171
00470612
00470826
00471212
00472310
00472835
00473427
00474133
00475372
00476151
00476279
00476474
00476777
00477130
00477864
00478370
00478834
00479266
00479684
00480192
00481365
00481408
00482040
00483282
00483554
00484830
00485731
00486547
00486597
00486654
00487048
00487087
00487281
00487412
00488647
00489155
00489343
00490394
00491599
00492328
00492846
00493320
00493389
00493961
00494689
00495096
00495467
00496351
00496451
00496519
00496577
00496666
00497047
00497156
00498011
00498499
00498904
00499017
00499165
00499314
00500114
00500488
00500937
00500976
00501519
00501957
00503141
00504145
00504877
00505330
00505543
00506167
00507070
00507275
00507323
00507870
00508044
00508740
00508981
00510679
00510792
00511835
00512465
00513116
00513428
00514330
00514695
00514854
00516185
00517115
00517434
00517645
00518122
00518515
00518804
00519066
00519085
00519137
00519567
00519769
00521116
00522971
00523808
00525649
00526692
00527118
00527280
00527526
00527551
00527636
00528149
00528733
00528899
00529202
00529913
00530021
00530080
00530310
00530360
00530392
00530442
00530612
00531240
00531489
00532062
00532343
00532537
00532973
00533153
00533979
00534086
00534904
00535578
00536281
00536781
00536978
00537324
00537450
00537883
00538513
00539872
00539938
00540269
00540609
00540751
00540768
00540841
00541508
00542674
00542949
00544282
00545137
00545977
00546787
00547880
00548329
00548762
00549420
00549754
00550072
00551111
00552173
00552727
00555352
00555415
00555650
00556507
00556720
00557291
00557882
00558169
00558702
00558993
00559641
00560181
00560858
00561165
00561313
00562058
00562553
00563009
00563297
00563930
00564324
00565001
00565883
00566304
00566564
00567031
00567696
00567797
00568666
00569083
00569399
00569628
00570266
00570568
00571605
00572400
00573330
00573697
00573909
00574616
00576219
00577279
00578940
00579950
00580093
00580449
00581209
00581577
00581717
00582199
00582809
00583405
00583625
00583906
00584134
00585197
00586137
00586522
00586667
00586857
00588165
00588377
00588495
00588971
00589162
00589778
00590131
00590872
00591344
00592208
00592394
00593855
00594039
00594362
00595198
00595373
00595603
00596502
00596690
00597133
00598402
00599016
00600137
00600243
00600467
00600962
00601188
00601348
00601991
00602788
00602933
00604875
00605265
00605776
00605991
00606043
00606285
00606770
00607535
00607776
00608145
00610228
00611260
00611805
00611874
00612802
00613428
00613865
00613963
00614163
00614362
00614467
00614948
00615272
00615824
00616286
00616779
00616952
00617152
00617450
00618032
00618120
00618334
00620362
00621019
00622273
00622362
00623170
00624461
00625302
00625465
00625879
00626181
00626447
00626546
00626894
00627643
00629576
00630167
00630649
00630870
00631233
00631702
00631905
00632252
00633322
00633750
00633858
00634247
00634540
00634770
00635217
00635504
00636414
00636681
00636993
00637447
00637865
00638722
00639391
00640017
00640427
00640808
00641172
00641833
00643233
00643270
00643473
00644474
00645573
00646359
00646398
00648681
00649075
00650480
00651180
00652168
00652529
00652778
00653366
00653978
00654341
00654891
00655706
00656220
00656657
00657800
00659702
00661324
00661775
00662186
00662679
00662725
00663080
00663187
00666008
00666593
00666731
00666799
00668350
00668707
00668824
00669439
00669467
00670446
00671152
00671939
00672341
00673308
00673669
00674372
00674415
00675682
00677333
00678602
00679384
00679864
00680125
00680991
00681281
00681756
00682016
00682076
00682140
00682183
00682212
00682782
00683291
00683912
00684329
00684681
00685431
00685482
00685588
00685630
00685656
00685778
00685834
00685847
00685876
00685927
00686998
00687024
00687855
00688661
00688927
00689025
00689344
00689525
00690057
00690881
00691137
00692988
00694915
00695524
00695914
00696486
00696795
00697864
00698090
00698868
00700264
00700704
00701667
00702545
00702825
00703103
00703226
00704523
00704694
00705246
00705699
00706788
00707673
00707809
00707946
00708002
00708501
00709371
00709868
00710622
00711540
00713385
00714716
00715306
00715787
00717133
00717410
00717676
00717939
00718191
00718415
00718502
00719145
00719412
00720033
00720422
00721137
00721296
00721351
00721653
00722445
00722656
00722912
00723414
00723774
00724265
00724466
00724609
00725989
00726275
00727852
00728101
00729005
00729494
00730389
00731355
00731762
00732328
00733754
00734186
00735729
00735819
00735844
00736047
00736488
00737533
00737757
00737966
00737991
00738368
00738406
00738672
00738756
00738862
00739249
00739369
00739687
00739887
00740428
00741883
00742416
00742503
00742745
00742912
00743040
00743706
00744390
00745747
00746506
00746899
00747129
00748311
00748313
00748494
00748744
00749122
00749586
00749711
00749814
00750005
00750225
00751555
00752398
00752845
00753395
00754998
00755990
00757441
00757745
00758612
00758768
00759479
00759701
00759953
00760580
00761560
00762202
00762790
00763348
00763827
00764228
00765123
00765633
00766824
00768373
00768657
00769642
00769919
00770273
00770346
00770764
00771692
00772289
00772384
00772387
00772941
00773334
00774384
00774766
00776141
00776840
00776844
00777007
00778371
00779234
00779308
00779661
00780645
00781378
00781818
00782079
00782744
00783625
00783655
00783701
00783961
00784814
00785339
00785863
00785873
00786485
00786512
00787003
00787382
00787455
00787605
00787647
00788030
00788463
00788672
00789388
00789546
00789736
00790349
00790761
00791185
00791624
00792046
00792702
00792937
00793511
00793537
00794157
00794527
00794816
00795150
00795936
00796222
00796969
00797892
00799948
00800546
00801517
00803606
00803890
00804655
00805357
00806763
00806983
00807877
00808592
00809111
00809586
00810188
00810685
00810838
00811665
00812508
00814705
00815916
00816431
00816830
00817030
00817352
00817428
00820067
00821232
00823396
00823577
00824380
00824645
00826454
00826945
00827468
00828845
00829197
00830377
00831427
00832539
00833523
00833899
00834856
00836795
00841202
00841659
00842641
00844403
00845121
00845654
00846412
00846972
00849065
00850264
00850856
00851231
00851590
00852797
00854875
00857110
00857604
00858824
00860287
00860461
00860869
00863249
00863836
00864292
00865283
00866511
00866858
00867252
00868300
00869135
00869369
00870272
00871743
00872695
00872813
00874619
00874655
00876442
00876709
00876760
00877039
00877146
00877323
00878364
00879005
00879719
00880259
00880857
00882715
00882915
00884251
00884402
00885735
00886446
00887249
00887877
00889691
00890320
00891426
00891806
00892832
00893800
00894199
00895247
00896009
00896669
00897752
00898081
00899357
00900432
00902191
00903838
00903955
00905725
00906759
00907131
00908774
00909173
00909650
00910338
00910643
00911721
00911964
00913386
00914068
00915197
00915385
00916894
00917202
00917483
00918469
00918788
00919059
00919167
00920217
00920918
00921923
00921942
00922370
00923679
00924229
00924801
00925599
00925947
00928310
00928969
00929436
00930778
00932845
00933737
00934558
00934590
00934954
00935162
00937079
00937435
00938629
00939039
00939387
00939637
00939873
00941877
00942576
00943569
00944237
00944505
00947512
00948124
00948607
00949712
00949950
00951255
00952252
00952561
00953472
00953836
00955340
00956288
00958873
00959229
00959837
00960215
00960383
00960995
00961600
00962210
00962845
00963934
00964855
00965187
00966894
00969139
00970818
00971950
00972872
00974833
00976169
00976503
00976707
00978556
00979278
00980629
00981043
00981874
00982889
00983600
00984604
00984700
00986201
00986712
00987706
00988978
00989511
00990217
00990876
00990950
00990973
00992542
00993131
00993418
00994284
00994472
00994706
00994797
00996368
00996598
00997843
00998285
00998698
