ISO-10303-21;
HEADER;
FILE_DESCRIPTION(('Open CASCADE Model'),'2;1');
FILE_NAME('Open CASCADE Shape Model','2024-10-01T20:14:20',('Author'),(
    'Open CASCADE'),'Open CASCADE STEP processor 7.8','Open CASCADE 7.8'
  ,'Unknown');
FILE_SCHEMA(('CONFIG_CONTROL_DESIGN'));
ENDSEC;
DATA;
#1 = APPLICATION_PROTOCOL_DEFINITION('international standard',
  'config_control_design',1994,#2);
#2 = APPLICATION_CONTEXT(
'configuration controlled 3D designs of mechanical parts and assemblies'
  );
#3 = SHAPE_DEFINITION_REPRESENTATION(#4,#10);
#4 = PRODUCT_DEFINITION_SHAPE('','',#5);
#5 = PRODUCT_DEFINITION('design','',#6,#9);
#6 = PRODUCT_DEFINITION_FORMATION_WITH_SPECIFIED_SOURCE('','',#7,
  .NOT_KNOWN.);
#7 = PRODUCT('Open CASCADE STEP translator 7.8 162',
  'Open CASCADE STEP translator 7.8 162','',(#8));
#8 = MECHANICAL_CONTEXT('',#2,'mechanical');
#9 = DESIGN_CONTEXT('',#2,'design');
#10 = ADVANCED_BREP_SHAPE_REPRESENTATION('',(#11,#15),#1830);
#11 = AXIS2_PLACEMENT_3D('',#12,#13,#14);
#12 = CARTESIAN_POINT('',(0.,0.,0.));
#13 = DIRECTION('',(0.,0.,1.));
#14 = DIRECTION('',(1.,0.,-0.));
#15 = MANIFOLD_SOLID_BREP('',#16);
#16 = CLOSED_SHELL('',(#17,#568,#814,#971,#1078,#1190,#1350,#1467,#1603,
    #1779,#1817));
#17 = ADVANCED_FACE('',(#18),#35,.F.);
#18 = FACE_BOUND('',#19,.F.);
#19 = EDGE_LOOP('',(#20,#114,#165,#208,#249,#290,#338,#406,#457,#518));
#20 = ORIENTED_EDGE('',*,*,#21,.T.);
#21 = EDGE_CURVE('',#22,#24,#26,.T.);
#22 = VERTEX_POINT('',#23);
#23 = CARTESIAN_POINT('',(-0.390061235572,-0.428446249847,
    1.592700572423E-02));
#24 = VERTEX_POINT('',#25);
#25 = CARTESIAN_POINT('',(-0.651111309693,-0.689484790697,
    1.592700572514E-02));
#26 = SURFACE_CURVE('',#27,(#34,#87),.PCURVE_S1.);
#27 = B_SPLINE_CURVE_WITH_KNOTS('',5,(#28,#29,#30,#31,#32,#33),
  .UNSPECIFIED.,.F.,.F.,(6,6),(0.,1.),.PIECEWISE_BEZIER_KNOTS.);
#28 = CARTESIAN_POINT('',(-0.389239353277,-0.427722040237,
    1.620000042021E-02));
#29 = CARTESIAN_POINT('',(-0.393424377495,-0.515506388687,
    1.620000042021E-02));
#30 = CARTESIAN_POINT('',(-0.423644810656,-0.589702246984,
    1.620000042021E-02));
#31 = CARTESIAN_POINT('',(-0.486809176507,-0.654145984772,
    1.620000042021E-02));
#32 = CARTESIAN_POINT('',(-0.562038215302,-0.685297421526,
    1.620000042021E-02));
#33 = CARTESIAN_POINT('',(-0.652009973868,-0.690469594281,
    1.620000042021E-02));
#34 = PCURVE('',#35,#52);
#35 = B_SPLINE_SURFACE_WITH_KNOTS('',3,3,(
    (#36,#37,#38,#39)
    ,(#40,#41,#42,#43)
    ,(#44,#45,#46,#47)
    ,(#48,#49,#50,#51
    )),.UNSPECIFIED.,.F.,.F.,.F.,(4,4),(4,4),(0.,1.),(0.,1.),
  .PIECEWISE_BEZIER_KNOTS.);
#36 = CARTESIAN_POINT('',(-0.899997419077,-0.688486618052,
    1.620000042021E-02));
#37 = CARTESIAN_POINT('',(-0.299999140223,-0.688486618052,
    1.620000042021E-02));
#38 = CARTESIAN_POINT('',(0.299999140212,-0.688486618052,
    1.620000042021E-02));
#39 = CARTESIAN_POINT('',(0.899997419066,-0.688486618052,
    1.620000042021E-02));
#40 = CARTESIAN_POINT('',(-0.899997419077,-0.229495539757,
    1.620000042021E-02));
#41 = CARTESIAN_POINT('',(-0.299999140223,-0.229495539757,
    1.620000042021E-02));
#42 = CARTESIAN_POINT('',(0.299999140212,-0.229495539757,
    1.620000042021E-02));
#43 = CARTESIAN_POINT('',(0.899997419066,-0.229495539757,
    1.620000042021E-02));
#44 = CARTESIAN_POINT('',(-0.899997419077,0.229495539748,
    1.620000042021E-02));
#45 = CARTESIAN_POINT('',(-0.299999140223,0.229495539748,
    1.620000042021E-02));
#46 = CARTESIAN_POINT('',(0.299999140212,0.229495539748,
    1.620000042021E-02));
#47 = CARTESIAN_POINT('',(0.899997419066,0.229495539748,
    1.620000042021E-02));
#48 = CARTESIAN_POINT('',(-0.899997419077,0.688486618043,
    1.620000042021E-02));
#49 = CARTESIAN_POINT('',(-0.299999140223,0.688486618043,
    1.620000042021E-02));
#50 = CARTESIAN_POINT('',(0.299999140212,0.688486618043,
    1.620000042021E-02));
#51 = CARTESIAN_POINT('',(0.899997419066,0.688486618043,
    1.620000042021E-02));
#52 = DEFINITIONAL_REPRESENTATION('',(#53),#86);
#53 = B_SPLINE_CURVE_WITH_KNOTS('',11,(#54,#55,#56,#57,#58,#59,#60,#61,
    #62,#63,#64,#65,#66,#67,#68,#69,#70,#71,#72,#73,#74,#75,#76,#77,#78,
    #79,#80,#81,#82,#83,#84,#85),.UNSPECIFIED.,.F.,.F.,(12,10,10,12),(0.
    ,0.5,0.75,1.),.UNSPECIFIED.);
#54 = CARTESIAN_POINT('',(0.189042885216,0.283389202045));
#55 = CARTESIAN_POINT('',(0.174607811549,0.284481122725));
#56 = CARTESIAN_POINT('',(0.164681617322,0.279940658499));
#57 = CARTESIAN_POINT('',(0.135379203352,0.282731627499));
#58 = CARTESIAN_POINT('',(0.155393848286,0.274916563887));
#59 = CARTESIAN_POINT('',(9.595053890937E-02,0.275991539212));
#60 = CARTESIAN_POINT('',(0.129874570868,0.269338614452));
#61 = CARTESIAN_POINT('',(8.582465126022E-02,0.265901937812));
#62 = CARTESIAN_POINT('',(9.004088988156E-02,0.260280743765));
#63 = CARTESIAN_POINT('',(7.472944840494E-02,0.254445183869));
#64 = CARTESIAN_POINT('',(6.539888961348E-02,0.247957896471));
#65 = CARTESIAN_POINT('',(5.141712062755E-02,0.237395350432));
#66 = CARTESIAN_POINT('',(4.69308906796E-02,0.233735404988));
#67 = CARTESIAN_POINT('',(4.262473349927E-02,0.229940277147));
#68 = CARTESIAN_POINT('',(3.850436214021E-02,0.226013881272));
#69 = CARTESIAN_POINT('',(3.457548965597E-02,0.221960131732));
#70 = CARTESIAN_POINT('',(3.084382910025E-02,0.217782942891));
#71 = CARTESIAN_POINT('',(2.731509352655E-02,0.213486229115));
#72 = CARTESIAN_POINT('',(2.399499598858E-02,0.20907390477));
#73 = CARTESIAN_POINT('',(2.088924953989E-02,0.204549884222));
#74 = CARTESIAN_POINT('',(1.800356723412E-02,0.199918081837));
#75 = CARTESIAN_POINT('',(1.268375701562E-02,0.190446742125));
#76 = CARTESIAN_POINT('',(1.024067160861E-02,0.185217108242));
#77 = CARTESIAN_POINT('',(8.086612030981E-03,0.182444990153));
#78 = CARTESIAN_POINT('',(5.927126306174E-03,0.172030171783));
#79 = CARTESIAN_POINT('',(4.495410415748E-03,0.173836170617));
#80 = CARTESIAN_POINT('',(2.786283606809E-03,0.165678277207));
#81 = CARTESIAN_POINT('',(1.276075528429E-03,0.154964946779));
#82 = CARTESIAN_POINT('',(8.638724454023E-04,0.160656422175));
#83 = CARTESIAN_POINT('',(-3.71740354737E-04,0.145463668749));
#84 = CARTESIAN_POINT('',(-1.235429113455E-03,0.144015974415));
#85 = CARTESIAN_POINT('',(-6.065880029707E-04,0.138346918836));
#86 = ( GEOMETRIC_REPRESENTATION_CONTEXT(2) 
PARAMETRIC_REPRESENTATION_CONTEXT() REPRESENTATION_CONTEXT('2D SPACE',''
  ) );
#87 = PCURVE('',#88,#109);
#88 = B_SPLINE_SURFACE_WITH_KNOTS('',3,4,(
    (#89,#90,#91,#92,#93)
    ,(#94,#95,#96,#97,#98)
    ,(#99,#100,#101,#102,#103)
    ,(#104,#105,#106,#107,#108
    )),.UNSPECIFIED.,.F.,.F.,.F.,(4,4),(5,5),(0.,1.),(0.,1.),
  .PIECEWISE_BEZIER_KNOTS.);
#89 = CARTESIAN_POINT('',(-0.652665352774,-0.691741561426,
    -8.525840372381E-03));
#90 = CARTESIAN_POINT('',(-0.538913085127,-0.681938641403,
    -8.525840372381E-03));
#91 = CARTESIAN_POINT('',(-0.451298105231,-0.631367549832,
    -8.525840372381E-03));
#92 = CARTESIAN_POINT('',(-0.399165152128,-0.543763947603,
    -8.525840372381E-03));
#93 = CARTESIAN_POINT('',(-0.387257794441,-0.427560093609,
    -8.525840372381E-03));
#94 = CARTESIAN_POINT('',(-0.652665352868,-0.691741561525,
    -2.841946794893E-03));
#95 = CARTESIAN_POINT('',(-0.538913085204,-0.681938641501,
    -2.841946794893E-03));
#96 = CARTESIAN_POINT('',(-0.451298105295,-0.631367549922,
    -2.841946794893E-03));
#97 = CARTESIAN_POINT('',(-0.399165152185,-0.54376394768,
    -2.841946794893E-03));
#98 = CARTESIAN_POINT('',(-0.387257794496,-0.42756009367,
    -2.841946794893E-03));
#99 = CARTESIAN_POINT('',(-0.652665352961,-0.691741561624,
    2.841946795505E-03));
#100 = CARTESIAN_POINT('',(-0.538913085281,-0.681938641598,
    2.841946795505E-03));
#101 = CARTESIAN_POINT('',(-0.45129810536,-0.631367550012,
    2.841946795505E-03));
#102 = CARTESIAN_POINT('',(-0.399165152242,-0.543763947758,
    2.841946795505E-03));
#103 = CARTESIAN_POINT('',(-0.387257794551,-0.427560093731,
    2.841946795505E-03));
#104 = CARTESIAN_POINT('',(-0.652665353054,-0.691741561723,
    8.525840372993E-03));
#105 = CARTESIAN_POINT('',(-0.538913085358,-0.681938641696,
    8.525840372993E-03));
#106 = CARTESIAN_POINT('',(-0.451298105424,-0.631367550102,
    8.525840372993E-03));
#107 = CARTESIAN_POINT('',(-0.399165152299,-0.543763947836,
    8.525840372993E-03));
#108 = CARTESIAN_POINT('',(-0.387257794607,-0.427560093792,
    8.525840372993E-03));
#109 = DEFINITIONAL_REPRESENTATION('',(#110),#113);
#110 = B_SPLINE_CURVE_WITH_KNOTS('',1,(#111,#112),.UNSPECIFIED.,.F.,.F.,
  (2,2),(0.,1.),.PIECEWISE_BEZIER_KNOTS.);
#111 = CARTESIAN_POINT('',(1.05,0.999219116538));
#112 = CARTESIAN_POINT('',(1.05,1.674712735721E-03));
#113 = ( GEOMETRIC_REPRESENTATION_CONTEXT(2) 
PARAMETRIC_REPRESENTATION_CONTEXT() REPRESENTATION_CONTEXT('2D SPACE',''
  ) );
#114 = ORIENTED_EDGE('',*,*,#115,.F.);
#115 = EDGE_CURVE('',#116,#24,#118,.T.);
#116 = VERTEX_POINT('',#117);
#117 = CARTESIAN_POINT('',(-0.899963151253,-0.688493123148,
    1.620000042021E-02));
#118 = SURFACE_CURVE('',#119,(#124,#140),.PCURVE_S1.);
#119 = B_SPLINE_CURVE_WITH_KNOTS('',3,(#120,#121,#122,#123),
  .UNSPECIFIED.,.F.,.F.,(4,4),(0.,1.),.PIECEWISE_BEZIER_KNOTS.);
#120 = CARTESIAN_POINT('',(-0.899926326348,-0.688499987126,
    1.620000042022E-02));
#121 = CARTESIAN_POINT('',(-0.816712982759,-0.688499987125,
    1.620000042021E-02));
#122 = CARTESIAN_POINT('',(-0.733499638951,-0.688499987125,
    1.620000042021E-02));
#123 = CARTESIAN_POINT('',(-0.650286295362,-0.688499987125,
    1.62000004202E-02));
#124 = PCURVE('',#35,#125);
#125 = DEFINITIONAL_REPRESENTATION('',(#126),#139);
#126 = B_SPLINE_CURVE_WITH_KNOTS('',11,(#127,#128,#129,#130,#131,#132,
    #133,#134,#135,#136,#137,#138),.UNSPECIFIED.,.F.,.F.,(12,12),(0.,1.)
  ,.PIECEWISE_BEZIER_KNOTS.);
#127 = CARTESIAN_POINT('',(-4.72419901725E-06,1.903773464665E-05));
#128 = CARTESIAN_POINT('',(-5.95817453366E-05,1.262708642431E-02));
#129 = CARTESIAN_POINT('',(-1.116818734073E-04,2.460139070011E-02));
#130 = CARTESIAN_POINT('',(-1.890918563878E-04,4.239272297746E-02));
#131 = CARTESIAN_POINT('',(-1.636847138582E-04,3.655333511599E-02));
#132 = CARTESIAN_POINT('',(-3.921432549006E-04,8.906053972692E-02));
#133 = CARTESIAN_POINT('',(-1.935159011264E-04,4.340951237474E-02));
#134 = CARTESIAN_POINT('',(-5.075989542791E-04,0.11559601528));
#135 = CARTESIAN_POINT('',(-3.77208580473E-04,8.562806571029E-02));
#136 = CARTESIAN_POINT('',(-5.201693637489E-04,0.118485104298));
#137 = CARTESIAN_POINT('',(-5.517304566858E-04,0.125738870154));
#138 = CARTESIAN_POINT('',(-6.065880029707E-04,0.138346918836));
#139 = ( GEOMETRIC_REPRESENTATION_CONTEXT(2) 
PARAMETRIC_REPRESENTATION_CONTEXT() REPRESENTATION_CONTEXT('2D SPACE',''
  ) );
#140 = PCURVE('',#141,#158);
#141 = B_SPLINE_SURFACE_WITH_KNOTS('',3,3,(
    (#142,#143,#144,#145)
    ,(#146,#147,#148,#149)
    ,(#150,#151,#152,#153)
    ,(#154,#155,#156,#157
    )),.UNSPECIFIED.,.F.,.F.,.F.,(4,4),(4,4),(0.,1.),(0.,1.),
  .PIECEWISE_BEZIER_KNOTS.);
#142 = CARTESIAN_POINT('',(-0.899926326341,-0.68849998712,
    -1.605938339778E-02));
#143 = CARTESIAN_POINT('',(-0.89992632634,-0.688499987119,
    -5.353127808508E-03));
#144 = CARTESIAN_POINT('',(-0.899926326339,-0.688499987119,
    5.353127808706E-03));
#145 = CARTESIAN_POINT('',(-0.899926326338,-0.688499987118,
    1.605938339798E-02));
#146 = CARTESIAN_POINT('',(-0.816712982752,-0.688499987119,
    -1.605938339777E-02));
#147 = CARTESIAN_POINT('',(-0.816712982751,-0.688499987119,
    -5.353127808502E-03));
#148 = CARTESIAN_POINT('',(-0.81671298275,-0.688499987118,
    5.353127808701E-03));
#149 = CARTESIAN_POINT('',(-0.816712982749,-0.688499987117,
    1.605938339797E-02));
#150 = CARTESIAN_POINT('',(-0.733499638944,-0.688499987119,
    -1.605938339775E-02));
#151 = CARTESIAN_POINT('',(-0.733499638943,-0.688499987118,
    -5.353127808497E-03));
#152 = CARTESIAN_POINT('',(-0.733499638942,-0.688499987117,
    5.353127808696E-03));
#153 = CARTESIAN_POINT('',(-0.733499638941,-0.688499987117,
    1.605938339795E-02));
#154 = CARTESIAN_POINT('',(-0.650286295355,-0.688499987118,
    -1.605938339774E-02));
#155 = CARTESIAN_POINT('',(-0.650286295354,-0.688499987117,
    -5.353127808492E-03));
#156 = CARTESIAN_POINT('',(-0.650286295353,-0.688499987117,
    5.353127808691E-03));
#157 = CARTESIAN_POINT('',(-0.650286295353,-0.688499987116,
    1.605938339794E-02));
#158 = DEFINITIONAL_REPRESENTATION('',(#159),#164);
#159 = B_SPLINE_CURVE_WITH_KNOTS('',3,(#160,#161,#162,#163),
  .UNSPECIFIED.,.F.,.F.,(4,4),(0.,1.),.PIECEWISE_BEZIER_KNOTS.);
#160 = CARTESIAN_POINT('',(-1.47512026474E-04,0.995878494532));
#161 = CARTESIAN_POINT('',(0.333185821309,0.995878494524));
#162 = CARTESIAN_POINT('',(0.666814178844,0.995878494515));
#163 = CARTESIAN_POINT('',(1.000147512179,0.995878494507));
#164 = ( GEOMETRIC_REPRESENTATION_CONTEXT(2) 
PARAMETRIC_REPRESENTATION_CONTEXT() REPRESENTATION_CONTEXT('2D SPACE',''
  ) );
#165 = ORIENTED_EDGE('',*,*,#166,.F.);
#166 = EDGE_CURVE('',#167,#116,#169,.T.);
#167 = VERTEX_POINT('',#168);
#168 = CARTESIAN_POINT('',(-0.882347765742,0.670846915983,
    -4.282550653597E-03));
#169 = SURFACE_CURVE('',#170,(#175,#183),.PCURVE_S1.);
#170 = B_SPLINE_CURVE_WITH_KNOTS('',3,(#171,#172,#173,#174),
  .UNSPECIFIED.,.F.,.F.,(4,4),(0.,1.),.PIECEWISE_BEZIER_KNOTS.);
#171 = CARTESIAN_POINT('',(-0.899999976158,0.652486245826,
    1.620000042021E-02));
#172 = CARTESIAN_POINT('',(-0.899999976158,0.20549541122,
    1.620000042021E-02));
#173 = CARTESIAN_POINT('',(-0.899999976158,-0.241495424563,
    1.620000042021E-02));
#174 = CARTESIAN_POINT('',(-0.899999976158,-0.688486259169,
    1.620000042021E-02));
#175 = PCURVE('',#35,#176);
#176 = DEFINITIONAL_REPRESENTATION('',(#177),#182);
#177 = B_SPLINE_CURVE_WITH_KNOTS('',3,(#178,#179,#180,#181),
  .UNSPECIFIED.,.F.,.F.,(4,4),(0.,1.),.PIECEWISE_BEZIER_KNOTS.);
#178 = CARTESIAN_POINT('',(0.973855430663,-1.420604771377E-06));
#179 = CARTESIAN_POINT('',(0.649237040811,5.398806791731E-06));
#180 = CARTESIAN_POINT('',(0.324613665696,1.221832308262E-05));
#181 = CARTESIAN_POINT('',(-4.724199017259E-06,1.903773464664E-05));
#182 = ( GEOMETRIC_REPRESENTATION_CONTEXT(2) 
PARAMETRIC_REPRESENTATION_CONTEXT() REPRESENTATION_CONTEXT('2D SPACE',''
  ) );
#183 = PCURVE('',#184,#201);
#184 = B_SPLINE_SURFACE_WITH_KNOTS('',3,3,(
    (#185,#186,#187,#188)
    ,(#189,#190,#191,#192)
    ,(#193,#194,#195,#196)
    ,(#197,#198,#199,#200
    )),.UNSPECIFIED.,.F.,.F.,.F.,(4,4),(4,4),(0.,1.),(0.,1.),
  .PIECEWISE_BEZIER_KNOTS.);
#185 = CARTESIAN_POINT('',(-0.899999976022,-0.688496554844,
    -1.565401102598E-02));
#186 = CARTESIAN_POINT('',(-0.899999976022,-0.241498856459,
    -1.565401102598E-02));
#187 = CARTESIAN_POINT('',(-0.899999976022,0.205498843105,
    -1.565401102598E-02));
#188 = CARTESIAN_POINT('',(-0.899999976022,0.65249654149,
    -1.565401102598E-02));
#189 = CARTESIAN_POINT('',(-0.899999976096,-0.688496554901,
    -5.218003684245E-03));
#190 = CARTESIAN_POINT('',(-0.899999976096,-0.241498856479,
    -5.218003684245E-03));
#191 = CARTESIAN_POINT('',(-0.899999976096,0.205498843122,
    -5.218003684245E-03));
#192 = CARTESIAN_POINT('',(-0.899999976096,0.652496541544,
    -5.218003684245E-03));
#193 = CARTESIAN_POINT('',(-0.89999997617,-0.688496554958,
    5.218003683903E-03));
#194 = CARTESIAN_POINT('',(-0.89999997617,-0.241498856498,
    5.218003683903E-03));
#195 = CARTESIAN_POINT('',(-0.89999997617,0.205498843138,
    5.218003683903E-03));
#196 = CARTESIAN_POINT('',(-0.89999997617,0.652496541597,
    5.218003683903E-03));
#197 = CARTESIAN_POINT('',(-0.899999976244,-0.688496555014,
    1.565401102564E-02));
#198 = CARTESIAN_POINT('',(-0.899999976244,-0.241498856518,
    1.565401102564E-02));
#199 = CARTESIAN_POINT('',(-0.899999976244,0.205498843155,
    1.565401102564E-02));
#200 = CARTESIAN_POINT('',(-0.899999976244,0.652496541651,
    1.565401102564E-02));
#201 = DEFINITIONAL_REPRESENTATION('',(#202),#207);
#202 = B_SPLINE_CURVE_WITH_KNOTS('',3,(#203,#204,#205,#206),
  .UNSPECIFIED.,.F.,.F.,(4,4),(0.,1.),.PIECEWISE_BEZIER_KNOTS.);
#203 = CARTESIAN_POINT('',(1.008719640586,0.999997440805));
#204 = CARTESIAN_POINT('',(1.00871964054,0.666669225985));
#205 = CARTESIAN_POINT('',(1.008719640495,0.333330774047));
#206 = CARTESIAN_POINT('',(1.00871964045,2.559226776055E-06));
#207 = ( GEOMETRIC_REPRESENTATION_CONTEXT(2) 
PARAMETRIC_REPRESENTATION_CONTEXT() REPRESENTATION_CONTEXT('2D SPACE',''
  ) );
#208 = ORIENTED_EDGE('',*,*,#209,.F.);
#209 = EDGE_CURVE('',#167,#167,#210,.T.);
#210 = SURFACE_CURVE('',#211,(#216,#224),.PCURVE_S1.);
#211 = B_SPLINE_CURVE_WITH_KNOTS('',3,(#212,#213,#214,#215),
  .UNSPECIFIED.,.F.,.F.,(4,4),(0.,1.),.PIECEWISE_BEZIER_KNOTS.);
#212 = CARTESIAN_POINT('',(-0.864680764552,0.689785296647,
    1.620000041862E-02));
#213 = CARTESIAN_POINT('',(-0.884775752656,0.685410750757,
    1.620000042138E-02));
#214 = CARTESIAN_POINT('',(-0.896984338622,0.673169389521,
    1.620000042152E-02));
#215 = CARTESIAN_POINT('',(-0.901306521976,0.653061213436,
    1.620000041902E-02));
#216 = PCURVE('',#35,#217);
#217 = DEFINITIONAL_REPRESENTATION('',(#218),#223);
#218 = B_SPLINE_CURVE_WITH_KNOTS('',3,(#219,#220,#221,#222),
  .UNSPECIFIED.,.F.,.F.,(4,4),(0.,1.),.PIECEWISE_BEZIER_KNOTS.);
#219 = CARTESIAN_POINT('',(1.000943140048,1.962041990678E-02));
#220 = CARTESIAN_POINT('',(0.990368077454,1.155229082262E-02));
#221 = CARTESIAN_POINT('',(0.98484898757,7.341561172868E-03));
#222 = CARTESIAN_POINT('',(0.974272989694,-7.272814745826E-04));
#223 = ( GEOMETRIC_REPRESENTATION_CONTEXT(2) 
PARAMETRIC_REPRESENTATION_CONTEXT() REPRESENTATION_CONTEXT('2D SPACE',''
  ) );
#224 = PCURVE('',#225,#242);
#225 = B_SPLINE_SURFACE_WITH_KNOTS('',3,3,(
    (#226,#227,#228,#229)
    ,(#230,#231,#232,#233)
    ,(#234,#235,#236,#237)
    ,(#238,#239,#240,#241
    )),.UNSPECIFIED.,.F.,.F.,.F.,(4,4),(4,4),(0.,1.),(0.,1.),
  .PIECEWISE_BEZIER_KNOTS.);
#226 = CARTESIAN_POINT('',(-0.899997419077,-0.688486618052,
    -1.620000042021E-02));
#227 = CARTESIAN_POINT('',(-0.299999140223,-0.688486618052,
    -1.620000042021E-02));
#228 = CARTESIAN_POINT('',(0.299999140212,-0.688486618052,
    -1.620000042021E-02));
#229 = CARTESIAN_POINT('',(0.899997419066,-0.688486618052,
    -1.620000042021E-02));
#230 = CARTESIAN_POINT('',(-0.899997419077,-0.229495539757,
    -1.620000042021E-02));
#231 = CARTESIAN_POINT('',(-0.299999140223,-0.229495539757,
    -1.620000042021E-02));
#232 = CARTESIAN_POINT('',(0.299999140212,-0.229495539757,
    -1.620000042021E-02));
#233 = CARTESIAN_POINT('',(0.899997419066,-0.229495539757,
    -1.620000042021E-02));
#234 = CARTESIAN_POINT('',(-0.899997419077,0.229495539748,
    -1.620000042021E-02));
#235 = CARTESIAN_POINT('',(-0.299999140223,0.229495539748,
    -1.620000042021E-02));
#236 = CARTESIAN_POINT('',(0.299999140212,0.229495539748,
    -1.620000042021E-02));
#237 = CARTESIAN_POINT('',(0.899997419066,0.229495539748,
    -1.620000042021E-02));
#238 = CARTESIAN_POINT('',(-0.899997419077,0.688486618043,
    -1.620000042021E-02));
#239 = CARTESIAN_POINT('',(-0.299999140223,0.688486618043,
    -1.620000042021E-02));
#240 = CARTESIAN_POINT('',(0.299999140212,0.688486618043,
    -1.620000042021E-02));
#241 = CARTESIAN_POINT('',(0.899997419066,0.688486618043,
    -1.620000042021E-02));
#242 = DEFINITIONAL_REPRESENTATION('',(#243),#248);
#243 = B_SPLINE_CURVE_WITH_KNOTS('',3,(#244,#245,#246,#247),
  .UNSPECIFIED.,.F.,.F.,(4,4),(0.,1.),.PIECEWISE_BEZIER_KNOTS.);
#244 = CARTESIAN_POINT('',(1.000958549756,1.968681610263E-02));
#245 = CARTESIAN_POINT('',(0.990411792169,1.159703402808E-02));
#246 = CARTESIAN_POINT('',(0.98490747556,7.375004510939E-03));
#247 = CARTESIAN_POINT('',(0.974359785195,-7.154930419434E-04));
#248 = ( GEOMETRIC_REPRESENTATION_CONTEXT(2) 
PARAMETRIC_REPRESENTATION_CONTEXT() REPRESENTATION_CONTEXT('2D SPACE',''
  ) );
#249 = ORIENTED_EDGE('',*,*,#250,.F.);
#250 = EDGE_CURVE('',#251,#167,#253,.T.);
#251 = VERTEX_POINT('',#252);
#252 = CARTESIAN_POINT('',(0.899994758037,0.688475044376,
    1.620000042021E-02));
#253 = SURFACE_CURVE('',#254,(#259,#265),.PCURVE_S1.);
#254 = B_SPLINE_CURVE_WITH_KNOTS('',3,(#255,#256,#257,#258),
  .UNSPECIFIED.,.F.,.F.,(4,4),(0.,1.),.PIECEWISE_BEZIER_KNOTS.);
#255 = CARTESIAN_POINT('',(0.899989539917,0.688499987125,
    1.620000042021E-02));
#256 = CARTESIAN_POINT('',(0.311996498408,0.688499987125,
    1.620000042021E-02));
#257 = CARTESIAN_POINT('',(-0.27599654465,0.688499987125,
    1.620000042021E-02));
#258 = CARTESIAN_POINT('',(-0.863989586158,0.688499987125,
    1.620000042021E-02));
#259 = PCURVE('',#35,#260);
#260 = DEFINITIONAL_REPRESENTATION('',(#261),#264);
#261 = B_SPLINE_CURVE_WITH_KNOTS('',1,(#262,#263),.UNSPECIFIED.,.F.,.F.,
  (2,2),(0.,1.),.PIECEWISE_BEZIER_KNOTS.);
#262 = CARTESIAN_POINT('',(1.000009709035,0.999995622682));
#263 = CARTESIAN_POINT('',(1.000009709036,2.000440900452E-02));
#264 = ( GEOMETRIC_REPRESENTATION_CONTEXT(2) 
PARAMETRIC_REPRESENTATION_CONTEXT() REPRESENTATION_CONTEXT('2D SPACE',''
  ) );
#265 = PCURVE('',#266,#283);
#266 = B_SPLINE_SURFACE_WITH_KNOTS('',3,3,(
    (#267,#268,#269,#270)
    ,(#271,#272,#273,#274)
    ,(#275,#276,#277,#278)
    ,(#279,#280,#281,#282
    )),.UNSPECIFIED.,.F.,.F.,.F.,(4,4),(4,4),(0.,1.),(0.,1.),
  .PIECEWISE_BEZIER_KNOTS.);
#267 = CARTESIAN_POINT('',(-0.863989586161,0.688499987119,
    -1.605938339776E-02));
#268 = CARTESIAN_POINT('',(-0.86398958616,0.688499987118,
    -5.353127808501E-03));
#269 = CARTESIAN_POINT('',(-0.86398958616,0.688499987118,
    5.3531278087E-03));
#270 = CARTESIAN_POINT('',(-0.863989586159,0.688499987117,
    1.605938339796E-02));
#271 = CARTESIAN_POINT('',(-0.275996544658,0.688499987119,
    -1.605938339777E-02));
#272 = CARTESIAN_POINT('',(-0.275996544658,0.688499987118,
    -5.353127808502E-03));
#273 = CARTESIAN_POINT('',(-0.275996544658,0.688499987118,
    5.3531278087E-03));
#274 = CARTESIAN_POINT('',(-0.275996544657,0.688499987117,
    1.605938339796E-02));
#275 = CARTESIAN_POINT('',(0.311996498394,0.688499987119,
    -1.605938339777E-02));
#276 = CARTESIAN_POINT('',(0.311996498394,0.688499987119,
    -5.353127808502E-03));
#277 = CARTESIAN_POINT('',(0.311996498394,0.688499987118,
    5.353127808701E-03));
#278 = CARTESIAN_POINT('',(0.311996498393,0.688499987117,
    1.605938339797E-02));
#279 = CARTESIAN_POINT('',(0.899989539898,0.688499987119,
    -1.605938339777E-02));
#280 = CARTESIAN_POINT('',(0.899989539897,0.688499987119,
    -5.353127808502E-03));
#281 = CARTESIAN_POINT('',(0.899989539896,0.688499987118,
    5.353127808701E-03));
#282 = CARTESIAN_POINT('',(0.899989539895,0.688499987117,
    1.605938339797E-02));
#283 = DEFINITIONAL_REPRESENTATION('',(#284),#289);
#284 = B_SPLINE_CURVE_WITH_KNOTS('',3,(#285,#286,#287,#288),
  .UNSPECIFIED.,.F.,.F.,(4,4),(0.,1.),.PIECEWISE_BEZIER_KNOTS.);
#285 = CARTESIAN_POINT('',(1.000002958152,0.995878494533));
#286 = CARTESIAN_POINT('',(0.666669624815,0.995878494524));
#287 = CARTESIAN_POINT('',(0.333330375207,0.995878494514));
#288 = CARTESIAN_POINT('',(-2.958130226993E-06,0.995878494505));
#289 = ( GEOMETRIC_REPRESENTATION_CONTEXT(2) 
PARAMETRIC_REPRESENTATION_CONTEXT() REPRESENTATION_CONTEXT('2D SPACE',''
  ) );
#290 = ORIENTED_EDGE('',*,*,#291,.F.);
#291 = EDGE_CURVE('',#292,#251,#294,.T.);
#292 = VERTEX_POINT('',#293);
#293 = CARTESIAN_POINT('',(0.90058216957,0.320070942519,
    1.592700572423E-02));
#294 = SURFACE_CURVE('',#295,(#300,#313),.PCURVE_S1.);
#295 = B_SPLINE_CURVE_WITH_KNOTS('',3,(#296,#297,#298,#299),
  .UNSPECIFIED.,.F.,.F.,(4,4),(0.,1.),.PIECEWISE_BEZIER_KNOTS.);
#296 = CARTESIAN_POINT('',(0.899999976158,0.319632556427,
    1.62000004202E-02));
#297 = CARTESIAN_POINT('',(0.899999976158,0.442571738052,
    1.620000042021E-02));
#298 = CARTESIAN_POINT('',(0.899999976158,0.565510920002,
    1.620000042021E-02));
#299 = CARTESIAN_POINT('',(0.899999976158,0.688450101627,
    1.620000042021E-02));
#300 = PCURVE('',#35,#301);
#301 = DEFINITIONAL_REPRESENTATION('',(#302),#312);
#302 = B_SPLINE_CURVE_WITH_KNOTS('',8,(#303,#304,#305,#306,#307,#308,
    #309,#310,#311),.UNSPECIFIED.,.F.,.F.,(9,9),(0.,1.),
  .PIECEWISE_BEZIER_KNOTS.);
#303 = CARTESIAN_POINT('',(0.732358856658,1.000358428939));
#304 = CARTESIAN_POINT('',(0.765839625778,1.00031376429));
#305 = CARTESIAN_POINT('',(0.797412507207,1.000271644836));
#306 = CARTESIAN_POINT('',(0.835746706803,1.000220505522));
#307 = CARTESIAN_POINT('',(0.862853665472,1.000184343783));
#308 = CARTESIAN_POINT('',(0.901317699622,1.000133031264));
#309 = CARTESIAN_POINT('',(0.932552734093,1.000091362512));
#310 = CARTESIAN_POINT('',(0.966492711509,1.000046085261));
#311 = CARTESIAN_POINT('',(0.999973480664,1.000001420611));
#312 = ( GEOMETRIC_REPRESENTATION_CONTEXT(2) 
PARAMETRIC_REPRESENTATION_CONTEXT() REPRESENTATION_CONTEXT('2D SPACE',''
  ) );
#313 = PCURVE('',#314,#331);
#314 = B_SPLINE_SURFACE_WITH_KNOTS('',3,3,(
    (#315,#316,#317,#318)
    ,(#319,#320,#321,#322)
    ,(#323,#324,#325,#326)
    ,(#327,#328,#329,#330
    )),.UNSPECIFIED.,.F.,.F.,.F.,(4,4),(4,4),(0.,1.),(0.,1.),
  .PIECEWISE_BEZIER_KNOTS.);
#315 = CARTESIAN_POINT('',(0.899999976174,0.31959514528,
    -1.565401102657E-02));
#316 = CARTESIAN_POINT('',(0.899999976173,0.442559267675,
    -1.565401102657E-02));
#317 = CARTESIAN_POINT('',(0.899999976173,0.565523390394,
    -1.565401102656E-02));
#318 = CARTESIAN_POINT('',(0.899999976173,0.688487512789,
    -1.565401102656E-02));
#319 = CARTESIAN_POINT('',(0.899999976192,0.319595145286,
    -5.21800368483E-03));
#320 = CARTESIAN_POINT('',(0.899999976191,0.442559267683,
    -5.218003684829E-03));
#321 = CARTESIAN_POINT('',(0.899999976191,0.565523390405,
    -5.218003684827E-03));
#322 = CARTESIAN_POINT('',(0.899999976191,0.688487512802,
    -5.218003684826E-03));
#323 = CARTESIAN_POINT('',(0.899999976209,0.319595145292,
    5.218003683322E-03));
#324 = CARTESIAN_POINT('',(0.899999976209,0.442559267692,
    5.21800368332E-03));
#325 = CARTESIAN_POINT('',(0.899999976209,0.565523390416,
    5.218003683319E-03));
#326 = CARTESIAN_POINT('',(0.899999976209,0.688487512816,
    5.218003683318E-03));
#327 = CARTESIAN_POINT('',(0.899999976227,0.319595145299,
    1.565401102506E-02));
#328 = CARTESIAN_POINT('',(0.899999976227,0.442559267701,
    1.565401102506E-02));
#329 = CARTESIAN_POINT('',(0.899999976227,0.565523390427,
    1.565401102506E-02));
#330 = CARTESIAN_POINT('',(0.899999976227,0.688487512829,
    1.565401102505E-02));
#331 = DEFINITIONAL_REPRESENTATION('',(#332),#337);
#332 = B_SPLINE_CURVE_WITH_KNOTS('',3,(#333,#334,#335,#336),
  .UNSPECIFIED.,.F.,.F.,(4,4),(0.,1.),.PIECEWISE_BEZIER_KNOTS.);
#333 = CARTESIAN_POINT('',(1.008719640605,3.379949774884E-05));
#334 = CARTESIAN_POINT('',(1.008719640559,0.333299522929));
#335 = CARTESIAN_POINT('',(1.008719640514,0.666700476754));
#336 = CARTESIAN_POINT('',(1.008719640468,0.999966200185));
#337 = ( GEOMETRIC_REPRESENTATION_CONTEXT(2) 
PARAMETRIC_REPRESENTATION_CONTEXT() REPRESENTATION_CONTEXT('2D SPACE',''
  ) );
#338 = ORIENTED_EDGE('',*,*,#339,.T.);
#339 = EDGE_CURVE('',#292,#340,#342,.T.);
#340 = VERTEX_POINT('',#341);
#341 = CARTESIAN_POINT('',(0.759456118266,0.17874050747,
    1.592700572514E-02));
#342 = SURFACE_CURVE('',#343,(#350,#383),.PCURVE_S1.);
#343 = B_SPLINE_CURVE_WITH_KNOTS('',5,(#344,#345,#346,#347,#348,#349),
  .UNSPECIFIED.,.F.,.F.,(6,6),(0.,1.),.PIECEWISE_BEZIER_KNOTS.);
#344 = CARTESIAN_POINT('',(0.90116436309,0.320559214149,
    1.620000042021E-02));
#345 = CARTESIAN_POINT('',(0.898262838002,0.272528946444,
    1.620000042021E-02));
#346 = CARTESIAN_POINT('',(0.88175105774,0.232444310794,
    1.620000042021E-02));
#347 = CARTESIAN_POINT('',(0.848549961348,0.19859513999,
    1.620000042021E-02));
#348 = CARTESIAN_POINT('',(0.808157830839,0.181583682353,
    1.620000042021E-02));
#349 = CARTESIAN_POINT('',(0.759111802434,0.178097900963,
    1.620000042021E-02));
#350 = PCURVE('',#35,#351);
#351 = DEFINITIONAL_REPRESENTATION('',(#352),#382);
#352 = B_SPLINE_CURVE_WITH_KNOTS('',10,(#353,#354,#355,#356,#357,#358,
    #359,#360,#361,#362,#363,#364,#365,#366,#367,#368,#369,#370,#371,
    #372,#373,#374,#375,#376,#377,#378,#379,#380,#381),.UNSPECIFIED.,.F.
  ,.F.,(11,9,9,11),(0.,0.25,0.5,1.),.UNSPECIFIED.);
#353 = CARTESIAN_POINT('',(0.732358856658,1.000358428939));
#354 = CARTESIAN_POINT('',(0.728017740914,1.00072913848));
#355 = CARTESIAN_POINT('',(0.727220188612,1.000208462901));
#356 = CARTESIAN_POINT('',(0.713342958547,0.999429114037));
#357 = CARTESIAN_POINT('',(0.724389724738,0.99952410766));
#358 = CARTESIAN_POINT('',(0.704447539267,0.99833878638));
#359 = CARTESIAN_POINT('',(0.712042648378,0.997852810016));
#360 = CARTESIAN_POINT('',(0.702445840116,0.996928999125));
#361 = CARTESIAN_POINT('',(0.700412622017,0.995964546165));
#362 = CARTESIAN_POINT('',(0.696427070812,0.994895331241));
#363 = CARTESIAN_POINT('',(0.689158150781,0.992540269152));
#364 = CARTESIAN_POINT('',(0.685607897119,0.991255674627));
#365 = CARTESIAN_POINT('',(0.682145461233,0.989865904558));
#366 = CARTESIAN_POINT('',(0.678774454545,0.988372846881));
#367 = CARTESIAN_POINT('',(0.675498488477,0.986778389534));
#368 = CARTESIAN_POINT('',(0.672321174449,0.985084420452));
#369 = CARTESIAN_POINT('',(0.669246123885,0.983292827572));
#370 = CARTESIAN_POINT('',(0.666276948206,0.981405498831));
#371 = CARTESIAN_POINT('',(0.663417258833,0.979424322165));
#372 = CARTESIAN_POINT('',(0.655177483901,0.973204912203));
#373 = CARTESIAN_POINT('',(0.650271386282,0.968464738544));
#374 = CARTESIAN_POINT('',(0.644851440697,0.965031471826));
#375 = CARTESIAN_POINT('',(0.643607655368,0.955661475896));
#376 = CARTESIAN_POINT('',(0.63444470306,0.957814774448));
#377 = CARTESIAN_POINT('',(0.639572656191,0.942776489666));
#378 = CARTESIAN_POINT('',(0.628976116789,0.944370064207));
#379 = CARTESIAN_POINT('',(0.633571933246,0.934000866119));
#380 = CARTESIAN_POINT('',(0.628833656897,0.928618016186));
#381 = CARTESIAN_POINT('',(0.629850691527,0.921833328764));
#382 = ( GEOMETRIC_REPRESENTATION_CONTEXT(2) 
PARAMETRIC_REPRESENTATION_CONTEXT() REPRESENTATION_CONTEXT('2D SPACE',''
  ) );
#383 = PCURVE('',#384,#401);
#384 = B_SPLINE_SURFACE_WITH_KNOTS('',3,3,(
    (#385,#386,#387,#388)
    ,(#389,#390,#391,#392)
    ,(#393,#394,#395,#396)
    ,(#397,#398,#399,#400
    )),.UNSPECIFIED.,.F.,.F.,.F.,(4,4),(4,4),(0.,1.),(0.,1.),
  .PIECEWISE_BEZIER_KNOTS.);
#385 = CARTESIAN_POINT('',(0.75918906092,0.176240097669,
    -7.324830254238E-03));
#386 = CARTESIAN_POINT('',(0.841676495974,0.187700649779,
    -7.324830253358E-03));
#387 = CARTESIAN_POINT('',(0.88973618847,0.235366856942,
    -7.324830253332E-03));
#388 = CARTESIAN_POINT('',(0.903368133813,0.319238715414,
    -7.324830254159E-03));
#389 = CARTESIAN_POINT('',(0.759189062294,0.176240097988,
    -2.44161008401E-03));
#390 = CARTESIAN_POINT('',(0.841676497497,0.187700650118,
    -2.441610083717E-03));
#391 = CARTESIAN_POINT('',(0.88973619008,0.235366857367,
    -2.441610083708E-03));
#392 = CARTESIAN_POINT('',(0.903368135447,0.319238715991,
    -2.441610083984E-03));
#393 = CARTESIAN_POINT('',(0.759189063667,0.176240098307,
    2.441610097508E-03));
#394 = CARTESIAN_POINT('',(0.84167649902,0.187700650458,
    2.441610097214E-03));
#395 = CARTESIAN_POINT('',(0.889736191689,0.235366857793,
    2.441610097206E-03));
#396 = CARTESIAN_POINT('',(0.903368137081,0.319238716569,
    2.441610097481E-03));
#397 = CARTESIAN_POINT('',(0.759189065041,0.176240098625,
    7.324830267736E-03));
#398 = CARTESIAN_POINT('',(0.841676500543,0.187700650798,
    7.324830266856E-03));
#399 = CARTESIAN_POINT('',(0.889736193299,0.235366858219,
    7.32483026683E-03));
#400 = CARTESIAN_POINT('',(0.903368138716,0.319238717146,
    7.324830267657E-03));
#401 = DEFINITIONAL_REPRESENTATION('',(#402),#405);
#402 = B_SPLINE_CURVE_WITH_KNOTS('',1,(#403,#404),.UNSPECIFIED.,.F.,.F.,
  (2,2),(0.,1.),.PIECEWISE_BEZIER_KNOTS.);
#403 = CARTESIAN_POINT('',(1.05,1.003753894914));
#404 = CARTESIAN_POINT('',(1.05,7.223988350754E-04));
#405 = ( GEOMETRIC_REPRESENTATION_CONTEXT(2) 
PARAMETRIC_REPRESENTATION_CONTEXT() REPRESENTATION_CONTEXT('2D SPACE',''
  ) );
#406 = ORIENTED_EDGE('',*,*,#407,.F.);
#407 = EDGE_CURVE('',#408,#340,#410,.T.);
#408 = VERTEX_POINT('',#409);
#409 = CARTESIAN_POINT('',(0.118239069584,0.179374074539,
    1.620000042021E-02));
#410 = SURFACE_CURVE('',#411,(#416,#432),.PCURVE_S1.);
#411 = B_SPLINE_CURVE_WITH_KNOTS('',3,(#412,#413,#414,#415),
  .UNSPECIFIED.,.F.,.F.,(4,4),(0.,1.),.PIECEWISE_BEZIER_KNOTS.);
#412 = CARTESIAN_POINT('',(0.118262454207,0.17938311398,
    1.620000042021E-02));
#413 = CARTESIAN_POINT('',(0.332098883478,0.17938311398,
    1.620000042021E-02));
#414 = CARTESIAN_POINT('',(0.545935313313,0.17938311398,
    1.620000042021E-02));
#415 = CARTESIAN_POINT('',(0.759771742584,0.17938311398,
    1.620000042022E-02));
#416 = PCURVE('',#35,#417);
#417 = DEFINITIONAL_REPRESENTATION('',(#418),#431);
#418 = B_SPLINE_CURVE_WITH_KNOTS('',11,(#419,#420,#421,#422,#423,#424,
    #425,#426,#427,#428,#429,#430),.UNSPECIFIED.,.F.,.F.,(12,12),(0.,1.)
  ,.PIECEWISE_BEZIER_KNOTS.);
#419 = CARTESIAN_POINT('',(0.630266928773,0.565688560341));
#420 = CARTESIAN_POINT('',(0.630229062445,0.59808809927));
#421 = CARTESIAN_POINT('',(0.630191735011,0.630026543844));
#422 = CARTESIAN_POINT('',(0.630149558376,0.666114107426));
#423 = CARTESIAN_POINT('',(0.63012690717,0.685495141526));
#424 = CARTESIAN_POINT('',(0.630056280719,0.745925200404));
#425 = CARTESIAN_POINT('',(0.630066103819,0.737520267952));
#426 = CARTESIAN_POINT('',(0.629979585602,0.811547786929));
#427 = CARTESIAN_POINT('',(0.629976411124,0.814263963124));
#428 = CARTESIAN_POINT('',(0.629922082668,0.860748980131));
#429 = CARTESIAN_POINT('',(0.629888557856,0.889433789805));
#430 = CARTESIAN_POINT('',(0.629850691527,0.921833328764));
#431 = ( GEOMETRIC_REPRESENTATION_CONTEXT(2) 
PARAMETRIC_REPRESENTATION_CONTEXT() REPRESENTATION_CONTEXT('2D SPACE',''
  ) );
#432 = PCURVE('',#433,#450);
#433 = B_SPLINE_SURFACE_WITH_KNOTS('',3,3,(
    (#434,#435,#436,#437)
    ,(#438,#439,#440,#441)
    ,(#442,#443,#444,#445)
    ,(#446,#447,#448,#449
    )),.UNSPECIFIED.,.F.,.F.,.F.,(4,4),(4,4),(0.,1.),(0.,1.),
  .PIECEWISE_BEZIER_KNOTS.);
#434 = CARTESIAN_POINT('',(0.118262454208,0.179383113979,
    -1.605938339777E-02));
#435 = CARTESIAN_POINT('',(0.118262454207,0.179383113978,
    -5.353127808501E-03));
#436 = CARTESIAN_POINT('',(0.118262454207,0.179383113978,
    5.3531278087E-03));
#437 = CARTESIAN_POINT('',(0.118262454207,0.179383113978,
    1.605938339796E-02));
#438 = CARTESIAN_POINT('',(0.332098883476,0.179383113979,
    -1.605938339776E-02));
#439 = CARTESIAN_POINT('',(0.332098883475,0.179383113978,
    -5.353127808501E-03));
#440 = CARTESIAN_POINT('',(0.332098883475,0.179383113978,
    5.353127808699E-03));
#441 = CARTESIAN_POINT('',(0.332098883475,0.179383113978,
    1.605938339796E-02));
#442 = CARTESIAN_POINT('',(0.545935313307,0.179383113979,
    -1.605938339776E-02));
#443 = CARTESIAN_POINT('',(0.545935313306,0.179383113978,
    -5.353127808501E-03));
#444 = CARTESIAN_POINT('',(0.545935313306,0.179383113978,
    5.353127808699E-03));
#445 = CARTESIAN_POINT('',(0.545935313305,0.179383113978,
    1.605938339796E-02));
#446 = CARTESIAN_POINT('',(0.759771742575,0.179383113979,
    -1.605938339776E-02));
#447 = CARTESIAN_POINT('',(0.759771742574,0.179383113978,
    -5.3531278085E-03));
#448 = CARTESIAN_POINT('',(0.759771742574,0.179383113978,
    5.353127808699E-03));
#449 = CARTESIAN_POINT('',(0.759771742573,0.179383113978,
    1.605938339796E-02));
#450 = DEFINITIONAL_REPRESENTATION('',(#451),#456);
#451 = B_SPLINE_CURVE_WITH_KNOTS('',3,(#452,#453,#454,#455),
  .UNSPECIFIED.,.F.,.F.,(4,4),(0.,1.),.PIECEWISE_BEZIER_KNOTS.);
#452 = CARTESIAN_POINT('',(-2.236250830456E-05,0.995878494533));
#453 = CARTESIAN_POINT('',(0.333310970831,0.995878494524));
#454 = CARTESIAN_POINT('',(0.66668902913,0.995878494515));
#455 = CARTESIAN_POINT('',(1.000022362469,0.995878494505));
#456 = ( GEOMETRIC_REPRESENTATION_CONTEXT(2) 
PARAMETRIC_REPRESENTATION_CONTEXT() REPRESENTATION_CONTEXT('2D SPACE',''
  ) );
#457 = ORIENTED_EDGE('',*,*,#458,.F.);
#458 = EDGE_CURVE('',#459,#408,#461,.T.);
#459 = VERTEX_POINT('',#460);
#460 = CARTESIAN_POINT('',(-0.390874077311,-0.329816891531,
    1.620000042028E-02));
#461 = SURFACE_CURVE('',#462,(#467,#493),.PCURVE_S1.);
#462 = B_SPLINE_CURVE_WITH_KNOTS('',3,(#463,#464,#465,#466),
  .UNSPECIFIED.,.F.,.F.,(4,4),(0.,1.),.PIECEWISE_BEZIER_KNOTS.);
#463 = CARTESIAN_POINT('',(-0.390865036706,-0.329715683775,
    1.620000042022E-02));
#464 = CARTESIAN_POINT('',(-0.221171462964,-0.160022110969,
    1.620000042021E-02));
#465 = CARTESIAN_POINT('',(-5.147788877741E-02,9.671462286703E-03,
    1.620000042021E-02));
#466 = CARTESIAN_POINT('',(0.11821568496,0.179365035097,
    1.620000042021E-02));
#467 = PCURVE('',#35,#468);
#468 = DEFINITIONAL_REPRESENTATION('',(#469),#492);
#469 = B_SPLINE_CURVE_WITH_KNOTS('',11,(#470,#471,#472,#473,#474,#475,
    #476,#477,#478,#479,#480,#481,#482,#483,#484,#485,#486,#487,#488,
    #489,#490,#491),.UNSPECIFIED.,.F.,.F.,(12,10,12),(0.,0.5,1.),
  .UNSPECIFIED.);
#470 = CARTESIAN_POINT('',(0.260550405036,0.282852134752));
#471 = CARTESIAN_POINT('',(0.277355166397,0.295707926503));
#472 = CARTESIAN_POINT('',(0.29415992573,0.308563716703));
#473 = CARTESIAN_POINT('',(0.310964683711,0.321419505869));
#474 = CARTESIAN_POINT('',(0.327769441018,0.334275294518));
#475 = CARTESIAN_POINT('',(0.344574198327,0.347131083171));
#476 = CARTESIAN_POINT('',(0.361378956316,0.359986872342));
#477 = CARTESIAN_POINT('',(0.378183715663,0.372842662553));
#478 = CARTESIAN_POINT('',(0.394988477043,0.385698454319));
#479 = CARTESIAN_POINT('',(0.411793241134,0.398554248159));
#480 = CARTESIAN_POINT('',(0.428598008613,0.411410044591));
#481 = CARTESIAN_POINT('',(0.462207551702,0.437121643674));
#482 = CARTESIAN_POINT('',(0.479037726291,0.44999687677));
#483 = CARTESIAN_POINT('',(0.495668669426,0.462719696035));
#484 = CARTESIAN_POINT('',(0.513051064083,0.47601738239));
#485 = CARTESIAN_POINT('',(0.528648059203,0.487949222236));
#486 = CARTESIAN_POINT('',(0.547185309065,0.502130383084));
#487 = CARTESIAN_POINT('',(0.562233036529,0.513642028293));
#488 = CARTESIAN_POINT('',(0.580291470477,0.527456890712));
#489 = CARTESIAN_POINT('',(0.596497401769,0.53985457214));
#490 = CARTESIAN_POINT('',(0.613462167416,0.552832768592));
#491 = CARTESIAN_POINT('',(0.630266928773,0.565688560341));
#492 = ( GEOMETRIC_REPRESENTATION_CONTEXT(2) 
PARAMETRIC_REPRESENTATION_CONTEXT() REPRESENTATION_CONTEXT('2D SPACE',''
  ) );
#493 = PCURVE('',#494,#511);
#494 = B_SPLINE_SURFACE_WITH_KNOTS('',3,3,(
    (#495,#496,#497,#498)
    ,(#499,#500,#501,#502)
    ,(#503,#504,#505,#506)
    ,(#507,#508,#509,#510
    )),.UNSPECIFIED.,.F.,.F.,.F.,(4,4),(4,4),(0.,1.),(0.,1.),
  .PIECEWISE_BEZIER_KNOTS.);
#495 = CARTESIAN_POINT('',(0.118229243355,0.179378593495,
    -1.56540110329E-02));
#496 = CARTESIAN_POINT('',(-5.147336930501E-02,9.675981752176E-03,
    -1.56540110329E-02));
#497 = CARTESIAN_POINT('',(-0.221175982419,-0.160026630431,
    -1.56540110329E-02));
#498 = CARTESIAN_POINT('',(-0.390878595093,-0.329729242159,
    -1.56540110329E-02));
#499 = CARTESIAN_POINT('',(0.118229243357,0.179378593498,
    -5.21800368694E-03));
#500 = CARTESIAN_POINT('',(-5.147336930603E-02,9.675981752368E-03,
    -5.21800368694E-03));
#501 = CARTESIAN_POINT('',(-0.221175982423,-0.160026630434,
    -5.21800368694E-03));
#502 = CARTESIAN_POINT('',(-0.390878595101,-0.329729242165,
    -5.21800368694E-03));
#503 = CARTESIAN_POINT('',(0.118229243359,0.179378593502,
    5.218003685431E-03));
#504 = CARTESIAN_POINT('',(-5.147336930705E-02,9.67598175256E-03,
    5.218003685431E-03));
#505 = CARTESIAN_POINT('',(-0.221175982428,-0.160026630437,
    5.218003685432E-03));
#506 = CARTESIAN_POINT('',(-0.390878595109,-0.329729242172,
    5.218003685432E-03));
#507 = CARTESIAN_POINT('',(0.118229243362,0.179378593506,
    1.565401103139E-02));
#508 = CARTESIAN_POINT('',(-5.147336930807E-02,9.675981752752E-03,
    1.565401103139E-02));
#509 = CARTESIAN_POINT('',(-0.221175982432,-0.16002663044,
    1.565401103139E-02));
#510 = CARTESIAN_POINT('',(-0.390878595116,-0.329729242178,
    1.565401103139E-02));
#511 = DEFINITIONAL_REPRESENTATION('',(#512),#517);
#512 = B_SPLINE_CURVE_WITH_KNOTS('',3,(#513,#514,#515,#516),
  .UNSPECIFIED.,.F.,.F.,(4,4),(0.,1.),.PIECEWISE_BEZIER_KNOTS.);
#513 = CARTESIAN_POINT('',(1.008719640398,0.999991123172));
#514 = CARTESIAN_POINT('',(1.008719640421,0.666675544304));
#515 = CARTESIAN_POINT('',(1.008719640443,0.333324455694));
#516 = CARTESIAN_POINT('',(1.008719640465,8.876825793314E-06));
#517 = ( GEOMETRIC_REPRESENTATION_CONTEXT(2) 
PARAMETRIC_REPRESENTATION_CONTEXT() REPRESENTATION_CONTEXT('2D SPACE',''
  ) );
#518 = ORIENTED_EDGE('',*,*,#519,.F.);
#519 = EDGE_CURVE('',#22,#459,#520,.T.);
#520 = SURFACE_CURVE('',#521,(#526,#541),.PCURVE_S1.);
#521 = B_SPLINE_CURVE_WITH_KNOTS('',3,(#522,#523,#524,#525),
  .UNSPECIFIED.,.F.,.F.,(4,4),(0.,1.),.PIECEWISE_BEZIER_KNOTS.);
#522 = CARTESIAN_POINT('',(-0.390883117916,-0.428986119407,
    1.62000004203E-02));
#523 = CARTESIAN_POINT('',(-0.390883117917,-0.395963446062,
    1.620000042031E-02));
#524 = CARTESIAN_POINT('',(-0.390883117917,-0.362940772632,
    1.620000042032E-02));
#525 = CARTESIAN_POINT('',(-0.390883117917,-0.329918099287,
    1.620000042034E-02));
#526 = PCURVE('',#35,#527);
#527 = DEFINITIONAL_REPRESENTATION('',(#528),#540);
#528 = B_SPLINE_CURVE_WITH_KNOTS('',10,(#529,#530,#531,#532,#533,#534,
    #535,#536,#537,#538,#539),.UNSPECIFIED.,.F.,.F.,(11,11),(0.,1.),
  .PIECEWISE_BEZIER_KNOTS.);
#529 = CARTESIAN_POINT('',(0.189042885216,0.283389202045));
#530 = CARTESIAN_POINT('',(0.196237145959,0.283334044521));
#531 = CARTESIAN_POINT('',(0.19644829754,0.283332425648));
#532 = CARTESIAN_POINT('',(0.22727484931,0.283096082218));
#533 = CARTESIAN_POINT('',(0.190637376197,0.283376977276));
#534 = CARTESIAN_POINT('',(0.250870819141,0.282915174782));
#535 = CARTESIAN_POINT('',(0.214508345572,0.283193961452));
#536 = CARTESIAN_POINT('',(0.245602690049,0.282955564888));
#537 = CARTESIAN_POINT('',(0.244703582558,0.282962458236));
#538 = CARTESIAN_POINT('',(0.25320914397,0.282897247129));
#539 = CARTESIAN_POINT('',(0.260403404712,0.282842089605));
#540 = ( GEOMETRIC_REPRESENTATION_CONTEXT(2) 
PARAMETRIC_REPRESENTATION_CONTEXT() REPRESENTATION_CONTEXT('2D SPACE',''
  ) );
#541 = PCURVE('',#542,#559);
#542 = B_SPLINE_SURFACE_WITH_KNOTS('',3,3,(
    (#543,#544,#545,#546)
    ,(#547,#548,#549,#550)
    ,(#551,#552,#553,#554)
    ,(#555,#556,#557,#558
    )),.UNSPECIFIED.,.F.,.F.,.F.,(4,4),(4,4),(0.,1.),(0.,1.),
  .PIECEWISE_BEZIER_KNOTS.);
#543 = CARTESIAN_POINT('',(-0.390883117922,-0.429124225277,
    -1.565401102663E-02));
#544 = CARTESIAN_POINT('',(-0.390883117922,-0.396009481352,
    -1.565401102659E-02));
#545 = CARTESIAN_POINT('',(-0.390883117921,-0.36289473734,
    -1.565401102656E-02));
#546 = CARTESIAN_POINT('',(-0.39088311792,-0.329779993415,
    -1.565401102652E-02));
#547 = CARTESIAN_POINT('',(-0.39088311793,-0.429124225285,
    -5.21800368485E-03));
#548 = CARTESIAN_POINT('',(-0.390883117929,-0.39600948136,
    -5.218003684838E-03));
#549 = CARTESIAN_POINT('',(-0.390883117928,-0.362894737347,
    -5.218003684826E-03));
#550 = CARTESIAN_POINT('',(-0.390883117927,-0.329779993422,
    -5.218003684814E-03));
#551 = CARTESIAN_POINT('',(-0.390883117938,-0.429124225294,
    5.218003683341E-03));
#552 = CARTESIAN_POINT('',(-0.390883117937,-0.396009481367,
    5.218003683329E-03));
#553 = CARTESIAN_POINT('',(-0.390883117936,-0.362894737354,
    5.218003683317E-03));
#554 = CARTESIAN_POINT('',(-0.390883117935,-0.329779993428,
    5.218003683305E-03));
#555 = CARTESIAN_POINT('',(-0.390883117946,-0.429124225302,
    1.565401102512E-02));
#556 = CARTESIAN_POINT('',(-0.390883117945,-0.396009481375,
    1.565401102509E-02));
#557 = CARTESIAN_POINT('',(-0.390883117944,-0.362894737361,
    1.565401102505E-02));
#558 = CARTESIAN_POINT('',(-0.390883117943,-0.329779993435,
    1.565401102501E-02));
#559 = DEFINITIONAL_REPRESENTATION('',(#560),#567);
#560 = B_SPLINE_CURVE_WITH_KNOTS('',5,(#561,#562,#563,#564,#565,#566),
  .UNSPECIFIED.,.F.,.F.,(6,6),(0.,1.),.PIECEWISE_BEZIER_KNOTS.);
#561 = CARTESIAN_POINT('',(1.0087196406,4.62390776041E-04));
#562 = CARTESIAN_POINT('',(1.008719640574,0.19990632075));
#563 = CARTESIAN_POINT('',(1.008719640547,0.403989360922));
#564 = CARTESIAN_POINT('',(1.008719640522,0.596010639047));
#565 = CARTESIAN_POINT('',(1.008719640495,0.800093680109));
#566 = CARTESIAN_POINT('',(1.008719640469,0.999537610083));
#567 = ( GEOMETRIC_REPRESENTATION_CONTEXT(2) 
PARAMETRIC_REPRESENTATION_CONTEXT() REPRESENTATION_CONTEXT('2D SPACE',''
  ) );
#568 = ADVANCED_FACE('',(#569),#266,.F.);
#569 = FACE_BOUND('',#570,.F.);
#570 = EDGE_LOOP('',(#571,#572,#654,#680));
#571 = ORIENTED_EDGE('',*,*,#250,.T.);
#572 = ORIENTED_EDGE('',*,*,#573,.F.);
#573 = EDGE_CURVE('',#167,#167,#574,.T.);
#574 = SURFACE_CURVE('',#575,(#580,#646),.PCURVE_S1.);
#575 = B_SPLINE_CURVE_WITH_KNOTS('',3,(#576,#577,#578,#579),
  .UNSPECIFIED.,.F.,.F.,(4,4),(0.,1.),.PIECEWISE_BEZIER_KNOTS.);
#576 = CARTESIAN_POINT('',(-0.864000022396,0.688499987113,
    -1.565401103006E-02));
#577 = CARTESIAN_POINT('',(-0.864000022367,0.68849998709,
    -5.218003686091E-03));
#578 = CARTESIAN_POINT('',(-0.864000022337,0.688499987066,
    5.218003684287E-03));
#579 = CARTESIAN_POINT('',(-0.864000022308,0.688499987043,
    1.565401102826E-02));
#580 = PCURVE('',#266,#581);
#581 = DEFINITIONAL_REPRESENTATION('',(#582),#645);
#582 = B_SPLINE_CURVE_WITH_KNOTS('',11,(#583,#584,#585,#586,#587,#588,
    #589,#590,#591,#592,#593,#594,#595,#596,#597,#598,#599,#600,#601,
    #602,#603,#604,#605,#606,#607,#608,#609,#610,#611,#612,#613,#614,
    #615,#616,#617,#618,#619,#620,#621,#622,#623,#624,#625,#626,#627,
    #628,#629,#630,#631,#632,#633,#634,#635,#636,#637,#638,#639,#640,
    #641,#642,#643,#644),.UNSPECIFIED.,.F.,.F.,(12,10,10,10,10,10,12),(
    0.,0.125,0.25,0.5,0.75,0.875,1.),.UNSPECIFIED.);
#583 = CARTESIAN_POINT('',(-2.958145942038E-06,4.121505460591E-03));
#584 = CARTESIAN_POINT('',(-2.958145766519E-06,1.519829991537E-02));
#585 = CARTESIAN_POINT('',(-2.958145209094E-06,5.037667785508E-02));
#586 = CARTESIAN_POINT('',(-2.958144635102E-06,8.660043914766E-02));
#587 = CARTESIAN_POINT('',(-2.958146997483E-06,-6.248612973493E-02));
#588 = CARTESIAN_POINT('',(-2.958142698575E-06,0.208812023638));
#589 = CARTESIAN_POINT('',(-2.958146343512E-06,-2.121486828225E-02));
#590 = CARTESIAN_POINT('',(-2.958143824309E-06,0.137768476733));
#591 = CARTESIAN_POINT('',(-2.958144636695E-06,8.649999676747E-02));
#592 = CARTESIAN_POINT('',(-2.958144190639E-06,0.114649950194));
#593 = CARTESIAN_POINT('',(-2.958144051889E-06,0.123406288034));
#594 = CARTESIAN_POINT('',(-2.958143701241E-06,0.145535227036));
#595 = CARTESIAN_POINT('',(-2.958143525843E-06,0.156604354302));
#596 = CARTESIAN_POINT('',(-2.958143350382E-06,0.167677378279));
#597 = CARTESIAN_POINT('',(-2.958143174875E-06,0.178753537914));
#598 = CARTESIAN_POINT('',(-2.958142999325E-06,0.189832072153));
#599 = CARTESIAN_POINT('',(-2.958142823756E-06,0.200912219945));
#600 = CARTESIAN_POINT('',(-2.958142648166E-06,0.211993220235));
#601 = CARTESIAN_POINT('',(-2.958142472582E-06,0.22307431197));
#602 = CARTESIAN_POINT('',(-2.958142297003E-06,0.234154734096));
#603 = CARTESIAN_POINT('',(-2.958142121449E-06,0.245233725562));
#604 = CARTESIAN_POINT('',(-2.958141594891E-06,0.278464124815));
#605 = CARTESIAN_POINT('',(-2.958141243852E-06,0.300617719899));
#606 = CARTESIAN_POINT('',(-2.958140892813E-06,0.32277131131));
#607 = CARTESIAN_POINT('',(-2.958140541774E-06,0.344924899795));
#608 = CARTESIAN_POINT('',(-2.958140190736E-06,0.367078486101));
#609 = CARTESIAN_POINT('',(-2.958139839696E-06,0.389232070974));
#610 = CARTESIAN_POINT('',(-2.958139488658E-06,0.411385655162));
#611 = CARTESIAN_POINT('',(-2.958139137619E-06,0.43353923941));
#612 = CARTESIAN_POINT('',(-2.95813878658E-06,0.455692824465));
#613 = CARTESIAN_POINT('',(-2.958138435541E-06,0.477846411074));
#614 = CARTESIAN_POINT('',(-2.958137733464E-06,0.522153588892));
#615 = CARTESIAN_POINT('',(-2.958137382425E-06,0.544307175499));
#616 = CARTESIAN_POINT('',(-2.958137031385E-06,0.566460760552));
#617 = CARTESIAN_POINT('',(-2.958136680349E-06,0.588614344796));
#618 = CARTESIAN_POINT('',(-2.958136329307E-06,0.610767928979));
#619 = CARTESIAN_POINT('',(-2.958135978272E-06,0.632921513848));
#620 = CARTESIAN_POINT('',(-2.958135627229E-06,0.65507510015));
#621 = CARTESIAN_POINT('',(-2.958135276193E-06,0.677228688631));
#622 = CARTESIAN_POINT('',(-2.958134925153E-06,0.69938228004));
#623 = CARTESIAN_POINT('',(-2.958134574114E-06,0.721535875121));
#624 = CARTESIAN_POINT('',(-2.958134047556E-06,0.754766274375));
#625 = CARTESIAN_POINT('',(-2.958133872002E-06,0.76584526584));
#626 = CARTESIAN_POINT('',(-2.958133696424E-06,0.776925687967));
#627 = CARTESIAN_POINT('',(-2.958133520838E-06,0.788006779702));
#628 = CARTESIAN_POINT('',(-2.95813334525E-06,0.799087779992));
#629 = CARTESIAN_POINT('',(-2.958133169679E-06,0.810167927783));
#630 = CARTESIAN_POINT('',(-2.958132994131E-06,0.821246462023));
#631 = CARTESIAN_POINT('',(-2.958132818623E-06,0.832322621658));
#632 = CARTESIAN_POINT('',(-2.958132643162E-06,0.843395645635));
#633 = CARTESIAN_POINT('',(-2.958132467764E-06,0.8544647729));
#634 = CARTESIAN_POINT('',(-2.958132117116E-06,0.876593711902));
#635 = CARTESIAN_POINT('',(-2.958131978366E-06,0.885350049724));
#636 = CARTESIAN_POINT('',(-2.95813153231E-06,0.91350000328));
#637 = CARTESIAN_POINT('',(-2.958132344696E-06,0.86223152287));
#638 = CARTESIAN_POINT('',(-2.958129825493E-06,1.021214868841));
#639 = CARTESIAN_POINT('',(-2.95813347043E-06,0.79118797559));
#640 = CARTESIAN_POINT('',(-2.958129171522E-06,1.062486130059));
#641 = CARTESIAN_POINT('',(-2.958131533903E-06,0.913399560864));
#642 = CARTESIAN_POINT('',(-2.958130959911E-06,0.949623321884));
#643 = CARTESIAN_POINT('',(-2.958130402486E-06,0.98480170005));
#644 = CARTESIAN_POINT('',(-2.958130226967E-06,0.995878494505));
#645 = ( GEOMETRIC_REPRESENTATION_CONTEXT(2) 
PARAMETRIC_REPRESENTATION_CONTEXT() REPRESENTATION_CONTEXT('2D SPACE',''
  ) );
#646 = PCURVE('',#184,#647);
#647 = DEFINITIONAL_REPRESENTATION('',(#648),#653);
#648 = B_SPLINE_CURVE_WITH_KNOTS('',3,(#649,#650,#651,#652),
  .UNSPECIFIED.,.F.,.F.,(4,4),(0.,1.),.PIECEWISE_BEZIER_KNOTS.);
#649 = CARTESIAN_POINT('',(-8.719640439073E-03,0.999997440906));
#650 = CARTESIAN_POINT('',(0.32461369298,0.999997440873));
#651 = CARTESIAN_POINT('',(0.675386307166,0.999997440838));
#652 = CARTESIAN_POINT('',(1.008719640586,0.999997440805));
#653 = ( GEOMETRIC_REPRESENTATION_CONTEXT(2) 
PARAMETRIC_REPRESENTATION_CONTEXT() REPRESENTATION_CONTEXT('2D SPACE',''
  ) );
#654 = ORIENTED_EDGE('',*,*,#655,.F.);
#655 = EDGE_CURVE('',#656,#167,#658,.T.);
#656 = VERTEX_POINT('',#657);
#657 = CARTESIAN_POINT('',(0.899994758031,0.688475044377,
    -1.62000004202E-02));
#658 = SURFACE_CURVE('',#659,(#664,#672),.PCURVE_S1.);
#659 = B_SPLINE_CURVE_WITH_KNOTS('',3,(#660,#661,#662,#663),
  .UNSPECIFIED.,.F.,.F.,(4,4),(0.,1.),.PIECEWISE_BEZIER_KNOTS.);
#660 = CARTESIAN_POINT('',(0.899989539917,0.688499987125,
    -1.620000042021E-02));
#661 = CARTESIAN_POINT('',(0.311996498408,0.688499987125,
    -1.620000042021E-02));
#662 = CARTESIAN_POINT('',(-0.27599654465,0.688499987125,
    -1.620000042021E-02));
#663 = CARTESIAN_POINT('',(-0.863989586158,0.688499987125,
    -1.620000042021E-02));
#664 = PCURVE('',#266,#665);
#665 = DEFINITIONAL_REPRESENTATION('',(#666),#671);
#666 = B_SPLINE_CURVE_WITH_KNOTS('',3,(#667,#668,#669,#670),
  .UNSPECIFIED.,.F.,.F.,(4,4),(0.,1.),.PIECEWISE_BEZIER_KNOTS.);
#667 = CARTESIAN_POINT('',(1.000002958134,4.121505488795E-03));
#668 = CARTESIAN_POINT('',(0.666669624797,4.121505479393E-03));
#669 = CARTESIAN_POINT('',(0.33333037519,4.121505469992E-03));
#670 = CARTESIAN_POINT('',(-2.958145942034E-06,4.121505460591E-03));
#671 = ( GEOMETRIC_REPRESENTATION_CONTEXT(2) 
PARAMETRIC_REPRESENTATION_CONTEXT() REPRESENTATION_CONTEXT('2D SPACE',''
  ) );
#672 = PCURVE('',#225,#673);
#673 = DEFINITIONAL_REPRESENTATION('',(#674),#679);
#674 = B_SPLINE_CURVE_WITH_KNOTS('',3,(#675,#676,#677,#678),
  .UNSPECIFIED.,.F.,.F.,(4,4),(0.,1.),.PIECEWISE_BEZIER_KNOTS.);
#675 = CARTESIAN_POINT('',(0.99999159485,0.999998521643));
#676 = CARTESIAN_POINT('',(0.999997632894,0.673334783778));
#677 = CARTESIAN_POINT('',(1.000003670992,0.34666814683));
#678 = CARTESIAN_POINT('',(1.000009709036,2.000440899859E-02));
#679 = ( GEOMETRIC_REPRESENTATION_CONTEXT(2) 
PARAMETRIC_REPRESENTATION_CONTEXT() REPRESENTATION_CONTEXT('2D SPACE',''
  ) );
#680 = ORIENTED_EDGE('',*,*,#681,.F.);
#681 = EDGE_CURVE('',#251,#656,#682,.T.);
#682 = SURFACE_CURVE('',#683,(#688,#754),.PCURVE_S1.);
#683 = B_SPLINE_CURVE_WITH_KNOTS('',3,(#684,#685,#686,#687),
  .UNSPECIFIED.,.F.,.F.,(4,4),(0.,1.),.PIECEWISE_BEZIER_KNOTS.);
#684 = CARTESIAN_POINT('',(0.899999976142,0.688499987113,
    1.565401103006E-02));
#685 = CARTESIAN_POINT('',(0.899999976111,0.68849998709,
    5.218003686091E-03));
#686 = CARTESIAN_POINT('',(0.899999976081,0.688499987066,
    -5.218003684287E-03));
#687 = CARTESIAN_POINT('',(0.899999976051,0.688499987043,
    -1.565401102826E-02));
#688 = PCURVE('',#266,#689);
#689 = DEFINITIONAL_REPRESENTATION('',(#690),#753);
#690 = B_SPLINE_CURVE_WITH_KNOTS('',11,(#691,#692,#693,#694,#695,#696,
    #697,#698,#699,#700,#701,#702,#703,#704,#705,#706,#707,#708,#709,
    #710,#711,#712,#713,#714,#715,#716,#717,#718,#719,#720,#721,#722,
    #723,#724,#725,#726,#727,#728,#729,#730,#731,#732,#733,#734,#735,
    #736,#737,#738,#739,#740,#741,#742,#743,#744,#745,#746,#747,#748,
    #749,#750,#751,#752),.UNSPECIFIED.,.F.,.F.,(12,10,10,10,10,10,12),(
    0.,0.125,0.25,0.5,0.75,0.875,1.),.UNSPECIFIED.);
#691 = CARTESIAN_POINT('',(1.000002958152,0.995878494533));
#692 = CARTESIAN_POINT('',(1.000002958152,0.984801700078));
#693 = CARTESIAN_POINT('',(1.000002958151,0.949623322139));
#694 = CARTESIAN_POINT('',(1.00000295815,0.913399560846));
#695 = CARTESIAN_POINT('',(1.000002958153,1.062486129728));
#696 = CARTESIAN_POINT('',(1.000002958148,0.791187976357));
#697 = CARTESIAN_POINT('',(1.000002958153,1.021214868275));
#698 = CARTESIAN_POINT('',(1.000002958149,0.862231523262));
#699 = CARTESIAN_POINT('',(1.00000295815,0.913500003226));
#700 = CARTESIAN_POINT('',(1.00000295815,0.8853500498));
#701 = CARTESIAN_POINT('',(1.00000295815,0.876593711959));
#702 = CARTESIAN_POINT('',(1.000002958149,0.854464772957));
#703 = CARTESIAN_POINT('',(1.000002958149,0.843395645692));
#704 = CARTESIAN_POINT('',(1.000002958149,0.832322621715));
#705 = CARTESIAN_POINT('',(1.000002958149,0.82124646208));
#706 = CARTESIAN_POINT('',(1.000002958149,0.810167927841));
#707 = CARTESIAN_POINT('',(1.000002958148,0.799087780048));
#708 = CARTESIAN_POINT('',(1.000002958148,0.78800677976));
#709 = CARTESIAN_POINT('',(1.000002958148,0.776925688024));
#710 = CARTESIAN_POINT('',(1.000002958148,0.765845265897));
#711 = CARTESIAN_POINT('',(1.000002958147,0.754766274432));
#712 = CARTESIAN_POINT('',(1.000002958147,0.721535875178));
#713 = CARTESIAN_POINT('',(1.000002958146,0.699382280095));
#714 = CARTESIAN_POINT('',(1.000002958146,0.677228688684));
#715 = CARTESIAN_POINT('',(1.000002958145,0.655075100199));
#716 = CARTESIAN_POINT('',(1.000002958146,0.632921513893));
#717 = CARTESIAN_POINT('',(1.000002958144,0.610767929019));
#718 = CARTESIAN_POINT('',(1.000002958145,0.588614344832));
#719 = CARTESIAN_POINT('',(1.000002958144,0.566460760584));
#720 = CARTESIAN_POINT('',(1.000002958144,0.544307175529));
#721 = CARTESIAN_POINT('',(1.000002958143,0.52215358892));
#722 = CARTESIAN_POINT('',(1.000002958142,0.477846411102));
#723 = CARTESIAN_POINT('',(1.000002958142,0.455692824495));
#724 = CARTESIAN_POINT('',(1.000002958142,0.433539239442));
#725 = CARTESIAN_POINT('',(1.000002958141,0.411385655198));
#726 = CARTESIAN_POINT('',(1.000002958141,0.389232071015));
#727 = CARTESIAN_POINT('',(1.00000295814,0.367078486146));
#728 = CARTESIAN_POINT('',(1.000002958141,0.344924899844));
#729 = CARTESIAN_POINT('',(1.000002958139,0.322771311363));
#730 = CARTESIAN_POINT('',(1.000002958139,0.300617719954));
#731 = CARTESIAN_POINT('',(1.000002958139,0.278464124873));
#732 = CARTESIAN_POINT('',(1.000002958138,0.245233725619));
#733 = CARTESIAN_POINT('',(1.000002958138,0.234154734154));
#734 = CARTESIAN_POINT('',(1.000002958138,0.223074312027));
#735 = CARTESIAN_POINT('',(1.000002958137,0.211993220292));
#736 = CARTESIAN_POINT('',(1.000002958138,0.200912220002));
#737 = CARTESIAN_POINT('',(1.000002958137,0.189832072211));
#738 = CARTESIAN_POINT('',(1.000002958137,0.178753537971));
#739 = CARTESIAN_POINT('',(1.000002958137,0.167677378336));
#740 = CARTESIAN_POINT('',(1.000002958137,0.156604354359));
#741 = CARTESIAN_POINT('',(1.000002958136,0.145535227094));
#742 = CARTESIAN_POINT('',(1.000002958136,0.123406288092));
#743 = CARTESIAN_POINT('',(1.000002958136,0.11464995027));
#744 = CARTESIAN_POINT('',(1.000002958136,8.649999671366E-02));
#745 = CARTESIAN_POINT('',(1.000002958136,0.137768477123));
#746 = CARTESIAN_POINT('',(1.000002958134,-2.121486884681E-02));
#747 = CARTESIAN_POINT('',(1.000002958137,0.208812024404));
#748 = CARTESIAN_POINT('',(1.000002958133,-6.248613006539E-02));
#749 = CARTESIAN_POINT('',(1.000002958135,8.660043913037E-02));
#750 = CARTESIAN_POINT('',(1.000002958135,5.037667810994E-02));
#751 = CARTESIAN_POINT('',(1.000002958134,1.519829994357E-02));
#752 = CARTESIAN_POINT('',(1.000002958134,4.121505488794E-03));
#753 = ( GEOMETRIC_REPRESENTATION_CONTEXT(2) 
PARAMETRIC_REPRESENTATION_CONTEXT() REPRESENTATION_CONTEXT('2D SPACE',''
  ) );
#754 = PCURVE('',#314,#755);
#755 = DEFINITIONAL_REPRESENTATION('',(#756),#813);
#756 = B_SPLINE_CURVE_WITH_KNOTS('',10,(#757,#758,#759,#760,#761,#762,
    #763,#764,#765,#766,#767,#768,#769,#770,#771,#772,#773,#774,#775,
    #776,#777,#778,#779,#780,#781,#782,#783,#784,#785,#786,#787,#788,
    #789,#790,#791,#792,#793,#794,#795,#796,#797,#798,#799,#800,#801,
    #802,#803,#804,#805,#806,#807,#808,#809,#810,#811,#812),
  .UNSPECIFIED.,.F.,.F.,(11,9,9,9,9,9,11),(0.,0.125,0.25,0.5,0.75,0.875,
    1.),.UNSPECIFIED.);
#757 = CARTESIAN_POINT('',(1.008719640468,0.999966200185));
#758 = CARTESIAN_POINT('',(0.996219640465,0.999966200188));
#759 = CARTESIAN_POINT('',(0.945786223793,0.999966200198));
#760 = CARTESIAN_POINT('',(0.960517509373,0.999966200195));
#761 = CARTESIAN_POINT('',(1.016377137203,0.999966200184));
#762 = CARTESIAN_POINT('',(0.844615731898,0.999966200219));
#763 = CARTESIAN_POINT('',(0.990114485461,0.999966200189));
#764 = CARTESIAN_POINT('',(0.886947905943,0.99996620021));
#765 = CARTESIAN_POINT('',(0.904786079977,0.999966200206));
#766 = CARTESIAN_POINT('',(0.887480988223,0.99996620021));
#767 = CARTESIAN_POINT('',(0.862508805274,0.999966200215));
#768 = CARTESIAN_POINT('',(0.850016873557,0.999966200217));
#769 = CARTESIAN_POINT('',(0.837520175144,0.99996620022));
#770 = CARTESIAN_POINT('',(0.825019783581,0.999966200222));
#771 = CARTESIAN_POINT('',(0.812516772415,0.999966200225));
#772 = CARTESIAN_POINT('',(0.800012215193,0.999966200227));
#773 = CARTESIAN_POINT('',(0.787507185461,0.99996620023));
#774 = CARTESIAN_POINT('',(0.775002756767,0.999966200232));
#775 = CARTESIAN_POINT('',(0.762500002656,0.999966200235));
#776 = CARTESIAN_POINT('',(0.724999984717,0.999966200242));
#777 = CARTESIAN_POINT('',(0.699999978299,0.999966200247));
#778 = CARTESIAN_POINT('',(0.67499997637,0.999966200253));
#779 = CARTESIAN_POINT('',(0.649999977875,0.999966200257));
#780 = CARTESIAN_POINT('',(0.624999981762,0.999966200263));
#781 = CARTESIAN_POINT('',(0.599999986978,0.999966200267));
#782 = CARTESIAN_POINT('',(0.574999992468,0.999966200273));
#783 = CARTESIAN_POINT('',(0.54999999718,0.999966200278));
#784 = CARTESIAN_POINT('',(0.52500000006,0.999966200283));
#785 = CARTESIAN_POINT('',(0.475000000049,0.999966200293));
#786 = CARTESIAN_POINT('',(0.450000002929,0.999966200298));
#787 = CARTESIAN_POINT('',(0.425000007641,0.999966200303));
#788 = CARTESIAN_POINT('',(0.400000013132,0.999966200308));
#789 = CARTESIAN_POINT('',(0.375000018347,0.999966200313));
#790 = CARTESIAN_POINT('',(0.350000022234,0.999966200318));
#791 = CARTESIAN_POINT('',(0.32500002374,0.999966200323));
#792 = CARTESIAN_POINT('',(0.30000002181,0.999966200328));
#793 = CARTESIAN_POINT('',(0.275000015392,0.999966200333));
#794 = CARTESIAN_POINT('',(0.237499997453,0.99996620034));
#795 = CARTESIAN_POINT('',(0.224997243342,0.999966200343));
#796 = CARTESIAN_POINT('',(0.212492814648,0.999966200345));
#797 = CARTESIAN_POINT('',(0.199987784916,0.999966200348));
#798 = CARTESIAN_POINT('',(0.187483227693,0.99996620035));
#799 = CARTESIAN_POINT('',(0.174980216527,0.999966200353));
#800 = CARTESIAN_POINT('',(0.162479824964,0.999966200355));
#801 = CARTESIAN_POINT('',(0.149983126551,0.999966200358));
#802 = CARTESIAN_POINT('',(0.137491194834,0.99996620036));
#803 = CARTESIAN_POINT('',(0.112519011887,0.999966200365));
#804 = CARTESIAN_POINT('',(9.521392003942E-02,0.999966200369));
#805 = CARTESIAN_POINT('',(0.113052094597,0.999966200365));
#806 = CARTESIAN_POINT('',(9.885513870943E-03,0.999966200386));
#807 = CARTESIAN_POINT('',(0.15538426842,0.999966200357));
#808 = CARTESIAN_POINT('',(-1.637713550834E-02,0.999966200391));
#809 = CARTESIAN_POINT('',(3.948248787817E-02,0.99996620038));
#810 = CARTESIAN_POINT('',(5.421377825298E-02,0.999966200377));
#811 = CARTESIAN_POINT('',(3.780359447004E-03,0.999966200387));
#812 = CARTESIAN_POINT('',(-8.719640556227E-03,0.99996620039));
#813 = ( GEOMETRIC_REPRESENTATION_CONTEXT(2) 
PARAMETRIC_REPRESENTATION_CONTEXT() REPRESENTATION_CONTEXT('2D SPACE',''
  ) );
#814 = ADVANCED_FACE('',(#815),#184,.T.);
#815 = FACE_BOUND('',#816,.T.);
#816 = EDGE_LOOP('',(#817,#818,#842,#970));
#817 = ORIENTED_EDGE('',*,*,#573,.F.);
#818 = ORIENTED_EDGE('',*,*,#819,.T.);
#819 = EDGE_CURVE('',#167,#820,#822,.T.);
#820 = VERTEX_POINT('',#821);
#821 = CARTESIAN_POINT('',(-0.899963151252,-0.688493123151,
    -1.62000004202E-02));
#822 = SURFACE_CURVE('',#823,(#828,#836),.PCURVE_S1.);
#823 = B_SPLINE_CURVE_WITH_KNOTS('',3,(#824,#825,#826,#827),
  .UNSPECIFIED.,.F.,.F.,(4,4),(0.,1.),.PIECEWISE_BEZIER_KNOTS.);
#824 = CARTESIAN_POINT('',(-0.899999976158,0.652486245826,
    -1.620000042021E-02));
#825 = CARTESIAN_POINT('',(-0.899999976158,0.20549541122,
    -1.620000042021E-02));
#826 = CARTESIAN_POINT('',(-0.899999976158,-0.241495424563,
    -1.620000042021E-02));
#827 = CARTESIAN_POINT('',(-0.899999976158,-0.688486259169,
    -1.620000042021E-02));
#828 = PCURVE('',#184,#829);
#829 = DEFINITIONAL_REPRESENTATION('',(#830),#835);
#830 = B_SPLINE_CURVE_WITH_KNOTS('',3,(#831,#832,#833,#834),
  .UNSPECIFIED.,.F.,.F.,(4,4),(0.,1.),.PIECEWISE_BEZIER_KNOTS.);
#831 = CARTESIAN_POINT('',(-8.719640439074E-03,0.999997440906));
#832 = CARTESIAN_POINT('',(-8.71964048428E-03,0.666669226002));
#833 = CARTESIAN_POINT('',(-8.719640529489E-03,0.333330773979));
#834 = CARTESIAN_POINT('',(-8.719640574696E-03,2.559074674113E-06));
#835 = ( GEOMETRIC_REPRESENTATION_CONTEXT(2) 
PARAMETRIC_REPRESENTATION_CONTEXT() REPRESENTATION_CONTEXT('2D SPACE',''
  ) );
#836 = PCURVE('',#225,#837);
#837 = DEFINITIONAL_REPRESENTATION('',(#838),#841);
#838 = B_SPLINE_CURVE_WITH_KNOTS('',1,(#839,#840),.UNSPECIFIED.,.F.,.F.,
  (2,2),(0.,1.),.PIECEWISE_BEZIER_KNOTS.);
#839 = CARTESIAN_POINT('',(0.973855430657,-1.420604633979E-06));
#840 = CARTESIAN_POINT('',(2.606254088792E-07,-1.420604784862E-06));
#841 = ( GEOMETRIC_REPRESENTATION_CONTEXT(2) 
PARAMETRIC_REPRESENTATION_CONTEXT() REPRESENTATION_CONTEXT('2D SPACE',''
  ) );
#842 = ORIENTED_EDGE('',*,*,#843,.T.);
#843 = EDGE_CURVE('',#820,#116,#844,.T.);
#844 = SURFACE_CURVE('',#845,(#850,#916),.PCURVE_S1.);
#845 = B_SPLINE_CURVE_WITH_KNOTS('',3,(#846,#847,#848,#849),
  .UNSPECIFIED.,.F.,.F.,(4,4),(0.,1.),.PIECEWISE_BEZIER_KNOTS.);
#846 = CARTESIAN_POINT('',(-0.899999976142,-0.688499987113,
    -1.565401103006E-02));
#847 = CARTESIAN_POINT('',(-0.899999976111,-0.68849998709,
    -5.218003686091E-03));
#848 = CARTESIAN_POINT('',(-0.899999976081,-0.688499987066,
    5.218003684287E-03));
#849 = CARTESIAN_POINT('',(-0.899999976051,-0.688499987043,
    1.565401102826E-02));
#850 = PCURVE('',#184,#851);
#851 = DEFINITIONAL_REPRESENTATION('',(#852),#915);
#852 = B_SPLINE_CURVE_WITH_KNOTS('',11,(#853,#854,#855,#856,#857,#858,
    #859,#860,#861,#862,#863,#864,#865,#866,#867,#868,#869,#870,#871,
    #872,#873,#874,#875,#876,#877,#878,#879,#880,#881,#882,#883,#884,
    #885,#886,#887,#888,#889,#890,#891,#892,#893,#894,#895,#896,#897,
    #898,#899,#900,#901,#902,#903,#904,#905,#906,#907,#908,#909,#910,
    #911,#912,#913,#914),.UNSPECIFIED.,.F.,.F.,(12,10,10,10,10,10,12),(
    0.,0.125,0.25,0.5,0.75,0.875,1.),.UNSPECIFIED.);
#853 = CARTESIAN_POINT('',(-8.719640574696E-03,2.559074674061E-06));
#854 = CARTESIAN_POINT('',(2.643995791876E-03,2.559076372867E-06));
#855 = CARTESIAN_POINT('',(3.873334426321E-02,2.55908176804E-06));
#856 = CARTESIAN_POINT('',(7.589514703157E-02,2.55908732354E-06));
#857 = CARTESIAN_POINT('',(-7.705213053897E-02,2.559064458702E-06));
#858 = CARTESIAN_POINT('',(0.201271492387,2.559106066665E-06));
#859 = CARTESIAN_POINT('',(-3.471211882813E-02,2.559070788317E-06));
#860 = CARTESIAN_POINT('',(0.128388219443,2.559095170988E-06));
#861 = CARTESIAN_POINT('',(7.579210362001E-02,2.559087308135E-06));
#862 = CARTESIAN_POINT('',(0.104671021251,2.559091625387E-06));
#863 = CARTESIAN_POINT('',(0.113654111034,2.559092968313E-06));
#864 = CARTESIAN_POINT('',(0.136356095531,2.559096362144E-06));
#865 = CARTESIAN_POINT('',(0.147711866161,2.559098059773E-06));
#866 = CARTESIAN_POINT('',(0.15907163441,2.559099758002E-06));
#867 = CARTESIAN_POINT('',(0.170434619517,2.559101456708E-06));
#868 = CARTESIAN_POINT('',(0.181800040722,2.559103155783E-06));
#869 = CARTESIAN_POINT('',(0.193167117262,2.559104855101E-06));
#870 = CARTESIAN_POINT('',(0.204535068376,2.559106554554E-06));
#871 = CARTESIAN_POINT('',(0.215903113304,2.559108254017E-06));
#872 = CARTESIAN_POINT('',(0.227270471284,2.55910995338E-06));
#873 = CARTESIAN_POINT('',(0.238636361554,2.559111652522E-06));
#874 = CARTESIAN_POINT('',(0.272727286954,2.559116748942E-06));
#875 = CARTESIAN_POINT('',(0.295454566017,2.559120146554E-06));
#876 = CARTESIAN_POINT('',(0.318181841311,2.559123544166E-06));
#877 = CARTESIAN_POINT('',(0.340909113602,2.559126941778E-06));
#878 = CARTESIAN_POINT('',(0.363636383655,2.559130339388E-06));
#879 = CARTESIAN_POINT('',(0.38636365224,2.559133737E-06));
#880 = CARTESIAN_POINT('',(0.40909092012,2.559137134609E-06));
#881 = CARTESIAN_POINT('',(0.431818188063,2.559140532221E-06));
#882 = CARTESIAN_POINT('',(0.454545456836,2.559143929831E-06));
#883 = CARTESIAN_POINT('',(0.477272727206,2.559147327443E-06));
#884 = CARTESIAN_POINT('',(0.52272727267,2.559154122665E-06));
#885 = CARTESIAN_POINT('',(0.545454543043,2.559157520277E-06));
#886 = CARTESIAN_POINT('',(0.568181811824,2.559160917887E-06));
#887 = CARTESIAN_POINT('',(0.590909079777,2.559164315499E-06));
#888 = CARTESIAN_POINT('',(0.613636347669,2.559167713108E-06));
#889 = CARTESIAN_POINT('',(0.636363616264,2.55917111072E-06));
#890 = CARTESIAN_POINT('',(0.65909088633,2.55917450833E-06));
#891 = CARTESIAN_POINT('',(0.681818158629,2.559177905942E-06));
#892 = CARTESIAN_POINT('',(0.704545433931,2.559181303554E-06));
#893 = CARTESIAN_POINT('',(0.727272712998,2.559184701166E-06));
#894 = CARTESIAN_POINT('',(0.761363638398,2.559189797586E-06));
#895 = CARTESIAN_POINT('',(0.772729528668,2.559191496728E-06));
#896 = CARTESIAN_POINT('',(0.784096886648,2.559193196091E-06));
#897 = CARTESIAN_POINT('',(0.795464931576,2.559194895554E-06));
#898 = CARTESIAN_POINT('',(0.80683288269,2.559196595007E-06));
#899 = CARTESIAN_POINT('',(0.818199959231,2.559198294325E-06));
#900 = CARTESIAN_POINT('',(0.829565380434,2.559199993399E-06));
#901 = CARTESIAN_POINT('',(0.840928365542,2.559201692106E-06));
#902 = CARTESIAN_POINT('',(0.852288133791,2.559203390334E-06));
#903 = CARTESIAN_POINT('',(0.863643904421,2.559205087964E-06));
#904 = CARTESIAN_POINT('',(0.886345888919,2.559208481795E-06));
#905 = CARTESIAN_POINT('',(0.895328978751,2.559209824721E-06));
#906 = CARTESIAN_POINT('',(0.924207896038,2.559214141973E-06));
#907 = CARTESIAN_POINT('',(0.871611781395,2.55920627912E-06));
#908 = CARTESIAN_POINT('',(1.03471211713,2.559230661791E-06));
#909 = CARTESIAN_POINT('',(0.798728509448,2.559195383442E-06));
#910 = CARTESIAN_POINT('',(1.077052129462,2.559236991407E-06));
#911 = CARTESIAN_POINT('',(0.924104852723,2.559214126567E-06));
#912 = CARTESIAN_POINT('',(0.961266656214,2.559219682068E-06));
#913 = CARTESIAN_POINT('',(0.997356004083,2.559225077241E-06));
#914 = CARTESIAN_POINT('',(1.00871964045,2.559226776047E-06));
#915 = ( GEOMETRIC_REPRESENTATION_CONTEXT(2) 
PARAMETRIC_REPRESENTATION_CONTEXT() REPRESENTATION_CONTEXT('2D SPACE',''
  ) );
#916 = PCURVE('',#141,#917);
#917 = DEFINITIONAL_REPRESENTATION('',(#918),#969);
#918 = B_SPLINE_CURVE_WITH_KNOTS('',9,(#919,#920,#921,#922,#923,#924,
    #925,#926,#927,#928,#929,#930,#931,#932,#933,#934,#935,#936,#937,
    #938,#939,#940,#941,#942,#943,#944,#945,#946,#947,#948,#949,#950,
    #951,#952,#953,#954,#955,#956,#957,#958,#959,#960,#961,#962,#963,
    #964,#965,#966,#967,#968),.UNSPECIFIED.,.F.,.F.,(10,8,8,8,8,8,10),(
    0.,0.125,0.25,0.5,0.75,0.875,1.),.UNSPECIFIED.);
#919 = CARTESIAN_POINT('',(-1.475118337255E-04,4.121505489178E-03));
#920 = CARTESIAN_POINT('',(-1.475118363567E-04,1.765980982277E-02));
#921 = CARTESIAN_POINT('',(-1.47511849486E-04,8.521460146792E-02));
#922 = CARTESIAN_POINT('',(-1.475118322234E-04,-3.607537076189E-03));
#923 = CARTESIAN_POINT('',(-1.475118517913E-04,9.707603199721E-02));
#924 = CARTESIAN_POINT('',(-1.4751184815E-04,7.83401687039E-02));
#925 = CARTESIAN_POINT('',(-1.475118501237E-04,8.849557383603E-02));
#926 = CARTESIAN_POINT('',(-1.475118541766E-04,0.109349191578));
#927 = CARTESIAN_POINT('',(-1.475118564307E-04,0.120947517032));
#928 = CARTESIAN_POINT('',(-1.475118616872E-04,0.147993998034));
#929 = CARTESIAN_POINT('',(-1.475118643169E-04,0.161524354565));
#930 = CARTESIAN_POINT('',(-1.475118669476E-04,0.175060332198));
#931 = CARTESIAN_POINT('',(-1.475118695791E-04,0.188600436009));
#932 = CARTESIAN_POINT('',(-1.475118722111E-04,0.202143171071));
#933 = CARTESIAN_POINT('',(-1.475118748434E-04,0.215687042458));
#934 = CARTESIAN_POINT('',(-1.475118774756E-04,0.229230555244));
#935 = CARTESIAN_POINT('',(-1.475118801074E-04,0.242772214504));
#936 = CARTESIAN_POINT('',(-1.47511888001E-04,0.283387146924));
#937 = CARTESIAN_POINT('',(-1.475118932633E-04,0.310463761786));
#938 = CARTESIAN_POINT('',(-1.475118985257E-04,0.337540371362));
#939 = CARTESIAN_POINT('',(-1.47511903788E-04,0.364616977119));
#940 = CARTESIAN_POINT('',(-1.475119090504E-04,0.391693580525));
#941 = CARTESIAN_POINT('',(-1.475119143127E-04,0.418770183045));
#942 = CARTESIAN_POINT('',(-1.475119195751E-04,0.445846786148));
#943 = CARTESIAN_POINT('',(-1.475119248374E-04,0.472923391299));
#944 = CARTESIAN_POINT('',(-1.475119353621E-04,0.527076608632));
#945 = CARTESIAN_POINT('',(-1.475119406245E-04,0.554153213783));
#946 = CARTESIAN_POINT('',(-1.475119458868E-04,0.581229816886));
#947 = CARTESIAN_POINT('',(-1.475119511492E-04,0.608306419406));
#948 = CARTESIAN_POINT('',(-1.475119564115E-04,0.635383022812));
#949 = CARTESIAN_POINT('',(-1.475119616739E-04,0.662459628569));
#950 = CARTESIAN_POINT('',(-1.475119669362E-04,0.689536238145));
#951 = CARTESIAN_POINT('',(-1.475119721986E-04,0.716612853007));
#952 = CARTESIAN_POINT('',(-1.475119800921E-04,0.757227785427));
#953 = CARTESIAN_POINT('',(-1.47511982724E-04,0.770769444687));
#954 = CARTESIAN_POINT('',(-1.475119853561E-04,0.784312957473));
#955 = CARTESIAN_POINT('',(-1.475119879884E-04,0.797856828861));
#956 = CARTESIAN_POINT('',(-1.475119906204E-04,0.811399563922));
#957 = CARTESIAN_POINT('',(-1.47511993252E-04,0.824939667733));
#958 = CARTESIAN_POINT('',(-1.475119958827E-04,0.838475645367));
#959 = CARTESIAN_POINT('',(-1.475119985123E-04,0.852006001897));
#960 = CARTESIAN_POINT('',(-1.475120037688E-04,0.879052482899));
#961 = CARTESIAN_POINT('',(-1.47512006023E-04,0.89065080844));
#962 = CARTESIAN_POINT('',(-1.475120100759E-04,0.911504425601));
#963 = CARTESIAN_POINT('',(-1.475120120496E-04,0.921659832585));
#964 = CARTESIAN_POINT('',(-1.475120084082E-04,0.90292396572));
#965 = CARTESIAN_POINT('',(-1.475120279762E-04,1.00360753917));
#966 = CARTESIAN_POINT('',(-1.475120107135E-04,0.914785397367));
#967 = CARTESIAN_POINT('',(-1.475120238428E-04,0.982340190198));
#968 = CARTESIAN_POINT('',(-1.47512026474E-04,0.995878494532));
#969 = ( GEOMETRIC_REPRESENTATION_CONTEXT(2) 
PARAMETRIC_REPRESENTATION_CONTEXT() REPRESENTATION_CONTEXT('2D SPACE',''
  ) );
#970 = ORIENTED_EDGE('',*,*,#166,.F.);
#971 = ADVANCED_FACE('',(#972),#141,.T.);
#972 = FACE_BOUND('',#973,.T.);
#973 = EDGE_LOOP('',(#974,#975,#976,#1010));
#974 = ORIENTED_EDGE('',*,*,#115,.F.);
#975 = ORIENTED_EDGE('',*,*,#843,.F.);
#976 = ORIENTED_EDGE('',*,*,#977,.T.);
#977 = EDGE_CURVE('',#820,#978,#980,.T.);
#978 = VERTEX_POINT('',#979);
#979 = CARTESIAN_POINT('',(-0.650936854481,-0.689321873456,
    -1.592700572423E-02));
#980 = SURFACE_CURVE('',#981,(#986,#994),.PCURVE_S1.);
#981 = B_SPLINE_CURVE_WITH_KNOTS('',3,(#982,#983,#984,#985),
  .UNSPECIFIED.,.F.,.F.,(4,4),(0.,1.),.PIECEWISE_BEZIER_KNOTS.);
#982 = CARTESIAN_POINT('',(-0.899926326348,-0.688499987126,
    -1.620000042022E-02));
#983 = CARTESIAN_POINT('',(-0.816712982759,-0.688499987125,
    -1.620000042021E-02));
#984 = CARTESIAN_POINT('',(-0.733499638951,-0.688499987125,
    -1.620000042021E-02));
#985 = CARTESIAN_POINT('',(-0.650286295362,-0.688499987125,
    -1.62000004202E-02));
#986 = PCURVE('',#141,#987);
#987 = DEFINITIONAL_REPRESENTATION('',(#988),#993);
#988 = B_SPLINE_CURVE_WITH_KNOTS('',3,(#989,#990,#991,#992),
  .UNSPECIFIED.,.F.,.F.,(4,4),(0.,1.),.PIECEWISE_BEZIER_KNOTS.);
#989 = CARTESIAN_POINT('',(-1.475118337256E-04,4.121505489178E-03));
#990 = CARTESIAN_POINT('',(0.3331858215,4.121505479435E-03));
#991 = CARTESIAN_POINT('',(0.666814178722,4.121505469683E-03));
#992 = CARTESIAN_POINT('',(1.000147512056,4.12150545994E-03));
#993 = ( GEOMETRIC_REPRESENTATION_CONTEXT(2) 
PARAMETRIC_REPRESENTATION_CONTEXT() REPRESENTATION_CONTEXT('2D SPACE',''
  ) );
#994 = PCURVE('',#225,#995);
#995 = DEFINITIONAL_REPRESENTATION('',(#996),#1009);
#996 = B_SPLINE_CURVE_WITH_KNOTS('',11,(#997,#998,#999,#1000,#1001,#1002
    ,#1003,#1004,#1005,#1006,#1007,#1008),.UNSPECIFIED.,.F.,.F.,(12,12),
  (0.,1.),.PIECEWISE_BEZIER_KNOTS.);
#997 = CARTESIAN_POINT('',(-9.709028230863E-06,3.949607515094E-05));
#998 = CARTESIAN_POINT('',(-7.495143191211E-05,1.264751581975E-02));
#999 = CARTESIAN_POINT('',(-1.3421636029E-04,2.410039531206E-02));
#1000 = CARTESIAN_POINT('',(-2.401411189491E-04,4.457023353478E-02));
#1001 = CARTESIAN_POINT('',(-1.708869261973E-04,3.118694014973E-02));
#1002 = CARTESIAN_POINT('',(-5.156822672773E-04,9.781824468325E-02));
#1003 = CARTESIAN_POINT('',(-1.827378178189E-04,3.347711137464E-02));
#1004 = CARTESIAN_POINT('',(-6.483721664974E-04,0.123460415647));
#1005 = CARTESIAN_POINT('',(-4.309305162384E-04,8.144006591917E-02));
#1006 = CARTESIAN_POINT('',(-6.294153810702E-04,0.119797038587));
#1007 = CARTESIAN_POINT('',(-6.596610491212E-04,0.125641979277));
#1008 = CARTESIAN_POINT('',(-7.249034527615E-04,0.138249999014));
#1009 = ( GEOMETRIC_REPRESENTATION_CONTEXT(2) 
PARAMETRIC_REPRESENTATION_CONTEXT() REPRESENTATION_CONTEXT('2D SPACE',''
  ) );
#1010 = ORIENTED_EDGE('',*,*,#1011,.T.);
#1011 = EDGE_CURVE('',#978,#24,#1012,.T.);
#1012 = SURFACE_CURVE('',#1013,(#1018,#1072),.PCURVE_S1.);
#1013 = B_SPLINE_CURVE_WITH_KNOTS('',3,(#1014,#1015,#1016,#1017),
  .UNSPECIFIED.,.F.,.F.,(4,4),(0.,1.),.PIECEWISE_BEZIER_KNOTS.);
#1014 = CARTESIAN_POINT('',(-0.650212645519,-0.688499987113,
    -1.565401103006E-02));
#1015 = CARTESIAN_POINT('',(-0.650212645497,-0.68849998709,
    -5.218003686091E-03));
#1016 = CARTESIAN_POINT('',(-0.650212645475,-0.688499987066,
    5.218003684287E-03));
#1017 = CARTESIAN_POINT('',(-0.650212645453,-0.688499987043,
    1.565401102826E-02));
#1018 = PCURVE('',#141,#1019);
#1019 = DEFINITIONAL_REPRESENTATION('',(#1020),#1071);
#1020 = B_SPLINE_CURVE_WITH_KNOTS('',9,(#1021,#1022,#1023,#1024,#1025,
    #1026,#1027,#1028,#1029,#1030,#1031,#1032,#1033,#1034,#1035,#1036,
    #1037,#1038,#1039,#1040,#1041,#1042,#1043,#1044,#1045,#1046,#1047,
    #1048,#1049,#1050,#1051,#1052,#1053,#1054,#1055,#1056,#1057,#1058,
    #1059,#1060,#1061,#1062,#1063,#1064,#1065,#1066,#1067,#1068,#1069,
    #1070),.UNSPECIFIED.,.F.,.F.,(10,8,8,8,8,8,10),(0.,0.125,0.25,0.5,
    0.75,0.875,1.),.UNSPECIFIED.);
#1021 = CARTESIAN_POINT('',(1.000147512056,4.12150545994E-03));
#1022 = CARTESIAN_POINT('',(1.000147512058,1.765980979358E-02));
#1023 = CARTESIAN_POINT('',(1.000147512066,8.521460187933E-02));
#1024 = CARTESIAN_POINT('',(1.000147512055,-3.607537874569E-03));
#1025 = CARTESIAN_POINT('',(1.000147512068,9.707603282315E-02));
#1026 = CARTESIAN_POINT('',(1.000147512065,7.834016820456E-02));
#1027 = CARTESIAN_POINT('',(1.000147512067,8.849557402362E-02));
#1028 = CARTESIAN_POINT('',(1.000147512069,0.10934919155));
#1029 = CARTESIAN_POINT('',(1.000147512071,0.120947517036));
#1030 = CARTESIAN_POINT('',(1.000147512074,0.147993998039));
#1031 = CARTESIAN_POINT('',(1.000147512076,0.161524354569));
#1032 = CARTESIAN_POINT('',(1.000147512077,0.175060332203));
#1033 = CARTESIAN_POINT('',(1.000147512079,0.188600436014));
#1034 = CARTESIAN_POINT('',(1.000147512081,0.202143171076));
#1035 = CARTESIAN_POINT('',(1.000147512082,0.215687042463));
#1036 = CARTESIAN_POINT('',(1.000147512084,0.229230555249));
#1037 = CARTESIAN_POINT('',(1.000147512086,0.242772214509));
#1038 = CARTESIAN_POINT('',(1.000147512091,0.28338714693));
#1039 = CARTESIAN_POINT('',(1.000147512094,0.310463761791));
#1040 = CARTESIAN_POINT('',(1.000147512097,0.337540371367));
#1041 = CARTESIAN_POINT('',(1.000147512101,0.364616977125));
#1042 = CARTESIAN_POINT('',(1.000147512104,0.39169358053));
#1043 = CARTESIAN_POINT('',(1.000147512108,0.418770183051));
#1044 = CARTESIAN_POINT('',(1.000147512111,0.445846786153));
#1045 = CARTESIAN_POINT('',(1.000147512114,0.472923391304));
#1046 = CARTESIAN_POINT('',(1.000147512121,0.527076608638));
#1047 = CARTESIAN_POINT('',(1.000147512124,0.554153213789));
#1048 = CARTESIAN_POINT('',(1.000147512128,0.581229816892));
#1049 = CARTESIAN_POINT('',(1.000147512131,0.608306419412));
#1050 = CARTESIAN_POINT('',(1.000147512134,0.635383022818));
#1051 = CARTESIAN_POINT('',(1.000147512138,0.662459628575));
#1052 = CARTESIAN_POINT('',(1.000147512141,0.689536238151));
#1053 = CARTESIAN_POINT('',(1.000147512144,0.716612853013));
#1054 = CARTESIAN_POINT('',(1.000147512149,0.757227785434));
#1055 = CARTESIAN_POINT('',(1.000147512151,0.770769444694));
#1056 = CARTESIAN_POINT('',(1.000147512153,0.78431295748));
#1057 = CARTESIAN_POINT('',(1.000147512155,0.797856828867));
#1058 = CARTESIAN_POINT('',(1.000147512156,0.811399563929));
#1059 = CARTESIAN_POINT('',(1.000147512158,0.82493966774));
#1060 = CARTESIAN_POINT('',(1.000147512159,0.838475645373));
#1061 = CARTESIAN_POINT('',(1.000147512161,0.852006001904));
#1062 = CARTESIAN_POINT('',(1.000147512164,0.879052482906));
#1063 = CARTESIAN_POINT('',(1.000147512166,0.890650808416));
#1064 = CARTESIAN_POINT('',(1.000147512168,0.911504425787));
#1065 = CARTESIAN_POINT('',(1.00014751217,0.921659832101));
#1066 = CARTESIAN_POINT('',(1.000147512167,0.902923966527));
#1067 = CARTESIAN_POINT('',(1.00014751218,1.003607538395));
#1068 = CARTESIAN_POINT('',(1.000147512169,0.91478539777));
#1069 = CARTESIAN_POINT('',(1.000147512177,0.982340190173));
#1070 = CARTESIAN_POINT('',(1.000147512179,0.995878494507));
#1071 = ( GEOMETRIC_REPRESENTATION_CONTEXT(2) 
PARAMETRIC_REPRESENTATION_CONTEXT() REPRESENTATION_CONTEXT('2D SPACE',''
  ) );
#1072 = PCURVE('',#88,#1073);
#1073 = DEFINITIONAL_REPRESENTATION('',(#1074),#1077);
#1074 = B_SPLINE_CURVE_WITH_KNOTS('',1,(#1075,#1076),.UNSPECIFIED.,.F.,
  .F.,(2,2),(0.,1.),.PIECEWISE_BEZIER_KNOTS.);
#1075 = CARTESIAN_POINT('',(-5.E-02,6.015666986913E-03));
#1076 = CARTESIAN_POINT('',(1.05,6.015667569954E-03));
#1077 = ( GEOMETRIC_REPRESENTATION_CONTEXT(2) 
PARAMETRIC_REPRESENTATION_CONTEXT() REPRESENTATION_CONTEXT('2D SPACE',''
  ) );
#1078 = ADVANCED_FACE('',(#1079),#88,.F.);
#1079 = FACE_BOUND('',#1080,.F.);
#1080 = EDGE_LOOP('',(#1081,#1082,#1144,#1189));
#1081 = ORIENTED_EDGE('',*,*,#21,.F.);
#1082 = ORIENTED_EDGE('',*,*,#1083,.F.);
#1083 = EDGE_CURVE('',#1084,#22,#1086,.T.);
#1084 = VERTEX_POINT('',#1085);
#1085 = CARTESIAN_POINT('',(-0.389898318345,-0.428271794797,
    -1.592700572514E-02));
#1086 = SURFACE_CURVE('',#1087,(#1092,#1098),.PCURVE_S1.);
#1087 = B_SPLINE_CURVE_WITH_KNOTS('',3,(#1088,#1089,#1090,#1091),
  .UNSPECIFIED.,.F.,.F.,(4,4),(0.,1.),.PIECEWISE_BEZIER_KNOTS.);
#1088 = CARTESIAN_POINT('',(-0.390883117907,-0.429170459501,
    -1.565401103006E-02));
#1089 = CARTESIAN_POINT('',(-0.390883117894,-0.429170459487,
    -5.218003686091E-03));
#1090 = CARTESIAN_POINT('',(-0.390883117881,-0.429170459472,
    5.218003684287E-03));
#1091 = CARTESIAN_POINT('',(-0.390883117868,-0.429170459458,
    1.565401102826E-02));
#1092 = PCURVE('',#88,#1093);
#1093 = DEFINITIONAL_REPRESENTATION('',(#1094),#1097);
#1094 = B_SPLINE_CURVE_WITH_KNOTS('',1,(#1095,#1096),.UNSPECIFIED.,.F.,
  .F.,(2,2),(0.,1.),.PIECEWISE_BEZIER_KNOTS.);
#1095 = CARTESIAN_POINT('',(-5.E-02,0.995740252906));
#1096 = CARTESIAN_POINT('',(1.05,0.995740253487));
#1097 = ( GEOMETRIC_REPRESENTATION_CONTEXT(2) 
PARAMETRIC_REPRESENTATION_CONTEXT() REPRESENTATION_CONTEXT('2D SPACE',''
  ) );
#1098 = PCURVE('',#542,#1099);
#1099 = DEFINITIONAL_REPRESENTATION('',(#1100),#1143);
#1100 = B_SPLINE_CURVE_WITH_KNOTS('',11,(#1101,#1102,#1103,#1104,#1105,
    #1106,#1107,#1108,#1109,#1110,#1111,#1112,#1113,#1114,#1115,#1116,
    #1117,#1118,#1119,#1120,#1121,#1122,#1123,#1124,#1125,#1126,#1127,
    #1128,#1129,#1130,#1131,#1132,#1133,#1134,#1135,#1136,#1137,#1138,
    #1139,#1140,#1141,#1142),.UNSPECIFIED.,.F.,.F.,(12,10,10,10,12),(0.,
    0.25,0.5,0.75,1.),.UNSPECIFIED.);
#1101 = CARTESIAN_POINT('',(-8.71964042179E-03,4.623906525506E-04));
#1102 = CARTESIAN_POINT('',(1.400763231126E-02,4.623906553091E-04));
#1103 = CARTESIAN_POINT('',(0.161152286646,4.623906731686E-04));
#1104 = CARTESIAN_POINT('',(-0.271860605812,4.623906206121E-04));
#1105 = CARTESIAN_POINT('',(0.671691022626,4.623907351348E-04));
#1106 = CARTESIAN_POINT('',(-0.548336989911,4.62390587055E-04));
#1107 = CARTESIAN_POINT('',(0.65681036629,4.623907333287E-04));
#1108 = CARTESIAN_POINT('',(-0.118602608608,4.623906392136E-04));
#1109 = CARTESIAN_POINT('',(0.275134063128,4.62390687003E-04));
#1110 = CARTESIAN_POINT('',(0.188936943758,4.623906765409E-04));
#1111 = CARTESIAN_POINT('',(0.227272719771,4.623906811939E-04));
#1112 = CARTESIAN_POINT('',(0.27272728697,4.623906867109E-04));
#1113 = CARTESIAN_POINT('',(0.295454566035,4.623906894694E-04));
#1114 = CARTESIAN_POINT('',(0.318181841333,4.623906922278E-04));
#1115 = CARTESIAN_POINT('',(0.340909113628,4.623906949865E-04));
#1116 = CARTESIAN_POINT('',(0.363636383687,4.623906977447E-04));
#1117 = CARTESIAN_POINT('',(0.386363652277,4.623907005035E-04));
#1118 = CARTESIAN_POINT('',(0.409090920163,4.623907032617E-04));
#1119 = CARTESIAN_POINT('',(0.431818188111,4.623907060204E-04));
#1120 = CARTESIAN_POINT('',(0.454545456888,4.623907087788E-04));
#1121 = CARTESIAN_POINT('',(0.477272727259,4.623907115373E-04));
#1122 = CARTESIAN_POINT('',(0.522727272723,4.623907170543E-04));
#1123 = CARTESIAN_POINT('',(0.545454543095,4.623907198129E-04));
#1124 = CARTESIAN_POINT('',(0.568181811871,4.623907225713E-04));
#1125 = CARTESIAN_POINT('',(0.59090907982,4.6239072533E-04));
#1126 = CARTESIAN_POINT('',(0.613636347705,4.623907280881E-04));
#1127 = CARTESIAN_POINT('',(0.636363616295,4.62390730847E-04));
#1128 = CARTESIAN_POINT('',(0.659090886354,4.623907336052E-04));
#1129 = CARTESIAN_POINT('',(0.68181815865,4.623907363639E-04));
#1130 = CARTESIAN_POINT('',(0.704545433947,4.623907391223E-04));
#1131 = CARTESIAN_POINT('',(0.727272713012,4.623907418808E-04));
#1132 = CARTESIAN_POINT('',(0.772727280212,4.623907473978E-04));
#1133 = CARTESIAN_POINT('',(0.811063057037,4.623907520508E-04));
#1134 = CARTESIAN_POINT('',(0.724865932099,4.623907415886E-04));
#1135 = CARTESIAN_POINT('',(1.118602622361,4.623907893781E-04));
#1136 = CARTESIAN_POINT('',(0.343189608746,4.623906952631E-04));
#1137 = CARTESIAN_POINT('',(1.548337020279,4.623908415366E-04));
#1138 = CARTESIAN_POINT('',(0.328308952179,4.62390693457E-04));
#1139 = CARTESIAN_POINT('',(1.271860619401,4.623908079796E-04));
#1140 = CARTESIAN_POINT('',(0.838847709258,4.623907554231E-04));
#1141 = CARTESIAN_POINT('',(0.985992367867,4.623907732826E-04));
#1142 = CARTESIAN_POINT('',(1.0087196406,4.623907760411E-04));
#1143 = ( GEOMETRIC_REPRESENTATION_CONTEXT(2) 
PARAMETRIC_REPRESENTATION_CONTEXT() REPRESENTATION_CONTEXT('2D SPACE',''
  ) );
#1144 = ORIENTED_EDGE('',*,*,#1145,.T.);
#1145 = EDGE_CURVE('',#1084,#978,#1146,.T.);
#1146 = SURFACE_CURVE('',#1147,(#1154,#1160),.PCURVE_S1.);
#1147 = B_SPLINE_CURVE_WITH_KNOTS('',5,(#1148,#1149,#1150,#1151,#1152,
    #1153),.UNSPECIFIED.,.F.,.F.,(6,6),(0.,1.),
  .PIECEWISE_BEZIER_KNOTS.);
#1148 = CARTESIAN_POINT('',(-0.389239353277,-0.427722040237,
    -1.620000042021E-02));
#1149 = CARTESIAN_POINT('',(-0.393424377495,-0.515506388687,
    -1.620000042021E-02));
#1150 = CARTESIAN_POINT('',(-0.423644810656,-0.589702246984,
    -1.620000042021E-02));
#1151 = CARTESIAN_POINT('',(-0.486809176507,-0.654145984772,
    -1.620000042021E-02));
#1152 = CARTESIAN_POINT('',(-0.562038215302,-0.685297421526,
    -1.620000042021E-02));
#1153 = CARTESIAN_POINT('',(-0.652009973868,-0.690469594281,
    -1.620000042021E-02));
#1154 = PCURVE('',#88,#1155);
#1155 = DEFINITIONAL_REPRESENTATION('',(#1156),#1159);
#1156 = B_SPLINE_CURVE_WITH_KNOTS('',1,(#1157,#1158),.UNSPECIFIED.,.F.,
  .F.,(2,2),(0.,1.),.PIECEWISE_BEZIER_KNOTS.);
#1157 = CARTESIAN_POINT('',(-5.E-02,1.000036981909));
#1158 = CARTESIAN_POINT('',(-5.E-02,2.502453301216E-03));
#1159 = ( GEOMETRIC_REPRESENTATION_CONTEXT(2) 
PARAMETRIC_REPRESENTATION_CONTEXT() REPRESENTATION_CONTEXT('2D SPACE',''
  ) );
#1160 = PCURVE('',#225,#1161);
#1161 = DEFINITIONAL_REPRESENTATION('',(#1162),#1188);
#1162 = B_SPLINE_CURVE_WITH_KNOTS('',3,(#1163,#1164,#1165,#1166,#1167,
    #1168,#1169,#1170,#1171,#1172,#1173,#1174,#1175,#1176,#1177,#1178,
    #1179,#1180,#1181,#1182,#1183,#1184,#1185,#1186,#1187),
  .UNSPECIFIED.,.F.,.F.,(4,1,1,1,1,1,1,1,1,1,1,1,1,1,1,1,1,1,1,1,1,1,4),
  (0.,4.545454545455E-02,9.090909090909E-02,0.136363636364,
    0.181818181818,0.227272727273,0.272727272727,0.318181818182,
    0.363636363636,0.409090909091,0.454545454545,0.5,0.545454545455,
    0.590909090909,0.636363636364,0.681818181818,0.727272727273,
    0.772727272727,0.818181818182,0.863636363636,0.909090909091,
    0.954545454545,1.),.QUASI_UNIFORM_KNOTS.);
#1163 = CARTESIAN_POINT('',(0.188916190623,0.283298692205));
#1164 = CARTESIAN_POINT('',(0.184546275058,0.283579749504));
#1165 = CARTESIAN_POINT('',(0.175021483574,0.283027159886));
#1166 = CARTESIAN_POINT('',(0.161132626875,0.28158384236));
#1167 = CARTESIAN_POINT('',(0.14763796915,0.27951351938));
#1168 = CARTESIAN_POINT('',(0.134544944678,0.276812845725));
#1169 = CARTESIAN_POINT('',(0.121867320562,0.273483682337));
#1170 = CARTESIAN_POINT('',(0.109625350411,0.269533331574));
#1171 = CARTESIAN_POINT('',(9.784448465873E-02,0.264973632006));
#1172 = CARTESIAN_POINT('',(8.655446762796E-02,0.2598203588));
#1173 = CARTESIAN_POINT('',(7.578833097197E-02,0.254092542222));
#1174 = CARTESIAN_POINT('',(6.558141487777E-02,0.247811808074));
#1175 = CARTESIAN_POINT('',(5.597038183408E-02,0.241001712265));
#1176 = CARTESIAN_POINT('',(4.699223238082E-02,0.23368707694));
#1177 = CARTESIAN_POINT('',(3.868332036832E-02,0.225893326212));
#1178 = CARTESIAN_POINT('',(3.107836819595E-02,0.217645821926));
#1179 = CARTESIAN_POINT('',(2.420948262343E-02,0.208969199727));
#1180 = CARTESIAN_POINT('',(1.810516831181E-02,0.199886703836));
#1181 = CARTESIAN_POINT('',(1.278934987329E-02,0.190419526709));
#1182 = CARTESIAN_POINT('',(8.280362155877E-03,0.180586130468));
#1183 = CARTESIAN_POINT('',(4.59005907984E-03,0.170401636335));
#1184 = CARTESIAN_POINT('',(1.722480032256E-03,0.159876960311));
#1185 = CARTESIAN_POINT('',(-3.258325227071E-04,0.149018895838));
#1186 = CARTESIAN_POINT('',(-1.156396077236E-03,0.14155740683));
#1187 = CARTESIAN_POINT('',(-7.249034527615E-04,0.138249999014));
#1188 = ( GEOMETRIC_REPRESENTATION_CONTEXT(2) 
PARAMETRIC_REPRESENTATION_CONTEXT() REPRESENTATION_CONTEXT('2D SPACE',''
  ) );
#1189 = ORIENTED_EDGE('',*,*,#1011,.T.);
#1190 = ADVANCED_FACE('',(#1191),#542,.F.);
#1191 = FACE_BOUND('',#1192,.F.);
#1192 = EDGE_LOOP('',(#1193,#1315,#1348,#1349));
#1193 = ORIENTED_EDGE('',*,*,#1194,.F.);
#1194 = EDGE_CURVE('',#1195,#459,#1197,.T.);
#1195 = VERTEX_POINT('',#1196);
#1196 = CARTESIAN_POINT('',(-0.390874077308,-0.329816891529,
    -1.620000042023E-02));
#1197 = SURFACE_CURVE('',#1198,(#1203,#1249),.PCURVE_S1.);
#1198 = B_SPLINE_CURVE_WITH_KNOTS('',3,(#1199,#1200,#1201,#1202),
  .UNSPECIFIED.,.F.,.F.,(4,4),(0.,1.),.PIECEWISE_BEZIER_KNOTS.);
#1199 = CARTESIAN_POINT('',(-0.390883117907,-0.329733759159,
    -1.565401103006E-02));
#1200 = CARTESIAN_POINT('',(-0.390883117894,-0.329733759148,
    -5.218003686091E-03));
#1201 = CARTESIAN_POINT('',(-0.390883117881,-0.329733759137,
    5.218003684287E-03));
#1202 = CARTESIAN_POINT('',(-0.390883117868,-0.329733759125,
    1.565401102826E-02));
#1203 = PCURVE('',#542,#1204);
#1204 = DEFINITIONAL_REPRESENTATION('',(#1205),#1248);
#1205 = B_SPLINE_CURVE_WITH_KNOTS('',11,(#1206,#1207,#1208,#1209,#1210,
    #1211,#1212,#1213,#1214,#1215,#1216,#1217,#1218,#1219,#1220,#1221,
    #1222,#1223,#1224,#1225,#1226,#1227,#1228,#1229,#1230,#1231,#1232,
    #1233,#1234,#1235,#1236,#1237,#1238,#1239,#1240,#1241,#1242,#1243,
    #1244,#1245,#1246,#1247),.UNSPECIFIED.,.F.,.F.,(12,10,10,10,12),(0.,
    0.25,0.5,0.75,1.),.UNSPECIFIED.);
#1206 = CARTESIAN_POINT('',(-8.719640559455E-03,0.99953760971));
#1207 = CARTESIAN_POINT('',(1.400763217374E-02,0.999537609718));
#1208 = CARTESIAN_POINT('',(0.1611522896,0.999537609772));
#1209 = CARTESIAN_POINT('',(-0.27186061565,0.999537609613));
#1210 = CARTESIAN_POINT('',(0.671691040841,0.99953760996));
#1211 = CARTESIAN_POINT('',(-0.548337011884,0.999537609511));
#1212 = CARTESIAN_POINT('',(0.656810384338,0.999537609954));
#1213 = CARTESIAN_POINT('',(-0.118602618563,0.999537609669));
#1214 = CARTESIAN_POINT('',(0.275134066573,0.999537609814));
#1215 = CARTESIAN_POINT('',(0.188936943175,0.999537609782));
#1216 = CARTESIAN_POINT('',(0.227272719776,0.999537609796));
#1217 = CARTESIAN_POINT('',(0.272727286976,0.999537609813));
#1218 = CARTESIAN_POINT('',(0.295454566041,0.999537609821));
#1219 = CARTESIAN_POINT('',(0.318181841339,0.99953760983));
#1220 = CARTESIAN_POINT('',(0.340909113634,0.999537609838));
#1221 = CARTESIAN_POINT('',(0.363636383694,0.999537609847));
#1222 = CARTESIAN_POINT('',(0.386363652284,0.999537609855));
#1223 = CARTESIAN_POINT('',(0.409090920169,0.999537609863));
#1224 = CARTESIAN_POINT('',(0.431818188118,0.999537609871));
#1225 = CARTESIAN_POINT('',(0.454545456895,0.99953760988));
#1226 = CARTESIAN_POINT('',(0.477272727266,0.999537609888));
#1227 = CARTESIAN_POINT('',(0.522727272731,0.999537609905));
#1228 = CARTESIAN_POINT('',(0.545454543102,0.999537609913));
#1229 = CARTESIAN_POINT('',(0.568181811879,0.999537609922));
#1230 = CARTESIAN_POINT('',(0.590909079827,0.99953760993));
#1231 = CARTESIAN_POINT('',(0.613636347713,0.999537609938));
#1232 = CARTESIAN_POINT('',(0.636363616303,0.999537609946));
#1233 = CARTESIAN_POINT('',(0.659090886363,0.999537609955));
#1234 = CARTESIAN_POINT('',(0.681818158658,0.999537609963));
#1235 = CARTESIAN_POINT('',(0.704545433956,0.999537609972));
#1236 = CARTESIAN_POINT('',(0.727272713021,0.99953760998));
#1237 = CARTESIAN_POINT('',(0.772727280221,0.999537609996));
#1238 = CARTESIAN_POINT('',(0.811063056459,0.999537610011));
#1239 = CARTESIAN_POINT('',(0.724865935541,0.999537609979));
#1240 = CARTESIAN_POINT('',(1.11860261243,0.999537610124));
#1241 = CARTESIAN_POINT('',(0.343189626765,0.999537609839));
#1242 = CARTESIAN_POINT('',(1.548336998353,0.999537610281));
#1243 = CARTESIAN_POINT('',(0.328308970364,0.999537609833));
#1244 = CARTESIAN_POINT('',(1.271860609589,0.99953761018));
#1245 = CARTESIAN_POINT('',(0.838847712212,0.999537610021));
#1246 = CARTESIAN_POINT('',(0.985992367736,0.999537610075));
#1247 = CARTESIAN_POINT('',(1.008719640469,0.999537610083));
#1248 = ( GEOMETRIC_REPRESENTATION_CONTEXT(2) 
PARAMETRIC_REPRESENTATION_CONTEXT() REPRESENTATION_CONTEXT('2D SPACE',''
  ) );
#1249 = PCURVE('',#494,#1250);
#1250 = DEFINITIONAL_REPRESENTATION('',(#1251),#1314);
#1251 = B_SPLINE_CURVE_WITH_KNOTS('',11,(#1252,#1253,#1254,#1255,#1256,
    #1257,#1258,#1259,#1260,#1261,#1262,#1263,#1264,#1265,#1266,#1267,
    #1268,#1269,#1270,#1271,#1272,#1273,#1274,#1275,#1276,#1277,#1278,
    #1279,#1280,#1281,#1282,#1283,#1284,#1285,#1286,#1287,#1288,#1289,
    #1290,#1291,#1292,#1293,#1294,#1295,#1296,#1297,#1298,#1299,#1300,
    #1301,#1302,#1303,#1304,#1305,#1306,#1307,#1308,#1309,#1310,#1311,
    #1312,#1313),.UNSPECIFIED.,.F.,.F.,(12,10,10,10,10,10,12),(0.,0.125,
    0.25,0.5,0.75,0.875,1.),.UNSPECIFIED.);
#1252 = CARTESIAN_POINT('',(-8.719640416945E-03,0.999991123183));
#1253 = CARTESIAN_POINT('',(2.643995945025E-03,0.999991123182));
#1254 = CARTESIAN_POINT('',(3.87333448996E-02,0.999991123182));
#1255 = CARTESIAN_POINT('',(7.589514707581E-02,0.999991123182));
#1256 = CARTESIAN_POINT('',(-7.705213112836E-02,0.999991123183));
#1257 = CARTESIAN_POINT('',(0.201271494019,0.999991123181));
#1258 = CARTESIAN_POINT('',(-3.471211988191E-02,0.999991123182));
#1259 = CARTESIAN_POINT('',(0.128388220299,0.999991123181));
#1260 = CARTESIAN_POINT('',(7.579210358138E-02,0.999991123181));
#1261 = CARTESIAN_POINT('',(0.104671021468,0.999991123181));
#1262 = CARTESIAN_POINT('',(0.113654111209,0.999991123181));
#1263 = CARTESIAN_POINT('',(0.136356095697,0.999991123181));
#1264 = CARTESIAN_POINT('',(0.147711866322,0.999991123181));
#1265 = CARTESIAN_POINT('',(0.159071634566,0.999991123181));
#1266 = CARTESIAN_POINT('',(0.170434619669,0.99999112318));
#1267 = CARTESIAN_POINT('',(0.181800040869,0.999991123181));
#1268 = CARTESIAN_POINT('',(0.193167117404,0.99999112318));
#1269 = CARTESIAN_POINT('',(0.204535068514,0.99999112318));
#1270 = CARTESIAN_POINT('',(0.215903113438,0.99999112318));
#1271 = CARTESIAN_POINT('',(0.227270471413,0.99999112318));
#1272 = CARTESIAN_POINT('',(0.238636361679,0.99999112318));
#1273 = CARTESIAN_POINT('',(0.272727287064,0.99999112318));
#1274 = CARTESIAN_POINT('',(0.295454566121,0.999991123179));
#1275 = CARTESIAN_POINT('',(0.318181841409,0.999991123179));
#1276 = CARTESIAN_POINT('',(0.340909113695,0.999991123179));
#1277 = CARTESIAN_POINT('',(0.363636383745,0.999991123178));
#1278 = CARTESIAN_POINT('',(0.386363652326,0.999991123178));
#1279 = CARTESIAN_POINT('',(0.409090920202,0.999991123178));
#1280 = CARTESIAN_POINT('',(0.431818188142,0.999991123178));
#1281 = CARTESIAN_POINT('',(0.454545456909,0.999991123178));
#1282 = CARTESIAN_POINT('',(0.477272727272,0.999991123177));
#1283 = CARTESIAN_POINT('',(0.522727272718,0.999991123177));
#1284 = CARTESIAN_POINT('',(0.54545454308,0.999991123177));
#1285 = CARTESIAN_POINT('',(0.568181811847,0.999991123177));
#1286 = CARTESIAN_POINT('',(0.590909079787,0.999991123176));
#1287 = CARTESIAN_POINT('',(0.613636347663,0.999991123176));
#1288 = CARTESIAN_POINT('',(0.636363616244,0.999991123175));
#1289 = CARTESIAN_POINT('',(0.659090886294,0.999991123176));
#1290 = CARTESIAN_POINT('',(0.68181815858,0.999991123175));
#1291 = CARTESIAN_POINT('',(0.704545433868,0.999991123175));
#1292 = CARTESIAN_POINT('',(0.727272712925,0.999991123175));
#1293 = CARTESIAN_POINT('',(0.761363638311,0.999991123174));
#1294 = CARTESIAN_POINT('',(0.772729528576,0.999991123174));
#1295 = CARTESIAN_POINT('',(0.784096886552,0.999991123174));
#1296 = CARTESIAN_POINT('',(0.795464931475,0.999991123174));
#1297 = CARTESIAN_POINT('',(0.806832882585,0.999991123174));
#1298 = CARTESIAN_POINT('',(0.81819995912,0.999991123173));
#1299 = CARTESIAN_POINT('',(0.829565380321,0.999991123174));
#1300 = CARTESIAN_POINT('',(0.840928365423,0.999991123173));
#1301 = CARTESIAN_POINT('',(0.852288133668,0.999991123173));
#1302 = CARTESIAN_POINT('',(0.863643904292,0.999991123173));
#1303 = CARTESIAN_POINT('',(0.886345888781,0.999991123173));
#1304 = CARTESIAN_POINT('',(0.895328978526,0.999991123173));
#1305 = CARTESIAN_POINT('',(0.924207896378,0.999991123173));
#1306 = CARTESIAN_POINT('',(0.87161177978,0.999991123173));
#1307 = CARTESIAN_POINT('',(1.034712119703,0.999991123172));
#1308 = CARTESIAN_POINT('',(0.798728506162,0.999991123174));
#1309 = CARTESIAN_POINT('',(1.077052131013,0.999991123171));
#1310 = CARTESIAN_POINT('',(0.924104852893,0.999991123172));
#1311 = CARTESIAN_POINT('',(0.961266655144,0.999991123172));
#1312 = CARTESIAN_POINT('',(0.997356004036,0.999991123172));
#1313 = CARTESIAN_POINT('',(1.008719640398,0.999991123172));
#1314 = ( GEOMETRIC_REPRESENTATION_CONTEXT(2) 
PARAMETRIC_REPRESENTATION_CONTEXT() REPRESENTATION_CONTEXT('2D SPACE',''
  ) );
#1315 = ORIENTED_EDGE('',*,*,#1316,.F.);
#1316 = EDGE_CURVE('',#1084,#1195,#1317,.T.);
#1317 = SURFACE_CURVE('',#1318,(#1323,#1333),.PCURVE_S1.);
#1318 = B_SPLINE_CURVE_WITH_KNOTS('',3,(#1319,#1320,#1321,#1322),
  .UNSPECIFIED.,.F.,.F.,(4,4),(0.,1.),.PIECEWISE_BEZIER_KNOTS.);
#1319 = CARTESIAN_POINT('',(-0.390883117916,-0.428986119407,
    -1.62000004203E-02));
#1320 = CARTESIAN_POINT('',(-0.390883117917,-0.395963446062,
    -1.620000042031E-02));
#1321 = CARTESIAN_POINT('',(-0.390883117917,-0.362940772632,
    -1.620000042032E-02));
#1322 = CARTESIAN_POINT('',(-0.390883117917,-0.329918099287,
    -1.620000042034E-02));
#1323 = PCURVE('',#542,#1324);
#1324 = DEFINITIONAL_REPRESENTATION('',(#1325),#1332);
#1325 = B_SPLINE_CURVE_WITH_KNOTS('',5,(#1326,#1327,#1328,#1329,#1330,
    #1331),.UNSPECIFIED.,.F.,.F.,(6,6),(0.,1.),
  .PIECEWISE_BEZIER_KNOTS.);
#1326 = CARTESIAN_POINT('',(-8.71964042179E-03,4.623906525507E-04));
#1327 = CARTESIAN_POINT('',(-8.719640449272E-03,0.199906320638));
#1328 = CARTESIAN_POINT('',(-8.719640477393E-03,0.403989360084));
#1329 = CARTESIAN_POINT('',(-8.719640503852E-03,0.596010639461));
#1330 = CARTESIAN_POINT('',(-8.719640531973E-03,0.800093679724));
#1331 = CARTESIAN_POINT('',(-8.719640559455E-03,0.99953760971));
#1332 = ( GEOMETRIC_REPRESENTATION_CONTEXT(2) 
PARAMETRIC_REPRESENTATION_CONTEXT() REPRESENTATION_CONTEXT('2D SPACE',''
  ) );
#1333 = PCURVE('',#225,#1334);
#1334 = DEFINITIONAL_REPRESENTATION('',(#1335),#1347);
#1335 = B_SPLINE_CURVE_WITH_KNOTS('',10,(#1336,#1337,#1338,#1339,#1340,
    #1341,#1342,#1343,#1344,#1345,#1346),.UNSPECIFIED.,.F.,.F.,(11,11),(
    0.,1.),.PIECEWISE_BEZIER_KNOTS.);
#1336 = CARTESIAN_POINT('',(0.188916190623,0.283298692205));
#1337 = CARTESIAN_POINT('',(0.196110567896,0.283253292476));
#1338 = CARTESIAN_POINT('',(0.19764232309,0.283243626417));
#1339 = CARTESIAN_POINT('',(0.224499917109,0.28307414302));
#1340 = CARTESIAN_POINT('',(0.194041020748,0.283266352241));
#1341 = CARTESIAN_POINT('',(0.248716043154,0.282921328463));
#1342 = CARTESIAN_POINT('',(0.214679540784,0.283136113975));
#1343 = CARTESIAN_POINT('',(0.246391463247,0.282935997599));
#1344 = CARTESIAN_POINT('',(0.244161761482,0.282950068012));
#1345 = CARTESIAN_POINT('',(0.253282527604,0.28289251191));
#1346 = CARTESIAN_POINT('',(0.260476904876,0.28284711218));
#1347 = ( GEOMETRIC_REPRESENTATION_CONTEXT(2) 
PARAMETRIC_REPRESENTATION_CONTEXT() REPRESENTATION_CONTEXT('2D SPACE',''
  ) );
#1348 = ORIENTED_EDGE('',*,*,#1083,.T.);
#1349 = ORIENTED_EDGE('',*,*,#519,.T.);
#1350 = ADVANCED_FACE('',(#1351),#314,.F.);
#1351 = FACE_BOUND('',#1352,.F.);
#1352 = EDGE_LOOP('',(#1353,#1354,#1355,#1389));
#1353 = ORIENTED_EDGE('',*,*,#291,.T.);
#1354 = ORIENTED_EDGE('',*,*,#681,.T.);
#1355 = ORIENTED_EDGE('',*,*,#1356,.F.);
#1356 = EDGE_CURVE('',#1357,#656,#1359,.T.);
#1357 = VERTEX_POINT('',#1358);
#1358 = CARTESIAN_POINT('',(0.900642589298,0.319926984141,
    -1.592700572514E-02));
#1359 = SURFACE_CURVE('',#1360,(#1365,#1373),.PCURVE_S1.);
#1360 = B_SPLINE_CURVE_WITH_KNOTS('',3,(#1361,#1362,#1363,#1364),
  .UNSPECIFIED.,.F.,.F.,(4,4),(0.,1.),.PIECEWISE_BEZIER_KNOTS.);
#1361 = CARTESIAN_POINT('',(0.899999976158,0.319632556427,
    -1.62000004202E-02));
#1362 = CARTESIAN_POINT('',(0.899999976158,0.442571738052,
    -1.620000042021E-02));
#1363 = CARTESIAN_POINT('',(0.899999976158,0.565510920002,
    -1.620000042021E-02));
#1364 = CARTESIAN_POINT('',(0.899999976158,0.688450101627,
    -1.620000042021E-02));
#1365 = PCURVE('',#314,#1366);
#1366 = DEFINITIONAL_REPRESENTATION('',(#1367),#1372);
#1367 = B_SPLINE_CURVE_WITH_KNOTS('',3,(#1368,#1369,#1370,#1371),
  .UNSPECIFIED.,.F.,.F.,(4,4),(0.,1.),.PIECEWISE_BEZIER_KNOTS.);
#1368 = CARTESIAN_POINT('',(-8.719640420266E-03,3.379950207139E-05));
#1369 = CARTESIAN_POINT('',(-8.71964046558E-03,0.333299522953));
#1370 = CARTESIAN_POINT('',(-8.719640510913E-03,0.666700476939));
#1371 = CARTESIAN_POINT('',(-8.719640556227E-03,0.99996620039));
#1372 = ( GEOMETRIC_REPRESENTATION_CONTEXT(2) 
PARAMETRIC_REPRESENTATION_CONTEXT() REPRESENTATION_CONTEXT('2D SPACE',''
  ) );
#1373 = PCURVE('',#225,#1374);
#1374 = DEFINITIONAL_REPRESENTATION('',(#1375),#1388);
#1375 = B_SPLINE_CURVE_WITH_KNOTS('',11,(#1376,#1377,#1378,#1379,#1380,
    #1381,#1382,#1383,#1384,#1385,#1386,#1387),.UNSPECIFIED.,.F.,.F.,(12
    ,12),(0.,1.),.PIECEWISE_BEZIER_KNOTS.);
#1376 = CARTESIAN_POINT('',(0.73246340364,1.000324862354));
#1377 = CARTESIAN_POINT('',(0.756813059977,1.000295159749));
#1378 = CARTESIAN_POINT('',(0.776425616178,1.000271235633));
#1379 = CARTESIAN_POINT('',(0.818717064293,1.000219646972));
#1380 = CARTESIAN_POINT('',(0.805301108539,1.000236012247));
#1381 = CARTESIAN_POINT('',(0.88254134424,1.000141791772));
#1382 = CARTESIAN_POINT('',(0.855136729592,1.000175220926));
#1383 = CARTESIAN_POINT('',(0.914951908118,1.000102256176));
#1384 = CARTESIAN_POINT('',(0.922894027398,1.000092568087));
#1385 = CARTESIAN_POINT('',(0.951857329328,1.000057237588));
#1386 = CARTESIAN_POINT('',(0.975641938488,1.000028224248));
#1387 = CARTESIAN_POINT('',(0.99999159485,0.999998521643));
#1388 = ( GEOMETRIC_REPRESENTATION_CONTEXT(2) 
PARAMETRIC_REPRESENTATION_CONTEXT() REPRESENTATION_CONTEXT('2D SPACE',''
  ) );
#1389 = ORIENTED_EDGE('',*,*,#1390,.F.);
#1390 = EDGE_CURVE('',#292,#1357,#1391,.T.);
#1391 = SURFACE_CURVE('',#1392,(#1397,#1457),.PCURVE_S1.);
#1392 = B_SPLINE_CURVE_WITH_KNOTS('',3,(#1393,#1394,#1395,#1396),
  .UNSPECIFIED.,.F.,.F.,(4,4),(0.,1.),.PIECEWISE_BEZIER_KNOTS.);
#1393 = CARTESIAN_POINT('',(0.899999976142,0.319582670921,
    1.565401103006E-02));
#1394 = CARTESIAN_POINT('',(0.899999976111,0.31958267091,
    5.218003686091E-03));
#1395 = CARTESIAN_POINT('',(0.899999976081,0.3195826709,
    -5.218003684287E-03));
#1396 = CARTESIAN_POINT('',(0.899999976051,0.319582670889,
    -1.565401102826E-02));
#1397 = PCURVE('',#314,#1398);
#1398 = DEFINITIONAL_REPRESENTATION('',(#1399),#1456);
#1399 = B_SPLINE_CURVE_WITH_KNOTS('',10,(#1400,#1401,#1402,#1403,#1404,
    #1405,#1406,#1407,#1408,#1409,#1410,#1411,#1412,#1413,#1414,#1415,
    #1416,#1417,#1418,#1419,#1420,#1421,#1422,#1423,#1424,#1425,#1426,
    #1427,#1428,#1429,#1430,#1431,#1432,#1433,#1434,#1435,#1436,#1437,
    #1438,#1439,#1440,#1441,#1442,#1443,#1444,#1445,#1446,#1447,#1448,
    #1449,#1450,#1451,#1452,#1453,#1454,#1455),.UNSPECIFIED.,.F.,.F.,(11
    ,9,9,9,9,9,11),(0.,0.125,0.25,0.5,0.75,0.875,1.),.UNSPECIFIED.);
#1400 = CARTESIAN_POINT('',(1.008719640605,3.379949774889E-05));
#1401 = CARTESIAN_POINT('',(0.996219640602,3.3799497802E-05));
#1402 = CARTESIAN_POINT('',(0.945786222421,3.379949801625E-05));
#1403 = CARTESIAN_POINT('',(0.960517511391,3.379949795367E-05));
#1404 = CARTESIAN_POINT('',(1.016377136079,3.379949771635E-05));
#1405 = CARTESIAN_POINT('',(0.844615731748,3.379949844607E-05));
#1406 = CARTESIAN_POINT('',(0.990114486008,3.379949782793E-05));
#1407 = CARTESIAN_POINT('',(0.886947905636,3.379949826622E-05));
#1408 = CARTESIAN_POINT('',(0.90478608004,3.379949819044E-05));
#1409 = CARTESIAN_POINT('',(0.887480988219,3.379949826396E-05));
#1410 = CARTESIAN_POINT('',(0.862508805272,3.379949837005E-05));
#1411 = CARTESIAN_POINT('',(0.850016873555,3.379949842312E-05));
#1412 = CARTESIAN_POINT('',(0.837520175142,3.379949847621E-05));
#1413 = CARTESIAN_POINT('',(0.825019783579,3.379949852931E-05));
#1414 = CARTESIAN_POINT('',(0.812516772413,3.379949858244E-05));
#1415 = CARTESIAN_POINT('',(0.80001221519,3.379949863555E-05));
#1416 = CARTESIAN_POINT('',(0.787507185459,3.379949868869E-05));
#1417 = CARTESIAN_POINT('',(0.775002756764,3.37994987418E-05));
#1418 = CARTESIAN_POINT('',(0.762500002654,3.379949879492E-05));
#1419 = CARTESIAN_POINT('',(0.724999984714,3.379949895424E-05));
#1420 = CARTESIAN_POINT('',(0.699999978296,3.379949906044E-05));
#1421 = CARTESIAN_POINT('',(0.674999976367,3.379949916666E-05));
#1422 = CARTESIAN_POINT('',(0.649999977872,3.379949927286E-05));
#1423 = CARTESIAN_POINT('',(0.62499998176,3.379949937908E-05));
#1424 = CARTESIAN_POINT('',(0.599999986975,3.379949948528E-05));
#1425 = CARTESIAN_POINT('',(0.574999992466,3.379949959149E-05));
#1426 = CARTESIAN_POINT('',(0.549999997177,3.37994996977E-05));
#1427 = CARTESIAN_POINT('',(0.525000000057,3.379949980391E-05));
#1428 = CARTESIAN_POINT('',(0.475000000047,3.379950001633E-05));
#1429 = CARTESIAN_POINT('',(0.450000002927,3.379950012254E-05));
#1430 = CARTESIAN_POINT('',(0.425000007639,3.379950022875E-05));
#1431 = CARTESIAN_POINT('',(0.400000013129,3.379950033495E-05));
#1432 = CARTESIAN_POINT('',(0.375000018345,3.379950044117E-05));
#1433 = CARTESIAN_POINT('',(0.350000022232,3.379950054737E-05));
#1434 = CARTESIAN_POINT('',(0.325000023737,3.379950065359E-05));
#1435 = CARTESIAN_POINT('',(0.300000021808,3.379950075979E-05));
#1436 = CARTESIAN_POINT('',(0.27500001539,3.3799500866E-05));
#1437 = CARTESIAN_POINT('',(0.23749999745,3.379950102532E-05));
#1438 = CARTESIAN_POINT('',(0.22499724334,3.379950107843E-05));
#1439 = CARTESIAN_POINT('',(0.212492814645,3.379950113155E-05));
#1440 = CARTESIAN_POINT('',(0.199987784914,3.379950118469E-05));
#1441 = CARTESIAN_POINT('',(0.187483227692,3.37995012378E-05));
#1442 = CARTESIAN_POINT('',(0.174980216526,3.379950129093E-05));
#1443 = CARTESIAN_POINT('',(0.162479824963,3.379950134403E-05));
#1444 = CARTESIAN_POINT('',(0.149983126549,3.379950139712E-05));
#1445 = CARTESIAN_POINT('',(0.137491194832,3.379950145019E-05));
#1446 = CARTESIAN_POINT('',(0.112519011885,3.379950155628E-05));
#1447 = CARTESIAN_POINT('',(9.521392010231E-02,3.37995016298E-05));
#1448 = CARTESIAN_POINT('',(0.113052094293,3.379950155401E-05));
#1449 = CARTESIAN_POINT('',(9.885514412903E-03,3.379950199231E-05));
#1450 = CARTESIAN_POINT('',(0.155384268272,3.379950137416E-05));
#1451 = CARTESIAN_POINT('',(-1.637713662127E-02,3.379950210389E-05));
#1452 = CARTESIAN_POINT('',(3.948248987795E-02,3.379950186656E-05));
#1453 = CARTESIAN_POINT('',(5.421377689405E-02,3.379950180399E-05));
#1454 = CARTESIAN_POINT('',(3.780359582957E-03,3.379950201824E-05));
#1455 = CARTESIAN_POINT('',(-8.719640420266E-03,3.379950207135E-05));
#1456 = ( GEOMETRIC_REPRESENTATION_CONTEXT(2) 
PARAMETRIC_REPRESENTATION_CONTEXT() REPRESENTATION_CONTEXT('2D SPACE',''
  ) );
#1457 = PCURVE('',#384,#1458);
#1458 = DEFINITIONAL_REPRESENTATION('',(#1459),#1466);
#1459 = B_SPLINE_CURVE_WITH_KNOTS('',5,(#1460,#1461,#1462,#1463,#1464,
    #1465),.UNSPECIFIED.,.F.,.F.,(6,6),(0.,1.),
  .PIECEWISE_BEZIER_KNOTS.);
#1460 = CARTESIAN_POINT('',(1.05,0.999201963115));
#1461 = CARTESIAN_POINT('',(0.622576825012,0.999201967425));
#1462 = CARTESIAN_POINT('',(2.396884633783,0.999201949532));
#1463 = CARTESIAN_POINT('',(-1.396630538392,0.999201987787));
#1464 = CARTESIAN_POINT('',(0.377423174988,0.999201969897));
#1465 = CARTESIAN_POINT('',(-5.E-02,0.999201974207));
#1466 = ( GEOMETRIC_REPRESENTATION_CONTEXT(2) 
PARAMETRIC_REPRESENTATION_CONTEXT() REPRESENTATION_CONTEXT('2D SPACE',''
  ) );
#1467 = ADVANCED_FACE('',(#1468),#384,.F.);
#1468 = FACE_BOUND('',#1469,.F.);
#1469 = EDGE_LOOP('',(#1470,#1556,#1557,#1558));
#1470 = ORIENTED_EDGE('',*,*,#1471,.F.);
#1471 = EDGE_CURVE('',#340,#1472,#1474,.T.);
#1472 = VERTEX_POINT('',#1473);
#1473 = CARTESIAN_POINT('',(0.759312160142,0.17880092698,
    -1.592700572423E-02));
#1474 = SURFACE_CURVE('',#1475,(#1480,#1490),.PCURVE_S1.);
#1475 = B_SPLINE_CURVE_WITH_KNOTS('',3,(#1476,#1477,#1478,#1479),
  .UNSPECIFIED.,.F.,.F.,(4,4),(0.,1.),.PIECEWISE_BEZIER_KNOTS.);
#1476 = CARTESIAN_POINT('',(0.759800434099,0.179383113977,
    1.565401103006E-02));
#1477 = CARTESIAN_POINT('',(0.759800434073,0.179383113971,
    5.218003686091E-03));
#1478 = CARTESIAN_POINT('',(0.759800434048,0.179383113965,
    -5.218003684287E-03));
#1479 = CARTESIAN_POINT('',(0.759800434022,0.179383113959,
    -1.565401102826E-02));
#1480 = PCURVE('',#384,#1481);
#1481 = DEFINITIONAL_REPRESENTATION('',(#1482),#1489);
#1482 = B_SPLINE_CURVE_WITH_KNOTS('',5,(#1483,#1484,#1485,#1486,#1487,
    #1488),.UNSPECIFIED.,.F.,.F.,(6,6),(0.,1.),
  .PIECEWISE_BEZIER_KNOTS.);
#1483 = CARTESIAN_POINT('',(1.05,4.21107315612E-03));
#1484 = CARTESIAN_POINT('',(0.622576825016,4.211080336109E-03));
#1485 = CARTESIAN_POINT('',(2.396884634938,4.211050530728E-03));
#1486 = CARTESIAN_POINT('',(-1.396630537193,4.21111425539E-03));
#1487 = CARTESIAN_POINT('',(0.377423174984,4.211084454277E-03));
#1488 = CARTESIAN_POINT('',(-5.E-02,4.211091634266E-03));
#1489 = ( GEOMETRIC_REPRESENTATION_CONTEXT(2) 
PARAMETRIC_REPRESENTATION_CONTEXT() REPRESENTATION_CONTEXT('2D SPACE',''
  ) );
#1490 = PCURVE('',#433,#1491);
#1491 = DEFINITIONAL_REPRESENTATION('',(#1492),#1555);
#1492 = B_SPLINE_CURVE_WITH_KNOTS('',11,(#1493,#1494,#1495,#1496,#1497,
    #1498,#1499,#1500,#1501,#1502,#1503,#1504,#1505,#1506,#1507,#1508,
    #1509,#1510,#1511,#1512,#1513,#1514,#1515,#1516,#1517,#1518,#1519,
    #1520,#1521,#1522,#1523,#1524,#1525,#1526,#1527,#1528,#1529,#1530,
    #1531,#1532,#1533,#1534,#1535,#1536,#1537,#1538,#1539,#1540,#1541,
    #1542,#1543,#1544,#1545,#1546,#1547,#1548,#1549,#1550,#1551,#1552,
    #1553,#1554),.UNSPECIFIED.,.F.,.F.,(12,10,10,10,10,10,12),(0.,0.125,
    0.25,0.5,0.75,0.875,1.),.UNSPECIFIED.);
#1493 = CARTESIAN_POINT('',(1.000022362469,0.995878494505));
#1494 = CARTESIAN_POINT('',(1.00002236247,0.98480170005));
#1495 = CARTESIAN_POINT('',(1.000022362471,0.949623322336));
#1496 = CARTESIAN_POINT('',(1.000022362473,0.913399560773));
#1497 = CARTESIAN_POINT('',(1.000022362466,1.062486129343));
#1498 = CARTESIAN_POINT('',(1.000022362479,0.791187977062));
#1499 = CARTESIAN_POINT('',(1.000022362468,1.021214867658));
#1500 = CARTESIAN_POINT('',(1.000022362475,0.862231523594));
#1501 = CARTESIAN_POINT('',(1.000022362473,0.913500003116));
#1502 = CARTESIAN_POINT('',(1.000022362474,0.885350049819));
#1503 = CARTESIAN_POINT('',(1.000022362475,0.87659371196));
#1504 = CARTESIAN_POINT('',(1.000022362476,0.854464772958));
#1505 = CARTESIAN_POINT('',(1.000022362476,0.843395645692));
#1506 = CARTESIAN_POINT('',(1.000022362477,0.832322621715));
#1507 = CARTESIAN_POINT('',(1.000022362477,0.821246462081));
#1508 = CARTESIAN_POINT('',(1.000022362478,0.810167927841));
#1509 = CARTESIAN_POINT('',(1.000022362478,0.79908778005));
#1510 = CARTESIAN_POINT('',(1.000022362479,0.78800677976));
#1511 = CARTESIAN_POINT('',(1.00002236248,0.776925688025));
#1512 = CARTESIAN_POINT('',(1.00002236248,0.765845265898));
#1513 = CARTESIAN_POINT('',(1.000022362481,0.754766274432));
#1514 = CARTESIAN_POINT('',(1.000022362482,0.721535875179));
#1515 = CARTESIAN_POINT('',(1.000022362483,0.699382280096));
#1516 = CARTESIAN_POINT('',(1.000022362484,0.677228688687));
#1517 = CARTESIAN_POINT('',(1.000022362485,0.655075100203));
#1518 = CARTESIAN_POINT('',(1.000022362486,0.6329215139));
#1519 = CARTESIAN_POINT('',(1.000022362487,0.610767929028));
#1520 = CARTESIAN_POINT('',(1.000022362488,0.588614344843));
#1521 = CARTESIAN_POINT('',(1.000022362489,0.566460760597));
#1522 = CARTESIAN_POINT('',(1.00002236249,0.544307175543));
#1523 = CARTESIAN_POINT('',(1.000022362491,0.522153588935));
#1524 = CARTESIAN_POINT('',(1.000022362494,0.477846411117));
#1525 = CARTESIAN_POINT('',(1.000022362495,0.455692824509));
#1526 = CARTESIAN_POINT('',(1.000022362496,0.433539239455));
#1527 = CARTESIAN_POINT('',(1.000022362497,0.411385655209));
#1528 = CARTESIAN_POINT('',(1.000022362498,0.389232071024));
#1529 = CARTESIAN_POINT('',(1.000022362499,0.367078486152));
#1530 = CARTESIAN_POINT('',(1.0000223625,0.344924899849));
#1531 = CARTESIAN_POINT('',(1.000022362501,0.322771311365));
#1532 = CARTESIAN_POINT('',(1.000022362502,0.300617719956));
#1533 = CARTESIAN_POINT('',(1.000022362503,0.278464124873));
#1534 = CARTESIAN_POINT('',(1.000022362504,0.24523372562));
#1535 = CARTESIAN_POINT('',(1.000022362505,0.234154734154));
#1536 = CARTESIAN_POINT('',(1.000022362506,0.223074312027));
#1537 = CARTESIAN_POINT('',(1.000022362506,0.211993220292));
#1538 = CARTESIAN_POINT('',(1.000022362507,0.200912220002));
#1539 = CARTESIAN_POINT('',(1.000022362507,0.189832072211));
#1540 = CARTESIAN_POINT('',(1.000022362508,0.178753537971));
#1541 = CARTESIAN_POINT('',(1.000022362508,0.167677378336));
#1542 = CARTESIAN_POINT('',(1.000022362509,0.156604354359));
#1543 = CARTESIAN_POINT('',(1.000022362509,0.145535227094));
#1544 = CARTESIAN_POINT('',(1.00002236251,0.123406288092));
#1545 = CARTESIAN_POINT('',(1.000022362511,0.114649950289));
#1546 = CARTESIAN_POINT('',(1.000022362512,8.649999660395E-02));
#1547 = CARTESIAN_POINT('',(1.000022362509,0.137768477455));
#1548 = CARTESIAN_POINT('',(1.000022362517,-2.121486946351E-02));
#1549 = CARTESIAN_POINT('',(1.000022362506,0.208812025108));
#1550 = CARTESIAN_POINT('',(1.000022362519,-6.248613044979E-02));
#1551 = CARTESIAN_POINT('',(1.000022362512,8.660043905689E-02));
#1552 = CARTESIAN_POINT('',(1.000022362514,5.037667830658E-02));
#1553 = CARTESIAN_POINT('',(1.000022362515,1.519829991521E-02));
#1554 = CARTESIAN_POINT('',(1.000022362516,4.121505460434E-03));
#1555 = ( GEOMETRIC_REPRESENTATION_CONTEXT(2) 
PARAMETRIC_REPRESENTATION_CONTEXT() REPRESENTATION_CONTEXT('2D SPACE',''
  ) );
#1556 = ORIENTED_EDGE('',*,*,#339,.F.);
#1557 = ORIENTED_EDGE('',*,*,#1390,.T.);
#1558 = ORIENTED_EDGE('',*,*,#1559,.T.);
#1559 = EDGE_CURVE('',#1357,#1472,#1560,.T.);
#1560 = SURFACE_CURVE('',#1561,(#1568,#1574),.PCURVE_S1.);
#1561 = B_SPLINE_CURVE_WITH_KNOTS('',5,(#1562,#1563,#1564,#1565,#1566,
    #1567),.UNSPECIFIED.,.F.,.F.,(6,6),(0.,1.),
  .PIECEWISE_BEZIER_KNOTS.);
#1562 = CARTESIAN_POINT('',(0.90116436309,0.320559214149,
    -1.620000042021E-02));
#1563 = CARTESIAN_POINT('',(0.898262838002,0.272528946444,
    -1.620000042021E-02));
#1564 = CARTESIAN_POINT('',(0.88175105774,0.232444310794,
    -1.620000042021E-02));
#1565 = CARTESIAN_POINT('',(0.848549961348,0.19859513999,
    -1.620000042021E-02));
#1566 = CARTESIAN_POINT('',(0.808157830839,0.181583682353,
    -1.620000042021E-02));
#1567 = CARTESIAN_POINT('',(0.759111802434,0.178097900963,
    -1.620000042021E-02));
#1568 = PCURVE('',#384,#1569);
#1569 = DEFINITIONAL_REPRESENTATION('',(#1570),#1573);
#1570 = B_SPLINE_CURVE_WITH_KNOTS('',1,(#1571,#1572),.UNSPECIFIED.,.F.,
  .F.,(2,2),(0.,1.),.PIECEWISE_BEZIER_KNOTS.);
#1571 = CARTESIAN_POINT('',(-5.E-02,1.00270676797));
#1572 = CARTESIAN_POINT('',(-5.E-02,-3.606492594074E-04));
#1573 = ( GEOMETRIC_REPRESENTATION_CONTEXT(2) 
PARAMETRIC_REPRESENTATION_CONTEXT() REPRESENTATION_CONTEXT('2D SPACE',''
  ) );
#1574 = PCURVE('',#225,#1575);
#1575 = DEFINITIONAL_REPRESENTATION('',(#1576),#1602);
#1576 = B_SPLINE_CURVE_WITH_KNOTS('',3,(#1577,#1578,#1579,#1580,#1581,
    #1582,#1583,#1584,#1585,#1586,#1587,#1588,#1589,#1590,#1591,#1592,
    #1593,#1594,#1595,#1596,#1597,#1598,#1599,#1600,#1601),
  .UNSPECIFIED.,.F.,.F.,(4,1,1,1,1,1,1,1,1,1,1,1,1,1,1,1,1,1,1,1,1,1,4),
  (0.,4.545454545455E-02,9.090909090909E-02,0.136363636364,
    0.181818181818,0.227272727273,0.272727272727,0.318181818182,
    0.363636363636,0.409090909091,0.454545454545,0.5,0.545454545455,
    0.590909090909,0.636363636364,0.681818181818,0.727272727273,
    0.772727272727,0.818181818182,0.863636363636,0.909090909091,
    0.954545454545,1.),.QUASI_UNIFORM_KNOTS.);
#1577 = CARTESIAN_POINT('',(0.73246340364,1.000324862354));
#1578 = CARTESIAN_POINT('',(0.730157721022,1.000526453519));
#1579 = CARTESIAN_POINT('',(0.724951577191,1.000177577304));
#1580 = CARTESIAN_POINT('',(0.717376616415,0.999334384933));
#1581 = CARTESIAN_POINT('',(0.710034114262,0.998165771103));
#1582 = CARTESIAN_POINT('',(0.702927474447,0.996670359313));
#1583 = CARTESIAN_POINT('',(0.69606294697,0.994849118369));
#1584 = CARTESIAN_POINT('',(0.68944969648,0.992705464396));
#1585 = CARTESIAN_POINT('',(0.683099221636,0.990244847429));
#1586 = CARTESIAN_POINT('',(0.677024948359,0.987474476104));
#1587 = CARTESIAN_POINT('',(0.671241776495,0.984403005347));
#1588 = CARTESIAN_POINT('',(0.665765638962,0.981040233976));
#1589 = CARTESIAN_POINT('',(0.66061305755,0.977396799654));
#1590 = CARTESIAN_POINT('',(0.655800699616,0.973483874538));
#1591 = CARTESIAN_POINT('',(0.651344934556,0.969312860763));
#1592 = CARTESIAN_POINT('',(0.647261390266,0.964895085924));
#1593 = CARTESIAN_POINT('',(0.643564509868,0.960241498709));
#1594 = CARTESIAN_POINT('',(0.640267107402,0.955362363931));
#1595 = CARTESIAN_POINT('',(0.637379927365,0.950266959827));
#1596 = CARTESIAN_POINT('',(0.63491118992,0.944963266871));
#1597 = CARTESIAN_POINT('',(0.632866189571,0.939457688283));
#1598 = CARTESIAN_POINT('',(0.631246694286,0.933754652232));
#1599 = CARTESIAN_POINT('',(0.630051089391,0.927856655557));
#1600 = CARTESIAN_POINT('',(0.629531524402,0.923793991676));
#1601 = CARTESIAN_POINT('',(0.629806813028,0.921913305709));
#1602 = ( GEOMETRIC_REPRESENTATION_CONTEXT(2) 
PARAMETRIC_REPRESENTATION_CONTEXT() REPRESENTATION_CONTEXT('2D SPACE',''
  ) );
#1603 = ADVANCED_FACE('',(#1604),#433,.T.);
#1604 = FACE_BOUND('',#1605,.T.);
#1605 = EDGE_LOOP('',(#1606,#1637,#1638,#1639));
#1606 = ORIENTED_EDGE('',*,*,#1607,.T.);
#1607 = EDGE_CURVE('',#1608,#1472,#1610,.T.);
#1608 = VERTEX_POINT('',#1609);
#1609 = CARTESIAN_POINT('',(0.118239069587,0.17937407454,
    -1.620000042022E-02));
#1610 = SURFACE_CURVE('',#1611,(#1616,#1624),.PCURVE_S1.);
#1611 = B_SPLINE_CURVE_WITH_KNOTS('',3,(#1612,#1613,#1614,#1615),
  .UNSPECIFIED.,.F.,.F.,(4,4),(0.,1.),.PIECEWISE_BEZIER_KNOTS.);
#1612 = CARTESIAN_POINT('',(0.118262454207,0.17938311398,
    -1.620000042021E-02));
#1613 = CARTESIAN_POINT('',(0.332098883478,0.17938311398,
    -1.620000042021E-02));
#1614 = CARTESIAN_POINT('',(0.545935313313,0.17938311398,
    -1.620000042021E-02));
#1615 = CARTESIAN_POINT('',(0.759771742584,0.17938311398,
    -1.620000042022E-02));
#1616 = PCURVE('',#433,#1617);
#1617 = DEFINITIONAL_REPRESENTATION('',(#1618),#1623);
#1618 = B_SPLINE_CURVE_WITH_KNOTS('',3,(#1619,#1620,#1621,#1622),
  .UNSPECIFIED.,.F.,.F.,(4,4),(0.,1.),.PIECEWISE_BEZIER_KNOTS.);
#1619 = CARTESIAN_POINT('',(-2.236252942989E-05,4.12150548874E-03));
#1620 = CARTESIAN_POINT('',(0.333310970809,4.121505479305E-03));
#1621 = CARTESIAN_POINT('',(0.666689029178,4.121505469869E-03));
#1622 = CARTESIAN_POINT('',(1.000022362516,4.121505460434E-03));
#1623 = ( GEOMETRIC_REPRESENTATION_CONTEXT(2) 
PARAMETRIC_REPRESENTATION_CONTEXT() REPRESENTATION_CONTEXT('2D SPACE',''
  ) );
#1624 = PCURVE('',#225,#1625);
#1625 = DEFINITIONAL_REPRESENTATION('',(#1626),#1636);
#1626 = B_SPLINE_CURVE_WITH_KNOTS('',8,(#1627,#1628,#1629,#1630,#1631,
    #1632,#1633,#1634,#1635),.UNSPECIFIED.,.F.,.F.,(9,9),(0.,1.),
  .PIECEWISE_BEZIER_KNOTS.);
#1627 = CARTESIAN_POINT('',(0.630273493492,0.565701551838));
#1628 = CARTESIAN_POINT('',(0.630215128442,0.610250913298));
#1629 = CARTESIAN_POINT('',(0.630156287825,0.655163270112));
#1630 = CARTESIAN_POINT('',(0.630100248894,0.697937132411));
#1631 = CARTESIAN_POINT('',(0.630036722217,0.746426304095));
#1632 = CARTESIAN_POINT('',(0.629984959066,0.785936512913));
#1633 = CARTESIAN_POINT('',(0.629921567114,0.834322850835));
#1634 = CARTESIAN_POINT('',(0.629865178078,0.877363944208));
#1635 = CARTESIAN_POINT('',(0.629806813028,0.921913305709));
#1636 = ( GEOMETRIC_REPRESENTATION_CONTEXT(2) 
PARAMETRIC_REPRESENTATION_CONTEXT() REPRESENTATION_CONTEXT('2D SPACE',''
  ) );
#1637 = ORIENTED_EDGE('',*,*,#1471,.F.);
#1638 = ORIENTED_EDGE('',*,*,#407,.F.);
#1639 = ORIENTED_EDGE('',*,*,#1640,.T.);
#1640 = EDGE_CURVE('',#408,#1608,#1641,.T.);
#1641 = SURFACE_CURVE('',#1642,(#1647,#1713),.PCURVE_S1.);
#1642 = B_SPLINE_CURVE_WITH_KNOTS('',3,(#1643,#1644,#1645,#1646),
  .UNSPECIFIED.,.F.,.F.,(4,4),(0.,1.),.PIECEWISE_BEZIER_KNOTS.);
#1643 = CARTESIAN_POINT('',(0.118233762679,0.179383113977,
    1.565401103006E-02));
#1644 = CARTESIAN_POINT('',(0.118233762675,0.179383113971,
    5.218003686091E-03));
#1645 = CARTESIAN_POINT('',(0.118233762671,0.179383113965,
    -5.218003684287E-03));
#1646 = CARTESIAN_POINT('',(0.118233762667,0.179383113959,
    -1.565401102826E-02));
#1647 = PCURVE('',#433,#1648);
#1648 = DEFINITIONAL_REPRESENTATION('',(#1649),#1712);
#1649 = B_SPLINE_CURVE_WITH_KNOTS('',11,(#1650,#1651,#1652,#1653,#1654,
    #1655,#1656,#1657,#1658,#1659,#1660,#1661,#1662,#1663,#1664,#1665,
    #1666,#1667,#1668,#1669,#1670,#1671,#1672,#1673,#1674,#1675,#1676,
    #1677,#1678,#1679,#1680,#1681,#1682,#1683,#1684,#1685,#1686,#1687,
    #1688,#1689,#1690,#1691,#1692,#1693,#1694,#1695,#1696,#1697,#1698,
    #1699,#1700,#1701,#1702,#1703,#1704,#1705,#1706,#1707,#1708,#1709,
    #1710,#1711),.UNSPECIFIED.,.F.,.F.,(12,10,10,10,10,10,12),(0.,0.125,
    0.25,0.5,0.75,0.875,1.),.UNSPECIFIED.);
#1650 = CARTESIAN_POINT('',(-2.236250830478E-05,0.995878494533));
#1651 = CARTESIAN_POINT('',(-2.236250854072E-05,0.984801700078));
#1652 = CARTESIAN_POINT('',(-2.236250929005E-05,0.949623322133));
#1653 = CARTESIAN_POINT('',(-2.236251006163E-05,0.913399560847));
#1654 = CARTESIAN_POINT('',(-2.2362506886E-05,1.062486129738));
#1655 = CARTESIAN_POINT('',(-2.236251266482E-05,0.791187976338));
#1656 = CARTESIAN_POINT('',(-2.236250776511E-05,1.021214868291));
#1657 = CARTESIAN_POINT('',(-2.236251115154E-05,0.862231523252));
#1658 = CARTESIAN_POINT('',(-2.23625100595E-05,0.913500003229));
#1659 = CARTESIAN_POINT('',(-2.236251065911E-05,0.885350049798));
#1660 = CARTESIAN_POINT('',(-2.236251084563E-05,0.876593711959));
#1661 = CARTESIAN_POINT('',(-2.236251131699E-05,0.854464772957));
#1662 = CARTESIAN_POINT('',(-2.236251155277E-05,0.843395645691));
#1663 = CARTESIAN_POINT('',(-2.236251178863E-05,0.832322621714));
#1664 = CARTESIAN_POINT('',(-2.236251202456E-05,0.821246462079));
#1665 = CARTESIAN_POINT('',(-2.236251226054E-05,0.810167927839));
#1666 = CARTESIAN_POINT('',(-2.236251249656E-05,0.799087780048));
#1667 = CARTESIAN_POINT('',(-2.236251273258E-05,0.788006779758));
#1668 = CARTESIAN_POINT('',(-2.236251296862E-05,0.776925688024));
#1669 = CARTESIAN_POINT('',(-2.236251320464E-05,0.765845265897));
#1670 = CARTESIAN_POINT('',(-2.236251344063E-05,0.754766274431));
#1671 = CARTESIAN_POINT('',(-2.236251414846E-05,0.721535875178));
#1672 = CARTESIAN_POINT('',(-2.236251462035E-05,0.699382280095));
#1673 = CARTESIAN_POINT('',(-2.236251509223E-05,0.677228688685));
#1674 = CARTESIAN_POINT('',(-2.236251556412E-05,0.655075100203));
#1675 = CARTESIAN_POINT('',(-2.236251603601E-05,0.632921513898));
#1676 = CARTESIAN_POINT('',(-2.236251650789E-05,0.610767929027));
#1677 = CARTESIAN_POINT('',(-2.236251697978E-05,0.588614344841));
#1678 = CARTESIAN_POINT('',(-2.236251745167E-05,0.566460760596));
#1679 = CARTESIAN_POINT('',(-2.236251792355E-05,0.544307175542));
#1680 = CARTESIAN_POINT('',(-2.236251839544E-05,0.522153588934));
#1681 = CARTESIAN_POINT('',(-2.236251933921E-05,0.477846411116));
#1682 = CARTESIAN_POINT('',(-2.23625198111E-05,0.455692824508));
#1683 = CARTESIAN_POINT('',(-2.236252028299E-05,0.433539239454));
#1684 = CARTESIAN_POINT('',(-2.236252075486E-05,0.411385655208));
#1685 = CARTESIAN_POINT('',(-2.236252122676E-05,0.389232071023));
#1686 = CARTESIAN_POINT('',(-2.236252169863E-05,0.367078486151));
#1687 = CARTESIAN_POINT('',(-2.236252217054E-05,0.344924899847));
#1688 = CARTESIAN_POINT('',(-2.236252264241E-05,0.322771311364));
#1689 = CARTESIAN_POINT('',(-2.23625231143E-05,0.300617719954));
#1690 = CARTESIAN_POINT('',(-2.236252358619E-05,0.278464124872));
#1691 = CARTESIAN_POINT('',(-2.236252429402E-05,0.245233725618));
#1692 = CARTESIAN_POINT('',(-2.236252453001E-05,0.234154734153));
#1693 = CARTESIAN_POINT('',(-2.236252476603E-05,0.223074312026));
#1694 = CARTESIAN_POINT('',(-2.236252500206E-05,0.211993220291));
#1695 = CARTESIAN_POINT('',(-2.23625252381E-05,0.200912220001));
#1696 = CARTESIAN_POINT('',(-2.236252547411E-05,0.18983207221));
#1697 = CARTESIAN_POINT('',(-2.236252571009E-05,0.17875353797));
#1698 = CARTESIAN_POINT('',(-2.236252594602E-05,0.167677378335));
#1699 = CARTESIAN_POINT('',(-2.236252618188E-05,0.156604354358));
#1700 = CARTESIAN_POINT('',(-2.236252641766E-05,0.145535227093));
#1701 = CARTESIAN_POINT('',(-2.236252688902E-05,0.123406288091));
#1702 = CARTESIAN_POINT('',(-2.236252707554E-05,0.114649950269));
#1703 = CARTESIAN_POINT('',(-2.236252767516E-05,8.649999671556E-02));
#1704 = CARTESIAN_POINT('',(-2.236252658309E-05,0.137768477115));
#1705 = CARTESIAN_POINT('',(-2.236252996956E-05,-2.121486883288E-02));
#1706 = CARTESIAN_POINT('',(-2.236252506981E-05,0.208812024387));
#1707 = CARTESIAN_POINT('',(-2.236253084866E-05,-6.2486130057E-02));
#1708 = CARTESIAN_POINT('',(-2.236252767301E-05,8.660043913141E-02));
#1709 = CARTESIAN_POINT('',(-2.23625284446E-05,5.037667810455E-02));
#1710 = CARTESIAN_POINT('',(-2.236252919392E-05,1.519829994351E-02));
#1711 = CARTESIAN_POINT('',(-2.236252942987E-05,4.12150548874E-03));
#1712 = ( GEOMETRIC_REPRESENTATION_CONTEXT(2) 
PARAMETRIC_REPRESENTATION_CONTEXT() REPRESENTATION_CONTEXT('2D SPACE',''
  ) );
#1713 = PCURVE('',#494,#1714);
#1714 = DEFINITIONAL_REPRESENTATION('',(#1715),#1778);
#1715 = B_SPLINE_CURVE_WITH_KNOTS('',11,(#1716,#1717,#1718,#1719,#1720,
    #1721,#1722,#1723,#1724,#1725,#1726,#1727,#1728,#1729,#1730,#1731,
    #1732,#1733,#1734,#1735,#1736,#1737,#1738,#1739,#1740,#1741,#1742,
    #1743,#1744,#1745,#1746,#1747,#1748,#1749,#1750,#1751,#1752,#1753,
    #1754,#1755,#1756,#1757,#1758,#1759,#1760,#1761,#1762,#1763,#1764,
    #1765,#1766,#1767,#1768,#1769,#1770,#1771,#1772,#1773,#1774,#1775,
    #1776,#1777),.UNSPECIFIED.,.F.,.F.,(12,10,10,10,10,10,12),(0.,0.125,
    0.25,0.5,0.75,0.875,1.),.UNSPECIFIED.);
#1716 = CARTESIAN_POINT('',(1.008719640465,8.876825793271E-06));
#1717 = CARTESIAN_POINT('',(0.997356004103,8.876825458683E-06));
#1718 = CARTESIAN_POINT('',(0.961266655146,8.876824396079E-06));
#1719 = CARTESIAN_POINT('',(0.924104852973,8.876823301898E-06));
#1720 = CARTESIAN_POINT('',(1.077052131182,8.876827805232E-06));
#1721 = CARTESIAN_POINT('',(0.798728506019,8.876819610355E-06));
#1722 = CARTESIAN_POINT('',(1.034712119938,8.876826558584E-06));
#1723 = CARTESIAN_POINT('',(0.871611779744,8.876821756308E-06));
#1724 = CARTESIAN_POINT('',(0.924207896468,8.876823304931E-06));
#1725 = CARTESIAN_POINT('',(0.895328978579,8.87682245463E-06));
#1726 = CARTESIAN_POINT('',(0.886345888839,8.876822190134E-06));
#1727 = CARTESIAN_POINT('',(0.863643904351,8.876821521703E-06));
#1728 = CARTESIAN_POINT('',(0.852288133726,8.876821187348E-06));
#1729 = CARTESIAN_POINT('',(0.840928365482,8.876820852872E-06));
#1730 = CARTESIAN_POINT('',(0.829565380379,8.876820518308E-06));
#1731 = CARTESIAN_POINT('',(0.818199959179,8.876820183661E-06));
#1732 = CARTESIAN_POINT('',(0.806832882644,8.87681984898E-06));
#1733 = CARTESIAN_POINT('',(0.795464931533,8.876819514258E-06));
#1734 = CARTESIAN_POINT('',(0.78409688661,8.876819179546E-06));
#1735 = CARTESIAN_POINT('',(0.772729528635,8.876818844846E-06));
#1736 = CARTESIAN_POINT('',(0.761363638369,8.876818510193E-06));
#1737 = CARTESIAN_POINT('',(0.727272712983,8.87681750643E-06));
#1738 = CARTESIAN_POINT('',(0.704545433927,8.876816837254E-06));
#1739 = CARTESIAN_POINT('',(0.681818158639,8.876816168079E-06));
#1740 = CARTESIAN_POINT('',(0.659090886353,8.876815498904E-06));
#1741 = CARTESIAN_POINT('',(0.636363616302,8.876814829729E-06));
#1742 = CARTESIAN_POINT('',(0.613636347722,8.876814160552E-06));
#1743 = CARTESIAN_POINT('',(0.590909079845,8.87681349138E-06));
#1744 = CARTESIAN_POINT('',(0.568181811906,8.876812822203E-06));
#1745 = CARTESIAN_POINT('',(0.545454543138,8.876812153029E-06));
#1746 = CARTESIAN_POINT('',(0.522727272776,8.876811483853E-06));
#1747 = CARTESIAN_POINT('',(0.47727272733,8.876810145503E-06));
#1748 = CARTESIAN_POINT('',(0.454545456968,8.876809476328E-06));
#1749 = CARTESIAN_POINT('',(0.4318181882,8.876808807153E-06));
#1750 = CARTESIAN_POINT('',(0.409090920261,8.876808137977E-06));
#1751 = CARTESIAN_POINT('',(0.386363652384,8.876807468804E-06));
#1752 = CARTESIAN_POINT('',(0.363636383804,8.876806799626E-06));
#1753 = CARTESIAN_POINT('',(0.340909113754,8.876806130454E-06));
#1754 = CARTESIAN_POINT('',(0.318181841468,8.876805461276E-06));
#1755 = CARTESIAN_POINT('',(0.295454566179,8.876804792102E-06));
#1756 = CARTESIAN_POINT('',(0.272727287123,8.876804122926E-06));
#1757 = CARTESIAN_POINT('',(0.238636361737,8.876803119163E-06));
#1758 = CARTESIAN_POINT('',(0.227270471471,8.876802784509E-06));
#1759 = CARTESIAN_POINT('',(0.215903113496,8.876802449814E-06));
#1760 = CARTESIAN_POINT('',(0.204535068573,8.876802115091E-06));
#1761 = CARTESIAN_POINT('',(0.193167117463,8.876801780385E-06));
#1762 = CARTESIAN_POINT('',(0.181800040927,8.876801445686E-06));
#1763 = CARTESIAN_POINT('',(0.170434619727,8.876801111055E-06));
#1764 = CARTESIAN_POINT('',(0.159071634625,8.87680077648E-06));
#1765 = CARTESIAN_POINT('',(0.14771186638,8.87680044201E-06));
#1766 = CARTESIAN_POINT('',(0.136356095755,8.876800107653E-06));
#1767 = CARTESIAN_POINT('',(0.113654111267,8.876799439222E-06));
#1768 = CARTESIAN_POINT('',(0.104671021521,8.876799174726E-06));
#1769 = CARTESIAN_POINT('',(7.579210367183E-02,8.876798324426E-06));
#1770 = CARTESIAN_POINT('',(0.128388220261,8.876799873047E-06));
#1771 = CARTESIAN_POINT('',(-3.47121196445E-02,8.876795070773E-06));
#1772 = CARTESIAN_POINT('',(0.201271493874,8.876802019001E-06));
#1773 = CARTESIAN_POINT('',(-7.705213095833E-02,8.876793824125E-06));
#1774 = CARTESIAN_POINT('',(7.589514715574E-02,8.876798327457E-06));
#1775 = CARTESIAN_POINT('',(3.873334490118E-02,8.876797233277E-06));
#1776 = CARTESIAN_POINT('',(2.643996011848E-03,8.876796170673E-06));
#1777 = CARTESIAN_POINT('',(-8.719640350125E-03,8.876795836085E-06));
#1778 = ( GEOMETRIC_REPRESENTATION_CONTEXT(2) 
PARAMETRIC_REPRESENTATION_CONTEXT() REPRESENTATION_CONTEXT('2D SPACE',''
  ) );
#1779 = ADVANCED_FACE('',(#1780),#494,.T.);
#1780 = FACE_BOUND('',#1781,.T.);
#1781 = EDGE_LOOP('',(#1782,#1783,#1784,#1816));
#1782 = ORIENTED_EDGE('',*,*,#458,.F.);
#1783 = ORIENTED_EDGE('',*,*,#1194,.F.);
#1784 = ORIENTED_EDGE('',*,*,#1785,.T.);
#1785 = EDGE_CURVE('',#1195,#1608,#1786,.T.);
#1786 = SURFACE_CURVE('',#1787,(#1792,#1800),.PCURVE_S1.);
#1787 = B_SPLINE_CURVE_WITH_KNOTS('',3,(#1788,#1789,#1790,#1791),
  .UNSPECIFIED.,.F.,.F.,(4,4),(0.,1.),.PIECEWISE_BEZIER_KNOTS.);
#1788 = CARTESIAN_POINT('',(-0.390865036706,-0.329715683775,
    -1.620000042022E-02));
#1789 = CARTESIAN_POINT('',(-0.221171462964,-0.160022110969,
    -1.620000042021E-02));
#1790 = CARTESIAN_POINT('',(-5.147788877741E-02,9.671462286703E-03,
    -1.620000042021E-02));
#1791 = CARTESIAN_POINT('',(0.11821568496,0.179365035097,
    -1.620000042021E-02));
#1792 = PCURVE('',#494,#1793);
#1793 = DEFINITIONAL_REPRESENTATION('',(#1794),#1799);
#1794 = B_SPLINE_CURVE_WITH_KNOTS('',3,(#1795,#1796,#1797,#1798),
  .UNSPECIFIED.,.F.,.F.,(4,4),(0.,1.),.PIECEWISE_BEZIER_KNOTS.);
#1795 = CARTESIAN_POINT('',(-8.719640416945E-03,0.999991123183));
#1796 = CARTESIAN_POINT('',(-8.719640394672E-03,0.666675544294));
#1797 = CARTESIAN_POINT('',(-8.719640372397E-03,0.333324455684));
#1798 = CARTESIAN_POINT('',(-8.719640350125E-03,8.876795835999E-06));
#1799 = ( GEOMETRIC_REPRESENTATION_CONTEXT(2) 
PARAMETRIC_REPRESENTATION_CONTEXT() REPRESENTATION_CONTEXT('2D SPACE',''
  ) );
#1800 = PCURVE('',#225,#1801);
#1801 = DEFINITIONAL_REPRESENTATION('',(#1802),#1815);
#1802 = B_SPLINE_CURVE_WITH_KNOTS('',11,(#1803,#1804,#1805,#1806,#1807,
    #1808,#1809,#1810,#1811,#1812,#1813,#1814),.UNSPECIFIED.,.F.,.F.,(12
    ,12),(0.,1.),.PIECEWISE_BEZIER_KNOTS.);
#1803 = CARTESIAN_POINT('',(0.260476904876,0.28284711218));
#1804 = CARTESIAN_POINT('',(0.294089943142,0.308556006131));
#1805 = CARTESIAN_POINT('',(0.328279211078,0.334705628686));
#1806 = CARTESIAN_POINT('',(0.359674688501,0.358718423757));
#1807 = CARTESIAN_POINT('',(0.398047928034,0.388068152213));
#1808 = CARTESIAN_POINT('',(0.424824220262,0.40854796876));
#1809 = CARTESIAN_POINT('',(0.465357387978,0.439549715821));
#1810 = CARTESIAN_POINT('',(0.493995820772,0.461453788454));
#1811 = CARTESIAN_POINT('',(0.530083205949,0.489055183815));
#1812 = CARTESIAN_POINT('',(0.562910518788,0.51416311657));
#1813 = CARTESIAN_POINT('',(0.596647325798,0.539966674902));
#1814 = CARTESIAN_POINT('',(0.630260364057,0.565675568847));
#1815 = ( GEOMETRIC_REPRESENTATION_CONTEXT(2) 
PARAMETRIC_REPRESENTATION_CONTEXT() REPRESENTATION_CONTEXT('2D SPACE',''
  ) );
#1816 = ORIENTED_EDGE('',*,*,#1640,.F.);
#1817 = ADVANCED_FACE('',(#1818),#225,.T.);
#1818 = FACE_BOUND('',#1819,.T.);
#1819 = EDGE_LOOP('',(#1820,#1821,#1822,#1823,#1824,#1825,#1826,#1827,
    #1828,#1829));
#1820 = ORIENTED_EDGE('',*,*,#209,.F.);
#1821 = ORIENTED_EDGE('',*,*,#655,.F.);
#1822 = ORIENTED_EDGE('',*,*,#1356,.F.);
#1823 = ORIENTED_EDGE('',*,*,#1559,.T.);
#1824 = ORIENTED_EDGE('',*,*,#1607,.F.);
#1825 = ORIENTED_EDGE('',*,*,#1785,.F.);
#1826 = ORIENTED_EDGE('',*,*,#1316,.F.);
#1827 = ORIENTED_EDGE('',*,*,#1145,.T.);
#1828 = ORIENTED_EDGE('',*,*,#977,.F.);
#1829 = ORIENTED_EDGE('',*,*,#819,.F.);
#1830 = ( GEOMETRIC_REPRESENTATION_CONTEXT(3) 
GLOBAL_UNCERTAINTY_ASSIGNED_CONTEXT((#1834)) 
GLOBAL_UNIT_ASSIGNED_CONTEXT((#1831,#1832,#1833)) REPRESENTATION_CONTEXT
('Context #1','3D Context with UNIT and UNCERTAINTY') );
#1831 = ( LENGTH_UNIT() NAMED_UNIT(*) SI_UNIT(.MILLI.,.METRE.) );
#1832 = ( NAMED_UNIT(*) PLANE_ANGLE_UNIT() SI_UNIT($,.RADIAN.) );
#1833 = ( NAMED_UNIT(*) SI_UNIT($,.STERADIAN.) SOLID_ANGLE_UNIT() );
#1834 = UNCERTAINTY_MEASURE_WITH_UNIT(LENGTH_MEASURE(1.E-02),#1831,
  'distance_accuracy_value','confusion accuracy');
#1835 = PRODUCT_RELATED_PRODUCT_CATEGORY('detail',$,(#7));
#1836 = PRODUCT_CATEGORY_RELATIONSHIP('','',#1837,#1835);
#1837 = PRODUCT_CATEGORY('part',$);
#1838 = CC_DESIGN_PERSON_AND_ORGANIZATION_ASSIGNMENT(#1839,#1842,(#6,#5)
  );
#1839 = PERSON_AND_ORGANIZATION(#1840,#1841);
#1840 = PERSON('IP172.17.0,root','','root',$,$,$);
#1841 = ORGANIZATION('IP172.17.0','Unspecified','');
#1842 = PERSON_AND_ORGANIZATION_ROLE('creator');
#1843 = CC_DESIGN_PERSON_AND_ORGANIZATION_ASSIGNMENT(#1839,#1844,(#7));
#1844 = PERSON_AND_ORGANIZATION_ROLE('design_owner');
#1845 = CC_DESIGN_PERSON_AND_ORGANIZATION_ASSIGNMENT(#1839,#1846,(#6));
#1846 = PERSON_AND_ORGANIZATION_ROLE('design_supplier');
#1847 = CC_DESIGN_PERSON_AND_ORGANIZATION_ASSIGNMENT(#1839,#1848,(#1849)
  );
#1848 = PERSON_AND_ORGANIZATION_ROLE('classification_officer');
#1849 = SECURITY_CLASSIFICATION('','',#1850);
#1850 = SECURITY_CLASSIFICATION_LEVEL('unclassified');
#1851 = CC_DESIGN_SECURITY_CLASSIFICATION(#1849,(#6));
#1852 = CC_DESIGN_DATE_AND_TIME_ASSIGNMENT(#1853,#1857,(#5));
#1853 = DATE_AND_TIME(#1854,#1855);
#1854 = CALENDAR_DATE(2024,1,10);
#1855 = LOCAL_TIME(20,10,$,#1856);
#1856 = COORDINATED_UNIVERSAL_TIME_OFFSET(8,$,.AHEAD.);
#1857 = DATE_TIME_ROLE('creation_date');
#1858 = CC_DESIGN_DATE_AND_TIME_ASSIGNMENT(#1853,#1859,(#1849));
#1859 = DATE_TIME_ROLE('classification_date');
#1860 = CC_DESIGN_APPROVAL(#1861,(#6,#5,#1849));
#1861 = APPROVAL(#1862,'');
#1862 = APPROVAL_STATUS('not_yet_approved');
#1863 = APPROVAL_PERSON_ORGANIZATION(#1839,#1861,#1864);
#1864 = APPROVAL_ROLE('approver');
#1865 = APPROVAL_DATE_TIME(#1853,#1861);
ENDSEC;
END-ISO-10303-21;
