00000093
00001907
00002718
00003877
00005247
00005879
00007186
00007648
00009051
00009547
00010085
00010397
00011050
00014932
00014960
00015588
00016271
00016424
00016984
00017160
00017346
00017462
00019335
00020602
00021067
00021104
00021937
00021992
00022201
00022793
00024399
00025814
00026379
00026943
00027537
00030648
00031302
00032357
00033093
00033625
00034102
00035085
00035212
00035952
00037128
00037399
00037994
00038614
00039769
00041772
00042483
00042564
00042594
00043054
00043885
00044486
00044738
00045135
00045203
00046003
00047054
00047522
00048658
00050446
00051852
00052336
00053073
00053704
00055496
00055575
00058541
00059014
00059898
00060309
00062927
00064780
00065079
00065744
00066692
00066795
00067190
00067927
00068130
00068415
00069306
00070266
00071931
00073228
00074812
00075616
00077546
00077902
00078112
00080752
00080891
00082080
00082689
00083216
00083431
00084665
00086004
00086425
00088279
00089194
00090799
00091649
00092294
00092559
00094071
00094544
00095759
00096891
00097388
00101191
00101718
00102046
00103318
00104072
00106052
00106787
00106978
00107228
00107660
00109869
00110304
00110475
00113091
00114657
00115681
00117213
00117915
00120829
00122037
00122741
00123603
00125206
00125735
00125988
00126894
00129391
00130562
00130864
00131013
00131609
00132202
00132730
00135330
00135700
00136926
00137196
00137527
00138168
00139443
00140706
00141708
00142270
00142939
00144212
00144677
00145748
00146912
00147310
00147871
00147982
00150524
00152373
00152464
00152696
00153634
00154238
00155026
00157099
00159892
00160476
00160787
00160940
00161286
00161544
00161733
00162227
00162320
00163989
00165264
00168212
00168422
00168843
00170653
00170995
00173619
00174149
00176495
00177495
00179685
00180090
00181099
00182133
00183608
00183931
00184075
00184906
00185431
00186954
00188449
00189235
00191179
00191638
00192061
00192442
00193895
00195147
00195595
00199116
00199274
00199906
00200260
00200380
00201504
00202163
00204424
00204926
00205323
00205894
00206160
00207052
00207354
00208275
00209228
00210133
00211514
00211797
00212275
00212725
00214920
00216367
00217119
00218122
00218412
00218731
00218887
00219081
00219388
00219891
00219954
00220767
00220926
00221688
00222307
00222985
00223640
00223808
00224142
00224431
00225143
00226622
00228229
00228542
00229197
00230494
00230879
00231710
00231948
00232040
00232897
00232902
00233034
00234195
00234412
00234584
00234977
00235525
00235955
00236422
00236865
00238109
00238233
00238384
00238922
00239569
00239945
00240195
00240380
00241271
00241570
00242361
00242465
00242879
00243852
00244336
00245479
00246036
00246846
00248669
00249707
00250107
00251807
00252176
00256362
00256560
00256712
00256824
00257739
00257817
00260361
00260991
00262126
00262661
00263565
00264611
00265607
00266412
00267657
00267701
00268230
00268284
00269476
00269918
00270497
00270766
00271117
00271352
00271410
00272362
00272574
00272643
00272806
00272919
00273246
00273866
00274483
00274625
00275019
00275587
00277356
00277921
00278283
00279098
00280150
00280175
00280470
00280782
00281805
00282048
00282154
00282254
00282768
00283762
00284002
00284476
00285070
00285203
00285385
00286033
00287456
00287841
00289780
00291081
00291571
00292113
00292992
00293490
00293717
00294125
00294696
00295085
00296055
00296830
00296928
00297204
00297893
00299397
00299705
00300613
00301325
00301435
00301568
00303021
00303363
00303875
00304236
00305674
00305795
00306206
00306373
00306504
00306910
00307173
00307330
00307787
00307895
00308173
00308263
00308332
00308437
00309284
00309537
00309965
00311417
00312716
00313402
00313536
00313607
00313946
00314041
00314630
00315386
00315857
00317533
00317683
00317942
00318785
00319479
00319773
00319953
00321088
00321198
00321555
00321574
00322315
00322807
00322840
00323267
00323955
00324482
00324981
00326127
00327724
00327812
00328554
00328737
00329909
00330209
00331543
00332418
00332908
00333069
00333503
00335067
00335622
00335970
00336287
00336446
00338132
00339481
00339603
00340789
00342946
00343366
00345970
00346830
00347615
00348381
00349143
00349946
00351288
00351406
00351852
00352272
00352587
00353694
00354125
00354257
00356436
00356644
00356815
00357129
00357185
00358741
00359094
00359105
00359129
00359148
00359414
00359456
00360103
00360415
00361037
00361371
00361848
00363974
00365223
00366331
00366820
00367053
00367823
00368641
00369072
00369178
00369812
00370730
00372281
00373165
00374201
00374663
00374892
00375328
00375802
00377676
00379117
00379437
00380071
00381705
00382400
00384131
00384541
00385241
00386227
00386883
00388715
00389761
00389801
00391239
00392761
00394372
00395475
00396694
00401580
00402853
00403280
00404317
00404483
00406716
00408096
00410674
00411666
00411901
00412279
00413192
00414055
00416460
00417142
00417177
00418756
00418846
00419048
00419816
00420302
00420707
00421814
00421872
00421915
00422202
00422318
00422364
00423325
00424673
00425003
00425515
00426105
00426927
00427124
00428008
00428859
00432451
00433717
00433838
00435058
00435895
00437159
00438737
00439331
00439642
00440070
00440989
00442761
00443652
00445021
00446595
00447233
00450000
00451742
00453108
00455421
00456288
00456894
00457738
00459112
00459368
00460112
00460356
00461022
00461349
00461540
00463031
00464159
00465216
00465388
00465885
00466732
00467407
00468466
00469532
00470963
00471159
00471383
00472622
00473372
00474374
00474740
00475715
00476513
00477268
00477464
00477826
00478429
00478981
00479434
00479545
00480145
00480996
00481497
00482647
00483107
00483908
00485151
00486618
00486789
00488382
00488419
00488661
00489349
00489368
00490258
00492810
00493335
00493653
00493674
00493689
00493971
00494523
00494789
00495388
00496358
00496840
00496893
00499288
00499421
00500124
00500313
00500836
00501701
00501998
00502640
00503196
00503688
00503966
00504119
00505953
00506850
00507173
00507636
00508268
00508461
00509188
00509723
00510611
00510943
00511349
00514556
00514734
00515294
00516834
00516995
00517338
00518528
00518536
00518802
00518919
00519284
00519533
00520170
00520669
00522138
00523885
00524702
00525366
00525823
00526577
00527292
00527536
00527726
00529140
00529213
00529876
00530019
00530301
00530374
00530411
00530481
00531770
00533417
00533990
00534148
00534428
00535082
00536205
00536778
00537417
00537503
00537718
00538912
00540161
00540224
00540684
00540804
00540858
00541592
00541860
00542394
00544376
00544685
00545772
00546589
00547057
00548213
00549421
00550748
00551214
00551355
00552134
00553273
00553493
00554754
00554958
00556193
00557934
00559974
00560503
00561326
00561733
00562665
00564141
00564810
00565434
00567279
00568111
00568333
00568719
00570635
00571237
00571486
00572252
00572504
00573467
00573970
00576154
00576649
00577370
00578255
00579385
00579936
00580046
00583114
00583958
00585252
00588478
00590175
00591066
00591900
00593559
00595823
00596090
00599746
00600126
00600285
00600985
00601816
00603006
00604040
00604592
00605266
00605943
00605980
00606540
00606794
00607367
00607508
00607573
00608556
00609396
00609531
00610524
00611653
00613112
00613340
00613986
00614012
00615912
00616792
00616983
00617277
00619236
00620185
00620646
00622794
00623609
00624861
00625914
00626666
00627745
00627909
00629874
00631214
00631282
00631564
00632242
00632741
00634251
00634917
00635610
00636045
00636638
00637362
00637495
00638901
00639885
00640597
00641212
00642035
00642249
00642783
00646280
00646926
00648086
00649358
00650560
00652493
00653023
00653311
00654648
00655499
00656351
00656915
00657465
00658242
00658428
00659133
00660215
00660633
00661391
00663106
00663723
00664516
00666695
00668949
00669451
00670178
00670479
00673343
00673775
00673869
00675295
00676653
00679079
00681161
00681869
00682055
00682122
00682548
00683079
00684025
00684934
00685289
00685581
00685890
00686400
00687083
00688915
00690340
00691500
00692311
00693453
00694828
00695311
00696149
00696611
00696927
00697434
00698399
00698893
00699297
00700697
00701158
00702066
00702497
00702563
00702856
00703073
00703158
00703263
00703900
00705082
00705263
00705837
00707343
00708740
00709299
00709506
00710168
00711346
00711822
00712594
00713331
00714501
00714815
00716072
00717136
00718514
00721170
00721185
00721652
00722756
00723326
00723439
00725203
00728512
00730444
00731104
00731609
00732461
00734376
00735677
00735803
00735988
00736217
00736882
00737781
00738816
00738853
00739173
00739344
00739986
00740904
00741254
00741471
00741878
00742341
00742348
00742557
00742989
00743860
00744749
00745875
00746505
00746961
00747180
00748278
00748724
00748926
00748963
00749788
00750403
00752500
00755610
00755989
00756641
00757576
00758942
00759403
00761396
00762327
00763292
00763620
00764264
00764500
00766613
00767978
00768461
00770520
00771844
00772578
00773122
00774679
00775469
00776846
00777261
00778108
00778197
00779074
00779330
00779529
00780369
00781916
00782384
00783492
00783559
00784713
00785757
00786455
00787088
00787469
00787608
00787967
00788449
00788789
00789978
00790702
00791223
00791533
00791781
00792465
00792996
00794467
00795772
00797376
00797837
00797906
00798773
00800467
00800809
00800972
00801112
00801203
00803474
00805070
00806948
00809229
00809579
00810270
00811277
00812454
00814033
00814267
00814792
00815309
00815836
00817047
00818947
00819437
00819758
00821433
00821604
00823786
00824556
00825201
00826132
00826343
00827283
00828031
00829167
00831489
00832249
00833602
00834544
00834621
00835728
00836091
00836263
00836896
00837823
00838581
00839921
00840095
00841267
00841954
00843396
00843777
00844913
00845253
00846213
00847353
00851255
00851739
00852119
00852892
00854213
00855634
00856678
00856985
00859256
00860637
00860878
00861118
00861494
00861690
00863328
00864179
00865782
00866303
00867068
00867509
00868604
00869139
00872412
00873599
00874506
00874710
00875306
00877074
00877648
00878083
00879286
00879921
00880014
00880626
00881087
00881494
00882328
00882872
00883529
00885238
00887699
00890523
00891411
00893476
00893660
00894530
00894572
00895983
00896572
00896733
00897262
00898650
00899793
00903530
00904465
00905700
00906133
00907431
00907926
00909584
00910961
00911570
00913098
00913466
00915521
00916970
00917482
00918874
00919659
00920837
00921632
00922182
00922321
00924921
00925104
00927597
00928617
00929069
00930298
00931905
00933065
00933822
00934357
00935125
00936303
00936617
00938299
00938326
00939345
00940597
00941213
00942107
00943295
00944385
00944598
00946208
00946617
00948062
00951500
00951972
00953994
00954340
00954749
00955166
00956176
00956792
00957517
00959397
00960070
00960368
00962067
00962888
00963405
00964767
00966330
00967732
00968251
00968464
00969037
00970070
00971439
00972239
00973543
00974811
00975325
00976340
00976541
00976949
00977060
00978195
00978724
00979943
00980946
00981373
00981706
00981891
00983512
00983684
00985118
00985779
00986512
00987887
00988566
00990394
00990978
00991101
00992460
00993185
00995116
00995430
00997324
00999478
00000061
00000168
00000346
00000356
00000418
00000633
00000711
00000714
00000842
00000849
00000960
00001005
00001010
00001020
00001164
00001211
00001348
00001400
00001403
00001410
00001503
00001537
00001541
00001614
00001749
00001817
00001877
00001965
00001971
00001995
00002090
00002096
00002240
00002290
00002316
00002347
00002407
00002507
00002530
00002633
00002682
00002719
00002840
00002855
00002958
00002975
00003143
00003173
00003210
00003280
00003337
00003419
00003519
00003593
00003676
00003710
00003805
00003813
00003847
00003867
00003954
00004043
00004064
00004118
00004252
00004267
00004296
00004320
00004334
00004383
00004423
00004529
00004640
00004677
00004700
00004929
00004965
00005041
00005044
00005062
00005087
00005110
00005143
00005312
00005316
00005318
00005338
00005414
00005421
00005463
00005497
00005560
00005568
00005597
00005670
00005690
00005826
00005894
00005904
00005921
00006007
00006137
00006302
00006447
00006463
00006467
00006471
00006519
00006546
00006577
00006625
00006642
00006674
00006677
00006817
00006875
00006889
00007026
00007093
00007140
00007185
00007189
00007191
00007202
00007254
00007280
00007314
00007454
00007532
00007540
00007652
00007687
00007808
00007810
00007848
00007883
00007987
00008065
00008132
00008168
00008277
00008299
00008378
00008391
00008398
00008427
00008572
00008629
00008905
00008929
00008950
00009000
00009017
00009038
00009103
00009186
00009249
00009255
00009308
00009378
00009526
00009549
00009554
00009635
00009722
00009801
00009843
00009865
00009886
00009934
00009958
00009993
00010086
00010158
00010185
00010244
00010265
00010398
00010402
00010443
00010471
00010473
00010521
00010581
00010603
00010616
00010625
00010661
00010680
00010700
00010719
00010804
00010893
00011006
00011048
00011365
00011414
00011434
00011524
00011534
00011554
00011573
00011621
00012025
00012035
00012047
00012081
00012168
00012182
00012221
00012223
00012232
00012238
00012301
00012425
00012504
00012639
00012645
00012735
00012936
00012939
00012995
00013012
00013158
00013175
00013303
00013307
00013432
00013476
00013561
00013630
00013766
00013916
00013995
00014015
00014067
00014160
00014187
00014200
00014205
00014331
00014420
00014496
00014524
00014604
00014754
00014759
00014903
00014917
00014919
00014925
00014943
00014946
00014981
00015055
00015162
00015191
00015230
00015257
00015266
00015270
00015286
00015288
00015378
00015439
00015456
00015536
00015584
00015599
00015610
00015640
00015642
00015645
00015667
00015705
00015725
00015731
00015762
00015778
00015863
00015908
00015926
00015987
00016073
00016111
00016199
00016226
00016230
00016298
00016422
00016425
00016447
00016450
00016623
00016629
00016654
00016711
00016771
00016783
00016875
00016895
00016916
00016944
00016946
00016981
00016988
00017010
00017020
00017023
00017045
00017062
00017064
00017068
00017075
00017077
00017079
00017082
00017084
00017088
00017090
00017093
00017095
00017098
00017106
00017114
00017117
00017121
00017126
00017130
00017132
00017138
00017142
00017144
00017149
00017151
00017154
00017159
00017166
00017171
00017174
00017183
00017267
00017270
00017272
00017275
00017282
00017293
00017295
00017299
00017305
00017310
00017318
00017320
00017330
00017339
00017360
00017366
00017368
00017371
00017374
00017384
00017390
00017407
00017451
00017455
00017459
00017461
00017464
00017467
00017471
00017556
00017562
00017648
00017734
00017803
00017832
00017872
00018185
00018211
00018242
00018265
00018360
00018438
00018456
00018476
00019560
00019678
00019719
00019731
00019741
00019743
00019754
00019784
00019851
00019901
00019924
00020085
00020346
00020351
00020357
00020360
00020366
00020379
00020386
00020413
00020424
00020459
00020470
00020597
00020739
00020800
00020819
00020864
00020886
00020915
00020929
00020939
00020966
00020987
00021009
00021018
00021030
00021034
00021040
00021050
00021055
00021068
00021078
00021098
00021107
00021156
00021189
00021281
00021290
00021305
00021352
00021468
00021518
00021523
00021526
00021536
00021564
00021630
00021654
00021661
00021713
00021762
00021813
00021831
00021842
00021896
00021905
00021910
00021921
00021939
00021953
00021957
00021964
00021967
00021970
00022000
00022009
00022040
00022051
00022066
00022073
00022078
00022084
00022088
00022092
00022098
00022102
00022151
00022158
00022162
00022164
00022170
00022176
00022190
00022231
00022244
00022278
00022305
00022324
00022334
00022370
00022462
00022515
00022542
00022544
00022559
00022608
00022620
00022626
00022634
00022637
00022641
00022644
00022664
00022689
00022715
00022780
00022789
00022798
00022821
00022825
00022831
00022834
00022839
00022843
00022850
00022854
00022868
00022878
00022885
00022904
00023019
00023049
00023375
00023405
00023507
00023579
00023774
00023781
00023798
00023985
00024024
00024145
00024184
00024250
00024326
00024379
00024441
00024529
00024549
00024634
00024654
00024680
00024695
00024751
00024780
00024827
00024858
00024890
00024957
00024999
00025001
00025003
00025016
00025076
00025122
00025189
00025193
00025199
00025263
00025266
00025294
00025360
00025388
00025443
00025471
00025550
00025577
00025598
00025698
00025805
00025812
00025820
00025912
00025918
00025920
00025931
00025934
00025936
00026029
00026057
00026131
00026135
00026147
00026261
00026322
00026332
00026378
00026399
00026444
00026479
00026531
00026574
00026583
00026616
00026620
00026630
00026635
00026641
00026643
00026647
00026658
00026674
00026683
00026703
00026711
00026733
00026769
00026772
00026774
00026778
00026790
00026796
00026800
00026808
00026814
00026819
00026825
00026838
00026840
00026845
00026848
00026858
00026909
00026912
00026914
00026983
00026994
00026998
00027000
00027004
00027056
00027114
00027155
00027217
00027236
00027240
00027242
00027370
00027420
00027427
00027437
00027451
00027484
00027506
00027635
00027671
00027729
00027805
00027863
00027926
00027929
00027994
00028111
00028124
00028163
00028215
00028266
00028284
00028287
00028399
00028660
00028770
00028813
00028893
00028919
00028923
00028961
00029039
00029056
00029089
00029128
00029146
00029149
00029173
00029246
00029287
00029403
00029419
00029536
00029540
00029550
00029561
00029596
00029608
00029698
00029712
00029715
00029731
00029766
00029788
00029813
00029839
00029849
00029926
00029933
00029952
00029972
00030060
00030092
00030108
00030160
00030230
00030350
00030354
00030406
00030523
00030526
00030538
00030579
00030637
00030656
00030839
00030893
00030923
00030933
00030940
00030953
00030956
00030969
00030973
00030982
00030987
00031042
00031089
00031126
00031136
00031142
00031168
00031173
00031181
00031238
00031259
00031296
00031298
00031301
00031336
00031355
00031427
00031437
00031503
00031632
00031660
00031697
00031988
00032034
00032038
00032047
00032059
00032094
00032135
00032151
00032251
00032263
00032274
00032383
00032456
00032460
00032601
00032609
00032653
00032761
00032843
00032923
00032958
00032962
00032965
00032967
00032980
00033025
00033094
00033096
00033161
00033165
00033170
00033209
00033224
00033257
00033310
00033418
00033426
00033447
00033598
00033607
00033621
00033626
00033681
00033686
00033778
00033794
00033816
00033821
00033874
00033952
00034002
00034006
00034100
00034118
00034166
00034226
00034239
00034248
00034256
00034268
00034290
00034311
00034331
00034362
00034412
00034430
00034482
00034506
00034510
00034607
00034627
00034730
00034753
00034933
00034973
00034983
00035000
00035090
00035092
00035094
00035098
00035105
00035114
00035116
00035121
00035136
00035164
00035188
00035193
00035195
00035200
00035204
00035208
00035215
00035235
00035296
00035335
00035355
00035364
00035379
00035405
00035427
00035447
00035459
00035473
00035495
00035500
00035540
00035560
00035563
00035652
00035746
00035771
00035844
00035904
00035910
00035970
00036012
00036157
00036184
00036237
00036275
00036283
00036299
00036302
00036304
00036309
00036312
00036325
00036345
00036365
00036387
00036391
00036394
00036411
00036457
00036462
00036488
00036545
00036568
00036618
00036694
00036771
00036827
00036838
00036868
00036989
00037032
00037037
00037042
00037057
00037114
00037127
00037135
00037156
00037161
00037247
00037262
00037318
00037381
00037398
00037421
00037494
00037560
00037565
00037744
00037887
00037911
00037998
00038036
00038261
00038270
00038376
00038379
00038382
00038386
00038424
00038529
00038580
00038582
00038662
00038668
00038693
00038796
00039006
00039046
00039093
00039155
00039227
00039242
00039249
00039252
00039256
00039266
00039291
00039331
00039365
00039389
00039393
00039431
00039531
00039558
00039578
00039590
00039641
00039645
00039692
00039731
00039758
00039762
00039765
00039767
00039777
00039791
00039796
00039810
00039895
00039904
00039909
00039955
00039971
00040046
00040108
00040139
00040146
00040175
00040229
00040334
00040360
00040656
00040719
00040738
00040832
00040859
00040913
00040939
00041048
00041072
00041131
00041148
00041216
00041291
00041308
00041354
00041446
00041550
00041583
00041678
00041746
00041750
00041804
00041900
00041952
00041976
00041986
00041990
00042094
00042128
00042158
00042174
00042206
00042221
00042226
00042247
00042294
00042338
00042396
00042424
00042473
00042482
00042486
00042514
00042557
00042566
00042574
00042593
00042598
00042750
00042861
00042927
00042942
00042976
00043061
00043101
00043126
00043162
00043378
00043413
00043479
00043506
00043534
00043582
00043624
00043750
00043800
00043819
00043873
00044064
00044108
00044127
00044135
00044232
00044240
00044318
00044388
00044391
00044449
00044451
00044595
00044601
00044624
00044635
00044648
00044733
00044736
00044801
00044817
00044886
00045013
00045060
00045087
00045101
00045128
00045131
00045141
00045160
00045290
00045333
00045353
00045378
00045399
00045607
00045688
00045785
00045801
00045872
00045891
00045904
00045940
00045964
00045999
00046002
00046092
00046110
00046170
00046421
00046438
00046556
00046583
00046843
00046876
00046964
00047021
00047053
00047056
00047063
00047075
00047093
00047095
00047198
00047212
00047261
00047300
00047308
00047324
00047361
00047483
00047486
00047493
00047512
00047520
00047582
00047604
00047720
00047730
00047761
00047841
00047878
00047935
00047993
00047997
00048005
00048015
00048023
00048030
00048050
00048081
00048094
00048276
00048431
00048509
00048634
00048657
00048662
00048766
00048842
00048873
00048910
00048921
00048940
00048958
00048968
00049006
00049063
00049196
00049284
00049321
00049383
00049405
00049678
00049824
00049904
00049924
00049933
00049948
00049957
00050077
00050090
00050125
00050187
00050246
00050261
00050289
00050305
00050311
00050315
00050336
00050371
00050400
00050419
00050481
00050499
00050504
00050514
00050541
00050602
00050619
00050627
00050647
00050706
00050721
00050850
00050877
00050882
00050961
00051079
00051082
00051096
00051120
00051123
00051129
00051133
00051149
00051162
00051234
00051248
00051433
00051453
00051455
00051459
00051464
00051467
00051473
00051480
00051545
00051564
00051584
00051615
00051823
00051869
00051888
00051956
00052006
00052046
00052083
00052105
00052160
00052318
00052344
00052377
00052454
00052464
00052506
00052693
00052765
00052907
00052976
00052984
00053011
00053015
00053023
00053037
00053102
00053156
00053175
00053231
00053245
00053282
00053355
00053360
00053377
00053389
00053405
00053423
00053495
00053572
00053574
00053576
00053589
00053596
00053607
00053622
00053626
00053661
00053715
00053732
00053759
00053896
00053907
00053937
00053950
00053961
00053990
00054069
00054082
00054120
00054131
00054257
00054306
00054310
00054346
00054366
00054389
00054437
00054449
00054467
00054519
00054574
00054593
00054639
00054750
00054765
00054810
00054827
00054897
00054908
00055005
00055059
00055359
00055494
00055524
00055565
00055620
00055723
00055874
00055894
00055919
00055945
00055967
00055969
00055986
00055993
00056006
00056032
00056105
00056172
00056198
00056348
00056378
00056398
00056401
00056428
00056430
00056478
00056643
00056646
00056648
00056684
00056860
00056866
00056906
00056957
00056977
00056981
00056987
00057005
00057007
00057022
00057064
00057072
00057096
00057125
00057165
00057249
00057324
00057350
00057429
00057492
00057500
00057519
00057579
00057642
00057749
00057778
00057887
00058074
00058127
00058143
00058146
00058152
00058159
00058161
00058167
00058172
00058200
00058231
00058475
00058543
00058658
00058691
00058694
00058716
00058718
00058770
00058801
00058828
00058841
00058891
00058894
00058897
00058995
00059013
00059062
00059094
00059124
00059129
00059140
00059234
00059308
00059315
00059325
00059330
00059340
00059344
00059360
00059372
00059377
00059386
00059401
00059445
00059459
00059502
00059553
00059556
00059566
00059573
00059588
00059685
00059742
00059744
00059820
00059836
00059847
00059881
00059927
00059932
00059986
00060057
00060070
00060098
00060146
00060171
00060190
00060249
00060251
00060296
00060311
00060321
00060327
00060432
00060658
00060698
00060716
00060816
00061006
00061088
00061134
00061216
00061252
00061286
00061300
00061302
00061321
00061353
00061402
00061469
00061507
00061529
00061542
00061591
00061616
00061703
00061793
00061887
00061969
00061973
00061975
00061990
00062005
00062094
00062190
00062256
00062282
00062323
00062369
00062379
00062409
00062605
00062718
00062773
00062817
00062862
00062913
00062934
00062955
00063047
00063209
00063264
00063322
00063332
00063372
00063403
00063446
00063492
00063517
00063605
00063660
00063763
00063766
00063769
00063826
00063892
00063906
00063939
00063969
00064039
00064090
00064139
00064167
00064185
00064199
00064225
00064229
00064245
00064249
00064252
00064264
00064282
00064337
00064368
00064378
00064406
00064441
00064446
00064448
00064452
00064458
00064497
00064504
00064608
00064664
00064683
00064766
00064786
00064935
00065016
00065041
00065065
00065068
00065078
00065082
00065087
00065091
00065260
00065334
00065347
00065388
00065403
00065410
00065433
00065502
00065528
00065556
00065623
00065672
00065734
00065828
00065892
00065916
00065982
00066012
00066058
00066129
00066137
00066178
00066298
00066362
00066454
00066495
00066635
00066701
00066703
00066707
00066793
00066804
00066813
00066827
00066836
00066854
00066895
00066938
00067029
00067110
00067114
00067120
00067122
00067126
00067147
00067181
00067222
00067230
00067233
00067235
00067253
00067307
00067315
00067349
00067357
00067388
00067404
00067446
00067493
00067500
00067528
00067607
00067630
00067632
00067666
00067738
00067741
00067809
00067872
00067888
00067956
00068037
00068085
00068098
00068186
00068219
00068282
00068338
00068349
00068360
00068375
00068378
00068389
00068392
00068405
00068411
00068470
00068478
00068493
00068631
00068714
00068818
00068834
00068838
00068850
00068974
00069004
00069008
00069052
00069120
00069177
00069235
00069297
00069348
00069516
00069547
00069579
00069599
00069699
00069735
00069861
00069875
00069903
00069929
00070166
00070203
00070302
00070510
00070532
00070537
00070577
00070613
00070642
00070727
00070768
00070774
00070909
00070974
00070997
00071261
00071313
00071324
00071400
00071435
00071451
00071508
00071516
00071527
00071538
00071545
00071582
00071584
00071586
00071611
00071650
00071652
00071664
00071677
00071749
00071753
00071831
00071875
00071891
00071973
00071990
00072024
00072054
00072062
00072109
00072175
00072342
00072374
00072413
00072446
00072466
00072514
00072774
00072781
00072839
00072922
00072929
00072952
00072982
00073084
00073087
00073089
00073170
00073184
00073225
00073281
00073357
00073447
00073485
00073489
00073527
00073877
00073994
00074032
00074060
00074062
00074089
00074225
00074291
00074331
00074493
00074510
00074549
00074555
00074589
00074694
00074708
00074804
00074814
00074822
00074865
00074918
00074935
00074957
00074959
00074962
00075058
00075119
00075468
00075652
00075681
00075703
00075741
00075755
00075839
00075873
00075887
00075975
00076023
00076066
00076161
00076233
00076242
00076248
00076271
00076294
00076340
00076361
00076468
00076495
00076612
00076659
00076718
00077003
00077177
00077239
00077243
00077360
00077456
00077518
00077522
00077551
00077592
00077604
00077609
00077635
00077652
00077654
00077657
00077660
00077667
00077669
00077674
00077676
00077681
00077683
00077687
00077689
00077692
00077838
00077860
00077986
00078067
00078130
00078251
00078253
00078376
00078383
00078389
00078391
00078397
00078404
00078557
00078561
00078563
00078566
00078570
00078638
00078662
00078893
00078907
00078914
00078917
00079040
00079163
00079232
00079252
00079265
00079325
00079328
00079347
00079360
00079393
00079418
00079422
00079450
00079452
00079463
00079510
00079514
00079591
00079621
00079645
00079680
00079722
00079730
00079736
00079740
00079756
00079786
00079873
00079916
00079938
00079982
00080369
00080402
00080444
00080486
00080543
00080547
00080638
00080700
00080706
00080716
00080748
00080757
00080774
00080796
00080838
00080845
00080855
00080926
00080957
00080983
00080985
00081012
00081095
00081172
00081218
00081241
00081324
00081352
00081372
00081383
00081412
00081415
00081429
00081532
00081543
00081553
00081563
00081615
00081623
00081729
00081769
00081806
00081909
00081941
00081989
00082003
00082026
00082029
00082083
00082161
00082191
00082223
00082238
00082240
00082257
00082260
00082316
00082318
00082323
00082349
00082355
00082431
00082563
00082664
00082688
00082691
00082700
00082718
00082733
00082888
00082890
00082947
00082960
00082964
00083010
00083068
00083079
00083086
00083092
00083136
00083180
00083275
00083311
00083315
00083437
00083516
00083542
00083643
00083690
00083722
00083788
00083881
00083968
00084105
00084147
00084244
00084310
00084332
00084350
00084355
00084369
00084444
00084479
00084497
00084690
00084718
00084781
00084789
00084807
00084816
00084857
00084885
00084898
00084906
00084953
00085023
00085031
00085055
00085175
00085278
00085295
00085376
00085382
00085430
00085496
00086069
00086230
00086252
00086330
00086404
00086411
00086467
00086487
00086517
00086663
00086666
00086671
00086696
00086699
00086715
00086778
00086782
00086813
00086820
00086827
00086895
00086935
00086955
00087003
00087130
00087193
00087198
00087200
00087209
00087221
00087302
00087332
00087358
00087519
00087524
00087559
00087579
00087603
00087605
00087607
00087610
00087612
00087669
00087681
00087698
00087705
00087726
00087815
00087839
00087912
00088053
00088058
00088092
00088095
00088130
00088179
00088193
00088303
00088344
00088352
00088366
00088480
00088683
00088758
00088827
00088882
00088906
00089037
00089080
00089106
00089211
00089227
00089276
00089280
00089282
00089290
00089296
00089298
00089316
00089365
00089405
00089519
00089575
00089630
00089649
00089689
00089781
00090115
00090177
00090219
00090266
00090426
00090450
00090510
00090572
00090624
00090646
00090762
00090797
00090811
00090850
00090858
00090868
00090876
00090896
00090916
00090983
00090985
00091044
00091051
00091060
00091063
00091118
00091139
00091201
00091265
00091308
00091382
00091427
00091447
00091476
00091601
00091620
00091622
00091677
00091684
00091690
00091699
00091702
00091754
00091815
00091872
00091952
00091975
00092238
00092278
00092322
00092362
00092391
00092406
00092413
00092520
00092536
00092543
00092549
00092594
00092596
00092598
00092600
00092602
00092900
00092956
00092969
00092975
00092992
00093021
00093068
00093269
00093349
00093409
00093442
00093544
00093560
00093606
00093754
00093805
00093808
00093853
00093874
00093896
00094060
00094086
00094099
00094106
00094112
00094114
00094119
00094133
00094136
00094138
00094251
00094260
00094270
00094280
00094381
00094435
00094488
00094540
00094556
00094562
00094587
00094598
00094601
00094605
00094719
00094771
00094937
00095030
00095071
00095074
00095125
00095128
00095134
00095136
00095138
00095151
00095182
00095209
00095223
00095226
00095281
00095310
00095456
00095468
00095517
00095578
00095617
00095738
00095749
00095754
00095756
00095758
00095840
00096028
00096031
00096057
00096200
00096225
00096227
00096230
00096285
00096318
00096335
00096338
00096406
00096414
00096419
00096429
00096444
00096450
00096461
00096515
00096535
00096552
00096557
00096572
00096579
00096612
00096614
00096651
00096696
00096706
00096740
00096748
00096756
00096768
00096831
00096851
00096886
00096922
00096997
00097015
00097019
00097025
00097031
00097045
00097111
00097207
00097286
00097338
00097340
00097344
00097348
00097373
00097394
00097400
00097532
00097602
00097627
00097694
00097757
00097813
00097842
00097911
00097919
00097984
00098041
00098047
00098051
00098099
00098144
00098156
00098169
00098212
00098311
00098324
00098348
00098441
00098512
00098584
00098647
00098749
00098823
00098872
00098878
00098883
00098887
00098976
00098982
00098995
00099012
00099036
00099079
00099081
00099115
00099120
00099146
00099213
00099257
00099749
00099781
00099828
00099866
00099890
00099896
00099911
00100072
00100217
00100241
00100296
00100387
00100390
00100398
00100422
00100468
00100518
00100558
00100579
00100590
00100592
00100618
00100669
00100756
00100781
00100828
00100842
00101036
00101152
00101304
00101309
00101344
00101387
00101389
00101397
00101402
00101408
00101410
00101422
00101424
00101450
00101477
00101496
00101500
00101508
00101511
00101517
00101520
00101525
00101532
00101536
00101551
00101574
00101581
00101603
00101605
00101627
00101666
00101704
00101709
00101711
00101715
00101717
00101771
00101878
00101910
00101913
00101919
00101924
00101952
00101954
00101984
00101994
00102016
00102042
00102051
00102063
00102073
00102082
00102103
00102116
00102123
00102127
00102153
00102173
00102175
00102178
00102260
00102463
00102473
00102475
00102482
00102487
00102598
00102632
00102659
00102677
00102689
00102793
00102806
00103067
00103098
00103125
00103138
00103141
00103181
00103225
00103240
00103245
00103275
00103301
00103313
00103430
00103544
00103549
00103602
00103611
00103618
00103626
00103661
00103673
00103717
00103742
00103775
00103828
00103914
00103933
00103935
00103959
00103968
00103983
00104029
00104069
00104080
00104089
00104098
00104129
00104173
00104202
00104215
00104254
00104258
00104287
00104347
00104377
00104401
00104423
00104467
00104523
00104572
00104625
00104633
00104661
00104673
00104871
00104944
00104965
00104985
00104988
00104997
00105000
00105006
00105008
00105056
00105060
00105066
00105084
00105148
00105152
00105158
00105189
00105196
00105199
00105202
00105212
00105215
00105235
00105240
00105244
00105246
00105254
00105261
00105269
00105283
00105293
00105297
00105303
00105328
00105341
00105352
00105379
00105466
00105471
00105476
00105487
00105532
00105567
00105586
00105849
00105877
00105964
00106032
00106037
00106059
00106117
00106127
00106159
00106161
00106190
00106198
00106273
00106403
00106616
00106723
00106814
00106889
00106924
00107045
00107074
00107124
00107147
00107181
00107211
00107227
00107238
00107350
00107439
00107452
00107512
00107524
00107528
00107535
00107542
00107581
00107653
00107676
00107754
00107758
00107833
00107854
00107953
00108073
00108121
00108180
00108194
00108244
00108396
00108441
00108473
00108493
00108496
00108498
00108512
00108569
00108579
00108729
00108808
00108897
00108925
00108966
00108980
00109003
00109005
00109041
00109075
00109102
00109194
00109199
00109350
00109356
00109368
00109391
00109404
00109469
00109477
00109558
00109595
00109607
00109675
00109692
00109708
00109725
00109744
00109836
00109867
00109872
00109887
00109935
00109973
00110127
00110141
00110154
00110281
00110339
00110374
00110378
00110380
00110395
00110446
00110482
00110491
00110554
00110602
00110626
00110715
00110737
00110893
00110900
00111123
00111153
00111227
00111244
00111391
00111420
00111446
00111451
00111568
00111641
00111679
00111686
00111743
00111758
00111806
00111821
00111896
00111994
00112017
00112110
00112115
00112120
00112203
00112206
00112215
00112228
00112234
00112459
00112469
00112517
00112553
00112649
00112713
00112904
00112979
00113000
00113024
00113116
00113209
00113252
00113360
00113372
00113439
00113466
00113520
00113646
00113666
00113727
00113740
00113807
00113966
00113991
00114000
00114039
00114105
00114111
00114131
00114199
00114391
00114396
00114434
00114456
00114463
00114589
00114621
00114631
00114637
00114684
00114784
00114820
00114833
00114836
00114839
00114841
00114889
00114894
00114899
00114930
00114956
00115009
00115011
00115015
00115133
00115165
00115170
00115232
00115255
00115263
00115331
00115362
00115407
00115472
00115685
00115704
00115741
00115753
00115756
00115760
00115778
00115902
00115915
00115924
00115926
00115930
00115978
00115991
00115994
00116103
00116122
00116137
00116214
00116232
00116242
00116306
00116317
00116434
00116437
00116509
00116586
00116598
00116627
00116645
00116662
00116668
00116677
00116692
00116744
00116784
00116808
00116820
00116843
00116856
00116869
00116956
00117036
00117044
00117146
00117167
00117214
00117226
00117259
00117329
00117338
00117342
00117344
00117349
00117406
00117431
00117589
00117666
00117673
00117681
00117693
00117712
00117714
00117743
00117818
00117862
00117878
00117988
00118009
00118025
00118082
00118158
00118199
00118231
00118233
00118294
00118354
00118362
00118462
00118568
00118580
00118614
00118759
00118977
00119001
00119034
00119081
00119115
00119164
00119176
00119246
00119300
00119307
00119386
00119389
00119391
00119450
00119454
00119481
00119513
00119522
00119530
00119544
00119552
00119566
00119578
00119582
00119602
00119621
00119623
00119636
00119651
00119701
00119750
00119796
00119807
00119813
00119818
00119889
00119920
00119939
00119949
00119979
00120159
00120216
00120226
00120273
00120278
00120350
00120365
00120412
00120498
00120516
00120568
00120613
00120635
00120686
00120695
00120796
00120830
00120841
00120886
00120906
00121026
00121066
00121090
00121127
00121152
00121242
00121272
00121334
00121345
00121360
00121438
00121553
00121737
00121852
00121884
00121889
00121970
00121982
00122009
00122026
00122233
00122322
00122416
00122431
00122476
00122485
00122557
00122664
00122758
00122869
00122873
00123013
00123175
00123192
00123246
00123268
00123294
00123348
00123458
00123468
00123489
00123521
00123618
00123627
00123651
00123671
00123695
00123722
00123724
00123761
00123795
00123825
00123836
00123859
00123865
00123908
00123931
00124062
00124211
00124257
00124312
00124338
00124355
00124440
00124445
00124517
00124570
00124737
00124801
00124824
00124865
00124893
00124937
00125051
00125076
00125087
00125105
00125110
00125174
00125236
00125295
00125310
00125388
00125434
00125480
00125525
00125727
00125748
00125850
00125900
00125906
00125919
00125923
00125957
00125962
00126020
00126031
00126058
00126066
00126075
00126080
00126099
00126102
00126112
00126143
00126158
00126189
00126206
00126271
00126296
00126302
00126317
00126348
00126354
00126363
00126372
00126378
00126393
00126399
00126481
00126518
00126599
00126675
00126749
00126759
00126768
00126823
00126826
00126837
00126901
00126953
00126980
00126986
00126994
00127088
00127156
00127197
00127202
00127254
00127256
00127258
00127298
00127310
00127352
00127394
00127474
00127492
00127494
00127603
00127650
00127682
00127789
00127812
00127873
00127905
00128003
00128025
00128049
00128105
00128151
00128232
00128248
00128277
00128284
00128609
00128702
00128730
00128761
00128765
00128767
00128769
00128817
00128823
00128931
00128943
00128955
00128980
00129042
00129057
00129098
00129175
00129269
00129271
00129275
00129336
00129389
00129417
00129549
00129656
00130130
00130512
00130514
00130518
00130523
00130530
00130546
00130550
00130558
00130574
00130579
00130581
00130585
00130611
00130633
00130677
00130691
00130702
00130717
00130773
00130777
00130781
00130792
00130798
00130840
00130844
00130876
00130888
00130896
00131014
00131084
00131214
00131255
00131257
00131279
00131378
00131401
00131412
00131436
00131491
00131541
00131598
00131631
00131682
00131743
00131781
00131789
00131797
00131829
00132023
00132042
00132086
00132113
00132159
00132162
00132201
00132211
00132241
00132254
00132274
00132285
00132287
00132324
00132356
00132419
00132466
00132477
00132493
00132501
00132507
00132513
00132541
00132558
00132562
00132579
00132632
00132641
00132805
00132812
00132873
00132879
00132928
00132936
00132984
00133082
00133096
00133123
00133137
00133232
00133242
00133327
00133399
00133443
00133449
00133500
00133525
00133532
00133589
00133664
00133678
00133737
00133747
00133861
00133902
00133904
00133906
00133912
00133931
00133957
00133990
00134054
00134145
00134219
00134280
00134339
00134347
00134396
00134434
00134454
00134541
00134546
00134552
00134565
00134593
00134615
00134628
00134633
00134683
00134721
00134771
00134813
00134838
00134947
00135024
00135075
00135104
00135117
00135123
00135154
00135181
00135189
00135197
00135202
00135204
00135208
00135211
00135282
00135307
00135311
00135342
00135353
00135403
00135433
00135510
00135526
00135542
00135620
00135642
00135653
00135707
00135732
00135749
00135768
00135873
00135888
00135911
00135980
00136180
00136298
00136360
00136447
00136539
00136552
00136565
00136580
00136594
00136606
00136615
00136617
00136703
00136736
00136748
00136892
00136900
00136904
00136906
00136913
00136916
00136924
00136932
00136936
00136939
00136948
00136951
00136965
00136968
00137001
00137012
00137021
00137033
00137044
00137058
00137066
00137080
00137087
00137167
00137198
00137221
00137238
00137242
00137259
00137266
00137270
00137306
00137440
00137561
00137599
00137666
00137695
00137699
00137702
00137737
00137761
00137793
00137817
00137949
00138021
00138197
00138270
00138281
00138372
00138416
00138637
00138710
00138725
00138771
00138783
00138800
00138817
00138827
00138877
00138879
00138883
00138885
00138894
00138897
00138905
00139007
00139014
00139065
00139109
00139232
00139297
00139318
00139367
00139378
00139422
00139434
00139440
00139559
00139576
00139578
00139582
00139645
00139753
00139787
00139793
00139813
00139819
00139842
00139978
00140061
00140086
00140088
00140094
00140099
00140136
00140150
00140269
00140306
00140378
00140503
00140512
00140707
00140750
00140758
00140777
00140793
00140811
00140921
00140996
00141142
00141151
00141156
00141167
00141171
00141178
00141194
00141235
00141269
00141304
00141306
00141311
00141391
00141394
00141403
00141406
00141408
00141411
00141415
00141421
00141426
00141431
00141437
00141448
00141451
00141477
00141489
00141503
00141563
00141628
00141712
00141718
00141865
00141924
00141955
00141963
00142033
00142154
00142260
00142297
00142357
00142366
00142410
00142431
00142471
00142495
00142603
00142636
00142696
00142760
00142780
00142801
00142858
00142896
00142919
00142979
00143001
00143095
00143192
00143283
00143347
00143496
00143553
00143627
00143793
00143805
00143810
00143869
00143883
00143974
00144056
00144086
00144099
00144114
00144144
00144162
00144189
00144220
00144239
00144308
00144326
00144368
00144444
00144554
00144572
00144597
00144638
00144649
00144671
00144717
00144771
00144853
00144877
00144988
00145015
00145179
00145278
00145304
00145326
00145380
00145396
00145398
00145449
00145499
00145539
00145561
00145613
00145630
00145642
00145666
00145719
00145755
00145845
00145923
00145949
00145965
00145974
00145981
00145988
00146205
00146234
00146247
00146254
00146333
00146365
00146470
00146479
00146498
00146568
00146571
00146616
00146730
00146796
00146852
00146945
00146948
00146959
00146979
00146983
00146988
00147042
00147092
00147232
00147281
00147292
00147311
00147387
00147432
00147462
00147480
00147493
00147504
00147507
00147567
00147631
00147676
00147698
00147709
00147821
00147894
00147906
00147956
00148006
00148046
00148410
00148521
00148986
00149698
00150281
00150366
00150424
00150474
00150483
00150487
00150512
00150521
00150542
00150553
00150559
00150590
00150611
00150627
00150665
00150673
00150715
00150720
00150743
00150828
00150874
00150877
00150883
00150886
00150889
00150906
00150919
00150949
00152105
00152115
00152127
00152222
00152230
00152233
00152358
00152408
00152455
00152468
00152473
00152486
00152495
00152543
00152548
00152584
00152641
00152695
00152714
00152728
00152733
00152820
00152823
00152834
00152841
00152885
00152996
00153032
00153034
00153095
00153237
00153325
00153470
00153553
00153636
00153661
00153679
00153681
00153703
00153734
00153747
00153837
00153839
00153912
00153960
00154036
00154041
00154088
00154159
00154233
00154318
00154373
00154449
00154487
00154548
00154645
00154648
00154724
00154750
00154790
00154936
00154953
00155063
00155157
00155259
00155340
00155346
00155456
00155486
00155544
00155659
00155752
00155793
00155795
00155804
00155837
00155931
00155951
00156088
00156108
00156149
00156723
00156907
00156919
00156941
00156978
00157055
00157066
00157102
00157125
00157135
00157185
00157233
00157306
00157434
00157489
00157678
00157689
00157697
00157754
00157805
00157815
00157834
00157866
00157925
00158110
00158214
00158255
00158353
00158372
00158418
00158438
00158546
00158685
00158714
00158734
00158793
00158877
00158918
00158944
00158989
00159046
00159061
00159118
00159191
00159231
00159246
00159320
00159329
00159398
00159425
00159455
00159477
00159576
00159646
00159715
00159732
00159757
00159879
00159980
00160073
00160146
00160206
00160294
00160393
00160613
00160665
00160702
00160730
00160788
00160810
00160819
00160822
00160843
00160868
00160896
00160914
00160936
00160998
00161135
00161179
00161257
00161260
00161264
00161281
00161291
00161298
00161310
00161316
00161389
00161413
00161421
00161434
00161436
00161460
00161485
00161500
00161519
00161545
00161600
00161617
00161627
00161632
00161668
00161702
00161718
00161795
00161826
00161832
00161848
00161898
00161972
00161974
00162015
00162018
00162021
00162051
00162170
00162190
00162249
00162351
00162378
00162399
00162428
00162477
00162555
00162577
00162598
00162627
00162650
00162670
00162685
00162741
00162854
00162862
00162938
00163009
00163080
00163086
00163101
00163106
00163228
00163263
00163318
00163366
00163440
00163488
00163529
00163535
00163568
00163581
00163615
00163636
00163709
00163769
00163844
00163847
00163849
00163856
00163982
00164013
00164089
00164217
00164243
00164286
00164330
00164386
00164392
00164396
00164402
00164419
00164423
00164483
00164536
00164560
00164688
00164821
00164869
00164886
00164924
00164976
00165068
00165157
00165213
00165326
00165334
00165341
00165364
00165425
00165483
00165517
00165520
00165522
00165575
00165578
00165767
00165802
00165820
00165831
00165889
00165907
00165974
00166036
00166060
00166093
00166182
00166197
00166226
00166251
00166293
00166348
00166361
00166387
00166417
00166426
00166444
00166491
00166524
00166560
00166616
00166644
00166695
00166713
00166751
00166769
00166904
00166931
00166943
00166959
00166994
00167002
00167068
00167100
00167131
00167161
00167193
00167274
00167331
00167375
00167414
00167476
00167523
00167528
00167530
00167534
00167587
00167780
00167835
00167861
00167932
00167942
00167999
00168004
00168028
00168129
00168252
00168298
00168323
00168326
00168332
00168340
00168346
00168348
00168397
00168413
00168423
00168447
00168860
00168942
00169007
00169052
00169094
00169099
00169148
00169150
00169297
00169331
00169371
00169384
00169389
00169447
00169545
00169712
00169725
00169741
00169873
00169880
00169883
00169954
00170099
00170127
00170145
00170165
00170220
00170282
00170344
00170372
00170383
00170521
00170529
00170579
00170683
00170756
00170834
00170939
00171036
00171106
00171110
00171187
00171200
00171321
00171347
00171400
00171418
00171446
00171488
00171490
00171606
00171656
00171703
00171739
00171771
00171858
00171867
00171964
00171973
00172007
00172061
00172175
00172210
00172351
00172353
00172418
00172447
00172551
00172559
00172623
00172644
00172664
00172692
00172717
00172802
00172872
00172907
00172980
00172993
00173000
00173004
00173018
00173123
00173150
00173223
00173255
00173341
00173406
00173423
00173570
00173627
00173650
00173652
00173720
00173755
00173789
00173822
00173862
00173885
00173924
00173996
00174021
00174025
00174038
00174059
00174084
00174150
00174167
00174213
00174259
00174369
00174404
00174411
00174417
00174425
00174433
00174487
00174502
00174515
00174534
00174545
00174567
00174577
00174581
00174653
00174708
00174790
00174827
00174856
00174863
00174870
00174910
00174916
00174919
00174946
00174953
00174991
00175028
00175035
00175169
00175214
00175230
00175332
00175354
00175416
00175447
00175455
00175468
00175474
00175500
00175509
00175550
00175577
00175658
00175698
00175706
00175790
00175825
00175875
00175892
00175905
00175911
00175930
00175934
00175958
00176069
00176084
00176098
00176119
00176131
00176158
00176286
00176388
00176410
00176435
00176489
00176570
00176591
00176610
00176620
00176654
00176657
00176677
00176710
00176712
00176714
00176716
00176744
00176757
00176788
00176857
00176889
00176976
00177001
00177036
00177080
00177115
00177179
00177191
00177248
00177385
00177410
00177436
00177480
00177482
00177579
00177587
00177621
00177624
00177642
00177662
00177706
00177713
00177754
00177822
00177927
00177955
00177966
00177981
00177990
00177994
00178001
00178025
00178030
00178059
00178064
00178068
00178076
00178084
00178344
00178366
00178468
00178481
00178533
00178542
00178566
00178582
00178585
00178620
00178652
00178798
00178835
00178841
00178965
00178980
00179009
00179054
00179114
00179122
00179168
00179180
00179184
00179191
00179194
00179197
00179209
00179241
00179283
00179393
00179398
00179428
00179454
00179465
00179498
00179621
00179683
00179686
00179724
00179746
00179796
00179858
00179866
00179878
00179962
00179965
00179978
00179986
00180089
00180149
00180161
00180165
00180238
00180284
00180418
00180435
00180599
00180677
00180728
00180778
00180787
00180817
00180825
00180837
00181000
00181025
00181039
00181061
00181250
00181357
00181616
00181724
00181777
00181795
00181824
00181855
00181880
00181899
00181901
00181961
00182073
00182113
00182205
00182219
00182226
00182240
00182294
00182338
00182342
00182354
00182377
00182390
00182421
00182511
00182533
00182536
00182540
00182546
00182559
00182611
00182627
00182670
00182703
00182731
00182741
00182744
00182808
00182813
00182843
00182864
00182891
00182926
00182934
00182943
00182983
00182985
00182998
00183006
00183046
00183091
00183093
00183116
00183136
00183155
00183201
00183211
00183249
00183259
00183320
00183324
00183382
00183403
00183426
00183450
00183588
00183659
00183679
00183762
00183795
00183798
00183855
00183870
00183900
00183930
00183986
00184009
00184058
00184074
00184077
00184080
00184083
00184086
00184134
00184222
00184303
00184318
00184349
00184376
00184400
00184447
00184515
00184525
00184564
00184611
00184648
00184702
00184734
00184775
00184789
00184810
00184940
00184978
00184995
00185096
00185135
00185149
00185181
00185230
00185289
00185347
00185363
00185374
00185417
00185423
00185445
00185470
00185640
00185646
00185702
00185708
00185766
00186023
00186035
00186121
00186146
00186181
00186227
00186262
00186297
00186336
00186514
00186625
00186634
00186714
00186752
00186777
00186803
00186831
00186866
00186990
00187025
00187039
00187104
00187115
00187181
00187197
00187221
00187271
00187294
00187301
00187313
00187319
00187353
00187380
00187427
00187432
00187437
00187439
00187443
00187550
00187573
00187593
00188036
00188054
00188067
00188103
00188166
00188169
00188180
00188186
00188379
00188393
00188610
00188645
00188663
00188740
00188756
00188861
00188901
00188987
00189003
00189096
00189194
00189197
00189199
00189201
00189206
00189213
00189217
00189223
00189232
00189238
00189281
00189283
00189363
00189399
00189428
00189497
00189525
00189580
00189630
00189767
00189769
00189806
00189842
00189901
00190078
00190176
00190255
00190277
00190433
00190502
00190618
00190627
00190648
00190791
00190815
00190860
00190960
00190969
00190979
00191036
00191044
00191070
00191109
00191116
00191156
00191181
00191183
00191190
00191201
00191236
00191318
00191321
00191338
00191389
00191422
00191443
00191501
00191550
00191614
00191703
00191720
00191729
00191787
00191845
00191888
00192015
00192079
00192102
00192172
00192193
00192249
00192317
00192468
00192482
00192524
00192630
00192722
00192734
00192756
00192803
00192811
00192813
00192946
00193120
00193180
00193203
00193207
00193313
00193414
00193417
00193419
00193450
00193651
00193667
00193669
00193673
00193676
00193680
00193688
00193694
00193697
00193738
00193903
00194035
00194084
00194112
00194152
00194364
00194450
00194452
00194454
00194483
00194487
00194537
00194716
00194733
00194766
00194785
00194866
00194929
00194989
00195024
00195036
00195069
00195228
00195402
00195499
00195532
00195575
00195581
00195601
00195678
00195724
00195763
00195765
00195782
00195836
00195996
00196023
00196025
00196044
00196070
00196074
00196217
00196308
00196369
00196403
00196431
00196457
00196466
00196492
00196511
00196526
00196539
00196561
00196659
00196759
00196794
00196949
00196988
00197150
00197169
00197176
00197181
00197186
00197225
00197261
00197426
00197478
00197481
00197487
00197490
00197517
00197621
00197642
00197662
00197744
00197791
00197837
00197841
00197940
00198105
00198127
00198149
00198154
00198161
00198294
00198400
00198429
00198452
00198459
00198487
00198523
00198588
00198748
00198751
00198759
00198787
00198805
00198873
00198918
00198921
00198924
00198943
00198998
00199055
00199096
00199098
00199117
00199133
00199209
00199271
00199273
00199484
00199495
00199545
00199646
00199649
00199697
00199747
00199799
00199860
00199904
00199909
00199912
00199969
00199989
00200107
00200115
00200130
00200192
00200213
00200270
00200309
00200317
00200319
00200338
00200345
00200369
00200434
00200439
00200453
00200489
00200578
00200584
00200586
00200661
00200689
00200779
00200838
00200853
00200893
00200896
00200920
00201032
00201034
00201045
00201098
00201117
00201256
00201271
00201327
00201441
00201500
00201526
00201539
00201607
00201640
00201717
00201747
00201766
00201777
00201800
00202007
00202113
00202155
00202211
00202500
00202527
00202563
00202614
00202674
00202686
00202766
00202784
00202872
00202896
00202978
00203033
00203043
00203061
00203178
00203259
00203325
00203338
00203360
00203466
00203487
00203626
00203771
00203936
00203962
00204059
00204080
00204093
00204159
00204161
00204236
00204272
00204322
00204339
00204373
00204404
00204437
00204533
00204571
00204879
00204904
00204920
00204995
00205064
00205157
00205293
00205341
00205396
00205418
00205483
00205560
00205564
00205569
00205574
00205591
00205601
00205621
00205716
00205756
00205773
00205789
00205834
00205882
00205887
00205978
00206024
00206046
00206108
00206198
00206403
00206411
00206459
00206497
00206600
00206752
00206808
00206819
00206856
00206869
00206949
00207032
00207035
00207054
00207077
00207264
00207279
00207327
00207358
00207499
00207568
00207570
00207777
00207831
00207840
00207900
00207929
00207967
00208079
00208115
00208191
00208225
00208246
00208274
00208282
00208297
00208300
00208337
00208355
00208370
00208392
00208398
00208411
00208435
00208461
00208464
00208492
00208494
00208501
00208774
00208818
00208845
00209091
00209094
00209100
00209113
00209135
00209160
00209173
00209243
00209254
00209289
00209337
00209379
00209393
00209417
00209447
00209467
00209549
00209705
00210113
00210130
00210183
00210215
00210248
00210250
00210293
00210297
00210328
00210336
00210425
00210456
00210498
00210523
00210564
00210664
00210667
00210682
00210733
00210765
00210808
00210868
00210872
00210900
00210907
00210915
00210938
00210990
00211140
00211251
00211310
00211335
00211338
00211368
00211419
00211435
00211480
00211519
00211730
00211761
00211814
00211886
00212088
00212094
00212113
00212218
00212225
00212267
00212364
00212385
00212395
00212478
00212593
00212636
00212640
00212654
00212682
00212735
00212767
00212866
00212924
00213126
00213194
00213250
00213302
00213308
00213326
00213332
00213361
00213396
00213460
00213524
00213576
00213586
00213712
00213716
00213724
00213889
00213942
00213960
00214081
00214095
00214100
00214134
00214162
00214164
00214257
00214286
00214290
00214306
00214310
00214317
00214329
00214350
00214414
00214465
00214622
00214710
00214735
00214764
00214853
00215010
00215035
00215147
00215280
00215331
00215337
00215339
00215353
00215366
00215455
00215549
00215554
00215597
00215647
00215706
00215710
00215717
00215737
00215744
00215798
00215801
00215812
00215824
00215826
00215871
00215881
00216011
00216097
00216112
00216244
00216254
00216260
00216270
00216279
00216284
00216313
00216338
00216351
00216416
00216451
00216528
00216530
00216551
00216753
00216782
00216799
00216973
00217018
00217028
00217063
00217097
00217195
00217318
00217342
00217345
00217388
00217401
00217413
00217535
00217549
00217555
00217580
00217611
00217619
00217693
00217706
00217709
00217724
00217761
00217841
00217857
00217908
00217955
00217961
00217988
00218008
00218061
00218168
00218185
00218215
00218254
00218297
00218345
00218349
00218351
00218356
00218359
00218367
00218373
00218379
00218408
00218435
00218458
00218512
00218533
00218602
00218727
00218771
00218773
00218778
00218781
00218785
00218787
00218797
00218803
00218827
00218888
00218904
00218906
00218914
00218921
00218926
00218951
00218961
00218995
00219038
00219044
00219047
00219049
00219051
00219074
00219115
00219170
00219192
00219210
00219217
00219373
00219375
00219393
00219506
00219577
00219584
00219703
00219709
00219720
00219726
00219735
00219746
00219749
00219859
00219862
00219864
00219869
00219871
00219873
00219875
00219880
00219886
00219888
00219890
00219893
00219895
00219899
00219901
00219904
00219907
00219911
00219915
00219926
00219939
00219943
00220104
00220215
00220231
00220294
00220350
00220369
00220456
00220497
00220530
00220535
00220553
00220597
00220604
00220616
00220722
00220735
00220770
00220772
00220798
00220805
00220854
00220857
00220860
00220872
00220883
00220895
00220913
00220922
00220925
00220950
00220957
00220976
00220982
00220985
00220997
00220999
00221004
00221010
00221021
00221024
00221030
00221051
00221076
00221078
00221084
00221096
00221173
00221185
00221311
00221313
00221318
00221349
00221387
00221408
00221446
00221451
00221492
00221518
00221543
00221642
00221684
00221718
00221739
00221834
00221849
00221874
00221889
00221892
00221911
00221935
00221937
00221950
00221953
00221956
00221959
00221961
00221968
00221973
00221976
00222006
00222022
00222029
00222069
00222141
00222168
00222173
00222296
00222312
00222314
00222318
00222366
00222381
00222408
00222415
00222431
00222490
00222493
00222507
00222547
00222578
00222596
00222600
00222633
00222645
00222716
00222752
00222759
00222837
00222980
00222984
00222989
00222991
00222993
00223049
00223097
00223105
00223167
00223175
00223246
00223277
00223283
00223350
00223407
00223412
00223464
00223508
00223541
00223556
00223579
00223606
00223608
00223614
00223642
00223648
00223653
00223664
00223679
00223689
00223768
00223776
00223803
00223826
00223885
00223915
00223924
00223949
00223951
00223966
00223992
00224000
00224005
00224087
00224145
00224169
00224225
00224275
00224277
00224339
00224344
00224351
00224355
00224423
00224432
00224510
00224598
00224633
00224705
00224740
00224744
00224751
00224863
00224865
00224869
00224879
00225140
00225188
00225217
00225276
00225416
00225518
00225524
00225530
00225554
00225586
00225631
00225678
00225696
00225722
00226154
00226165
00226195
00226200
00226213
00226234
00226264
00226270
00226273
00226280
00226286
00226294
00226338
00226348
00226379
00226404
00226533
00226545
00226568
00226653
00226680
00226691
00226706
00226848
00226924
00226950
00227089
00227127
00227152
00227198
00227205
00227210
00227229
00227248
00227290
00227311
00227328
00227335
00227344
00227367
00227378
00227417
00227446
00227539
00227545
00227548
00227552
00227559
00227561
00227567
00227583
00227596
00227598
00227607
00227617
00227621
00227625
00227647
00227656
00227677
00227680
00227682
00227686
00227696
00227701
00227745
00227838
00227870
00227918
00227927
00227931
00228030
00228057
00228066
00228144
00228171
00228183
00228227
00228233
00228241
00228268
00228322
00228338
00228426
00228543
00228562
00228569
00228645
00228712
00228814
00228866
00228876
00229204
00229212
00229223
00229272
00229292
00229345
00229393
00229396
00229442
00229456
00229492
00229582
00229596
00229601
00229603
00229615
00229683
00229716
00229718
00229721
00229845
00229876
00229887
00229912
00229952
00230086
00230151
00230181
00230260
00230309
00230316
00230367
00230421
00230459
00230467
00230502
00230509
00230514
00230518
00230526
00230546
00230599
00230610
00230703
00230725
00230727
00230799
00230895
00230921
00230924
00230945
00231005
00231033
00231045
00231060
00231067
00231071
00231093
00231099
00231101
00231133
00231163
00231234
00231274
00231293
00231348
00231351
00231357
00231366
00231419
00231425
00231465
00231485
00231529
00231536
00231546
00231553
00231561
00231599
00231612
00231631
00231673
00231692
00231722
00231746
00231796
00231801
00231838
00231865
00231883
00231886
00231897
00231903
00231905
00231915
00231918
00231920
00231922
00231925
00231930
00231933
00231935
00231942
00231946
00231950
00231963
00231972
00231998
00232003
00232008
00232010
00232012
00232041
00232044
00232059
00232062
00232091
00232121
00232166
00232172
00232241
00232354
00232382
00232422
00232445
00232468
00232480
00232499
00232505
00232550
00232553
00232602
00232605
00232608
00232612
00232618
00232620
00232697
00232730
00232741
00232743
00232750
00232753
00232766
00232769
00232771
00232776
00232778
00232780
00232783
00232802
00232805
00232830
00232881
00232885
00232888
00232890
00232903
00232913
00232929
00232946
00232954
00232961
00232976
00233062
00233123
00233125
00233143
00233173
00233252
00233448
00233468
00233528
00233597
00233756
00233934
00233947
00233976
00233979
00233986
00234045
00234097
00234138
00234153
00234222
00234240
00234291
00234386
00234428
00234452
00234488
00234525
00234530
00234567
00234586
00234590
00234598
00234612
00234714
00234752
00234758
00234761
00234775
00234781
00234827
00234895
00234907
00234918
00234950
00235040
00235135
00235165
00235221
00235251
00235296
00235320
00235533
00235538
00235553
00235626
00235772
00235933
00235956
00235960
00235991
00236001
00236008
00236027
00236037
00236039
00236082
00236122
00236127
00236131
00236177
00236191
00236248
00236274
00236286
00236326
00236421
00236435
00236493
00236533
00236535
00236537
00236574
00236651
00236681
00236738
00236770
00236787
00236845
00236885
00236990
00237017
00237064
00237234
00237266
00237276
00237291
00237314
00237316
00237320
00237326
00237334
00237353
00237388
00237550
00237621
00237679
00237698
00237704
00237720
00237737
00237743
00237842
00237883
00237909
00237927
00237986
00238005
00238018
00238065
00238102
00238112
00238189
00238226
00238232
00238272
00238274
00238284
00238290
00238294
00238300
00238304
00238359
00238443
00238511
00238595
00238598
00238600
00238613
00238615
00238617
00238704
00238785
00238814
00238847
00238881
00238894
00238897
00238907
00238928
00238935
00238942
00238996
00239003
00239027
00239042
00239067
00239160
00239316
00239321
00239356
00239466
00239493
00239498
00239502
00239513
00239564
00239606
00239654
00239685
00239714
00239740
00239772
00239784
00239816
00239983
00239993
00239995
00239997
00239999
00240046
00240054
00240058
00240081
00240120
00240191
00240229
00240308
00240451
00240456
00240510
00240587
00240589
00240591
00240612
00240621
00240623
00240672
00240881
00240915
00240960
00240968
00240981
00240998
00241101
00241106
00241154
00241193
00241195
00241205
00241208
00241219
00241262
00241264
00241268
00241291
00241305
00241324
00241344
00241474
00241536
00241538
00241542
00241590
00241592
00241617
00241640
00241658
00241667
00241673
00241687
00241727
00241767
00241780
00241856
00241889
00241932
00241963
00242025
00242043
00242056
00242121
00242123
00242127
00242150
00242359
00242408
00242510
00242546
00242596
00242653
00242655
00242657
00242677
00242775
00242843
00242880
00242957
00242977
00242993
00242998
00243015
00243033
00243062
00243082
00243108
00243116
00243130
00243140
00243159
00243234
00243252
00243275
00243280
00243285
00243302
00243370
00243439
00243483
00243561
00243596
00243668
00243707
00243797
00243893
00243937
00243942
00243976
00244002
00244019
00244068
00244112
00244141
00244187
00244278
00244285
00244323
00244354
00244417
00244470
00244505
00244518
00244549
00244556
00244558
00244586
00244599
00244604
00244626
00244707
00244712
00244746
00244792
00244810
00244950
00245093
00245107
00245207
00245224
00245352
00245381
00245395
00245418
00245442
00245452
00245484
00245521
00245605
00245710
00245738
00245746
00245763
00245777
00245800
00245842
00245849
00245883
00245905
00245943
00246000
00246006
00246010
00246014
00246022
00246027
00246047
00246094
00246183
00246214
00246287
00246289
00246324
00246341
00246410
00246552
00246557
00246592
00246690
00246768
00246770
00246911
00246931
00246942
00246978
00246998
00247020
00247023
00247025
00247027
00247029
00247032
00247038
00247041
00247075
00247160
00247252
00247263
00247277
00247282
00247307
00247358
00247363
00247489
00247497
00247515
00247524
00247585
00247695
00247869
00247915
00247924
00247926
00247928
00247931
00247938
00248326
00248329
00248345
00248420
00248426
00248472
00248514
00248632
00248698
00248701
00248705
00248797
00248843
00248855
00248871
00248963
00248968
00248975
00249144
00249186
00249200
00249204
00249246
00249253
00249257
00249268
00249286
00249293
00249298
00249340
00249349
00249354
00249362
00249438
00249455
00249470
00249473
00249489
00249506
00249545
00249583
00249609
00249614
00249681
00249683
00249743
00249781
00249797
00249837
00249849
00249869
00249872
00249967
00250240
00250298
00250304
00250321
00250332
00250439
00250488
00250522
00250548
00250556
00250575
00250678
00250748
00250787
00250823
00250840
00250889
00250903
00250944
00251025
00251242
00251288
00251294
00251311
00251358
00251371
00251400
00251513
00251524
00251591
00251737
00251780
00251803
00251805
00251818
00251845
00251850
00251942
00251959
00251963
00252014
00252026
00252037
00252052
00252080
00252137
00252141
00252167
00252215
00252258
00252261
00252303
00252409
00252413
00252469
00252495
00252497
00252514
00252578
00252659
00252687
00252689
00252717
00252757
00252829
00252831
00252858
00252891
00252904
00252951
00253066
00253107
00253121
00253197
00253260
00253281
00253358
00253810
00253818
00253829
00253831
00254165
00254169
00254186
00254225
00254241
00254253
00254327
00254455
00254506
00254513
00254515
00254554
00254586
00254618
00254682
00254843
00254870
00254876
00254892
00254899
00254907
00254912
00255009
00255069
00255095
00255185
00255198
00255246
00255559
00255561
00255570
00255595
00255600
00255614
00255618
00255659
00255703
00255734
00255738
00255754
00255806
00255876
00255913
00256043
00256108
00256166
00256171
00256209
00256251
00256276
00256303
00256360
00256363
00256417
00256523
00256573
00256583
00256588
00256603
00256609
00256612
00256623
00256635
00256655
00256676
00256682
00256717
00256729
00256775
00256903
00256961
00257018
00257245
00257289
00257412
00257452
00257475
00257528
00257548
00257590
00257608
00257623
00257634
00257640
00257655
00257672
00257703
00257714
00257719
00257734
00257743
00257747
00257779
00257812
00257903
00257941
00258080
00258136
00258345
00258394
00258398
00258416
00258422
00258463
00258503
00258508
00258549
00258571
00258640
00258648
00258652
00258708
00258733
00258770
00258772
00258818
00258885
00258907
00258952
00258978
00259033
00259041
00259054
00259111
00259153
00259179
00259190
00259255
00259382
00259390
00259426
00259472
00259480
00259522
00259530
00259602
00259608
00259612
00259649
00259684
00259778
00259798
00259817
00259898
00259901
00259947
00260012
00260031
00260101
00260134
00260219
00260225
00260241
00260262
00260277
00260284
00260320
00260365
00260518
00260661
00260670
00260695
00260723
00260925
00260995
00261057
00261060
00261127
00261145
00261193
00261226
00261286
00261291
00261293
00261295
00261300
00261303
00261469
00261532
00261561
00261569
00261590
00261635
00261755
00261840
00261908
00261937
00261959
00262153
00262213
00262238
00262240
00262242
00262278
00262325
00262384
00262413
00262423
00262427
00262432
00262435
00262441
00262446
00262477
00262489
00262537
00262551
00262656
00262667
00262672
00262674
00262677
00262679
00262689
00262712
00262735
00262745
00262768
00262780
00262842
00262863
00262900
00262903
00262905
00262908
00262910
00262981
00263000
00263026
00263030
00263045
00263072
00263077
00263104
00263107
00263116
00263120
00263223
00263263
00263270
00263277
00263290
00263412
00263484
00263492
00263511
00263530
00263548
00263553
00263559
00263564
00263572
00263576
00263578
00263583
00263587
00263592
00263598
00263601
00263607
00263611
00263616
00263754
00263792
00263902
00263916
00263922
00263934
00263942
00263945
00263954
00263958
00263962
00263968
00263970
00263972
00263975
00263983
00263985
00263990
00263997
00264001
00264012
00264028
00264030
00264035
00264046
00264053
00264068
00264256
00264258
00264286
00264314
00264335
00264341
00264349
00264369
00264428
00264436
00264456
00264492
00264496
00264547
00264586
00264598
00264605
00264609
00264660
00264667
00264685
00264687
00264690
00264692
00264696
00264698
00264701
00264705
00264709
00264712
00264715
00264721
00264726
00264805
00264879
00264895
00264929
00264939
00264954
00264977
00264991
00265060
00265220
00265243
00265300
00265399
00265553
00265566
00265642
00265648
00265651
00265667
00265709
00265789
00265802
00265858
00265867
00265895
00265979
00266078
00266087
00266123
00266140
00266247
00266284
00266296
00266300
00266322
00266335
00266354
00266360
00266362
00266367
00266369
00266371
00266374
00266394
00266411
00266478
00266483
00266486
00266498
00266574
00266579
00266592
00266674
00266701
00266714
00266750
00266803
00266903
00267019
00267125
00267130
00267152
00267155
00267168
00267229
00267325
00267374
00267493
00267520
00267532
00267615
00267680
00267693
00267699
00267706
00267718
00267726
00267728
00267746
00267755
00267768
00267784
00267930
00267948
00268022
00268024
00268027
00268032
00268034
00268036
00268095
00268131
00268137
00268156
00268162
00268217
00268264
00268283
00268294
00268316
00268371
00268374
00268398
00268468
00268476
00268516
00268606
00268609
00269003
00269085
00269305
00269319
00269364
00269367
00269443
00269452
00269483
00269518
00269648
00269858
00269902
00269907
00269997
00270093
00270133
00270193
00270198
00270208
00270210
00270236
00270305
00270328
00270361
00270392
00270415
00270470
00270506
00270584
00270596
00270645
00270680
00270683
00270685
00270688
00270753
00270757
00270761
00270763
00270765
00270772
00270774
00270777
00270782
00270785
00270790
00270793
00270795
00270799
00270801
00270805
00270807
00270811
00270815
00270819
00270821
00270823
00270826
00270830
00270832
00270840
00270842
00270846
00270848
00270851
00270853
00270857
00270860
00270866
00270870
00270874
00270876
00270880
00270883
00270887
00270890
00270894
00270903
00270931
00270943
00270945
00270948
00270954
00270956
00270966
00270978
00270981
00270998
00271000
00271013
00271038
00271060
00271067
00271094
00271098
00271103
00271106
00271110
00271113
00271118
00271121
00271123
00271132
00271138
00271143
00271156
00271160
00271163
00271168
00271170
00271174
00271178
00271181
00271184
00271190
00271196
00271200
00271202
00271208
00271210
00271213
00271219
00271226
00271237
00271288
00271311
00271313
00271316
00271325
00271329
00271344
00271362
00271366
00271378
00271392
00271400
00271408
00271429
00271450
00271463
00271563
00271581
00271648
00271697
00272006
00272045
00272057
00272060
00272062
00272070
00272081
00272097
00272122
00272135
00272159
00272197
00272268
00272332
00272381
00272388
00272397
00272428
00272430
00272435
00272494
00272498
00272513
00272528
00272530
00272538
00272545
00272549
00272554
00272558
00272561
00272563
00272570
00272576
00272583
00272588
00272591
00272597
00272604
00272607
00272610
00272613
00272617
00272622
00272630
00272633
00272636
00272638
00272653
00272662
00272670
00272680
00272698
00272731
00272749
00272752
00272761
00272764
00272768
00272770
00272773
00272780
00272785
00272790
00272799
00272805
00272814
00272824
00272828
00272838
00272842
00272848
00272854
00272857
00272866
00272878
00272886
00272891
00272893
00272896
00272901
00272904
00272908
00272918
00272940
00272942
00272951
00273042
00273053
00273122
00273150
00273160
00273164
00273182
00273200
00273209
00273213
00273216
00273224
00273233
00273248
00273318
00273330
00273395
00273464
00273470
00273566
00273597
00273619
00273673
00273687
00273713
00273725
00273742
00273791
00273816
00273867
00273913
00274040
00274081
00274156
00274175
00274268
00274284
00274346
00274401
00274427
00274441
00274443
00274446
00274458
00274460
00274468
00274475
00274478
00274484
00274487
00274492
00274495
00274502
00274507
00274519
00274545
00274548
00274563
00274587
00274623
00274641
00274671
00274691
00274700
00274807
00274870
00274886
00274894
00274903
00275023
00275027
00275089
00275113
00275151
00275157
00275160
00275173
00275198
00275311
00275395
00275403
00275410
00275413
00275419
00275421
00275423
00275426
00275428
00275433
00275444
00275449
00275506
00275509
00275597
00275607
00275663
00275671
00275718
00275831
00275940
00275993
00276009
00276077
00276091
00276100
00276104
00276106
00276109
00276111
00276115
00276148
00276156
00276166
00276190
00276242
00276249
00276267
00276328
00276355
00276381
00276394
00276553
00276617
00276629
00276671
00276692
00276751
00276758
00276862
00276880
00276911
00277036
00277061
00277097
00277222
00277245
00277248
00277271
00277274
00277287
00277321
00277339
00277450
00277477
00277490
00277499
00277506
00277512
00277520
00277528
00277588
00277658
00277756
00277852
00277854
00277858
00277860
00277863
00277874
00277889
00277897
00277905
00277934
00278031
00278077
00278100
00278103
00278152
00278179
00278233
00278267
00278296
00278356
00278399
00278420
00278442
00278511
00278534
00278666
00278670
00278824
00278883
00278911
00278991
00279033
00279059
00279064
00279071
00279094
00279136
00279146
00279150
00279186
00279232
00279301
00279326
00279334
00279343
00279440
00279488
00279490
00279501
00279544
00279547
00279636
00279638
00279645
00279649
00279674
00279699
00279767
00279780
00279792
00279794
00279796
00279799
00279801
00279803
00279806
00279808
00279848
00279914
00279942
00279951
00279978
00279985
00279994
00280048
00280072
00280079
00280082
00280084
00280094
00280098
00280111
00280118
00280130
00280140
00280151
00280157
00280166
00280176
00280211
00280221
00280225
00280247
00280262
00280285
00280338
00280347
00280354
00280373
00280376
00280387
00280389
00280414
00280420
00280427
00280429
00280434
00280448
00280477
00280489
00280504
00280515
00280521
00280530
00280538
00280542
00280546
00280552
00280564
00280575
00280607
00280625
00280723
00280740
00280745
00280770
00280859
00280875
00280923
00280929
00280933
00280939
00280966
00281028
00281055
00281133
00281164
00281183
00281226
00281286
00281299
00281302
00281305
00281331
00281334
00281341
00281353
00281403
00281456
00281510
00281515
00281698
00281731
00281784
00281809
00281815
00281825
00281839
00281850
00281862
00281865
00281869
00281876
00281944
00281955
00281984
00281993
00282003
00282042
00282070
00282108
00282118
00282148
00282150
00282161
00282165
00282167
00282180
00282219
00282227
00282276
00282291
00282305
00282313
00282355
00282453
00282532
00282558
00282614
00282652
00282677
00282717
00282765
00282847
00282914
00282928
00283053
00283114
00283179
00283382
00283455
00283510
00283656
00283666
00283714
00283723
00283815
00283866
00283888
00283949
00283963
00283984
00283989
00283999
00284004
00284027
00284072
00284108
00284121
00284154
00284163
00284172
00284184
00284187
00284203
00284217
00284226
00284234
00284237
00284242
00284244
00284249
00284266
00284272
00284286
00284290
00284308
00284341
00284370
00284374
00284377
00284404
00284408
00284425
00284454
00284554
00284575
00284592
00284645
00284648
00284667
00284705
00284766
00284815
00284817
00284819
00284822
00284830
00284832
00284835
00284837
00284839
00284841
00284843
00284845
00284848
00284853
00284856
00284860
00284863
00284865
00284867
00284906
00284908
00284910
00284919
00284921
00284938
00284945
00285052
00285057
00285065
00285071
00285077
00285165
00285210
00285228
00285238
00285280
00285309
00285311
00285326
00285351
00285387
00285400
00285441
00285558
00285601
00285646
00285656
00285659
00285665
00285667
00285711
00285719
00285732
00285740
00285744
00285748
00285752
00285762
00285765
00285769
00285775
00285782
00285788
00285794
00285801
00285809
00285828
00285866
00285965
00285973
00285975
00286042
00286058
00286060
00286087
00286177
00286250
00286304
00286309
00286312
00286315
00286334
00286351
00286359
00286380
00286388
00286409
00286412
00286422
00286433
00286452
00287099
00287134
00287159
00287163
00287209
00287218
00287315
00287348
00287457
00287493
00287580
00287585
00287589
00287598
00287632
00287680
00287727
00287805
00287807
00287821
00287854
00287917
00287964
00287970
00287985
00288007
00288069
00288095
00288154
00288326
00288357
00288374
00288396
00288495
00288526
00288531
00288535
00288546
00288563
00288565
00288571
00288640
00288690
00288773
00288821
00288828
00288876
00288904
00288913
00288916
00288922
00289028
00289077
00289122
00289160
00289193
00289379
00289474
00289505
00289527
00289542
00289551
00289554
00289741
00289748
00289794
00289801
00289916
00289931
00289935
00289996
00290016
00290028
00290034
00290099
00290144
00290194
00290219
00290240
00290253
00290259
00290281
00290284
00290349
00290380
00290415
00290431
00290473
00290484
00290486
00290536
00290591
00290593
00290602
00290616
00290656
00290691
00290709
00290716
00290747
00290805
00290810
00290849
00290856
00290933
00290964
00291080
00291087
00291125
00291139
00291158
00291228
00291259
00291285
00291325
00291416
00291454
00291528
00291563
00291568
00291686
00291726
00291750
00291776
00291802
00291856
00292019
00292032
00292038
00292116
00292135
00292184
00292203
00292209
00292217
00292220
00292224
00292228
00292272
00292283
00292430
00292466
00292529
00292540
00292625
00292692
00292711
00292793
00292809
00292913
00292944
00292950
00292998
00293142
00293269
00293299
00293381
00293438
00293454
00293463
00293471
00293474
00293598
00293676
00293684
00293761
00293784
00293820
00293823
00293838
00293856
00293989
00294020
00294041
00294067
00294076
00294158
00294162
00294175
00294191
00294216
00294224
00294230
00294265
00294271
00294293
00294350
00294360
00294389
00294439
00294505
00294603
00294683
00294744
00294790
00294802
00294883
00294886
00294983
00295077
00295084
00295098
00295127
00295225
00295243
00295337
00295361
00295468
00295523
00295525
00295698
00295722
00295724
00295737
00295746
00295809
00295899
00295910
00295955
00295966
00295976
00295986
00295993
00296001
00296021
00296043
00296080
00296092
00296105
00296126
00296131
00296134
00296137
00296140
00296151
00296167
00296182
00296376
00296388
00296491
00296538
00296579
00296586
00296645
00296781
00296787
00296816
00296846
00296885
00296915
00296923
00296926
00296930
00296932
00296935
00296944
00296981
00297009
00297131
00297201
00297229
00297242
00297248
00297265
00297270
00297292
00297313
00297321
00297330
00297333
00297338
00297343
00297390
00297396
00297413
00297417
00297429
00297451
00297458
00297490
00297507
00297668
00297732
00297780
00297799
00297886
00297902
00297905
00297907
00297915
00297932
00297950
00297980
00297992
00298025
00298035
00298037
00298042
00298069
00298080
00298136
00298165
00298319
00298441
00298467
00298472
00298546
00298563
00298594
00298616
00298640
00298774
00298818
00298830
00298886
00298889
00298914
00298924
00298936
00298939
00298964
00298984
00299008
00299025
00299045
00299054
00299059
00299113
00299119
00299148
00299212
00299243
00299304
00299321
00299325
00299401
00299426
00299434
00299509
00299584
00299687
00299691
00299711
00299714
00299773
00299789
00299864
00299883
00299917
00299936
00299940
00299965
00299970
00299972
00299982
00299985
00299994
00299997
00300076
00300163
00300200
00300219
00300423
00300432
00300455
00300476
00300494
00300507
00300510
00300536
00300555
00300608
00300611
00300622
00300636
00300649
00300657
00300680
00300791
00300794
00300804
00300826
00300924
00300945
00300964
00300999
00301052
00301061
00301113
00301161
00301290
00301316
00301323
00301326
00301330
00301342
00301349
00301394
00301401
00301413
00301422
00301433
00301495
00301513
00301515
00301517
00301534
00301548
00301564
00301624
00301627
00301693
00301789
00301872
00301874
00301893
00301928
00301984
00302012
00302044
00302047
00302103
00302116
00302175
00302182
00302201
00302228
00302243
00302249
00302262
00302304
00302322
00302358
00302464
00302502
00302506
00302523
00302531
00302557
00302576
00302654
00302803
00302865
00302889
00302893
00302912
00302916
00303046
00303057
00303182
00303229
00303243
00303251
00303255
00303293
00303315
00303472
00303508
00303553
00303557
00303571
00303578
00303632
00303670
00303722
00303731
00303834
00303861
00303876
00303882
00303964
00303986
00304067
00304097
00304169
00304178
00304201
00304252
00304260
00304320
00304330
00304500
00304555
00304663
00304689
00304722
00304766
00304768
00304826
00304848
00304866
00304868
00304900
00305034
00305050
00305085
00305107
00305203
00305224
00305243
00305260
00305310
00305337
00305349
00305420
00305422
00305438
00305446
00305460
00305474
00305495
00305526
00305544
00305558
00305603
00305646
00305732
00305764
00305791
00305813
00305892
00305901
00305908
00305976
00306058
00306071
00306112
00306135
00306144
00306182
00306184
00306252
00306276
00306295
00306352
00306361
00306381
00306401
00306438
00306468
00306481
00306486
00306490
00306495
00306505
00306508
00306516
00306526
00306531
00306534
00306542
00306546
00306548
00306554
00306565
00306573
00306575
00306586
00306618
00306644
00306648
00306650
00306654
00306673
00306712
00306778
00306829
00306869
00306884
00306970
00306990
00307002
00307017
00307019
00307022
00307024
00307093
00307126
00307144
00307152
00307159
00307164
00307167
00307224
00307226
00307231
00307233
00307235
00307238
00307241
00307244
00307249
00307251
00307253
00307255
00307258
00307262
00307266
00307271
00307275
00307278
00307288
00307290
00307299
00307305
00307324
00307327
00307329
00307332
00307335
00307346
00307436
00307448
00307464
00307522
00307654
00307656
00307659
00307668
00307671
00307679
00307683
00307687
00307689
00307691
00307694
00307699
00307707
00307712
00307718
00307723
00307729
00307734
00307740
00307748
00307764
00307776
00307781
00307785
00307815
00307818
00307820
00307825
00307830
00307833
00307836
00307849
00307862
00307871
00307875
00307884
00307886
00307892
00307927
00307951
00308006
00308075
00308112
00308119
00308142
00308155
00308174
00308186
00308198
00308208
00308238
00308248
00308252
00308261
00308264
00308269
00308284
00308292
00308294
00308304
00308308
00308313
00308327
00308399
00308408
00308413
00308416
00308418
00308423
00308436
00308443
00308454
00308457
00308461
00308472
00308498
00308512
00308522
00308547
00308573
00308576
00308578
00308580
00308630
00308664
00308724
00308762
00308765
00308781
00308824
00308828
00308845
00308887
00308917
00309057
00309061
00309092
00309105
00309113
00309142
00309154
00309205
00309209
00309225
00309253
00309269
00309280
00309282
00309300
00309327
00309417
00309499
00309512
00309519
00309527
00309534
00309550
00309556
00309623
00309654
00309695
00309718
00309726
00309737
00309773
00309838
00309903
00309953
00309966
00309990
00310044
00310080
00310143
00310170
00310185
00310247
00310255
00310272
00310304
00310329
00310478
00310545
00310573
00310575
00310586
00310604
00310643
00310703
00310786
00310827
00310847
00310851
00310865
00310895
00310897
00310899
00310966
00310970
00311008
00311023
00311066
00311071
00311104
00311119
00311128
00311145
00311160
00311177
00311227
00311243
00311307
00311388
00311394
00311407
00311422
00311429
00311452
00311463
00311473
00311483
00311506
00311607
00311672
00311978
00312038
00312080
00312114
00312122
00312180
00312214
00312240
00312291
00312332
00312335
00312354
00312366
00312371
00312382
00312428
00312496
00312533
00312577
00312661
00312664
00312674
00312710
00312723
00312727
00312730
00312732
00312739
00312741
00312788
00312867
00312896
00312951
00312960
00312980
00312983
00312999
00313010
00313013
00313031
00313068
00313106
00313109
00313115
00313128
00313185
00313251
00313254
00313309
00313317
00313327
00313331
00313343
00313351
00313354
00313361
00313373
00313385
00313393
00313404
00313406
00313409
00313417
00313430
00313459
00313470
00313476
00313478
00313491
00313495
00313502
00313505
00313514
00313519
00313521
00313534
00313538
00313555
00313563
00313579
00313588
00313598
00313604
00313614
00313620
00313628
00313635
00313652
00313771
00313852
00313874
00313893
00313938
00313950
00313973
00313985
00313996
00314005
00314011
00314019
00314021
00314036
00314043
00314129
00314177
00314222
00314272
00314297
00314353
00314472
00314543
00314577
00314589
00314629
00314756
00314778
00314781
00314786
00314789
00314791
00314861
00314922
00314925
00315008
00315072
00315199
00315259
00315289
00315306
00315340
00315351
00315449
00315590
00315764
00315810
00315858
00315861
00316043
00316055
00316155
00316273
00316325
00316374
00316387
00316444
00316467
00316469
00316525
00316593
00316607
00316703
00316727
00316835
00316854
00316868
00316892
00316980
00317013
00317103
00317152
00317156
00317164
00317171
00317184
00317193
00317200
00317284
00317348
00317376
00317380
00317465
00317525
00317568
00317587
00317627
00317631
00317661
00317682
00317691
00317695
00317725
00317728
00317750
00317765
00317775
00317800
00317810
00317825
00317846
00317848
00317964
00318072
00318108
00318110
00318197
00318214
00318455
00318487
00318535
00318603
00318605
00318626
00318650
00318728
00318735
00318748
00318775
00318864
00318973
00319003
00319072
00319075
00319085
00319095
00319155
00319257
00319302
00319305
00319320
00319326
00319331
00319339
00319349
00319353
00319366
00319373
00319378
00319393
00319411
00319414
00319425
00319444
00319462
00319465
00319468
00319506
00319509
00319529
00319549
00319564
00319569
00319582
00319589
00319599
00319638
00319675
00319685
00319703
00319719
00319734
00319743
00319746
00319750
00319762
00319768
00319775
00319789
00319806
00319813
00319866
00319888
00319901
00319949
00319961
00319980
00319982
00320036
00320111
00320159
00320186
00320202
00320212
00320225
00320286
00320307
00320381
00320393
00320424
00320436
00320490
00320506
00320603
00320622
00320771
00320779
00320785
00320788
00320796
00320802
00320805
00320808
00320821
00320824
00320829
00320891
00320925
00320954
00321021
00321026
00321029
00321035
00321043
00321047
00321062
00321066
00321070
00321080
00321082
00321089
00321095
00321105
00321165
00321172
00321175
00321177
00321179
00321236
00321246
00321278
00321303
00321305
00321341
00321360
00321366
00321374
00321379
00321401
00321416
00321433
00321443
00321465
00321478
00321488
00321492
00321499
00321504
00321507
00321513
00321515
00321532
00321537
00321551
00321559
00321564
00321576
00321580
00321585
00321644
00321672
00321720
00321806
00321856
00321866
00321870
00321881
00321895
00321900
00321992
00322016
00322023
00322036
00322039
00322046
00322079
00322082
00322086
00322091
00322166
00322269
00322288
00322291
00322303
00322307
00322321
00322358
00322365
00322408
00322510
00322517
00322550
00322574
00322620
00322685
00322819
00322829
00322849
00322855
00322875
00322887
00322910
00322945
00323020
00323026
00323039
00323060
00323074
00323160
00323183
00323186
00323192
00323194
00323200
00323259
00323262
00323264
00323310
00323313
00323331
00323359
00323361
00323382
00323388
00323396
00323413
00323427
00323498
00323511
00323515
00323523
00323529
00323540
00323545
00323547
00323570
00323587
00323603
00323669
00323834
00323872
00323907
00323923
00323926
00323933
00323988
00324037
00324053
00324097
00324160
00324215
00324230
00324452
00324457
00324459
00324464
00324525
00324561
00324684
00324744
00324770
00324783
00324865
00324877
00324944
00325094
00325237
00325256
00325363
00325371
00325448
00325521
00325562
00325671
00325702
00325725
00325742
00325796
00325845
00325851
00325858
00325907
00325946
00325975
00326021
00326140
00326165
00326312
00326349
00326355
00326357
00326399
00326427
00326440
00326507
00326516
00326519
00326635
00326646
00326712
00326742
00326748
00326758
00326870
00326895
00326959
00326981
00327209
00327306
00327339
00327345
00327423
00327435
00327437
00327485
00327520
00327530
00327543
00327551
00327622
00327671
00327681
00327686
00327688
00327712
00327714
00327727
00327730
00327737
00327827
00327878
00327905
00327940
00327980
00328020
00328051
00328053
00328071
00328078
00328166
00328168
00328184
00328270
00328276
00328354
00328387
00328403
00328476
00328516
00328567
00328594
00328637
00328663
00328700
00328723
00328739
00328813
00328888
00328923
00329166
00329185
00329220
00329242
00329276
00329282
00329285
00329287
00329289
00329297
00329343
00329381
00329425
00329522
00329711
00329755
00329781
00329880
00330021
00330063
00330072
00330210
00330245
00330250
00330280
00330326
00330341
00330375
00330448
00330498
00330615
00330678
00330770
00330784
00330798
00330827
00330838
00330842
00330849
00330905
00330911
00330945
00330984
00330993
00331001
00331034
00331044
00331113
00331118
00331163
00331184
00331186
00331250
00331280
00331511
00331539
00331542
00331578
00331590
00331688
00331737
00331864
00331903
00331944
00332063
00332120
00332161
00332165
00332167
00332169
00332172
00332176
00332231
00332300
00332328
00332387
00332405
00332415
00332422
00332451
00332492
00332517
00332535
00332543
00332549
00332551
00332740
00332759
00332847
00332851
00332877
00332993
00333033
00333061
00333068
00333148
00333154
00333424
00333430
00333441
00333477
00333481
00333489
00333492
00333514
00333518
00333533
00333543
00333653
00333668
00333761
00333800
00333802
00333834
00333969
00334042
00334059
00334110
00334202
00334215
00334290
00334302
00334360
00334404
00334462
00334531
00334598
00334600
00334603
00334746
00334783
00334803
00334936
00335021
00335138
00335142
00335146
00335176
00335180
00335215
00335264
00335279
00335301
00335303
00335373
00335444
00335455
00335481
00335532
00335561
00335644
00335726
00335771
00335873
00335894
00335896
00335946
00335964
00335967
00335975
00335978
00336005
00336007
00336022
00336026
00336188
00336277
00336334
00336344
00336361
00336392
00336410
00336423
00336445
00336453
00336459
00336468
00336499
00336546
00336601
00336605
00336672
00336690
00336758
00336776
00336795
00336819
00336824
00336830
00336833
00336867
00336881
00336944
00337006
00337032
00337041
00337196
00337239
00337290
00337343
00337379
00337489
00337576
00337639
00337656
00337658
00337794
00337965
00337969
00337996
00338030
00338072
00338096
00338139
00338162
00338199
00338220
00338365
00338422
00338437
00338448
00338453
00338532
00338638
00338665
00338674
00338748
00338838
00338861
00338863
00338919
00339016
00339067
00339095
00339189
00339226
00339297
00339379
00339457
00339460
00339508
00339528
00339536
00339587
00339669
00339691
00339693
00339731
00339777
00339791
00339793
00339805
00339830
00339861
00339863
00339875
00339877
00339899
00339972
00340147
00340165
00340168
00340172
00340175
00340180
00340243
00340265
00340278
00340303
00340333
00340410
00340446
00340558
00340599
00340615
00340648
00340676
00340709
00340791
00340810
00340883
00341186
00341208
00341223
00341226
00341304
00341308
00341315
00341317
00341340
00341425
00341466
00341567
00341601
00341633
00341686
00341699
00341750
00341800
00341825
00341917
00341995
00342002
00342032
00342155
00342266
00342277
00342286
00342295
00342298
00342341
00342517
00342684
00342687
00342689
00342692
00342694
00342736
00342751
00342753
00342770
00342819
00342827
00342830
00342838
00342843
00342850
00342877
00342883
00342887
00342894
00342932
00342937
00342940
00342942
00342944
00342951
00342956
00342960
00342964
00342970
00342972
00342976
00342979
00342983
00342986
00342989
00342997
00343003
00343005
00343008
00343013
00343015
00343057
00343063
00343073
00343078
00343137
00343198
00343225
00343291
00343320
00343338
00343343
00343362
00343409
00343485
00343697
00343791
00343845
00343931
00343994
00344011
00344021
00344025
00344063
00344184
00344188
00344196
00344270
00344330
00344396
00344448
00344481
00344550
00344609
00344664
00344695
00344780
00344853
00344862
00344930
00344968
00344988
00344991
00344997
00345027
00345100
00345103
00345106
00345113
00345129
00345185
00345193
00345198
00345225
00345229
00345233
00345292
00345388
00345395
00345397
00345402
00345472
00345481
00345504
00345667
00345717
00345758
00345902
00345989
00346055
00346113
00346145
00346189
00346280
00346285
00346318
00346386
00346442
00346447
00346536
00346564
00346614
00346648
00346799
00346806
00346841
00346910
00347097
00347123
00347128
00347157
00347241
00347270
00347282
00347348
00347376
00347412
00347474
00347487
00347533
00347539
00347584
00347600
00347625
00347658
00347683
00347722
00347834
00347995
00347997
00348109
00348116
00348163
00348293
00348338
00348415
00348599
00348602
00348604
00348682
00348789
00348820
00348829
00348837
00348910
00348933
00349012
00349034
00349042
00349050
00349059
00349120
00349142
00349151
00349242
00349326
00349447
00349576
00349708
00349733
00349841
00349892
00349898
00349918
00349924
00349929
00349945
00349956
00349960
00349968
00349975
00349979
00350024
00350075
00350092
00350155
00350192
00350232
00350268
00350282
00350300
00350371
00350449
00350488
00350520
00350529
00350557
00350585
00350598
00350694
00350790
00350811
00350820
00350945
00350963
00350975
00351005
00351043
00351056
00351108
00351230
00351287
00351291
00351312
00351362
00351389
00351404
00351407
00351410
00351415
00351455
00351486
00351508
00351525
00351528
00351574
00351576
00351608
00351656
00351675
00351703
00351774
00351853
00351856
00351858
00351862
00351864
00351867
00351871
00351900
00351935
00351943
00351947
00352038
00352051
00352075
00352100
00352121
00352139
00352147
00352155
00352161
00352166
00352173
00352178
00352184
00352194
00352208
00352215
00352333
00352335
00352356
00352370
00352409
00352440
00352459
00352461
00352545
00352548
00352566
00352595
00352614
00352623
00352628
00352640
00352644
00352680
00352701
00352754
00352787
00352809
00352927
00352945
00352980
00353044
00353189
00353192
00353195
00353376
00353441
00353448
00353454
00353549
00353552
00353563
00353588
00353591
00353594
00353596
00353599
00353601
00353603
00353605
00353607
00353609
00353612
00353614
00353616
00353619
00353621
00353623
00353632
00353635
00353638
00353642
00353644
00353650
00353657
00353660
00353666
00353669
00353675
00353679
00353684
00353687
00353691
00353695
00353701
00353706
00353718
00353732
00353859
00353874
00353890
00353896
00353902
00353910
00353942
00353955
00353971
00353998
00354028
00354052
00354127
00354129
00354372
00354387
00354464
00354533
00354574
00354748
00354757
00354800
00354824
00354845
00354866
00354903
00354924
00355082
00355149
00355151
00355155
00355157
00355171
00355207
00355227
00355233
00355245
00355325
00355488
00355521
00355526
00355556
00355736
00355784
00355856
00355863
00356113
00356121
00356124
00356130
00356195
00356199
00356237
00356271
00356320
00356332
00356345
00356353
00356359
00356363
00356418
00356423
00356426
00356429
00356441
00356469
00356480
00356486
00356506
00356557
00356572
00356582
00356633
00356639
00356647
00356658
00356660
00356666
00356668
00356674
00356728
00356730
00356787
00356837
00356891
00356894
00356907
00356922
00356926
00356930
00356953
00356963
00356972
00356974
00356994
00357021
00357038
00357047
00357115
00357151
00357182
00357270
00357343
00357388
00357415
00357525
00357528
00357531
00357536
00357542
00357544
00357599
00357775
00357907
00357971
00357978
00358247
00358262
00358286
00358299
00358333
00358337
00358470
00358507
00358552
00358572
00358602
00358620
00358695
00358811
00358859
00358982
00359024
00359057
00359095
00359097
00359101
00359104
00359107
00359109
00359112
00359114
00359120
00359124
00359126
00359137
00359141
00359144
00359146
00359150
00359156
00359176
00359178
00359185
00359189
00359197
00359202
00359295
00359337
00359417
00359420
00359424
00359427
00359434
00359444
00359454
00359472
00359475
00359484
00359488
00359688
00359690
00359692
00359694
00359696
00359698
00359709
00359726
00359729
00359780
00359794
00359807
00359823
00359825
00359830
00359835
00359838
00359843
00359845
00359849
00359853
00359857
00359859
00359865
00359869
00359873
00359876
00359881
00359887
00359889
00359894
00359896
00359900
00359903
00359918
00359932
00359966
00359968
00359979
00360017
00360099
00360132
00360146
00360192
00360340
00360342
00360384
00360412
00360416
00360458
00360489
00360496
00360576
00360596
00360619
00360625
00360655
00360698
00360775
00360784
00360786
00360790
00360894
00360900
00361026
00361034
00361088
00361122
00361145
00361210
00361257
00361281
00361286
00361310
00361332
00361349
00361352
00361360
00361372
00361377
00361380
00361385
00361389
00361391
00361408
00361422
00361476
00361534
00361537
00361539
00361542
00361546
00361548
00361553
00361574
00361580
00361582
00361584
00361586
00361633
00361663
00361733
00361779
00361795
00361846
00361887
00361892
00361895
00361897
00361899
00361934
00361956
00361974
00362060
00362076
00362125
00362195
00362238
00362242
00362292
00362306
00362339
00362374
00362395
00362521
00362525
00362620
00362720
00362774
00362863
00362922
00362944
00363022
00363076
00363105
00363122
00363234
00363264
00363343
00363359
00363369
00363415
00363741
00363743
00363786
00363805
00364022
00364204
00364206
00364208
00364212
00364220
00364238
00364284
00364331
00364351
00364396
00364446
00364487
00364492
00364494
00364505
00364545
00364712
00364736
00364760
00364791
00364866
00365040
00365099
00365115
00365214
00365219
00365225
00365245
00365342
00365353
00365453
00365466
00365471
00365484
00365498
00365505
00365511
00365583
00365588
00365593
00365620
00365631
00365668
00365763
00366011
00366101
00366182
00366206
00366221
00366231
00366234
00366260
00366297
00366310
00366327
00366335
00366337
00366340
00366343
00366372
00366455
00366464
00366466
00366476
00366481
00366494
00366520
00366526
00366530
00366639
00366663
00366676
00366680
00366778
00366900
00366980
00367002
00367021
00367027
00367035
00367051
00367057
00367063
00367071
00367078
00367081
00367138
00367207
00367221
00367324
00367383
00367402
00367408
00367410
00367428
00367757
00367759
00367890
00367893
00367921
00367926
00367975
00367980
00367982
00368068
00368100
00368140
00368191
00368205
00368235
00368421
00368469
00368488
00368491
00368643
00368648
00368727
00368754
00368758
00368767
00368772
00368784
00368790
00368795
00368926
00368936
00368967
00368991
00369000
00369003
00369026
00369036
00369075
00369086
00369093
00369125
00369236
00369259
00369321
00369487
00369497
00369544
00369779
00369854
00369859
00369883
00369891
00369936
00369973
00370005
00370260
00370278
00370345
00370396
00370479
00370657
00370672
00370697
00370755
00370791
00370805
00370822
00370952
00370960
00371000
00371006
00371035
00371069
00371273
00371311
00371410
00371438
00371453
00371468
00371509
00371519
00371540
00371542
00371552
00371566
00371569
00371571
00371593
00371596
00371598
00371600
00371624
00371648
00371657
00371716
00371734
00371746
00371911
00371954
00372059
00372278
00372283
00372343
00372348
00372363
00372464
00372629
00372789
00372813
00372859
00372875
00372888
00372962
00372974
00372985
00373058
00373098
00373114
00373142
00373160
00373163
00373167
00373174
00373194
00373207
00373260
00373300
00373330
00373336
00373342
00373393
00373400
00373456
00373467
00373502
00373518
00373549
00373553
00373686
00373689
00373715
00373726
00373728
00374127
00374192
00374228
00374274
00374286
00374368
00374402
00374498
00374537
00374545
00374556
00374726
00374789
00374817
00374879
00374958
00375004
00375112
00375225
00375261
00375337
00375342
00375353
00375370
00375459
00375499
00375542
00375588
00375611
00375637
00375653
00375697
00375704
00375706
00375719
00375768
00375773
00375782
00375784
00375790
00375803
00375805
00375890
00375899
00375939
00375958
00375994
00375997
00376021
00376078
00376158
00377485
00377535
00377595
00377617
00377693
00377716
00377869
00377893
00378074
00378166
00378290
00378308
00378348
00378358
00378362
00378376
00378379
00378386
00378388
00378392
00378408
00378411
00378418
00378430
00378460
00378475
00378484
00378636
00378785
00378815
00378817
00378826
00378921
00378972
00379121
00379129
00379181
00379195
00379251
00379254
00379363
00379390
00379456
00379576
00379749
00379776
00379783
00379809
00379840
00379848
00379856
00379919
00380052
00380054
00380056
00380058
00380069
00380099
00380493
00380498
00380500
00380581
00380583
00380589
00380615
00380617
00380671
00380799
00380918
00380943
00380950
00381024
00381054
00381070
00381081
00381090
00381134
00381168
00381245
00381290
00381584
00381630
00381656
00381668
00381714
00381885
00381905
00381947
00381954
00381958
00381979
00381993
00382060
00382083
00382117
00382142
00382184
00382274
00382395
00382405
00382412
00382417
00382419
00382428
00382433
00382436
00382438
00382450
00382453
00382474
00382526
00382681
00382687
00382706
00382738
00382740
00382754
00382757
00382819
00382822
00382837
00382841
00382844
00382951
00382962
00383020
00383616
00383715
00383738
00383765
00383777
00383797
00383902
00383935
00383967
00384040
00384105
00384128
00384130
00384152
00384186
00384225
00384353
00384423
00384472
00384532
00384539
00384555
00384584
00384587
00384591
00384614
00384644
00384646
00384660
00384665
00384683
00384760
00384945
00384992
00385075
00385115
00385140
00385152
00385154
00385173
00385237
00385267
00385271
00385275
00385288
00385314
00385338
00385388
00385402
00385405
00385436
00385440
00385462
00385481
00385532
00385588
00385656
00385667
00385696
00385711
00385800
00385906
00385929
00385954
00386100
00386108
00386259
00386280
00386285
00386301
00386515
00386522
00386525
00386541
00386557
00386582
00386686
00386692
00386694
00386792
00386813
00386820
00386823
00386841
00386854
00386880
00386900
00386968
00386973
00387024
00387062
00387072
00387091
00387175
00387185
00387189
00387193
00387197
00387284
00387301
00387305
00387343
00387360
00387483
00387612
00387617
00387630
00387648
00387679
00387728
00387767
00387874
00388016
00388042
00388144
00388213
00388344
00388347
00388367
00388433
00388700
00388713
00388717
00388734
00388796
00388808
00388843
00388853
00388856
00388860
00388887
00388963
00388998
00389051
00389139
00389218
00389277
00389340
00389346
00389348
00389358
00389362
00389371
00389375
00389386
00389389
00389393
00389395
00389466
00389469
00389492
00389568
00389592
00389614
00389624
00389723
00389769
00389910
00389933
00389950
00390037
00390067
00390071
00390076
00390078
00390091
00390116
00390125
00390154
00390205
00390275
00390280
00390312
00390341
00390385
00390406
00390420
00390428
00390501
00390554
00390556
00390564
00390571
00390809
00390879
00391110
00391171
00391222
00391310
00391315
00391340
00391371
00391453
00391533
00391609
00391778
00391923
00392073
00392180
00392269
00392357
00392360
00392368
00392386
00392397
00392431
00392434
00392436
00392535
00392597
00392636
00392653
00392682
00392803
00392872
00392945
00393002
00393012
00393101
00393150
00393216
00393298
00393353
00393385
00393392
00393411
00393440
00393764
00393801
00393866
00393969
00394005
00394012
00394075
00394114
00394172
00394249
00394252
00394267
00394427
00394473
00394478
00394524
00394561
00394672
00394712
00394750
00394788
00394817
00394853
00395025
00395033
00395122
00395124
00395227
00395293
00395295
00395298
00395323
00395360
00395404
00395492
00395918
00395933
00396019
00396051
00396056
00396061
00396064
00396070
00396074
00396078
00396104
00396163
00396481
00396510
00396528
00396595
00396600
00396615
00396625
00396639
00396681
00396703
00396758
00396764
00396769
00396777
00396779
00396788
00396808
00396826
00396915
00396924
00396928
00396936
00396969
00397029
00397184
00397325
00397381
00397421
00397519
00397522
00397599
00397628
00397631
00397724
00397760
00397796
00397809
00397847
00397899
00397943
00397970
00398155
00398343
00398380
00398399
00398431
00398644
00398679
00398755
00398833
00398885
00398964
00398969
00398993
00399103
00399105
00399113
00399189
00399227
00399276
00399404
00399436
00399503
00399535
00399578
00399642
00399668
00399686
00399690
00399696
00399703
00399724
00399762
00399804
00399980
00400048
00400053
00400167
00400283
00400317
00400331
00400468
00400522
00400565
00400607
00400665
00400694
00400855
00401013
00401134
00401193
00401323
00401355
00401377
00401413
00401479
00401566
00401610
00401806
00401814
00401830
00401875
00402012
00402014
00402042
00402051
00402140
00402273
00402326
00402328
00402330
00402580
00402640
00402718
00402778
00402809
00402820
00402828
00402832
00402838
00402842
00402845
00402849
00402880
00402915
00403026
00403066
00403075
00403103
00403152
00403168
00403210
00403284
00403374
00403415
00403486
00403533
00403547
00403626
00403849
00403872
00403939
00404008
00404068
00404105
00404205
00404373
00404508
00404530
00404543
00404564
00404573
00404577
00404579
00404629
00404711
00404728
00404771
00404812
00404840
00404878
00404948
00405020
00405055
00405182
00405221
00405245
00405274
00405374
00405390
00405486
00405497
00405516
00405525
00405608
00405652
00405682
00405712
00405732
00405812
00405844
00405846
00405865
00405889
00405893
00406018
00406040
00406149
00406184
00406214
00406380
00406520
00406560
00406669
00406680
00406710
00406745
00406786
00406796
00406866
00406883
00406959
00406995
00407171
00407182
00407195
00407199
00407323
00407359
00407403
00407445
00407524
00407637
00407661
00407739
00407829
00408001
00408033
00408140
00408217
00408266
00408288
00408331
00408338
00408375
00408510
00408561
00408577
00408580
00408583
00408759
00408776
00408876
00409009
00409117
00409196
00409385
00409429
00409468
00409476
00409563
00409623
00409666
00409685
00409718
00409754
00409764
00409836
00409855
00409942
00409964
00409979
00409981
00409991
00409998
00410042
00410065
00410100
00410119
00410133
00410178
00410275
00410288
00410373
00410448
00410473
00410475
00410540
00410571
00410596
00410607
00410714
00410757
00410802
00410836
00410912
00410951
00410981
00411048
00411069
00411076
00411079
00411096
00411116
00411153
00411199
00411242
00411289
00411299
00411410
00411434
00411449
00411517
00411530
00411586
00411631
00411668
00411801
00411817
00411830
00411893
00411897
00411905
00411953
00411984
00412191
00412283
00412306
00412308
00412322
00412396
00412402
00412459
00412564
00412569
00412688
00412747
00412768
00412919
00412934
00412992
00412994
00413008
00413033
00413050
00413053
00413460
00413499
00413520
00413560
00413628
00413653
00413670
00413673
00413687
00413805
00413856
00414049
00414058
00414074
00414149
00414207
00414296
00414309
00414330
00414409
00414496
00414592
00414824
00414904
00414919
00414979
00415018
00415051
00415333
00415370
00415421
00415481
00415510
00415549
00415575
00415619
00415666
00415681
00415742
00415786
00415830
00415895
00415973
00416113
00416215
00416229
00416320
00416342
00416394
00416405
00416421
00416474
00416600
00416642
00416670
00416732
00416746
00416773
00416830
00416877
00416966
00416991
00417039
00417059
00417146
00417174
00417179
00417186
00417234
00417425
00417450
00417524
00417576
00417578
00417610
00417643
00417759
00417794
00417823
00417855
00417941
00418017
00418052
00418061
00418064
00418085
00418233
00418338
00418429
00418436
00418448
00418472
00418603
00418613
00418652
00418672
00418702
00418721
00418748
00418752
00418761
00418768
00418787
00418789
00418797
00418804
00418813
00418816
00418820
00418825
00418834
00418838
00418849
00418855
00418858
00418861
00418867
00418875
00418880
00418885
00418892
00418896
00418904
00418920
00418961
00418966
00418970
00418979
00418985
00418994
00419004
00419016
00419027
00419035
00419037
00419041
00419053
00419083
00419086
00419113
00419124
00419145
00419175
00419210
00419241
00419257
00419268
00419272
00419274
00419280
00419306
00419337
00419340
00419344
00419352
00419361
00419366
00419377
00419379
00419392
00419395
00419403
00419406
00419412
00419416
00419420
00419429
00419437
00419452
00419581
00419622
00419627
00419635
00419681
00419701
00419706
00419714
00419767
00419787
00419858
00419926
00419952
00419996
00420016
00420125
00420161
00420196
00420251
00420323
00420338
00420418
00420459
00420482
00420576
00420708
00420711
00420715
00420770
00420891
00420930
00420941
00421056
00421083
00421119
00421185
00421230
00421253
00421274
00421282
00421308
00421311
00421334
00421365
00421387
00421433
00421490
00421516
00421550
00421572
00421592
00421609
00421620
00421651
00421666
00421688
00421694
00421705
00421708
00421710
00421716
00421726
00421737
00421757
00421768
00421785
00421797
00421819
00421824
00421833
00421838
00421846
00421863
00421868
00421889
00421893
00421895
00421916
00421918
00421920
00421923
00421925
00421944
00421961
00421975
00421979
00421992
00421997
00422016
00422026
00422072
00422116
00422128
00422135
00422151
00422161
00422172
00422174
00422179
00422182
00422184
00422193
00422198
00422209
00422211
00422215
00422222
00422234
00422252
00422260
00422273
00422278
00422288
00422295
00422303
00422306
00422317
00422320
00422324
00422327
00422338
00422344
00422347
00422351
00422355
00422363
00422391
00422398
00422429
00422442
00422520
00422527
00422565
00422606
00422625
00422646
00422679
00422728
00422817
00422866
00422884
00422896
00422928
00422953
00422955
00423016
00423118
00423282
00423291
00423388
00423461
00423632
00423677
00423701
00423710
00423716
00423719
00423722
00423726
00423811
00423816
00423877
00424104
00424154
00424226
00424253
00424286
00424303
00424335
00424353
00424367
00424375
00424424
00424439
00424449
00424474
00424494
00424501
00424515
00424667
00424693
00424774
00424777
00424779
00424843
00424863
00424943
00424965
00424968
00424994
00425004
00425028
00425083
00425089
00425094
00425119
00425142
00425155
00425163
00425242
00425264
00425276
00425280
00425297
00425385
00425388
00425391
00425407
00425481
00425499
00425501
00425523
00425567
00425583
00425640
00425684
00426034
00426042
00426048
00426056
00426096
00426197
00426202
00426218
00426248
00426440
00426764
00426772
00426778
00426785
00426895
00426930
00426932
00426935
00426941
00426943
00426965
00427110
00427131
00427137
00427145
00427151
00427208
00427224
00427348
00427397
00427412
00427442
00427458
00427473
00427476
00427484
00427509
00427541
00427559
00427632
00427677
00427702
00427862
00427929
00427950
00428006
00428016
00428023
00428032
00428044
00428050
00428060
00428118
00428184
00428634
00428646
00428679
00428730
00428745
00428818
00428822
00428833
00428837
00428941
00428979
00428992
00429036
00429081
00429425
00429427
00429521
00429551
00429553
00429558
00429621
00429680
00429721
00429803
00430015
00430049
00430070
00430338
00430421
00430440
00430453
00430484
00430501
00430530
00430585
00430701
00430712
00430729
00430745
00430749
00430759
00430790
00430793
00430920
00430949
00430955
00431027
00431103
00431177
00431286
00431348
00431642
00431645
00431654
00431724
00431727
00431933
00431941
00431949
00431957
00431964
00431967
00431973
00431984
00431986
00431994
00431996
00432118
00432164
00432174
00432239
00432259
00432308
00432357
00432369
00432383
00432393
00432456
00432551
00432584
00432600
00432608
00432612
00432847
00432913
00432952
00432989
00433038
00433080
00433178
00433238
00433284
00433294
00433406
00433426
00433558
00433594
00433694
00433723
00433760
00433762
00433766
00433770
00433775
00433790
00433843
00434025
00434049
00434120
00434203
00434221
00434251
00434275
00434352
00434358
00434375
00434431
00434439
00434512
00434520
00434531
00434548
00434583
00434590
00434596
00434784
00434822
00434824
00434826
00434862
00434901
00434916
00434931
00434939
00434948
00434951
00434960
00434975
00434982
00435031
00435068
00435084
00435100
00435105
00435142
00435172
00435319
00435588
00435626
00435644
00435648
00435671
00435756
00435816
00435876
00435883
00435894
00435928
00435973
00436292
00436334
00436462
00436465
00436538
00436556
00436560
00436576
00436653
00436664
00436666
00436675
00436677
00436685
00436691
00436693
00436695
00436697
00436766
00436782
00436792
00436803
00436840
00436857
00436893
00436913
00436926
00436960
00437008
00437013
00437015
00437025
00437151
00437164
00437238
00437269
00437327
00437361
00437474
00437536
00437566
00437575
00437617
00437629
00437702
00437747
00437821
00437831
00437837
00437844
00437887
00437891
00437919
00437957
00438037
00438046
00438096
00438103
00438125
00438136
00438228
00438237
00438256
00438351
00438407
00438448
00438489
00438499
00438601
00438633
00438638
00438701
00438724
00438738
00438763
00438801
00438879
00438886
00438894
00438944
00439002
00439004
00439096
00439160
00439273
00439312
00439317
00439346
00439395
00439436
00439537
00439575
00439616
00439704
00439767
00439834
00439838
00439905
00440001
00440037
00440054
00440075
00440162
00440227
00440268
00440272
00440313
00440329
00440348
00440358
00440366
00440370
00440380
00440384
00440393
00440439
00440448
00440490
00440495
00440508
00440543
00440586
00440589
00440637
00440682
00440687
00440706
00440735
00440742
00440756
00440788
00440806
00440921
00440957
00440996
00441096
00441372
00441380
00441427
00441490
00441505
00441548
00441692
00441717
00441737
00441780
00441812
00441929
00442095
00442128
00442190
00442200
00442219
00442267
00442346
00442374
00442453
00442466
00442473
00442479
00442519
00442561
00442579
00442584
00442655
00442659
00442661
00442687
00442709
00442807
00442815
00442818
00442821
00442875
00442901
00442934
00443070
00443108
00443129
00443157
00443182
00443187
00443194
00443201
00443204
00443245
00443262
00443389
00443400
00443404
00443409
00443411
00443484
00443522
00443581
00443585
00443587
00443658
00443895
00443996
00444019
00444185
00444258
00444365
00444398
00444430
00444448
00444551
00444558
00444578
00444612
00444640
00444662
00444668
00444676
00444764
00444923
00444973
00444978
00444981
00445025
00445033
00445056
00445085
00445163
00445180
00445312
00445360
00445401
00445441
00445450
00445469
00445603
00445726
00445759
00445817
00445864
00445925
00445995
00446109
00446167
00446291
00446326
00446488
00446502
00446566
00446571
00446586
00446617
00446638
00446650
00446661
00446668
00446690
00446804
00446807
00446891
00446988
00447084
00447311
00447425
00447506
00447639
00447643
00447646
00447678
00447688
00447694
00447723
00447742
00447768
00447788
00447803
00447810
00447827
00447829
00447841
00447850
00447857
00447876
00447890
00447909
00447957
00448064
00448079
00448094
00448123
00448183
00448257
00448280
00448304
00448401
00448405
00448424
00448474
00448481
00448537
00448641
00448643
00448655
00448731
00448739
00448836
00448849
00448876
00448903
00448923
00448934
00449009
00449097
00449177
00449506
00449523
00449538
00449753
00449897
00449924
00450047
00450066
00450073
00450121
00450192
00450213
00450578
00450596
00450625
00450653
00450663
00450665
00450680
00450705
00450743
00450968
00451169
00451255
00451283
00451296
00451534
00451556
00451585
00451685
00451778
00451915
00452000
00452008
00452048
00452171
00452286
00452439
00452449
00452543
00452597
00452600
00452689
00452715
00452820
00452837
00452936
00452964
00453008
00453091
00453101
00453242
00453299
00453331
00453337
00453523
00453534
00453762
00453833
00453920
00453946
00453963
00453982
00454015
00454027
00454055
00454227
00454296
00454371
00454490
00454507
00454534
00454551
00454630
00454636
00454648
00454677
00454686
00454691
00454733
00454745
00454792
00454804
00454813
00454883
00454893
00454954
00454965
00455021
00455164
00455182
00455209
00455284
00455383
00455402
00455435
00455437
00455441
00455446
00455455
00455461
00455480
00455558
00455560
00455571
00455582
00455622
00455649
00455664
00455717
00455818
00455910
00456015
00456030
00456108
00456159
00456284
00456286
00456289
00456308
00456332
00456415
00456446
00456448
00456458
00456488
00456506
00456542
00456544
00456560
00456575
00456579
00456592
00456598
00456602
00456663
00456677
00456725
00456754
00456829
00456878
00456885
00456956
00457068
00457178
00457180
00457335
00457367
00457436
00457553
00457558
00457562
00457576
00457578
00457584
00457601
00457606
00457629
00457634
00457808
00457820
00457891
00457895
00457907
00457912
00457920
00457943
00457945
00457976
00458098
00458158
00458299
00458352
00458474
00458570
00458624
00458730
00458813
00458851
00458905
00458915
00458923
00459237
00459306
00459321
00459328
00459347
00459349
00459389
00459402
00459440
00459481
00459501
00459698
00459804
00459866
00459899
00459917
00459944
00459959
00460044
00460061
00460063
00460118
00460123
00460139
00460145
00460260
00460300
00460311
00460332
00460343
00460358
00460378
00460390
00460411
00460512
00460538
00460641
00460667
00460735
00460761
00460808
00460829
00460874
00460905
00460933
00461016
00461068
00461105
00461132
00461189
00461213
00461277
00461346
00461421
00461498
00461547
00461584
00461591
00461600
00461625
00461671
00461717
00461729
00461744
00461747
00461749
00461768
00461804
00461812
00461848
00461850
00461853
00461862
00461882
00461906
00461944
00461959
00461978
00462156
00462167
00462186
00462208
00462235
00462260
00462308
00462630
00462644
00462656
00462757
00462876
00462991
00463087
00463110
00463155
00463190
00463289
00463301
00463334
00463393
00463396
00463428
00463498
00463531
00463536
00463555
00463561
00463599
00463635
00463691
00463717
00463759
00463802
00463811
00463851
00463877
00463889
00463953
00464048
00464099
00464155
00464164
00464311
00464334
00464366
00464372
00464413
00464434
00464445
00464461
00464513
00464543
00464598
00464636
00464739
00464753
00464796
00464849
00464851
00464907
00464931
00465126
00465159
00465194
00465213
00465291
00465387
00465428
00465632
00465663
00465678
00465686
00465753
00465815
00465893
00465903
00465908
00465917
00465924
00465987
00465995
00466151
00466165
00466183
00466216
00466221
00466251
00466277
00466314
00466382
00466394
00466455
00466507
00466523
00466553
00466592
00466640
00466706
00466736
00466759
00466845
00466887
00466907
00466990
00467015
00467023
00467029
00467150
00467264
00467327
00467329
00467369
00467395
00467426
00467466
00467493
00467617
00467627
00467650
00467827
00467833
00467841
00467853
00467855
00467858
00467900
00467984
00468088
00468243
00468259
00468392
00468423
00468471
00468485
00468541
00468549
00468685
00468705
00468713
00468717
00468745
00468756
00468914
00468956
00468962
00468998
00469174
00469181
00469191
00469351
00469480
00469482
00469509
00469520
00469547
00469571
00469575
00469626
00469650
00469675
00469714
00469767
00469839
00469890
00469989
00469992
00470012
00470042
00470046
00470054
00470056
00470058
00470060
00470062
00470065
00470074
00470086
00470232
00470261
00470286
00470396
00470426
00470477
00470505
00470513
00470581
00470642
00470648
00470701
00470708
00470734
00470766
00470788
00470898
00470959
00470962
00470976
00471030
00471047
00471050
00471058
00471066
00471103
00471109
00471140
00471161
00471384
00471390
00471425
00471469
00471601
00471646
00471681
00471687
00471866
00471902
00471929
00472251
00472278
00472336
00472367
00472493
00472512
00472541
00472559
00472601
00472620
00472623
00472626
00472639
00472646
00472655
00472657
00472677
00472737
00472769
00472805
00472840
00472842
00472878
00472889
00472997
00473026
00473032
00473035
00473038
00473044
00473070
00473090
00473150
00473224
00473260
00473266
00473332
00473360
00473376
00473384
00473396
00473425
00473429
00473449
00473455
00473501
00473507
00473575
00473626
00473674
00473687
00473692
00473714
00473764
00473775
00473780
00473935
00473961
00474047
00474049
00474071
00474148
00474237
00474277
00474297
00474316
00474370
00474372
00474386
00474441
00474487
00474663
00474667
00474750
00474767
00474779
00474787
00474800
00474854
00474879
00474916
00474919
00474996
00475054
00475085
00475136
00475189
00475205
00475294
00475326
00475335
00475374
00475387
00475415
00475453
00475498
00475511
00475553
00475559
00475596
00475602
00475655
00475719
00475730
00475780
00476093
00476137
00476152
00476257
00476275
00476323
00476497
00476572
00476605
00476615
00476716
00476760
00476782
00476827
00476942
00477110
00477133
00477156
00477160
00477183
00477185
00477206
00477237
00477260
00477340
00477414
00477460
00477643
00477700
00477798
00477802
00477804
00477851
00477909
00477917
00477953
00477986
00478019
00478048
00478093
00478117
00478125
00478131
00478149
00478159
00478202
00478206
00478222
00478225
00478239
00478248
00478268
00478274
00478278
00478291
00478319
00478356
00478385
00478417
00478428
00478462
00478553
00478608
00478636
00478639
00478645
00478687
00478705
00478721
00478732
00478752
00478781
00478877
00478925
00478959
00478982
00478987
00479068
00479309
00479331
00479386
00479400
00479411
00479418
00479427
00479433
00479437
00479454
00479476
00479584
00479596
00479674
00479686
00479701
00479711
00479737
00479739
00479786
00479814
00479857
00479870
00479917
00479943
00480079
00480117
00480175
00480231
00480243
00480248
00480259
00480314
00480366
00480381
00480464
00480471
00480615
00480663
00480691
00480745
00480765
00480784
00480824
00480829
00480868
00480874
00481022
00481118
00481131
00481174
00481192
00481217
00481258
00481264
00481268
00481276
00481281
00481292
00481299
00481307
00481377
00481383
00481456
00481484
00481576
00481608
00481628
00481670
00481672
00481677
00481954
00481979
00481997
00482039
00482065
00482078
00482099
00482151
00482198
00482229
00482257
00482279
00482336
00482398
00482478
00482487
00482502
00482527
00482550
00482570
00482601
00482618
00482732
00482747
00482755
00482789
00482898
00482918
00482952
00483235
00483238
00483248
00483285
00483287
00483321
00483388
00483525
00483551
00483590
00483849
00483858
00483902
00483904
00483906
00483958
00484062
00484065
00484181
00484189
00484247
00484260
00484393
00484395
00484425
00484451
00484505
00484533
00484537
00484619
00484804
00484817
00484821
00484824
00484853
00484947
00485060
00485121
00485202
00485238
00485245
00485255
00485394
00485520
00485552
00485728
00485771
00485792
00485803
00485815
00485890
00485930
00486022
00486026
00486032
00486036
00486043
00486102
00486163
00486178
00486187
00486227
00486246
00486272
00486278
00486289
00486298
00486319
00486337
00486342
00486356
00486416
00486455
00486457
00486518
00486538
00486548
00486552
00486554
00486583
00486585
00486591
00486599
00486611
00486614
00486642
00486656
00486662
00486664
00486684
00486709
00486744
00486752
00486763
00486846
00486855
00486938
00486954
00486965
00486972
00486985
00486992
00487041
00487073
00487083
00487091
00487094
00487100
00487117
00487153
00487174
00487182
00487207
00487265
00487290
00487314
00487383
00487408
00487417
00487421
00487429
00487469
00487568
00487590
00487598
00487645
00487654
00487656
00487742
00487769
00487790
00487841
00487869
00488116
00488122
00488168
00488180
00488281
00488286
00488340
00488354
00488416
00488427
00488449
00488554
00488709
00488766
00488791
00488828
00488861
00488893
00488897
00488942
00488974
00488976
00488978
00488992
00489002
00489016
00489117
00489122
00489161
00489166
00489170
00489174
00489180
00489183
00489187
00489190
00489204
00489288
00489317
00489327
00489353
00489365
00489448
00489503
00489506
00489536
00489594
00489596
00489610
00489620
00489646
00489679
00489698
00489700
00489704
00489706
00489711
00489713
00489721
00489724
00489733
00489761
00489847
00489903
00490011
00490123
00490300
00490350
00490377
00490389
00490462
00490603
00490637
00490815
00490920
00491170
00491191
00491320
00491462
00491508
00491540
00491576
00491600
00491617
00491621
00491685
00491777
00491907
00492121
00492334
00492356
00492369
00492382
00492454
00492474
00492510
00492536
00492543
00492591
00492603
00492633
00492644
00492666
00492692
00492733
00492760
00492770
00492802
00492820
00492876
00492901
00492921
00492941
00492963
00492976
00492979
00492985
00493008
00493028
00493050
00493091
00493123
00493153
00493156
00493162
00493164
00493260
00493303
00493311
00493315
00493318
00493338
00493352
00493354
00493387
00493397
00493425
00493438
00493444
00493449
00493485
00493577
00493589
00493633
00493673
00493704
00493708
00493713
00493725
00493734
00493803
00493827
00493838
00493853
00493859
00493861
00493956
00493981
00493988
00494024
00494073
00494075
00494099
00494152
00494154
00494161
00494197
00494207
00494254
00494284
00494328
00494343
00494369
00494395
00494414
00494446
00494480
00494516
00494534
00494577
00494609
00494646
00494702
00494746
00494792
00494941
00494995
00495067
00495075
00495089
00495105
00495107
00495203
00495246
00495310
00495362
00495370
00495377
00495456
00495463
00495607
00495628
00495682
00495788
00495820
00495844
00495856
00495870
00495894
00496123
00496135
00496152
00496159
00496189
00496196
00496269
00496295
00496302
00496324
00496336
00496445
00496454
00496458
00496461
00496464
00496466
00496468
00496481
00496483
00496487
00496489
00496494
00496510
00496522
00496552
00496578
00496604
00496625
00496629
00496648
00496650
00496659
00496712
00496726
00496853
00496864
00496946
00496979
00496981
00496996
00497013
00497025
00497031
00497051
00497060
00497105
00497110
00497141
00497155
00497201
00497343
00497349
00497418
00497444
00497465
00497545
00497560
00497642
00497704
00497708
00497948
00497982
00498101
00498109
00498142
00498290
00498305
00498319
00498342
00498431
00498561
00498571
00498726
00498775
00498836
00498849
00498859
00498886
00498939
00498953
00498980
00498988
00499053
00499070
00499163
00499182
00499235
00499305
00499338
00499363
00499383
00499397
00499399
00499426
00499544
00499546
00499744
00499786
00499829
00499831
00499853
00499859
00499865
00499868
00499873
00499877
00499893
00499940
00499942
00499994
00500003
00500020
00500028
00500064
00500073
00500078
00500108
00500121
00500129
00500144
00500150
00500229
00500250
00500259
00500265
00500271
00500297
00500301
00500325
00500331
00500339
00500341
00500358
00500382
00500409
00500452
00500467
00500539
00500541
00500550
00500568
00500572
00500596
00500603
00500618
00500623
00500633
00500641
00500643
00500655
00500661
00500714
00500748
00500761
00500794
00500834
00500837
00500839
00500845
00500925
00500930
00500933
00500935
00500938
00500947
00501013
00501131
00501159
00501194
00501199
00501399
00501425
00501509
00501540
00501622
00501625
00501636
00501687
00501722
00501740
00501762
00501780
00501943
00501982
00502009
00502106
00502557
00502639
00502697
00502703
00502861
00502909
00502960
00502991
00503045
00503124
00503185
00503209
00503247
00503339
00503370
00503396
00503416
00503503
00503558
00503624
00503675
00503686
00503697
00503739
00503751
00503768
00503908
00503925
00503929
00503932
00503944
00504060
00504087
00504102
00504157
00504260
00504268
00504320
00504366
00504459
00504552
00504621
00504635
00504857
00504918
00504969
00504998
00505047
00505049
00505066
00505093
00505127
00505138
00505322
00505419
00505458
00505460
00505463
00505567
00505592
00505703
00505736
00505747
00505794
00505821
00505823
00505881
00505912
00505937
00505963
00506011
00506080
00506087
00506128
00506187
00506252
00506595
00506679
00506716
00506743
00506814
00506833
00506848
00506932
00506938
00506946
00506950
00507023
00507086
00507110
00507119
00507124
00507132
00507140
00507161
00507172
00507177
00507213
00507235
00507352
00507414
00507436
00507443
00507468
00507501
00507536
00507563
00507574
00507611
00507627
00507630
00507676
00507691
00507706
00507728
00507741
00507743
00507757
00507763
00507787
00507827
00507901
00507912
00507914
00507942
00507944
00507980
00507995
00508006
00508056
00508062
00508064
00508080
00508167
00508222
00508233
00508244
00508250
00508361
00508380
00508388
00508400
00508420
00508458
00508512
00508519
00508522
00508537
00508602
00508709
00508738
00508742
00508763
00508795
00508839
00508848
00508927
00508954
00509000
00509004
00509166
00509437
00509531
00509561
00509575
00509718
00509766
00509789
00509839
00509864
00509899
00509965
00510013
00510043
00510116
00510118
00510120
00510278
00510345
00510380
00510384
00510396
00510453
00510478
00510559
00510591
00510636
00510640
00510648
00510654
00510659
00510664
00510680
00510700
00510786
00510793
00510818
00510844
00510876
00510890
00510894
00510900
00510937
00510940
00510948
00510973
00511019
00511027
00511032
00511039
00511051
00511072
00511095
00511106
00511112
00511114
00511143
00511150
00511155
00511162
00511190
00511220
00511244
00511312
00511348
00511470
00511482
00511508
00511531
00511577
00511605
00511615
00511656
00511658
00511660
00511672
00511821
00511839
00511853
00511896
00511930
00512013
00512020
00512030
00512037
00512142
00512280
00512293
00512421
00512428
00512458
00512490
00512492
00512496
00512502
00512506
00512643
00512719
00512823
00512864
00512904
00512955
00512962
00512965
00513043
00513064
00513102
00513108
00513295
00513319
00513346
00513481
00513644
00513677
00513792
00513813
00513829
00513884
00513888
00513897
00513987
00513996
00514008
00514012
00514065
00514137
00514280
00514324
00514405
00514425
00514450
00514480
00514483
00514490
00514539
00514543
00514565
00514658
00514670
00514688
00514698
00514705
00514708
00514723
00514738
00514740
00514746
00514749
00514768
00514792
00514800
00514819
00514825
00514843
00514888
00514932
00514959
00514990
00515002
00515045
00515209
00515269
00515276
00515295
00515330
00515341
00515361
00515400
00515423
00515479
00515606
00515657
00515683
00515704
00515727
00515918
00515991
00516036
00516074
00516092
00516113
00516122
00516164
00516183
00516196
00516204
00516214
00516253
00516256
00516340
00516382
00516442
00516444
00516485
00516496
00516527
00516638
00516650
00516674
00516751
00516803
00516819
00516858
00516862
00516972
00516984
00517069
00517092
00517106
00517147
00517156
00517176
00517204
00517206
00517208
00517264
00517272
00517274
00517303
00517312
00517330
00517395
00517398
00517400
00517409
00517418
00517426
00517439
00517472
00517569
00517713
00517747
00517749
00517751
00517824
00517852
00517854
00517884
00517897
00517905
00517926
00517931
00517933
00517951
00518121
00518233
00518255
00518275
00518293
00518319
00518365
00518411
00518431
00518445
00518525
00518530
00518612
00518639
00518765
00518784
00518790
00518803
00518815
00518824
00518834
00518842
00518882
00518904
00518909
00518921
00518952
00518964
00518970
00518983
00518996
00519016
00519021
00519023
00519025
00519049
00519077
00519079
00519091
00519098
00519106
00519116
00519128
00519136
00519144
00519245
00519259
00519278
00519285
00519288
00519291
00519297
00519311
00519315
00519359
00519382
00519418
00519420
00519436
00519478
00519480
00519484
00519518
00519546
00519566
00519578
00519605
00519608
00519610
00519617
00519623
00519625
00519654
00519783
00519792
00519867
00519879
00519939
00519990
00520003
00520087
00520123
00520177
00520200
00520215
00520227
00520235
00520250
00520271
00520291
00520321
00520340
00520420
00520438
00520469
00520482
00520506
00520566
00520619
00520638
00520671
00520677
00520685
00520727
00520732
00520735
00520767
00520784
00520861
00520873
00520896
00520915
00520922
00520941
00520949
00520956
00520968
00520976
00521025
00521078
00521082
00521089
00521106
00521183
00521301
00521339
00521362
00521469
00521538
00521621
00521623
00521729
00521749
00521767
00521827
00521892
00521904
00521969
00521994
00522005
00522012
00522027
00522046
00522048
00522069
00522097
00522137
00522179
00522207
00522328
00522357
00522372
00522405
00522442
00522452
00522485
00522489
00522527
00522638
00522677
00522681
00522690
00522700
00522775
00522807
00522821
00522872
00522889
00522951
00522982
00522999
00523041
00523068
00523081
00523129
00523143
00523160
00523223
00523265
00523348
00523377
00523423
00523435
00523576
00523594
00523687
00523754
00523769
00523784
00523791
00523819
00523832
00523835
00523882
00523894
00523901
00523910
00523960
00523991
00524067
00524123
00524133
00524199
00524328
00524480
00524510
00524653
00524658
00524694
00524704
00524710
00524742
00524803
00524871
00524964
00524969
00524996
00525017
00525240
00525269
00525354
00525413
00525415
00525476
00525533
00525535
00525643
00525696
00525709
00525714
00525762
00525814
00525883
00525919
00525983
00526043
00526046
00526077
00526082
00526102
00526129
00526232
00526287
00526325
00526436
00526454
00526463
00526545
00526555
00526617
00526689
00526713
00526851
00526898
00526930
00526976
00527111
00527133
00527147
00527159
00527183
00527237
00527248
00527284
00527287
00527319
00527350
00527365
00527367
00527374
00527381
00527417
00527443
00527452
00527474
00527482
00527497
00527509
00527512
00527520
00527533
00527539
00527550
00527568
00527572
00527577
00527584
00527587
00527598
00527606
00527608
00527613
00527619
00527621
00527629
00527655
00527665
00527724
00527728
00527763
00527776
00527789
00527804
00527929
00528135
00528146
00528204
00528213
00528283
00528332
00528360
00528443
00528647
00528693
00528787
00528911
00528937
00528995
00529004
00529020
00529043
00529134
00529139
00529155
00529159
00529175
00529206
00529223
00529375
00529409
00529411
00529430
00529480
00529483
00529503
00529582
00529599
00529703
00529705
00529838
00529853
00529869
00529874
00529880
00529890
00529908
00529912
00529925
00529927
00529930
00529940
00529943
00529948
00529951
00529962
00529968
00529974
00530009
00530016
00530020
00530025
00530027
00530050
00530052
00530059
00530071
00530083
00530146
00530193
00530211
00530218
00530220
00530225
00530230
00530234
00530238
00530243
00530252
00530256
00530276
00530281
00530298
00530303
00530309
00530316
00530322
00530325
00530327
00530343
00530353
00530364
00530373
00530378
00530385
00530388
00530391
00530395
00530408
00530419
00530421
00530425
00530439
00530451
00530457
00530460
00530469
00530475
00530478
00530484
00530496
00530498
00530511
00530517
00530521
00530523
00530528
00530540
00530545
00530563
00530565
00530570
00530578
00530586
00530590
00530592
00530595
00530605
00530616
00530621
00530658
00530663
00530674
00530676
00530701
00530794
00530808
00530843
00530919
00530938
00531006
00531084
00531140
00531158
00531203
00531207
00531220
00531236
00531243
00531255
00531324
00531352
00531378
00531389
00531413
00531422
00531448
00531453
00531467
00531522
00531575
00531603
00531680
00531735
00531743
00531755
00531759
00531771
00531791
00531818
00531844
00531886
00531889
00531896
00531945
00532106
00532125
00532146
00532179
00532204
00532317
00532341
00532348
00532437
00532530
00532558
00532563
00532663
00532667
00532688
00532702
00532716
00532720
00532768
00532834
00532971
00532976
00532979
00532985
00533015
00533066
00533169
00533214
00533237
00533241
00533245
00533250
00533260
00533270
00533284
00533293
00533318
00533373
00533409
00533454
00533480
00533482
00533489
00533507
00533511
00533619
00533621
00533630
00533814
00533891
00533905
00533924
00533968
00533999
00534035
00534117
00534167
00534201
00534229
00534251
00534340
00534391
00534489
00534492
00534563
00534587
00534622
00534631
00534643
00534651
00534658
00534717
00534773
00534827
00534850
00534852
00534888
00534896
00534899
00534915
00534961
00535013
00535184
00535234
00535256
00535292
00535298
00535305
00535336
00535365
00535367
00535388
00535433
00535451
00535453
00535472
00535499
00535566
00535569
00535611
00535699
00535705
00535749
00535753
00535757
00535760
00535764
00535773
00535786
00535792
00535806
00535819
00535919
00535987
00536040
00536103
00536169
00536211
00536269
00536284
00536297
00536372
00536450
00536454
00536621
00536633
00536672
00536717
00536758
00536770
00536774
00536785
00536788
00536808
00536825
00536891
00536934
00536936
00536939
00536942
00536946
00536980
00536989
00536998
00537012
00537030
00537051
00537162
00537190
00537209
00537221
00537319
00537394
00537414
00537418
00537423
00537426
00537455
00537458
00537462
00537464
00537478
00537505
00537519
00537524
00537526
00537529
00537531
00537533
00537553
00537567
00537587
00537663
00537687
00537694
00537703
00537791
00537807
00537847
00537878
00538011
00538175
00538223
00538234
00538270
00538300
00538308
00538316
00538361
00538442
00538469
00538508
00538533
00538543
00538567
00538575
00538578
00538583
00538654
00538673
00538720
00538743
00538754
00538769
00538837
00538910
00539074
00539118
00539160
00539216
00539243
00539321
00539346
00539355
00539442
00539447
00539455
00539492
00539526
00539603
00539784
00539832
00539874
00539889
00539906
00539937
00539944
00539980
00540009
00540012
00540032
00540052
00540181
00540184
00540239
00540259
00540265
00540275
00540312
00540314
00540317
00540328
00540332
00540339
00540381
00540394
00540415
00540440
00540467
00540490
00540519
00540525
00540527
00540551
00540559
00540597
00540602
00540638
00540655
00540681
00540686
00540708
00540747
00540758
00540762
00540765
00540771
00540775
00540778
00540780
00540787
00540792
00540797
00540805
00540809
00540813
00540815
00540823
00540836
00540883
00541119
00541131
00541156
00541341
00541396
00541428
00541475
00541488
00541501
00541610
00541620
00541695
00541716
00541720
00541814
00541886
00541968
00541992
00542052
00542071
00542077
00542098
00542113
00542162
00542190
00542230
00542274
00542300
00542368
00542391
00542527
00542578
00542652
00542733
00542736
00542747
00542770
00542782
00542806
00542896
00542922
00542938
00542940
00543055
00543094
00543114
00543242
00543273
00543417
00543420
00543431
00543538
00543919
00543956
00543976
00544204
00544231
00544313
00544431
00544451
00544481
00544516
00544578
00544589
00544610
00544636
00544750
00544820
00544832
00545009
00545053
00545114
00545132
00545147
00545155
00545222
00545262
00545282
00545478
00545594
00545643
00545668
00545718
00545787
00545818
00545840
00545847
00545859
00545905
00545952
00546078
00546153
00546177
00546191
00546199
00546235
00546298
00546342
00546346
00546358
00546366
00546507
00546570
00546586
00546655
00546664
00546692
00546819
00546842
00546875
00546992
00546996
00547036
00547045
00547189
00547328
00547338
00547342
00547414
00547574
00547636
00547728
00547730
00547733
00547766
00547878
00548039
00548187
00548221
00548236
00548254
00548281
00548290
00548331
00548373
00548434
00548436
00548552
00548668
00548770
00548786
00548793
00548821
00548871
00548910
00548947
00548951
00548971
00548995
00549021
00549053
00549173
00549237
00549246
00549252
00549274
00549416
00549484
00549565
00549578
00549590
00549593
00549673
00549709
00549719
00549729
00549736
00549941
00549972
00549991
00550005
00550010
00550065
00550742
00550781
00550798
00550804
00550806
00550821
00550844
00550864
00550896
00550935
00551009
00551055
00551109
00551141
00551219
00551249
00551339
00551346
00551348
00551357
00551362
00551430
00551456
00551485
00551717
00551807
00551810
00552072
00552096
00552150
00552159
00552185
00552226
00552253
00552256
00552272
00552319
00552425
00552517
00552541
00552604
00552681
00552761
00552789
00552822
00552835
00552874
00553086
00553106
00553182
00553185
00553245
00553278
00553361
00553441
00553512
00553537
00553600
00553692
00553704
00553857
00553882
00553930
00553999
00554001
00554007
00554016
00554032
00554132
00554151
00554177
00554190
00554240
00554270
00554383
00554404
00554441
00554454
00554514
00554526
00554569
00554578
00554581
00554586
00554590
00554594
00554729
00554737
00554741
00554744
00554746
00554766
00554848
00554854
00554880
00554917
00554956
00554967
00554996
00555296
00555349
00555400
00555411
00555434
00555499
00555520
00555528
00555602
00555618
00555653
00555744
00555750
00555757
00555761
00555779
00555786
00555816
00555898
00555950
00555998
00556069
00556076
00556106
00556196
00556205
00556245
00556260
00556330
00556389
00556501
00556583
00556619
00556622
00556637
00556646
00556670
00556681
00556755
00556797
00557231
00557359
00557427
00557469
00557472
00557506
00557511
00557519
00557527
00557542
00557597
00557643
00557660
00557688
00557752
00557757
00557762
00557772
00557776
00557785
00557794
00557799
00557877
00557892
00557930
00557952
00557994
00558032
00558060
00558076
00558097
00558163
00558247
00558261
00558287
00558292
00558355
00558366
00558445
00558536
00558639
00558647
00558659
00558665
00558675
00558690
00558697
00558716
00558793
00558807
00558857
00558897
00558917
00558943
00559025
00559051
00559168
00559194
00559236
00559254
00559351
00559376
00559389
00559591
00559629
00559928
00560009
00560025
00560203
00560293
00560307
00560363
00560374
00560388
00560436
00560452
00560482
00560522
00560582
00560595
00560605
00560634
00560647
00560676
00560685
00560693
00560717
00560778
00560802
00560838
00560848
00560861
00560923
00560937
00560952
00560995
00561009
00561061
00561137
00561152
00561163
00561167
00561171
00561182
00561238
00561240
00561263
00561278
00561293
00561312
00561325
00561332
00561341
00561365
00561388
00561414
00561465
00561506
00561522
00561533
00561732
00561768
00561814
00561817
00561820
00561825
00561827
00561903
00561933
00562013
00562033
00562035
00562037
00562039
00562122
00562142
00562165
00562174
00562191
00562226
00562235
00562256
00562287
00562419
00562450
00562507
00562529
00562559
00562644
00562684
00562749
00562760
00563366
00563442
00563447
00563497
00563692
00563716
00563757
00563819
00563843
00563866
00563875
00564019
00564077
00564134
00564150
00564243
00564283
00564297
00564314
00564319
00564326
00564332
00564340
00564509
00564583
00564597
00564631
00564777
00564795
00564804
00564871
00564966
00564984
00565031
00565054
00565093
00565143
00565377
00565390
00565405
00565468
00565558
00565611
00565614
00565639
00565745
00565804
00565844
00565864
00565931
00565979
00565983
00566048
00566119
00566126
00566128
00566132
00566145
00566288
00566303
00566418
00566497
00566547
00566583
00566617
00566715
00566719
00566725
00566729
00566737
00566763
00566898
00566901
00566917
00566936
00566938
00567045
00567263
00567269
00567288
00567316
00567328
00567356
00567501
00567542
00567559
00567588
00567617
00567624
00567626
00567628
00567634
00567661
00567728
00567731
00567789
00567800
00567807
00567871
00567972
00567975
00568045
00568095
00568114
00568121
00568164
00568187
00568195
00568234
00568273
00568334
00568370
00568407
00568424
00568429
00568495
00568497
00568501
00568505
00568509
00568535
00568584
00568593
00568620
00568626
00568629
00568699
00568707
00568778
00568783
00568820
00568859
00568934
00568941
00568949
00568976
00568981
00568994
00569037
00569043
00569046
00569048
00569051
00569058
00569076
00569101
00569127
00569153
00569222
00569315
00569359
00569475
00569480
00569488
00569496
00569535
00569540
00569571
00569602
00569605
00569622
00569624
00569629
00569632
00569643
00569666
00569705
00569745
00569849
00569864
00569871
00569875
00569887
00570074
00570086
00570170
00570173
00570207
00570222
00570262
00570292
00570342
00570471
00570484
00570506
00570516
00570538
00570565
00570581
00570627
00570763
00570850
00570897
00570902
00570921
00570935
00571052
00571085
00571216
00571231
00571234
00571238
00571309
00571356
00571369
00571378
00571395
00571418
00571443
00571485
00571492
00571499
00571538
00571548
00571566
00571581
00571584
00571586
00571596
00571618
00571679
00571681
00571722
00571757
00571868
00571890
00571892
00571907
00571926
00571929
00571938
00571941
00571951
00571985
00572077
00572120
00572131
00572199
00572207
00572215
00572223
00572229
00572232
00572242
00572309
00572329
00572349
00572403
00572426
00572428
00572441
00572492
00572523
00572560
00572632
00572635
00572690
00572701
00572717
00572728
00572738
00572791
00572807
00572816
00572826
00573028
00573084
00573171
00573273
00573331
00573345
00573354
00573385
00573397
00573414
00573457
00573459
00573461
00573464
00573466
00573557
00573614
00573625
00573657
00573664
00573732
00573791
00573903
00573908
00573911
00573920
00573931
00573942
00573981
00574010
00574078
00574090
00574128
00574156
00574174
00574209
00574227
00574357
00574384
00574396
00574459
00574508
00574521
00574615
00574657
00574847
00574987
00575014
00575055
00575077
00575160
00575357
00575435
00575455
00575475
00575496
00575502
00575515
00575543
00575546
00575592
00575620
00575639
00575650
00575654
00575696
00575746
00575779
00575794
00575811
00575815
00575822
00575835
00575858
00575983
00576062
00576122
00576148
00576156
00576237
00576308
00576429
00576460
00576504
00576512
00576564
00576709
00576736
00576739
00576753
00576766
00576769
00576799
00576825
00576946
00577043
00577050
00577112
00577191
00577204
00577207
00577210
00577251
00577266
00577303
00577309
00577319
00577328
00577379
00577458
00577469
00577472
00577480
00577597
00577728
00577759
00577885
00577927
00578007
00578038
00578121
00578177
00578196
00578211
00578258
00578264
00578266
00578272
00578275
00578293
00578548
00578650
00578791
00578806
00578820
00578904
00578907
00578933
00578942
00578977
00578980
00579001
00579037
00579062
00579195
00579197
00579200
00579231
00579261
00579272
00579277
00579383
00579432
00579454
00579466
00579494
00579572
00579674
00579722
00579808
00579817
00579875
00579910
00579917
00579928
00579930
00579933
00579943
00579952
00579959
00579980
00579991
00580037
00580041
00580047
00580053
00580149
00580180
00580219
00580243
00580267
00580286
00580334
00580368
00580372
00580466
00580485
00580517
00580522
00580531
00580545
00580669
00580696
00580722
00580759
00580841
00580849
00580877
00580889
00581039
00581082
00581122
00581147
00581162
00581218
00581221
00581223
00581228
00581234
00581237
00581245
00581294
00581335
00581337
00581342
00581350
00581365
00581385
00581432
00581529
00581549
00581559
00581617
00581640
00581671
00581705
00581718
00581733
00581737
00581743
00581908
00582082
00582092
00582099
00582189
00582196
00582203
00582212
00582231
00582234
00582344
00582354
00582364
00582434
00582438
00582466
00582477
00582512
00582536
00582583
00582699
00582701
00582710
00582714
00582756
00582785
00582793
00582804
00582842
00582848
00582857
00582864
00582879
00583065
00583099
00583115
00583155
00583176
00583180
00583182
00583202
00583214
00583279
00583386
00583434
00583494
00583513
00583517
00583548
00583566
00583671
00583692
00583759
00583768
00583772
00583786
00583792
00583865
00583902
00583950
00583982
00584002
00584004
00584122
00584128
00584197
00584216
00584262
00584271
00584274
00584334
00584340
00584361
00584428
00584442
00584464
00584530
00584689
00584764
00584909
00584948
00584968
00584993
00585052
00585102
00585127
00585196
00585249
00585260
00585264
00585411
00585458
00585529
00585586
00585606
00585659
00585692
00585695
00585715
00585760
00585963
00586144
00586151
00586254
00586262
00586287
00586307
00586388
00586482
00586550
00586553
00586557
00586562
00586632
00586683
00586685
00586716
00586766
00586794
00586810
00586886
00586914
00586976
00587052
00587056
00587079
00587247
00587278
00587381
00587397
00587455
00587460
00587479
00587492
00587497
00587693
00587730
00587733
00587780
00587800
00587863
00587889
00587901
00587985
00588020
00588055
00588061
00588116
00588292
00588300
00588304
00588306
00588322
00588326
00588330
00588346
00588357
00588420
00588430
00588444
00588482
00588509
00588513
00588553
00588555
00588584
00588609
00588661
00588787
00588841
00588913
00588931
00588936
00588948
00588959
00588966
00588976
00588996
00589010
00589081
00589208
00589268
00589427
00589483
00589533
00589605
00589642
00589666
00589737
00589766
00589794
00589873
00589895
00589914
00589937
00589975
00589999
00590033
00590051
00590059
00590070
00590074
00590085
00590121
00590176
00590215
00590263
00590267
00590269
00590273
00590359
00590378
00590385
00590401
00590414
00590481
00590554
00590564
00590566
00590575
00590668
00590671
00590685
00590703
00590772
00590833
00590843
00590847
00590873
00590986
00590988
00591035
00591117
00591125
00591141
00591184
00591455
00591556
00591819
00591865
00591897
00591975
00592048
00592063
00592104
00592155
00592173
00592222
00592253
00592264
00592291
00592317
00592338
00592370
00592377
00592433
00592508
00592516
00592526
00592597
00592695
00592702
00592715
00592731
00592739
00592941
00592952
00592960
00592967
00593065
00593084
00593098
00593103
00593110
00593150
00593170
00593215
00593221
00593247
00593255
00593381
00593387
00593502
00593682
00593693
00593695
00593702
00593797
00593847
00593849
00593867
00593892
00593903
00593931
00593974
00594062
00594075
00594088
00594122
00594137
00594141
00594151
00594174
00594191
00594207
00594285
00594329
00594361
00594446
00594450
00594461
00594486
00594593
00594610
00594739
00594764
00594789
00594917
00594948
00594995
00595018
00595086
00595103
00595147
00595151
00595153
00595161
00595168
00595192
00595245
00595308
00595317
00595325
00595408
00595416
00595492
00595647
00595677
00595769
00595789
00595834
00595868
00595901
00595904
00595922
00595931
00596007
00596040
00596086
00596093
00596192
00596223
00596255
00596343
00596365
00596368
00596421
00596517
00596530
00596550
00596554
00596572
00596586
00596656
00596664
00596716
00596731
00596738
00596740
00596749
00596751
00596779
00596800
00596809
00596812
00596822
00596845
00596865
00596892
00596983
00597020
00597089
00597099
00597162
00597414
00597428
00597731
00597866
00597931
00597970
00597977
00597998
00598027
00598174
00598187
00598200
00598340
00598407
00598414
00598588
00598616
00598635
00598665
00598705
00598785
00598842
00598867
00599238
00599343
00599360
00599421
00599466
00599532
00599596
00599602
00599644
00599747
00599750
00599774
00599777
00599780
00599808
00599852
00599854
00600150
00600173
00600206
00600245
00600260
00600262
00600266
00600271
00600297
00600395
00600455
00600457
00600468
00600520
00600534
00600560
00600571
00600620
00600703
00600735
00600791
00600798
00600848
00600945
00600966
00600995
00600997
00601006
00601043
00601056
00601089
00601136
00601150
00601220
00601222
00601230
00601242
00601250
00601272
00601279
00601322
00601354
00601377
00601379
00601381
00601385
00601395
00601409
00601423
00601430
00601444
00601644
00601707
00601799
00601937
00601939
00601941
00601966
00601970
00601993
00602071
00602098
00602100
00602111
00602165
00602184
00602200
00602216
00602223
00602231
00602241
00602270
00602273
00602325
00602379
00602386
00602393
00602556
00602567
00602621
00602642
00602717
00602719
00602766
00602778
00602786
00602790
00602806
00602825
00602833
00602881
00602895
00602912
00602919
00602952
00603011
00603046
00603097
00603133
00603198
00603301
00603324
00603347
00603467
00603538
00603604
00603834
00603909
00603930
00603937
00603976
00603978
00603989
00604010
00604041
00604076
00604102
00604151
00604160
00604235
00604246
00604278
00604287
00604316
00604339
00604395
00604478
00604539
00604581
00604590
00604596
00604598
00604655
00604775
00604841
00604869
00604888
00604901
00604937
00605148
00605254
00605261
00605435
00605440
00605498
00605561
00605737
00605745
00605791
00605872
00605879
00605885
00605936
00605940
00605942
00605947
00605954
00605983
00606034
00606047
00606078
00606102
00606128
00606191
00606200
00606207
00606274
00606514
00606516
00606531
00606536
00606542
00606552
00606628
00606680
00606687
00606702
00606784
00606788
00606790
00606797
00606810
00606854
00607115
00607137
00607150
00607161
00607185
00607193
00607235
00607301
00607303
00607312
00607357
00607389
00607397
00607401
00607502
00607509
00607671
00607673
00607715
00607765
00607795
00607800
00607802
00607805
00607829
00607865
00607903
00607918
00607929
00607937
00608017
00608026
00608028
00608038
00608067
00608081
00608182
00608343
00608356
00608360
00608428
00608452
00608553
00608595
00608615
00608638
00608646
00608651
00608664
00608712
00608751
00608757
00608778
00608783
00608831
00608867
00608881
00608935
00609127
00609166
00609176
00609341
00609408
00609490
00609533
00609606
00609828
00609882
00610084
00610223
00610232
00610270
00610304
00610331
00610466
00610471
00610542
00610544
00610550
00610601
00610606
00610655
00610668
00610686
00610697
00610701
00610705
00610767
00610790
00610883
00610910
00611077
00611109
00611149
00611209
00611216
00611222
00611247
00611251
00611295
00611333
00611368
00611412
00611436
00611524
00611528
00611564
00611597
00611623
00611690
00611723
00611749
00611783
00611807
00611810
00611831
00611835
00611837
00611845
00611861
00611871
00611880
00611890
00611892
00611895
00611902
00611914
00611924
00611926
00611934
00611939
00611941
00611943
00612034
00612049
00612119
00612141
00612154
00612174
00612176
00612377
00612433
00612440
00612444
00612458
00612499
00612626
00612750
00612765
00612773
00612803
00612893
00612927
00612979
00613047
00613156
00613163
00613173
00613183
00613270
00613279
00613291
00613295
00613336
00613342
00613349
00613364
00613376
00613384
00613410
00613441
00613453
00613481
00613545
00613561
00613585
00613596
00613668
00613715
00613724
00613728
00613736
00613786
00613821
00613829
00613831
00613833
00613840
00613850
00613855
00613864
00613875
00613881
00613884
00613889
00613904
00613906
00613908
00613910
00613933
00613949
00613962
00613968
00613981
00613987
00613990
00613996
00614013
00614076
00614078
00614085
00614103
00614129
00614149
00614173
00614196
00614297
00614415
00614435
00614442
00614548
00614559
00614616
00614638
00614660
00614692
00614712
00614721
00614723
00614725
00614731
00614733
00614737
00614743
00614745
00614748
00614801
00614840
00614920
00614925
00614930
00614976
00614999
00615007
00615052
00615104
00615123
00615125
00615170
00615203
00615240
00615270
00615300
00615304
00615308
00615310
00615312
00615336
00615341
00615344
00615679
00615723
00615733
00615761
00615861
00615864
00615878
00615962
00615985
00616009
00616042
00616060
00616089
00616116
00616121
00616170
00616186
00616273
00616309
00616336
00616362
00616447
00616618
00616638
00616661
00616777
00616794
00616921
00616948
00616953
00616959
00616982
00616986
00616997
00617083
00617093
00617156
00617173
00617175
00617246
00617257
00617295
00617324
00617352
00617354
00617360
00617369
00617471
00617481
00617483
00617488
00617530
00617543
00617545
00617580
00617593
00617707
00617721
00617771
00617775
00617809
00617875
00617889
00617919
00617967
00618102
00618128
00618142
00618147
00618150
00618155
00618157
00618330
00618371
00618405
00618471
00618489
00618501
00618534
00618577
00618630
00618671
00618674
00618679
00618714
00618736
00618774
00618799
00618801
00618809
00618812
00618835
00618938
00619135
00619239
00619262
00619326
00619347
00619370
00619380
00619383
00619395
00619401
00619414
00619430
00619441
00619463
00619520
00619583
00619613
00619632
00619661
00619686
00619744
00619749
00619751
00619774
00619779
00619935
00620103
00620147
00620156
00620158
00620169
00620186
00620189
00620225
00620275
00620277
00620282
00620284
00620305
00620308
00620321
00620344
00620394
00620425
00620488
00620493
00620519
00620610
00620642
00620674
00620734
00620753
00620763
00620807
00620909
00620922
00620929
00621005
00621074
00621078
00621133
00621193
00621271
00621290
00621336
00621347
00621361
00621377
00621380
00621472
00621524
00621529
00621555
00621573
00621627
00621654
00621681
00621780
00621786
00621940
00622137
00622156
00622162
00622260
00622269
00622271
00622289
00622311
00622338
00622343
00622351
00622358
00622387
00622424
00622428
00622663
00622711
00622805
00622876
00623017
00623023
00623030
00623168
00623308
00623312
00623527
00623530
00623554
00623647
00623656
00623696
00623728
00623813
00623864
00623888
00623899
00623921
00623955
00623967
00624070
00624097
00624103
00624114
00624134
00624157
00624220
00624235
00624270
00624290
00624297
00624352
00624426
00624465
00624513
00624638
00624688
00624700
00624705
00624718
00624721
00624738
00624747
00624794
00624852
00624872
00624878
00624990
00625026
00625036
00625102
00625124
00625132
00625155
00625221
00625238
00625242
00625251
00625280
00625294
00625305
00625359
00625393
00625516
00625534
00625542
00625544
00625547
00625555
00625564
00625602
00625621
00625684
00625688
00625749
00625825
00625904
00625977
00625993
00626089
00626123
00626182
00626229
00626368
00626440
00626537
00626650
00626660
00626707
00626738
00626821
00626987
00627075
00627183
00627221
00627243
00627326
00627380
00627416
00627489
00627571
00627581
00627620
00627669
00627677
00627761
00627778
00627808
00627908
00628173
00628219
00628232
00628314
00628354
00628424
00628564
00628620
00628648
00628674
00628691
00628715
00628812
00628820
00629023
00629065
00629084
00629096
00629170
00629221
00629266
00629392
00629425
00629439
00629455
00629531
00629600
00629604
00629648
00629665
00629733
00629842
00629871
00629896
00629903
00629923
00629965
00630015
00630101
00630127
00630199
00630273
00630323
00630476
00630498
00630528
00630619
00630650
00630682
00630721
00630764
00630778
00630797
00630854
00630920
00630923
00630926
00630954
00631022
00631099
00631154
00631195
00631251
00631298
00631326
00631338
00631503
00631566
00631764
00631899
00631928
00632027
00632040
00632046
00632048
00632050
00632055
00632068
00632149
00632197
00632217
00632243
00632246
00632251
00632278
00632283
00632404
00632426
00632492
00632563
00632628
00632631
00632738
00632777
00632821
00632896
00632916
00632947
00633068
00633169
00633300
00633310
00633342
00633373
00633382
00633413
00633455
00633463
00633550
00633664
00633686
00633730
00633771
00633786
00633844
00633847
00633883
00633897
00633919
00634141
00634183
00634195
00634199
00634233
00634315
00634344
00634379
00634494
00634508
00634519
00634535
00634584
00634604
00634611
00634696
00634713
00634762
00634765
00634777
00634788
00634790
00634795
00634797
00634802
00634818
00634825
00634840
00634894
00634912
00634921
00634934
00634992
00635126
00635151
00635207
00635247
00635260
00635281
00635351
00635400
00635532
00635560
00635565
00635592
00635596
00635605
00635607
00635609
00635624
00635638
00635703
00635713
00635717
00635724
00635771
00635820
00635822
00635861
00635924
00635948
00635957
00636049
00636068
00636100
00636350
00636418
00636420
00636439
00636462
00636500
00636658
00636679
00636683
00636689
00636703
00636777
00636804
00636810
00636817
00636874
00636947
00636974
00636994
00637024
00637072
00637078
00637145
00637147
00637201
00637205
00637239
00637406
00637426
00637432
00637439
00637450
00637453
00637471
00637474
00637476
00637486
00637493
00637506
00637535
00637563
00637580
00637585
00637604
00637620
00637625
00637657
00637684
00637711
00637738
00637768
00637851
00637881
00637920
00637938
00638000
00638031
00638095
00638106
00638127
00638179
00638187
00638205
00638265
00638267
00638294
00638317
00638391
00638419
00638432
00638487
00638514
00638562
00638635
00638688
00638699
00638717
00638721
00638727
00638741
00638757
00638772
00638867
00638891
00638911
00638920
00639020
00639141
00639195
00639334
00639386
00639409
00639429
00639483
00639617
00639629
00639664
00639807
00639866
00639888
00639931
00639965
00640013
00640016
00640036
00640042
00640058
00640131
00640371
00640385
00640388
00640409
00640518
00640536
00640545
00640548
00640557
00640559
00640579
00640586
00640639
00640654
00640701
00640707
00640712
00640818
00640826
00640835
00640907
00640938
00640970
00641104
00641154
00641171
00641215
00641223
00641251
00641291
00641328
00641521
00641535
00641540
00641567
00641685
00641708
00641734
00641830
00641887
00641912
00641967
00641984
00642001
00642046
00642083
00642180
00642192
00642286
00642297
00642321
00642364
00642408
00642421
00642460
00642528
00642597
00642625
00642716
00642718
00642720
00642753
00642786
00642844
00642956
00643012
00643033
00643124
00643159
00643205
00643227
00643240
00643324
00643360
00643371
00643415
00643435
00643455
00643460
00643466
00643478
00643526
00643528
00643530
00643536
00643643
00643667
00643766
00643802
00643842
00643886
00643945
00643966
00644146
00644284
00644332
00644447
00644506
00644552
00644660
00644686
00644836
00644982
00644989
00645012
00645095
00645127
00645156
00645160
00645249
00645456
00645485
00645487
00645517
00645622
00645660
00645682
00645735
00645745
00645770
00645779
00645849
00645859
00645878
00645941
00645998
00646002
00646129
00646182
00646245
00646267
00646271
00646340
00646343
00646394
00646415
00646419
00646421
00646522
00646550
00646699
00646748
00646818
00646917
00646923
00646959
00646991
00647014
00647036
00647081
00647153
00647212
00647268
00647545
00647825
00647913
00648051
00648078
00648099
00648238
00648241
00648287
00648321
00648387
00648407
00648418
00648432
00648475
00648504
00648784
00648896
00649053
00649067
00649104
00649289
00649352
00649355
00649362
00649455
00649503
00649540
00649595
00649621
00649627
00649633
00649755
00649891
00649995
00650214
00650549
00650552
00650556
00650558
00650562
00650582
00650623
00650681
00650692
00650717
00650795
00650914
00650971
00651066
00651088
00651139
00651167
00651204
00651237
00651382
00651424
00651495
00651569
00651585
00651591
00651624
00651630
00651690
00651712
00651781
00651813
00651952
00652108
00652302
00652457
00652528
00652531
00652574
00652631
00652663
00652671
00652686
00652724
00652740
00652753
00652762
00652764
00652768
00652784
00652788
00652802
00652914
00653029
00653043
00653050
00653110
00653164
00653185
00653208
00653298
00653334
00653350
00653363
00653501
00653650
00653656
00653715
00653755
00653795
00653828
00653954
00653971
00653987
00654002
00654018
00654047
00654067
00654127
00654154
00654193
00654292
00654516
00654605
00654608
00654618
00654701
00654724
00654731
00654741
00654853
00655007
00655052
00655056
00655058
00655067
00655090
00655097
00655101
00655170
00655172
00655177
00655188
00655331
00655491
00655542
00655642
00655698
00655702
00655710
00655719
00655743
00655748
00655756
00655792
00655794
00655847
00655905
00655908
00655925
00656011
00656020
00656170
00656207
00656240
00656262
00656320
00656329
00656352
00656564
00656569
00656593
00656615
00656646
00656674
00656774
00656841
00656880
00656906
00656938
00656957
00656989
00657013
00657048
00657070
00657115
00657120
00657129
00657149
00657223
00657234
00657256
00657292
00657334
00657372
00657470
00657486
00657518
00657537
00657555
00657591
00657601
00657605
00657616
00657635
00657637
00657665
00657669
00657676
00657707
00657719
00657771
00657774
00657776
00657798
00657804
00657816
00657932
00658034
00658167
00658170
00658239
00658244
00658255
00658266
00658303
00658326
00658365
00658431
00658509
00658562
00658672
00658706
00658740
00659035
00659060
00659091
00659139
00659162
00659175
00659232
00659283
00659323
00659360
00659530
00659557
00659583
00659631
00659683
00659703
00659712
00659769
00659774
00659805
00659812
00659827
00659847
00660007
00660011
00660208
00660216
00660221
00660241
00660287
00660341
00660393
00660395
00660399
00660515
00660559
00660591
00660618
00660675
00660693
00660757
00660810
00660923
00660988
00661069
00661095
00661110
00661138
00661172
00661200
00661360
00661388
00661433
00661445
00661480
00661521
00661595
00661599
00661613
00661617
00661631
00661646
00661708
00661722
00661733
00661780
00661804
00661843
00661862
00661906
00662023
00662256
00662265
00662286
00662294
00662570
00662575
00662635
00662665
00662684
00662708
00662731
00662768
00662817
00662882
00662885
00662892
00662968
00663015
00663093
00663099
00663124
00663139
00663159
00663166
00663202
00663204
00663208
00663210
00663231
00663254
00663258
00663280
00663284
00663366
00663399
00663549
00663573
00663637
00663640
00663651
00663780
00663816
00663885
00663922
00664036
00664078
00664159
00664168
00664205
00664254
00664340
00664397
00664431
00664507
00664522
00664554
00664602
00664671
00664673
00664682
00664728
00664738
00664786
00664789
00664798
00664805
00664888
00664944
00664956
00664958
00664961
00664975
00664995
00664998
00665024
00665028
00665037
00665039
00665051
00665053
00665130
00665162
00665171
00665182
00665243
00665274
00665324
00665364
00665375
00665628
00665633
00665655
00665660
00665663
00665666
00665701
00665718
00665806
00665818
00665974
00666016
00666037
00666077
00666089
00666105
00666214
00666228
00666316
00666364
00666589
00666600
00666617
00666643
00666727
00666767
00666770
00666785
00666807
00666861
00666894
00667076
00667106
00667130
00667177
00668022
00668368
00668398
00668429
00668473
00668500
00668534
00668545
00668602
00668678
00668778
00668792
00668818
00668854
00668871
00668880
00668886
00668898
00668932
00668947
00668982
00669233
00669246
00669274
00669437
00669449
00669462
00669466
00669471
00669568
00669575
00669588
00669602
00669662
00669824
00669908
00669932
00669977
00670034
00670136
00670231
00670266
00670268
00670288
00670368
00670371
00670417
00670422
00670424
00670426
00670441
00670447
00670457
00670461
00670478
00670502
00670561
00670709
00670762
00670788
00670791
00670793
00671034
00671089
00671091
00671093
00671183
00671198
00671241
00671250
00671458
00671872
00671936
00671986
00672007
00672102
00672133
00672273
00672291
00672352
00672359
00672363
00672424
00672433
00672530
00672537
00672563
00672577
00672654
00672698
00672804
00672901
00672903
00672925
00673038
00673240
00673267
00673277
00673303
00673314
00673344
00673390
00673500
00673528
00673533
00673563
00673667
00673732
00673788
00673799
00673862
00673871
00673932
00673940
00673969
00673973
00673977
00674102
00674110
00674153
00674191
00674196
00674214
00674228
00674237
00674239
00674241
00674268
00674295
00674332
00674391
00674393
00674417
00674465
00674478
00674516
00674519
00674521
00674523
00674543
00674556
00674560
00674580
00674601
00674680
00674705
00674764
00674798
00675106
00675231
00675250
00675325
00675375
00675426
00675470
00675482
00675498
00675501
00675503
00675530
00675534
00675538
00675543
00675557
00675561
00675601
00675609
00675618
00675644
00675685
00675846
00675870
00675873
00675885
00675902
00675960
00676005
00676007
00676037
00676059
00676067
00676073
00676101
00676118
00676155
00676157
00676186
00676207
00676234
00676283
00676366
00676381
00676415
00676587
00676641
00676692
00676724
00676769
00676823
00676850
00676870
00676877
00676938
00676987
00677035
00677059
00677067
00677199
00677220
00677248
00677276
00677288
00677314
00677350
00677409
00677419
00677470
00677612
00677662
00677712
00677783
00677834
00677889
00678036
00678097
00678100
00678157
00678170
00678198
00678227
00678384
00678440
00678476
00678515
00678521
00678530
00678546
00678581
00678584
00678661
00678736
00678756
00678768
00678824
00678850
00678858
00678880
00678955
00678984
00678995
00679014
00679019
00679066
00679098
00679111
00679114
00679121
00679260
00679285
00679361
00679523
00679525
00679584
00679606
00679700
00679854
00679858
00679891
00679918
00680065
00680131
00680209
00680229
00680239
00680291
00680403
00680418
00680464
00680475
00680557
00680610
00680620
00680695
00680697
00680785
00680919
00680921
00680931
00680971
00681049
00681052
00681054
00681061
00681116
00681178
00681211
00681273
00681463
00681493
00681530
00681547
00681551
00681553
00681556
00681587
00681593
00681597
00681603
00681621
00681684
00681754
00681758
00681780
00681800
00681809
00681822
00681830
00681836
00681864
00681872
00681891
00681902
00681945
00681989
00682000
00682010
00682023
00682040
00682047
00682060
00682063
00682098
00682105
00682109
00682112
00682116
00682120
00682124
00682131
00682135
00682138
00682160
00682170
00682176
00682184
00682186
00682196
00682202
00682206
00682233
00682237
00682241
00682244
00682249
00682253
00682277
00682318
00682327
00682389
00682464
00682502
00682532
00682615
00682769
00682891
00682958
00683080
00683084
00683102
00683142
00683213
00683228
00683257
00683298
00683310
00683321
00683368
00683503
00683522
00683528
00683588
00683606
00683639
00683651
00683668
00683679
00683688
00683755
00683790
00683843
00683862
00683924
00683940
00684009
00684016
00684049
00684086
00684088
00684090
00684096
00684128
00684313
00684381
00684436
00684488
00684524
00684575
00684618
00684667
00684703
00684754
00684804
00684838
00684884
00684935
00684938
00684940
00685194
00685212
00685248
00685251
00685270
00685278
00685280
00685293
00685321
00685346
00685359
00685402
00685404
00685416
00685428
00685440
00685444
00685450
00685462
00685480
00685497
00685506
00685511
00685519
00685560
00685572
00685576
00685586
00685598
00685607
00685616
00685625
00685648
00685665
00685675
00685680
00685689
00685698
00685726
00685822
00685836
00685839
00685841
00685859
00685868
00685871
00685877
00685879
00685887
00685889
00685892
00685896
00685898
00685901
00685903
00685905
00685912
00685915
00685918
00685922
00685938
00685955
00685965
00685998
00686017
00686032
00686134
00686183
00686215
00686280
00686319
00686401
00686467
00686555
00686557
00686579
00686684
00686690
00686694
00686715
00686729
00686793
00686934
00686985
00686992
00687012
00687016
00687026
00687055
00687066
00687068
00687079
00687082
00687122
00687208
00687565
00687701
00687780
00687808
00687858
00687863
00687870
00687898
00688097
00688106
00688120
00688123
00688340
00688471
00688518
00688536
00688552
00688574
00688645
00688675
00688692
00688694
00688698
00688711
00688722
00688730
00688792
00688801
00688813
00688880
00688901
00688922
00688924
00688926
00688958
00688968
00688973
00689030
00689046
00689074
00689084
00689109
00689308
00689352
00689419
00689523
00689548
00689603
00689607
00689612
00689618
00689625
00689633
00689654
00689692
00689774
00689799
00689852
00689870
00689921
00689950
00690070
00690203
00690482
00690550
00690591
00690594
00690653
00691102
00691117
00691136
00691140
00691169
00691195
00691264
00691270
00691359
00691454
00691483
00691671
00691709
00691853
00691905
00691912
00691926
00691993
00692001
00692029
00692038
00692040
00692052
00692126
00692213
00692350
00692453
00692462
00692496
00692512
00692524
00692559
00692628
00692645
00692654
00692760
00692913
00693069
00693080
00693139
00693170
00693270
00693351
00693355
00693407
00693514
00693519
00693541
00693559
00693578
00693683
00693806
00693866
00693903
00693927
00693935
00693971
00694001
00694022
00694031
00694094
00694185
00694262
00694546
00694852
00694884
00694937
00694957
00695007
00695047
00695069
00695071
00695096
00695146
00695152
00695176
00695186
00695195
00695201
00695235
00695302
00695319
00695358
00695380
00695414
00695442
00695466
00695503
00695677
00695696
00695699
00695707
00695720
00695724
00695737
00695747
00695768
00695919
00695950
00695954
00695963
00696000
00696143
00696148
00696177
00696225
00696253
00696263
00696376
00696388
00696423
00696431
00696455
00696479
00696482
00696485
00696523
00696547
00696620
00696651
00696781
00696806
00696845
00696863
00696874
00696887
00696921
00696929
00696931
00696940
00696953
00696992
00697118
00697169
00697184
00697197
00697284
00697308
00697344
00697366
00697433
00697444
00697484
00697491
00697498
00697504
00697507
00697546
00697554
00697706
00697797
00697881
00697918
00697972
00697983
00698014
00698017
00698043
00698059
00698193
00698289
00698327
00698368
00698397
00698428
00698467
00698580
00698850
00698863
00698871
00698886
00698899
00698951
00698966
00699003
00699027
00699050
00699227
00699256
00699258
00699314
00699319
00699359
00699407
00699429
00699443
00699445
00699753
00699759
00699797
00699815
00699895
00699903
00699906
00699909
00699912
00699938
00699941
00700002
00700011
00700027
00700034
00700108
00700117
00700161
00700357
00700617
00700669
00700691
00700710
00700751
00700759
00701017
00701108
00701216
00701273
00701351
00701544
00701587
00701677
00701786
00701846
00702068
00702079
00702108
00702138
00702140
00702152
00702192
00702198
00702219
00702315
00702359
00702366
00702480
00702484
00702490
00702568
00702575
00702635
00702682
00702741
00702765
00702768
00702772
00702779
00702786
00702804
00702814
00702820
00702834
00702841
00702855
00702874
00702881
00702885
00702894
00702897
00702903
00702928
00702979
00703045
00703047
00703077
00703105
00703180
00703203
00703239
00703261
00703289
00703309
00703402
00703444
00703492
00703563
00703612
00703679
00703708
00703757
00703763
00703786
00703799
00703932
00703937
00703975
00704001
00704087
00704162
00704166
00704243
00704258
00704415
00704423
00704462
00704464
00704466
00704490
00704543
00704631
00704749
00704765
00704780
00704800
00704880
00704944
00704954
00704969
00704974
00705006
00705080
00705106
00705124
00705152
00705240
00705245
00705249
00705252
00705256
00705289
00705295
00705308
00705329
00705377
00705416
00705420
00705520
00705529
00705655
00705678
00705715
00705738
00705806
00705845
00705853
00705883
00705936
00705954
00706069
00706085
00706468
00706563
00706570
00706580
00706591
00706681
00706791
00706827
00706883
00706893
00706910
00707006
00707014
00707059
00707341
00707354
00707500
00707577
00707621
00707676
00707732
00707859
00707975
00707992
00707994
00707997
00707999
00708001
00708018
00708026
00708036
00708052
00708054
00708192
00708214
00708245
00708361
00708431
00708438
00708484
00708499
00708503
00708581
00708629
00708745
00708762
00708793
00708821
00708933
00708962
00708971
00709004
00709055
00709210
00709254
00709285
00709323
00709451
00709465
00709485
00709503
00709505
00709573
00709613
00709740
00709782
00709797
00709867
00709957
00709980
00710043
00710156
00710175
00710421
00710462
00710469
00710478
00710500
00710587
00710645
00710671
00710693
00710714
00710732
00710757
00710837
00710920
00710948
00710974
00711002
00711007
00711150
00711186
00711227
00711258
00711262
00711320
00711331
00711348
00711390
00711430
00711509
00711577
00711606
00711719
00711798
00711841
00711877
00711948
00711988
00712018
00712034
00712051
00712087
00712101
00712112
00712140
00712175
00712184
00712195
00712238
00712273
00712379
00712426
00712542
00712547
00712591
00712593
00712600
00712640
00712680
00712711
00712747
00712816
00712832
00712881
00712918
00713048
00713072
00713108
00713122
00713156
00713190
00713308
00713316
00713368
00713377
00713424
00713542
00713556
00713587
00713664
00713690
00713750
00713761
00713798
00713922
00714239
00714263
00714291
00714313
00714335
00714363
00714428
00714455
00714488
00714503
00714511
00714515
00714520
00714523
00714533
00714566
00714572
00714583
00714593
00714623
00714645
00714651
00714653
00714668
00714680
00714714
00714759
00714771
00714860
00714899
00714907
00714935
00714947
00714956
00715007
00715039
00715118
00715143
00715180
00715203
00715216
00715234
00715320
00715412
00715491
00715511
00715528
00715539
00715572
00715597
00715619
00715716
00715745
00715755
00715788
00715790
00715869
00715911
00715952
00716012
00716018
00716051
00716068
00716074
00716106
00716111
00716168
00716264
00716296
00716369
00716657
00716677
00716689
00716721
00716723
00716756
00716846
00716866
00716992
00717025
00717027
00717108
00717209
00717344
00717366
00717407
00717409
00717412
00717469
00717489
00717565
00717583
00717620
00717717
00717767
00717827
00717861
00717907
00717909
00717916
00717944
00717967
00717980
00717991
00718016
00718031
00718078
00718093
00718099
00718148
00718156
00718172
00718221
00718245
00718332
00718355
00718359
00718367
00718373
00718412
00718422
00718432
00718459
00718523
00718533
00718547
00718600
00718622
00718683
00718745
00718766
00718770
00718822
00718827
00718913
00718992
00719018
00719074
00719146
00719199
00719225
00719261
00719274
00719282
00719297
00719310
00719332
00719335
00719345
00719357
00719403
00719482
00719511
00719604
00719609
00719630
00719706
00719722
00719758
00719771
00719774
00719799
00719861
00719915
00719956
00719972
00719988
00720026
00720029
00720047
00720070
00720112
00720121
00720128
00720147
00720211
00720262
00720285
00720357
00720639
00720782
00720791
00720828
00720911
00720950
00721041
00721072
00721085
00721114
00721119
00721142
00721163
00721183
00721188
00721193
00721227
00721229
00721231
00721252
00721271
00721306
00721371
00721450
00721531
00721542
00721545
00721583
00721628
00721633
00721639
00721661
00721691
00721706
00721726
00721746
00721798
00721864
00721986
00722008
00722071
00722073
00722078
00722157
00722173
00722175
00722191
00722207
00722269
00722274
00722319
00722365
00722411
00722532
00722600
00722689
00722706
00722733
00722742
00722772
00722793
00722819
00722834
00722865
00722870
00722902
00722916
00722919
00722925
00722956
00722993
00723016
00723149
00723164
00723226
00723246
00723272
00723290
00723334
00723340
00723352
00723373
00723478
00723481
00723520
00723650
00723683
00723752
00723776
00723843
00723915
00723978
00724009
00724014
00724037
00724048
00724083
00724164
00724170
00724217
00724224
00724243
00724248
00724260
00724264
00724378
00724393
00724407
00724446
00724536
00724546
00724636
00724700
00724708
00724750
00724809
00724844
00724846
00724925
00724968
00724980
00725223
00725244
00725473
00725477
00725480
00725533
00725541
00725554
00725577
00725618
00725738
00725743
00725752
00725806
00725849
00726044
00726130
00726137
00726146
00726153
00726161
00726175
00726191
00726237
00726274
00726319
00726322
00726350
00726360
00726446
00726466
00726470
00726507
00726534
00727052
00727120
00727138
00727209
00727245
00727315
00727434
00727450
00727484
00727506
00727545
00727601
00727629
00727655
00727695
00727737
00727748
00727791
00727822
00727834
00727846
00727851
00727854
00727857
00727860
00727877
00727890
00727900
00727906
00727910
00727913
00727915
00727917
00727919
00727921
00727923
00727939
00727960
00728003
00728052
00728055
00728109
00728120
00728137
00728139
00728155
00728163
00728196
00728298
00728364
00728514
00728537
00728632
00728638
00728686
00728714
00728733
00728818
00728836
00728859
00728899
00728928
00729008
00729107
00729167
00729337
00729388
00729407
00729445
00729523
00729546
00729617
00729624
00729637
00729658
00729703
00729705
00729793
00729823
00729851
00729864
00729934
00729936
00729939
00729996
00730010
00730030
00730061
00730148
00730346
00730353
00730399
00730439
00730620
00730636
00730690
00730750
00730856
00730967
00730977
00730995
00731057
00731060
00731153
00731158
00731216
00731281
00731296
00731374
00731407
00731448
00731495
00731533
00731554
00731640
00731647
00731706
00731755
00731766
00731779
00731793
00731810
00731865
00731993
00732158
00732164
00732186
00732216
00732223
00732248
00732284
00732287
00732300
00732319
00732336
00732383
00732412
00732417
00732426
00732448
00732505
00732544
00732597
00732649
00732698
00732737
00732740
00732784
00732813
00732816
00732819
00732925
00732960
00733041
00733124
00733223
00733240
00733386
00733394
00733434
00733457
00733579
00733734
00733770
00733881
00733940
00733955
00733967
00734017
00734024
00734029
00734055
00734100
00734178
00734193
00734246
00734262
00734294
00734318
00734365
00734441
00734464
00734497
00734511
00734516
00734520
00734628
00734963
00735012
00735034
00735086
00735103
00735137
00735148
00735152
00735154
00735165
00735170
00735186
00735214
00735232
00735248
00735263
00735277
00735295
00735360
00735365
00735410
00735415
00735431
00735473
00735479
00735484
00735578
00735600
00735641
00735652
00735656
00735681
00735699
00735703
00735726
00735732
00735734
00735759
00735781
00735795
00735799
00735805
00735807
00735809
00735814
00735841
00735848
00735852
00735878
00735892
00735954
00736035
00736042
00736106
00736151
00736308
00736359
00736382
00736422
00736509
00736556
00736567
00736586
00736807
00736812
00736838
00736844
00736846
00736872
00736892
00736951
00736975
00736980
00737072
00737107
00737133
00737178
00737231
00737266
00737270
00737299
00737313
00737333
00737339
00737371
00737378
00737386
00737395
00737423
00737475
00737484
00737536
00737540
00737555
00737595
00737652
00737741
00737759
00737956
00737967
00737988
00737999
00738009
00738012
00738053
00738137
00738251
00738253
00738255
00738257
00738261
00738279
00738292
00738301
00738303
00738306
00738323
00738334
00738336
00738338
00738343
00738349
00738359
00738363
00738367
00738370
00738373
00738397
00738408
00738410
00738417
00738419
00738455
00738460
00738475
00738498
00738502
00738508
00738531
00738564
00738583
00738607
00738620
00738628
00738643
00738645
00738655
00738674
00738682
00738704
00738710
00738716
00738723
00738737
00738740
00738744
00738754
00738759
00738763
00738767
00738772
00738778
00738781
00738783
00738787
00738793
00738796
00738806
00738813
00738817
00738823
00738827
00738835
00738839
00738841
00738845
00738847
00738849
00738859
00738867
00738870
00738872
00738877
00738886
00738912
00738967
00738997
00739001
00739027
00739051
00739064
00739068
00739074
00739093
00739116
00739118
00739129
00739138
00739153
00739157
00739172
00739177
00739180
00739197
00739247
00739274
00739288
00739297
00739309
00739363
00739402
00739457
00739460
00739465
00739480
00739487
00739527
00739535
00739551
00739586
00739695
00739754
00739763
00739789
00739792
00739795
00739864
00739948
00739985
00740011
00740025
00740074
00740102
00740154
00740297
00740299
00740302
00740308
00740312
00740412
00740545
00740556
00740558
00740561
00740627
00740700
00740732
00740762
00740856
00740876
00740878
00740882
00740902
00740940
00740952
00741017
00741118
00741142
00741225
00741340
00741345
00741364
00741375
00741378
00741382
00741417
00741466
00741583
00741591
00741606
00741617
00741703
00741750
00741773
00741800
00741849
00741872
00741900
00741906
00741913
00741928
00741935
00741953
00741997
00742016
00742158
00742161
00742167
00742170
00742179
00742183
00742192
00742195
00742252
00742324
00742328
00742331
00742336
00742344
00742350
00742356
00742365
00742367
00742371
00742379
00742395
00742404
00742409
00742415
00742424
00742430
00742468
00742489
00742492
00742530
00742540
00742604
00742682
00742691
00742741
00742744
00742747
00742753
00742755
00742758
00742761
00742774
00742857
00742878
00742907
00742945
00742982
00742986
00742995
00742998
00743010
00743014
00743035
00743049
00743081
00743108
00743160
00743219
00743277
00743313
00743344
00743377
00743417
00743437
00743483
00743608
00743616
00743659
00743708
00743722
00743839
00743871
00743969
00743987
00744002
00744013
00744102
00744144
00744204
00744269
00744295
00744352
00744354
00744553
00744566
00744574
00744790
00744828
00744884
00744891
00744917
00744952
00744958
00744989
00745007
00745120
00745130
00745133
00745156
00745177
00745307
00745342
00745376
00745541
00745599
00745602
00745615
00745621
00745626
00745631
00745654
00745693
00745728
00745876
00745902
00745905
00745920
00746033
00746088
00746108
00746130
00746174
00746186
00746217
00746275
00746303
00746452
00746478
00746486
00746497
00746502
00746523
00746585
00746589
00746602
00746605
00746607
00746637
00746735
00746743
00746793
00746799
00746837
00746854
00746875
00746903
00746911
00746938
00746954
00746984
00746987
00746993
00747000
00747063
00747088
00747096
00747124
00747222
00747318
00747384
00747413
00747551
00747630
00747635
00747653
00747730
00748117
00748175
00748270
00748276
00748279
00748282
00748286
00748288
00748295
00748298
00748300
00748302
00748307
00748309
00748314
00748333
00748338
00748379
00748440
00748445
00748499
00748527
00748543
00748615
00748645
00748653
00748829
00748875
00748894
00748925
00748934
00748974
00749029
00749131
00749135
00749143
00749148
00749151
00749153
00749163
00749165
00749181
00749248
00749257
00749289
00749311
00749315
00749357
00749414
00749454
00749501
00749521
00749541
00749550
00749561
00749579
00749590
00749677
00749716
00749742
00749754
00749766
00749769
00749771
00749786
00749792
00749806
00749822
00749958
00750001
00750011
00750034
00750082
00750132
00750239
00750276
00750301
00750309
00750359
00750395
00750551
00750603
00750616
00750625
00750698
00750728
00750730
00750736
00750790
00750935
00750993
00751028
00751049
00751067
00751208
00751287
00751409
00751424
00751444
00751453
00751525
00751629
00751662
00751811
00751880
00751937
00751943
00751966
00752186
00752250
00752407
00752417
00752475
00752793
00752801
00752816
00752941
00752953
00752969
00752992
00753094
00753118
00753177
00753223
00753396
00753442
00753506
00753618
00753726
00753916
00753994
00754134
00754144
00754152
00754191
00754336
00754383
00754499
00754504
00754561
00754601
00754701
00754734
00754835
00754856
00754956
00754983
00754995
00755123
00755135
00755182
00755206
00755248
00755306
00755316
00755358
00755410
00755434
00755493
00755502
00755560
00755630
00755751
00755859
00755982
00755991
00755995
00756014
00756213
00756218
00756235
00756237
00756245
00756260
00756279
00756282
00756328
00756499
00756501
00756512
00756574
00756602
00756611
00756674
00756689
00756729
00756797
00756839
00756879
00756968
00756993
00757091
00757135
00757158
00757212
00757234
00757359
00757372
00757467
00757517
00757521
00757526
00757532
00757563
00757590
00757624
00757650
00757671
00757737
00757774
00757776
00757778
00757803
00757821
00757828
00757835
00757872
00757902
00757916
00758055
00758058
00758098
00758147
00758183
00758197
00758238
00758251
00758332
00758506
00758510
00758526
00758540
00758580
00758593
00758724
00758810
00758943
00758989
00759008
00759139
00759183
00759192
00759293
00759302
00759312
00759322
00759341
00759350
00759363
00759367
00759386
00759392
00759404
00759414
00759431
00759437
00759450
00759456
00759466
00759472
00759482
00759493
00759508
00759513
00759526
00759534
00759539
00759578
00759750
00759753
00759807
00759866
00759868
00759973
00760025
00760308
00760413
00760427
00760443
00760507
00760584
00760623
00760632
00760844
00761021
00761048
00761110
00761115
00761117
00761119
00761169
00761198
00761217
00761233
00761301
00761507
00761554
00761576
00761603
00761607
00761613
00761629
00761696
00761722
00761790
00761806
00761929
00761931
00761986
00762012
00762016
00762024
00762088
00762104
00762131
00762157
00762201
00762219
00762262
00762289
00762349
00762361
00762400
00762496
00762637
00762702
00762725
00762781
00762814
00762819
00762842
00762893
00762918
00762943
00762992
00763048
00763070
00763111
00763210
00763241
00763266
00763288
00763302
00763306
00763321
00763366
00763453
00763570
00763572
00763582
00763588
00763621
00763642
00763657
00763674
00763716
00763736
00763774
00763820
00763877
00763959
00763998
00764020
00764025
00764126
00764217
00764254
00764258
00764316
00764364
00764376
00764399
00764472
00764508
00764558
00764562
00764637
00764639
00764656
00764681
00764684
00764891
00764893
00764905
00764943
00764998
00765003
00765050
00765057
00765064
00765108
00765157
00765179
00765221
00765271
00765293
00765492
00765515
00765523
00765543
00765555
00765590
00765622
00765645
00765659
00765706
00765708
00765732
00765746
00765867
00765889
00765908
00765919
00765934
00765948
00765981
00766039
00766085
00766102
00766120
00766140
00766179
00766218
00766235
00766291
00766307
00766322
00766433
00766491
00766499
00766580
00766627
00766644
00766715
00766727
00766749
00766846
00766882
00766985
00767233
00767251
00767266
00767268
00767277
00767384
00767411
00767449
00767534
00767575
00767615
00767656
00767820
00767831
00767910
00767913
00767920
00767923
00767979
00767990
00767994
00768119
00768274
00768302
00768316
00768323
00768371
00768374
00768403
00768409
00768423
00768485
00768568
00768582
00768586
00768682
00768738
00768783
00768892
00769021
00769124
00769295
00769338
00769357
00769439
00769472
00769531
00769556
00769614
00769659
00769666
00769690
00769733
00769782
00769811
00769877
00769888
00769916
00769923
00769966
00769995
00770041
00770152
00770154
00770176
00770200
00770336
00770354
00770397
00770424
00770517
00770552
00770655
00770727
00770810
00770813
00770872
00770924
00770975
00771003
00771060
00771065
00771131
00771142
00771174
00771193
00771221
00771259
00771427
00771555
00771599
00771649
00771665
00771802
00771861
00771983
00771995
00772019
00772080
00772095
00772111
00772130
00772141
00772156
00772191
00772200
00772351
00772357
00772373
00772383
00772389
00772433
00772463
00772538
00772574
00772582
00772616
00772623
00772636
00772645
00772758
00772859
00772865
00772914
00772950
00772968
00772992
00772997
00773000
00773007
00773010
00773060
00773093
00773117
00773161
00773212
00773275
00773387
00773410
00773423
00773469
00773478
00773534
00773548
00773568
00773639
00773701
00773716
00773744
00773870
00773901
00773942
00774016
00774216
00774234
00774260
00774337
00774407
00774561
00774652
00774667
00774719
00774745
00774902
00774936
00775127
00775138
00775272
00775316
00775504
00775547
00775609
00775636
00775671
00775683
00775698
00775772
00775805
00775860
00775916
00775929
00776027
00776071
00776331
00776504
00776828
00776832
00776836
00776843
00776850
00776853
00776856
00776860
00776906
00776909
00776915
00776928
00777023
00777046
00777093
00777120
00777193
00777236
00777257
00777283
00777312
00777316
00777387
00777424
00777451
00777506
00777559
00777566
00777596
00777622
00777660
00777865
00778037
00778146
00778284
00778368
00778379
00778426
00778447
00778536
00778539
00778556
00778758
00778808
00778811
00778820
00778856
00778863
00778899
00778905
00779058
00779098
00779109
00779134
00779171
00779195
00779201
00779243
00779266
00779280
00779285
00779297
00779301
00779307
00779314
00779322
00779333
00779366
00779368
00779376
00779386
00779395
00779400
00779403
00779407
00779410
00779412
00779415
00779419
00779439
00779539
00779739
00779767
00779785
00779863
00779875
00779942
00779973
00780005
00780080
00780105
00780135
00780289
00780366
00780368
00780387
00780399
00780435
00780525
00780560
00780582
00780592
00780648
00780650
00780654
00780663
00780734
00780774
00780838
00780859
00780863
00780867
00780967
00780979
00781090
00781115
00781333
00781375
00781382
00781393
00781419
00781481
00781504
00781516
00781590
00781623
00781631
00781734
00781768
00781804
00781869
00782071
00782089
00782112
00782270
00782307
00782322
00782325
00782355
00782571
00782579
00782589
00782737
00782866
00782922
00783007
00783036
00783096
00783181
00783220
00783237
00783304
00783307
00783311
00783317
00783351
00783426
00783446
00783481
00783499
00783507
00783520
00783537
00783563
00783574
00783586
00783628
00783651
00783660
00783705
00783740
00783806
00783810
00783818
00783833
00783864
00783940
00783952
00783955
00783993
00784117
00784214
00784245
00784247
00784291
00784342
00784395
00784452
00784472
00784510
00784566
00784721
00784786
00784790
00784792
00784795
00784799
00784809
00784835
00784838
00784841
00784843
00784870
00784920
00784969
00784978
00785010
00785019
00785098
00785106
00785108
00785124
00785129
00785215
00785296
00785353
00785361
00785370
00785514
00785521
00785562
00785580
00785683
00785715
00785739
00785795
00785824
00785850
00785870
00785900
00785916
00785926
00785995
00786103
00786130
00786198
00786248
00786274
00786313
00786373
00786399
00786481
00786506
00786513
00786542
00786679
00786759
00786866
00786987
00787075
00787111
00787129
00787174
00787176
00787204
00787214
00787216
00787240
00787269
00787274
00787296
00787320
00787327
00787363
00787395
00787413
00787419
00787458
00787464
00787473
00787568
00787585
00787597
00787602
00787610
00787614
00787617
00787626
00787634
00787646
00787655
00787727
00787756
00787804
00787848
00787874
00787895
00787937
00787960
00788014
00788026
00788050
00788118
00788127
00788144
00788147
00788217
00788254
00788274
00788277
00788285
00788299
00788313
00788320
00788402
00788445
00788570
00788577
00788648
00788676
00788680
00788785
00788796
00788867
00788900
00788928
00788936
00788959
00788990
00789028
00789075
00789139
00789141
00789251
00789256
00789263
00789326
00789351
00789381
00789437
00789499
00789511
00789565
00789669
00789687
00789692
00789725
00789730
00789779
00789805
00789808
00789850
00789917
00789977
00789980
00790049
00790075
00790116
00790176
00790201
00790225
00790229
00790251
00790270
00790303
00790331
00790335
00790342
00790347
00790354
00790414
00790425
00790429
00790590
00790599
00790609
00790621
00790623
00790627
00790634
00790659
00790669
00790678
00790697
00790701
00790763
00790767
00790771
00790793
00790827
00790876
00790957
00790979
00791019
00791051
00791053
00791067
00791072
00791084
00791101
00791121
00791142
00791166
00791184
00791193
00791200
00791234
00791258
00791266
00791269
00791277
00791280
00791303
00791313
00791319
00791325
00791327
00791380
00791387
00791419
00791423
00791450
00791542
00791550
00791611
00791613
00791623
00791761
00791780
00791783
00791791
00791826
00791889
00791952
00791957
00791977
00792077
00792159
00792170
00792220
00792224
00792254
00792305
00792343
00792490
00792577
00792597
00792692
00792816
00792840
00792849
00792852
00792857
00792893
00792896
00792993
00793086
00793127
00793145
00793209
00793250
00793313
00793374
00793452
00793516
00793535
00793538
00793555
00793588
00793613
00793651
00793716
00793725
00793729
00793742
00793746
00793792
00793903
00794027
00794048
00794076
00794097
00794116
00794172
00794179
00794192
00794198
00794241
00794279
00794347
00794364
00794366
00794375
00794453
00794513
00794566
00794585
00794596
00794641
00794667
00794704
00794757
00794866
00794915
00795035
00795063
00795065
00795097
00795113
00795134
00795147
00795149
00795180
00795246
00795275
00795297
00795330
00795445
00795452
00795455
00795479
00795685
00795739
00795746
00795757
00795805
00795860
00795923
00795934
00796199
00796203
00796212
00796227
00796290
00796372
00796392
00796460
00796498
00796573
00796581
00796732
00796753
00796778
00796833
00796836
00796838
00796840
00796859
00796910
00796919
00796947
00797000
00797024
00797184
00797264
00797333
00797426
00797436
00797440
00797447
00797476
00797481
00797500
00797512
00797524
00797612
00797696
00797730
00797751
00797781
00797803
00797852
00797869
00797880
00797884
00797898
00797901
00798035
00798216
00798398
00798485
00798502
00798506
00798508
00798510
00798620
00798638
00798691
00798702
00798810
00798873
00798928
00798950
00799006
00799016
00799025
00799142
00799169
00799214
00799260
00799297
00799346
00799362
00799428
00799470
00799596
00799620
00799763
00799809
00799824
00799853
00799857
00800012
00800094
00800209
00800292
00800312
00800380
00800383
00800392
00800396
00800408
00800465
00800486
00800560
00800605
00800634
00800653
00800662
00800745
00800807
00800816
00800843
00800942
00800950
00800957
00800980
00800986
00800995
00801007
00801022
00801073
00801081
00801102
00801154
00801180
00801201
00801214
00801239
00801268
00801282
00801287
00801322
00801334
00801377
00801382
00801398
00801430
00801518
00801750
00801770
00801797
00801826
00801901
00801944
00802061
00802063
00802266
00802307
00802350
00802388
00802408
00802465
00802475
00802516
00802550
00802561
00802568
00802696
00802748
00802762
00803066
00803092
00803107
00803145
00803196
00803294
00803325
00803339
00803351
00803359
00803386
00803393
00803403
00803421
00803459
00803464
00803499
00803505
00803527
00803532
00803593
00803624
00803666
00803788
00803939
00804010
00804054
00804067
00804077
00804081
00804209
00804229
00804236
00804286
00804325
00804471
00804516
00804592
00804620
00804657
00804696
00804957
00805024
00805088
00805101
00805106
00805268
00805339
00805419
00805421
00805423
00805462
00805598
00805614
00805689
00805783
00805859
00806147
00806281
00806360
00806399
00806593
00806602
00806608
00806677
00806751
00806795
00806800
00806832
00806867
00806882
00806889
00806905
00806920
00806922
00806947
00807026
00807109
00807163
00807206
00807219
00807288
00807321
00807358
00807421
00807455
00807468
00807621
00807634
00807676
00807680
00807685
00807743
00807846
00807891
00807897
00807915
00807956
00807967
00807972
00807994
00808026
00808052
00808098
00808121
00808248
00808272
00808291
00808333
00808344
00808346
00808368
00808381
00808498
00808519
00808549
00808585
00808596
00808616
00808636
00808665
00808801
00808826
00808837
00808850
00808865
00808910
00808996
00809004
00809175
00809200
00809217
00809236
00809394
00809514
00809580
00809585
00809674
00809679
00809699
00809708
00809743
00809801
00809816
00809834
00809845
00809964
00810142
00810171
00810203
00810395
00810419
00810555
00810666
00810676
00810678
00810689
00810757
00810819
00810852
00810857
00810923
00810979
00810999
00811072
00811116
00811123
00811181
00811222
00811250
00811256
00811281
00811306
00811318
00811354
00811363
00811376
00811473
00811497
00811509
00811528
00811559
00811613
00811625
00811655
00811732
00811751
00811776
00811786
00811826
00811874
00811935
00812028
00812040
00812225
00812318
00812324
00812372
00812386
00812476
00812502
00812528
00812558
00812594
00812659
00812737
00812756
00812768
00812829
00812855
00812960
00813026
00813391
00813396
00813503
00813603
00813620
00813697
00813725
00813959
00814041
00814049
00814078
00814107
00814168
00814178
00814222
00814225
00814234
00814261
00814304
00814306
00814366
00814407
00814422
00814429
00814463
00814465
00814467
00814514
00814636
00814670
00814679
00814693
00814714
00814724
00814752
00814826
00814837
00814839
00814845
00814892
00815067
00815148
00815204
00815224
00815312
00815332
00815340
00815405
00815497
00815780
00815797
00815855
00815870
00815911
00815956
00816009
00816063
00816125
00816182
00816426
00816433
00816454
00816460
00816519
00816548
00816606
00816619
00816637
00816662
00816714
00816762
00816767
00816787
00816807
00816826
00816872
00816876
00816925
00817026
00817073
00817081
00817221
00817301
00817348
00817353
00817426
00817493
00817507
00817522
00817532
00817585
00817810
00817987
00818091
00818150
00818186
00818192
00818298
00818350
00818382
00818390
00818526
00818560
00818598
00818665
00818693
00818718
00818814
00818881
00818931
00819052
00819166
00819206
00819251
00819318
00819328
00819392
00819490
00819601
00819754
00819756
00819760
00819805
00819831
00819903
00820186
00820232
00820266
00820325
00820351
00820478
00820592
00820603
00820616
00820642
00820672
00820682
00820860
00820883
00820905
00821009
00821042
00821205
00821325
00821376
00821429
00821449
00821523
00821590
00821599
00821601
00821603
00821608
00821617
00821628
00821660
00821677
00821681
00821815
00821870
00821981
00822007
00822047
00822127
00822249
00822304
00822461
00822475
00822600
00822651
00822655
00822707
00822777
00822786
00822917
00822978
00823130
00823144
00823151
00823423
00823482
00823546
00823713
00823762
00823780
00823783
00823788
00823792
00823798
00823838
00823841
00823882
00823898
00823955
00823976
00824000
00824003
00824041
00824051
00824076
00824079
00824101
00824242
00824304
00824329
00824341
00824364
00824397
00824503
00824538
00824592
00824631
00824723
00824776
00824845
00824860
00824933
00824952
00824972
00825025
00825051
00825055
00825089
00825100
00825120
00825208
00825242
00825350
00825395
00825465
00825474
00825535
00825541
00825554
00825613
00825638
00825650
00825805
00825864
00825896
00825905
00825912
00825921
00825926
00825934
00825973
00826017
00826060
00826154
00826163
00826203
00826219
00826224
00826233
00826282
00826299
00826340
00826355
00826373
00826474
00826489
00826494
00826499
00826556
00826602
00826732
00826901
00826943
00827057
00827163
00827184
00827233
00827292
00827296
00827394
00827411
00827466
00827519
00827534
00827558
00827601
00827690
00827754
00827872
00827874
00827947
00828000
00828038
00828065
00828088
00828147
00828149
00828347
00828358
00828426
00828494
00828496
00828610
00828623
00828675
00828705
00828717
00828752
00828904
00828909
00829097
00829131
00829179
00829205
00829232
00829308
00829521
00829528
00829531
00829534
00829576
00829767
00829915
00829985
00830297
00830360
00830399
00830565
00830571
00830769
00830899
00830956
00830977
00831050
00831105
00831236
00831261
00831272
00831311
00831349
00831430
00831475
00831519
00831596
00831623
00831646
00831712
00831741
00831760
00831769
00831773
00831784
00832028
00832101
00832153
00832165
00832188
00832256
00832359
00832469
00832475
00832505
00832518
00832536
00832571
00832576
00832695
00832731
00832777
00832817
00832966
00833004
00833043
00833422
00833451
00833592
00833641
00833680
00833792
00833993
00834022
00834063
00834097
00834122
00834211
00834219
00834236
00834328
00834379
00834399
00834555
00834615
00834674
00834720
00834756
00834796
00834870
00834912
00834946
00834953
00834987
00835242
00835268
00835346
00835379
00835706
00835746
00835779
00835784
00835815
00836078
00836109
00836151
00836206
00836273
00836485
00836491
00836531
00836689
00836698
00836781
00836797
00836873
00836878
00836880
00836886
00836899
00836912
00837018
00837148
00837182
00837199
00837216
00837234
00837268
00837329
00837352
00837394
00837409
00837482
00837504
00837541
00837579
00837608
00837622
00837638
00837811
00837844
00837927
00837958
00837974
00838045
00838054
00838088
00838095
00838185
00838187
00838231
00838243
00838265
00838422
00838491
00838619
00838680
00838736
00838834
00838876
00838922
00838926
00838933
00838970
00839106
00839190
00839346
00839377
00839476
00839619
00839656
00839682
00839694
00839729
00839858
00839861
00839989
00840039
00840060
00840097
00840101
00840121
00840128
00840263
00840413
00840553
00840702
00840728
00840755
00840792
00840825
00840844
00840917
00840939
00840943
00840952
00841001
00841062
00841085
00841117
00841160
00841197
00841272
00841344
00841397
00841428
00841438
00841491
00841509
00841513
00841561
00841674
00841852
00841877
00841906
00841956
00841968
00841980
00842066
00842180
00842511
00842525
00842782
00842825
00843033
00843300
00843375
00843414
00843499
00843532
00843558
00843638
00843776
00843845
00843877
00844095
00844143
00844172
00844220
00844524
00844583
00844640
00844665
00844667
00844795
00844805
00844901
00844951
00844956
00844975
00845021
00845052
00845088
00845091
00845094
00845144
00845176
00845220
00845374
00845395
00845433
00845515
00845519
00845566
00845574
00845703
00845827
00845917
00845935
00845994
00846151
00846194
00846307
00846409
00846426
00846481
00846543
00846560
00846592
00846653
00846700
00846738
00846775
00846822
00846839
00846900
00846983
00847000
00847037
00847102
00847148
00847261
00847304
00847311
00847341
00847358
00847378
00847398
00847440
00847461
00847497
00847549
00847614
00847668
00847677
00847687
00847849
00847861
00848016
00848060
00848103
00848174
00848217
00848241
00848275
00848314
00848343
00848347
00848349
00848490
00848511
00848568
00848582
00848704
00848726
00848772
00848855
00848920
00848980
00849316
00849550
00849627
00849731
00849809
00849907
00849977
00849995
00850039
00850098
00850101
00850119
00850148
00850167
00850249
00850283
00850397
00850526
00850609
00850618
00850660
00850724
00850808
00850835
00850921
00850962
00850977
00850998
00851032
00851039
00851078
00851129
00851144
00851206
00851232
00851267
00851311
00851327
00851336
00851365
00851395
00851433
00851476
00851489
00851530
00851566
00851596
00851605
00851615
00851648
00851665
00851681
00851688
00851743
00851822
00851833
00851920
00851964
00852016
00852070
00852074
00852161
00852171
00852173
00852175
00852228
00852421
00852452
00852475
00852523
00852528
00852573
00852628
00852647
00852671
00852728
00852747
00852767
00852793
00852841
00852924
00852946
00852958
00852987
00853049
00853062
00853066
00853110
00853167
00853186
00853264
00853342
00853345
00853365
00853393
00853402
00853530
00853728
00853761
00853803
00853891
00853954
00854035
00854100
00854145
00854216
00854232
00854247
00854280
00854295
00854333
00854359
00854367
00854394
00854446
00854452
00854885
00854945
00854989
00855085
00855146
00855190
00855310
00855341
00855393
00855465
00855524
00855528
00855536
00855590
00855599
00855638
00855655
00855743
00855745
00855828
00855860
00856042
00856128
00856189
00856250
00856350
00856371
00856378
00856424
00856446
00856474
00856488
00856589
00856684
00856719
00856803
00856848
00856874
00856961
00857024
00857250
00857311
00857332
00857348
00857393
00857592
00857606
00857654
00857711
00857756
00857802
00857828
00857846
00858007
00858109
00858401
00858780
00858834
00858910
00859110
00859150
00859166
00859193
00859240
00859251
00859253
00859260
00859316
00859351
00859395
00859401
00859480
00859524
00859589
00859612
00859646
00859657
00859728
00859933
00860028
00860034
00860145
00860186
00860215
00860247
00860304
00860338
00860380
00860429
00860451
00860489
00860571
00860583
00860589
00860599
00860639
00860643
00860692
00860694
00860706
00860739
00860840
00860844
00860943
00861022
00861227
00861389
00861393
00861468
00861470
00861497
00861531
00861579
00861700
00861804
00861810
00861819
00861823
00861832
00861854
00861883
00861896
00861920
00862005
00862015
00862021
00862044
00862047
00862081
00862100
00862121
00862154
00862179
00862335
00862366
00862513
00862568
00862577
00862695
00862706
00862747
00862806
00862820
00862870
00863085
00863134
00863165
00863184
00863197
00863232
00863280
00863382
00863516
00863559
00863585
00863597
00863629
00863750
00863763
00863797
00863828
00863909
00863915
00863974
00863986
00864062
00864109
00864170
00864240
00864279
00864295
00864343
00864371
00864492
00864522
00864526
00864542
00864564
00864573
00864610
00864621
00864628
00864710
00864755
00864774
00864810
00864849
00864870
00864907
00864915
00864938
00865053
00865176
00865403
00865453
00865477
00865554
00865592
00865612
00865615
00865715
00865738
00865816
00865931
00866006
00866148
00866164
00866202
00866240
00866272
00866332
00866353
00866420
00866422
00866426
00866466
00866475
00866501
00866507
00866510
00866515
00866519
00866551
00866619
00866633
00866678
00866819
00866880
00866940
00866950
00867003
00867017
00867040
00867095
00867175
00867351
00867376
00867469
00867578
00867588
00867623
00867633
00867684
00867741
00867753
00867796
00867971
00868127
00868134
00868158
00868182
00868298
00868321
00868329
00868338
00868399
00868401
00868467
00868506
00868559
00868580
00868595
00868661
00868752
00868762
00868776
00868831
00868834
00868906
00869058
00869116
00869138
00869174
00869345
00869395
00869414
00869474
00869530
00869557
00869626
00869632
00869663
00869964
00870011
00870047
00870088
00870193
00870366
00870391
00870519
00870555
00870885
00870887
00870892
00870900
00870905
00870981
00871085
00871113
00871136
00871184
00871374
00871559
00871664
00871695
00871860
00872051
00872157
00872184
00872202
00872230
00872344
00872456
00872518
00872607
00872668
00872730
00872732
00872736
00872764
00872803
00872849
00872915
00872944
00873014
00873073
00873119
00873130
00873165
00873238
00873270
00873272
00873290
00873296
00873348
00873364
00873400
00873412
00873545
00873602
00873653
00873683
00873797
00873841
00873857
00873921
00873981
00874017
00874353
00874382
00874395
00874424
00874455
00874475
00874485
00874550
00874566
00874587
00874600
00874620
00874681
00874799
00874810
00874816
00874852
00874885
00874905
00874966
00874981
00875113
00875116
00875176
00875183
00875228
00875251
00875283
00875362
00875380
00875430
00875573
00875594
00875755
00875804
00876162
00876351
00876358
00876440
00876443
00876557
00876588
00876657
00876686
00876705
00876751
00876770
00876784
00876853
00876907
00877005
00877057
00877071
00877141
00877226
00877228
00877258
00877280
00877286
00877302
00877325
00877359
00877385
00877391
00877409
00877532
00877594
00877617
00877637
00877682
00877685
00877724
00877766
00877769
00877818
00877873
00877995
00878074
00878124
00878132
00878189
00878222
00878233
00878236
00878279
00878338
00878348
00878367
00878403
00878438
00878459
00878499
00878518
00878640
00878662
00878752
00878837
00878852
00878901
00878956
00878958
00878970
00879119
00879265
00879296
00879324
00879332
00879452
00879487
00879687
00879695
00879718
00879751
00879817
00879826
00879843
00879845
00879866
00879872
00879882
00879943
00880024
00880124
00880211
00880280
00880347
00880355
00880416
00880434
00880493
00880531
00880604
00880634
00880648
00880659
00880762
00880766
00880809
00880859
00880863
00880867
00880878
00880912
00881086
00881120
00881144
00881148
00881155
00881220
00881252
00881269
00881337
00881369
00881428
00881497
00881517
00881574
00881613
00881726
00881774
00881789
00881794
00881857
00881869
00881872
00881909
00881957
00882194
00882256
00882296
00882308
00882333
00882511
00882536
00882578
00882651
00882709
00882758
00882764
00882819
00882881
00882960
00882976
00882988
00883006
00883018
00883073
00883169
00883198
00883216
00883228
00883284
00883476
00883479
00883505
00883667
00883765
00883785
00883885
00883987
00884022
00884052
00884074
00884178
00884216
00884218
00884429
00884508
00884561
00884566
00884647
00884650
00884662
00884672
00884696
00884830
00884854
00884892
00884927
00884981
00884988
00885008
00885113
00885239
00885312
00885602
00885719
00885827
00885857
00885921
00885956
00885972
00886056
00886076
00886118
00886142
00886190
00886215
00886267
00886332
00886349
00886358
00886405
00886420
00886487
00886615
00886685
00886690
00886723
00886785
00886969
00887014
00887146
00887345
00887445
00887472
00887520
00887728
00887851
00887872
00887880
00887918
00887997
00888203
00888244
00888431
00888486
00888581
00888599
00888715
00888735
00888746
00888906
00888995
00889059
00889094
00889175
00889300
00889580
00889649
00889651
00889689
00889719
00889748
00889757
00889770
00889880
00889931
00889958
00890020
00890089
00890119
00890131
00890336
00890400
00890435
00890471
00890479
00890481
00890484
00890502
00890537
00890552
00890639
00890670
00890776
00890901
00891073
00891138
00891142
00891154
00891162
00891174
00891227
00891244
00891371
00891453
00891459
00891461
00891501
00891549
00891681
00891747
00891831
00891934
00891960
00892004
00892008
00892013
00892043
00892124
00892169
00892349
00892431
00892610
00892619
00892701
00892717
00892805
00892819
00892821
00892833
00892878
00892913
00892938
00893100
00893112
00893138
00893168
00893213
00893247
00893329
00893371
00893380
00893392
00893462
00893468
00893495
00893517
00893547
00893549
00893579
00893622
00893639
00893651
00893654
00893669
00893672
00893697
00893701
00893754
00893933
00893946
00894004
00894010
00894074
00894089
00894097
00894149
00894174
00894314
00894343
00894422
00894536
00894564
00894567
00894591
00894675
00894790
00894924
00894953
00894981
00895003
00895005
00895009
00895016
00895021
00895023
00895025
00895130
00895142
00895220
00895449
00895470
00895474
00895477
00895512
00895578
00895793
00895795
00895841
00896013
00896022
00896089
00896114
00896117
00896119
00896183
00896301
00896379
00896431
00896465
00896535
00896556
00896582
00896590
00896598
00896623
00896645
00896656
00896674
00896693
00896700
00896729
00896771
00896801
00896814
00896831
00896963
00896998
00897011
00897034
00897066
00897092
00897139
00897190
00897221
00897263
00897286
00897332
00897374
00897412
00897448
00897462
00897494
00897514
00897547
00897646
00897732
00897753
00897767
00897817
00897853
00898001
00898065
00898084
00898112
00898117
00898124
00898244
00898250
00898307
00898349
00898411
00898448
00898588
00898668
00898672
00898697
00898827
00898832
00898949
00898969
00899099
00899143
00899176
00899207
00899354
00899356
00899360
00899381
00899392
00899560
00899658
00899785
00899852
00899863
00899919
00900015
00900030
00900074
00900147
00900245
00900306
00900312
00900341
00900344
00900346
00900406
00900458
00900586
00900599
00900609
00900695
00900697
00900700
00900718
00900779
00900785
00900819
00900840
00900879
00900891
00900905
00900943
00900967
00901036
00901062
00901149
00901198
00901275
00901311
00901424
00901455
00901476
00901501
00901507
00901663
00901700
00901736
00901745
00901836
00901914
00901971
00901987
00902023
00902027
00902117
00902278
00902345
00902348
00902528
00902549
00902564
00902582
00902603
00902617
00902620
00902705
00902961
00903000
00903123
00903151
00903202
00903277
00903308
00903366
00903459
00903475
00903563
00903689
00903695
00903789
00903850
00903896
00903910
00903925
00903950
00904044
00904067
00904071
00904087
00904135
00904160
00904181
00904197
00904408
00904536
00904547
00904571
00904649
00904670
00904684
00904703
00904735
00904792
00904803
00904844
00904848
00904970
00905028
00905062
00905117
00905200
00905208
00905217
00905231
00905238
00905370
00905650
00905728
00905786
00905847
00905866
00905890
00905894
00905899
00905915
00905963
00905984
00906024
00906108
00906153
00906251
00906432
00906458
00906467
00906479
00906490
00906558
00906564
00906598
00906617
00906703
00906755
00906783
00906793
00906852
00906864
00906914
00906934
00906956
00907010
00907014
00907117
00907133
00907179
00907195
00907256
00907269
00907383
00907405
00907465
00907518
00907565
00907643
00907671
00907753
00907772
00907802
00907853
00907858
00907948
00908081
00908212
00908334
00908342
00908379
00908565
00908609
00908631
00908714
00908718
00908752
00908803
00909016
00909070
00909103
00909110
00909174
00909234
00909319
00909551
00909569
00909599
00909634
00909648
00909764
00909789
00909808
00909964
00909997
00910004
00910018
00910047
00910068
00910072
00910087
00910161
00910228
00910236
00910317
00910325
00910337
00910388
00910563
00910594
00910615
00910618
00910639
00910646
00910671
00910819
00910823
00910858
00910901
00910962
00911055
00911232
00911247
00911344
00911380
00911517
00911544
00911579
00911598
00911766
00911824
00911930
00911959
00911963
00912073
00912108
00912134
00912227
00912424
00912435
00912469
00912606
00912838
00912886
00912931
00912958
00912961
00913004
00913101
00913140
00913166
00913229
00913246
00913256
00913267
00913302
00913330
00913362
00913483
00913526
00913588
00913795
00913805
00913808
00913829
00913920
00913955
00913991
00913997
00914016
00914114
00914169
00914226
00914274
00914541
00914608
00914633
00914688
00914991
00915073
00915162
00915183
00915255
00915257
00915276
00915376
00915489
00915611
00915690
00915694
00915717
00915724
00915759
00915896
00915931
00916358
00916664
00916809
00916904
00916947
00917041
00917136
00917152
00917189
00917262
00917303
00917344
00917385
00917478
00917487
00917499
00917633
00917660
00917738
00917768
00917809
00917999
00918036
00918079
00918281
00918315
00918411
00918432
00918576
00918631
00918639
00918653
00918700
00918725
00918727
00918729
00918749
00918779
00918791
00918794
00918803
00918870
00918895
00918953
00919065
00919116
00919138
00919144
00919328
00919339
00919391
00919462
00919648
00919810
00919920
00920001
00920091
00920110
00920156
00920165
00920169
00920182
00920202
00920216
00920318
00920375
00920486
00920512
00920559
00920562
00920597
00920653
00920707
00920738
00920764
00920772
00920848
00920919
00920923
00921001
00921021
00921040
00921099
00921255
00921299
00921306
00921308
00921351
00921368
00921377
00921587
00921625
00921641
00921718
00921806
00921834
00921886
00921921
00921925
00921929
00921933
00922006
00922056
00922083
00922183
00922187
00922213
00922269
00922293
00922310
00922336
00922373
00922624
00922736
00922781
00922833
00922916
00922928
00922981
00923100
00923171
00923242
00923324
00923370
00923385
00923420
00923482
00923528
00923574
00923579
00923670
00923687
00923772
00923820
00923845
00923860
00923896
00923936
00923938
00923994
00924036
00924135
00924208
00924261
00924441
00924576
00924711
00924767
00924786
00924791
00924802
00924837
00924906
00924979
00925009
00925025
00925049
00925056
00925101
00925160
00925202
00925246
00925262
00925324
00925341
00925416
00925422
00925556
00925580
00925610
00925700
00925952
00925979
00925993
00926037
00926109
00926126
00926142
00926265
00926367
00926381
00926387
00926472
00926493
00926582
00926678
00926690
00926697
00926726
00926739
00926742
00926766
00926926
00926933
00926952
00927011
00927093
00927167
00927187
00927364
00927446
00927469
00927533
00927552
00927555
00927560
00927572
00927637
00927716
00927765
00927862
00927909
00928004
00928035
00928067
00928085
00928087
00928119
00928203
00928341
00928406
00928424
00928465
00928480
00928665
00928763
00928785
00928827
00928889
00929070
00929073
00929116
00929222
00929270
00929576
00929657
00929659
00929667
00929719
00929759
00929795
00929813
00929840
00929904
00929920
00930052
00930139
00930301
00930325
00930338
00930401
00930515
00930661
00930679
00930708
00930752
00930781
00930788
00930797
00930881
00930917
00930945
00931038
00931049
00931056
00931075
00931129
00931186
00931216
00931343
00931367
00931563
00931884
00931888
00931936
00931982
00932042
00932064
00932097
00932135
00932407
00932428
00932452
00932492
00932638
00932682
00932699
00932794
00932803
00932885
00933009
00933127
00933229
00933303
00933355
00933382
00933511
00933515
00933534
00933540
00933558
00933675
00933823
00933889
00933954
00934084
00934257
00934273
00934332
00934356
00934363
00934365
00934367
00934554
00934608
00934662
00934672
00934678
00934721
00934734
00934773
00934811
00934844
00934892
00934907
00934910
00934914
00934923
00934925
00934956
00934976
00935003
00935006
00935082
00935096
00935124
00935163
00935231
00935342
00936274
00936300
00936336
00936341
00936366
00936448
00936578
00936580
00936685
00936690
00936738
00936778
00936793
00936815
00936887
00936927
00936957
00936987
00937153
00937155
00937158
00937161
00937204
00937208
00937276
00937381
00937401
00937405
00937413
00937418
00937425
00937499
00937789
00937831
00937946
00938149
00938158
00938286
00938330
00938458
00938469
00938510
00938539
00938613
00938630
00938709
00938893
00938942
00938984
00939115
00939186
00939233
00939246
00939276
00939343
00939410
00939482
00939559
00939604
00939633
00939636
00939682
00939689
00939845
00939907
00939946
00939956
00940046
00940115
00940140
00940149
00940245
00940421
00940540
00940576
00940602
00940710
00940902
00940989
00941047
00941076
00941140
00941205
00941244
00941265
00941301
00941405
00941457
00941479
00941485
00941506
00941676
00941768
00941884
00941985
00942091
00942106
00942220
00942222
00942259
00942261
00942263
00942315
00942359
00942410
00942445
00942539
00942610
00942616
00942685
00942724
00942806
00942812
00942841
00942923
00942987
00943037
00943052
00943072
00943083
00943094
00943164
00943240
00943272
00943350
00943520
00943572
00943629
00943718
00943733
00943838
00943942
00944073
00944087
00944238
00944295
00944322
00944329
00944427
00944533
00944540
00944597
00944619
00944675
00944710
00944721
00944727
00944760
00944763
00944861
00944865
00944890
00944934
00944970
00944999
00945005
00945008
00945010
00945050
00945063
00945088
00945163
00945200
00945224
00945383
00945404
00945462
00945504
00945567
00945574
00945676
00945752
00945787
00945815
00945831
00945904
00945906
00945936
00945954
00946041
00946143
00946192
00946275
00946297
00946327
00946331
00946343
00946347
00946377
00946519
00946544
00946570
00946591
00946704
00946720
00946766
00946769
00946916
00947134
00947172
00947200
00947255
00947341
00947411
00947578
00947613
00947813
00947870
00947887
00947892
00948138
00948149
00948159
00948167
00948170
00948224
00948228
00948244
00948276
00948332
00948356
00948393
00948433
00948605
00948639
00948762
00948809
00948849
00948859
00948910
00949040
00949065
00949068
00949143
00949172
00949224
00949405
00949441
00949466
00949531
00949709
00949713
00949717
00949722
00949731
00949734
00949887
00949899
00950013
00950050
00950121
00950275
00950281
00950438
00950464
00950634
00950652
00950675
00950682
00950743
00950806
00950833
00951036
00951063
00951105
00951218
00951247
00951269
00951401
00951506
00951508
00951510
00951514
00951524
00951530
00951538
00951549
00951584
00951669
00951699
00951759
00951776
00951841
00951910
00951919
00951922
00951931
00951941
00951960
00951977
00952015
00952067
00952075
00952118
00952173
00952234
00952300
00952326
00952441
00952592
00952618
00952705
00952730
00952738
00952788
00952815
00952863
00952995
00953068
00953117
00953271
00953279
00953288
00953328
00953333
00953379
00953383
00953390
00953409
00953447
00953612
00953620
00953651
00953702
00953753
00953851
00953915
00953953
00953977
00954067
00954233
00954338
00954520
00954550
00954703
00954724
00954766
00954790
00954830
00954996
00955159
00955169
00955181
00955258
00955379
00955384
00955405
00955432
00955487
00955580
00955634
00955707
00955781
00955886
00955903
00955915
00955953
00956106
00956127
00956152
00956164
00956174
00956177
00956182
00956195
00956247
00956374
00956399
00956785
00956810
00956888
00956968
00957127
00957140
00957215
00957364
00957383
00957407
00957421
00957465
00957515
00957606
00957608
00957642
00957650
00957728
00957757
00957915
00958040
00958043
00958127
00958325
00958333
00958366
00958435
00958454
00958470
00958545
00958581
00958989
00959020
00959057
00959166
00959224
00959378
00959396
00959440
00959477
00959571
00959575
00959594
00959611
00959674
00959679
00959729
00959813
00959947
00959963
00960040
00960067
00960092
00960253
00960326
00960380
00960387
00960398
00960430
00960573
00960577
00960852
00960949
00960999
00961045
00961115
00961127
00961264
00961292
00961337
00961390
00961591
00961605
00961806
00962015
00962027
00962102
00962114
00962208
00962254
00962274
00962319
00962398
00962553
00962660
00962673
00962825
00962851
00962905
00962914
00962970
00963002
00963016
00963127
00963130
00963235
00963276
00963319
00963356
00963403
00963411
00963505
00963537
00963543
00963546
00963718
00963722
00963725
00963895
00964014
00964044
00964087
00964187
00964253
00964380
00964419
00964442
00964454
00964456
00964533
00964567
00964684
00964731
00964806
00964829
00964910
00965024
00965078
00965094
00965117
00965131
00965382
00965434
00965445
00965459
00965567
00965581
00965590
00965596
00965602
00965631
00965660
00965688
00965700
00965740
00965776
00965975
00966091
00966125
00966173
00966231
00966243
00966254
00966377
00966453
00966470
00966501
00966610
00966625
00966700
00966780
00966815
00966852
00966911
00966941
00966983
00966994
00967005
00967102
00967239
00967300
00967497
00967540
00967552
00967576
00967614
00967634
00967664
00967676
00967749
00967847
00967893
00967935
00967988
00968105
00968134
00968143
00968287
00968372
00968463
00968475
00968626
00968629
00968639
00968689
00968765
00968771
00968851
00968937
00969036
00969074
00969131
00969150
00969178
00969220
00969233
00969450
00969454
00969497
00969539
00969565
00969670
00969889
00969911
00970030
00970112
00970197
00970254
00970312
00970372
00970451
00970485
00970618
00970665
00970725
00970795
00970855
00970889
00970933
00970956
00971028
00971067
00971076
00971189
00971251
00971294
00971301
00971364
00971498
00971582
00971603
00971647
00971876
00971985
00972115
00972237
00972301
00972573
00972598
00972659
00972784
00972843
00972912
00972962
00972987
00973007
00973055
00973061
00973065
00973155
00973218
00973306
00973377
00973384
00973404
00973448
00973476
00973536
00973614
00973646
00973669
00973889
00974166
00974221
00974237
00974245
00974262
00974404
00974445
00974488
00974556
00974642
00974754
00974804
00974819
00974821
00974825
00974867
00974972
00975144
00975186
00975257
00975259
00975324
00975350
00975418
00975454
00975496
00975633
00975820
00975852
00975879
00975911
00975949
00976068
00976225
00976320
00976331
00976353
00976410
00976413
00976480
00976520
00976542
00976587
00976629
00976715
00976721
00976735
00976739
00976785
00976885
00976953
00976964
00976976
00977003
00977104
00977230
00977267
00977447
00977503
00977592
00977628
00977704
00977738
00977886
00977908
00978031
00978051
00978095
00978111
00978142
00978147
00978150
00978290
00978701
00978725
00978743
00978875
00978969
00979017
00979046
00979146
00979184
00979240
00979277
00979363
00979620
00979696
00979710
00979768
00979990
00980012
00980185
00980207
00980230
00980290
00980319
00980339
00980469
00980500
00980517
00980559
00980717
00980757
00980769
00980799
00980880
00981072
00981096
00981108
00981262
00981404
00981447
00981505
00981516
00981584
00981633
00981674
00981688
00981756
00981802
00981948
00981977
00982217
00982281
00982303
00982398
00982654
00982709
00982846
00982899
00982976
00983085
00983118
00983175
00983177
00983194
00983208
00983239
00983274
00983450
00983568
00983579
00983686
00983694
00983750
00983822
00983918
00983956
00983963
00984010
00984033
00984223
00984226
00984232
00984235
00984248
00984350
00984364
00984403
00984424
00984464
00984498
00984513
00984609
00984636
00984709
00984762
00984770
00984883
00984904
00984993
00985011
00985072
00985110
00985182
00985204
00985242
00985288
00985338
00985344
00985463
00985491
00985553
00985612
00985638
00985641
00985666
00985775
00985800
00985818
00986023
00986050
00986095
00986138
00986178
00986222
00986226
00986237
00986299
00986309
00986314
00986377
00986394
00986548
00986681
00986699
00986708
00986717
00986766
00986847
00986924
00987057
00987090
00987143
00987287
00987309
00987421
00987546
00987618
00987622
00987636
00987730
00987734
00987743
00987783
00987799
00987839
00987900
00988116
00988140
00988185
00988215
00988222
00988295
00988458
00988540
00988549
00988559
00988628
00988781
00988849
00989171
00989512
00989532
00989570
00989644
00989658
00989783
00989859
00989997
00990176
00990236
00990336
00990352
00990366
00990725
00990890
00990910
00990923
00990926
00990935
00990944
00990949
00990954
00990958
00990962
00990964
00990966
00990968
00990972
00990980
00990984
00991016
00991023
00991029
00991087
00991170
00991225
00991671
00991778
00991808
00991876
00991889
00992129
00992148
00992384
00992467
00992513
00992539
00992664
00993136
00993143
00993150
00993155
00993160
00993166
00993171
00993174
00993179
00993184
00993205
00993210
00993255
00993304
00993421
00993474
00993503
00993518
00993563
00993576
00993587
00993669
00993823
00993861
00993888
00993963
00994019
00994047
00994068
00994138
00994151
00994227
00994357
00994381
00994460
00994612
00994641
00994690
00994946
00995037
00995082
00995119
00995216
00995219
00995269
00995337
00995377
00995449
00995501
00995536
00995565
00995602
00995611
00995648
00995707
00995755
00996306
00996351
00996393
00996454
00996473
00996485
00996536
00996560
00996648
00996730
00996775
00996838
00996853
00996866
00996885
00996923
00996961
00997019
00997429
00997495
00997527
00997538
00997546
00997562
00997574
00997598
00997616
00997680
00997753
00997785
00997852
00997884
00997933
00997959
00998001
00998013
00998748
00998772
00998777
00998789
00998917
00998927
00998938
00998974
00999133
00999329
00999374
00999681
00999790
00999799
00999998
00000178
00003202
00003999
00006067
00007585
00008165
00010156
00010555
00010887
00011994
00014538
00015736
00017035
00017266
00017468
00018361
00019718
00020410
00020984
00021029
00021289
00021932
00022152
00022326
00022668
00022820
00023771
00024146
00024643
00024805
00024815
00025161
00025689
00026398
00026681
00026849
00028226
00028639
00029294
00029592
00030062
00030109
00030822
00031208
00032217
00032409
00033173
00033796
00034826
00035173
00035332
00036532
00036894
00037130
00038141
00039193
00039724
00040142
00041275
00041989
00043487
00043915
00044448
00045638
00046039
00047597
00047988
00048093
00048411
00048846
00049185
00049578
00049927
00050245
00050304
00051808
00052554
00053122
00053378
00053582
00053959
00054183
00054815
00056174
00056579
00056836
00056956
00058116
00058890
00059509
00059979
00060173
00060240
00060556
00061231
00061403
00062070
00062835
00063203
00063324
00063604
00063816
00064445
00065505
00066365
00066501
00068474
00069116
00070554
00071436
00071712
00071822
00073445
00073879
00074850
00075289
00075391
00075664
00076583
00076699
00077684
00078627
00079164
00079585
00079936
00080605
00080982
00081310
00081780
00082709
00083783
00084472
00085169
00085778
00087229
00087628
00088206
00088769
00089215
00090227
00091304
00091688
00093621
00094101
00094123
00095615
00095919
00096453
00096511
00096553
00096688
00096753
00096802
00097597
00098043
00098052
00098632
00099083
00099463
00100399
00100853
00101442
00101539
00102032
00102467
00102613
00103711
00103964
00104284
00104999
00105124
00105580
00106611
00107152
00107381
00107752
00109367
00109593
00109755
00111309
00111725
00112697
00113029
00113259
00113640
00114107
00114778
00115166
00115586
00116176
00116436
00117161
00117674
00118249
00118873
00119837
00120511
00120721
00121089
00121102
00121537
00122053
00122422
00123452
00124063
00125816
00126051
00127423
00128722
00129479
00129654
00129970
00130477
00130610
00130818
00130900
00132112
00132396
00133124
00133795
00134435
00135196
00135726
00136092
00136554
00136686
00136735
00136941
00137010
00137031
00137197
00137223
00137257
00137274
00137494
00137950
00138062
00139834
00140815
00141154
00141175
00141432
00141438
00141709
00141933
00142470
00142969
00146913
00147269
00147488
00148170
00149859
00150303
00151263
00151336
00151878
00154608
00155017
00155383
00156029
00156460
00157779
00159056
00159201
00160324
00160686
00162016
00163094
00163604
00164927
00165440
00166203
00168273
00169037
00169244
00169620
00170428
00171297
00172956
00173012
00174060
00174324
00174791
00175690
00175919
00176166
00176858
00177311
00177421
00177611
00178086
00178545
00179192
00179937
00180741
00181828
00181912
00182621
00183585
00184378
00184526
00185253
00186412
00186511
00186999
00189378
00189578
00189807
00190967
00191330
00192513
00193205
00193690
00194985
00195212
00195789
00196428
00197488
00197713
00199100
00199207
00199546
00199673
00200505
00201505
00203334
00203583
00205801
00207567
00207778
00208610
00210332
00211162
00211362
00213292
00213713
00214983
00216277
00217697
00218364
00218459
00218784
00219043
00219209
00219371
00220538
00220866
00221026
00221467
00221517
00222338
00222549
00222619
00223213
00223929
00225099
00225220
00226227
00226263
00226275
00227580
00228538
00229077
00230180
00230419
00230447
00230601
00231353
00231535
00231611
00231717
00231900
00232503
00232799
00232966
00234746
00235299
00235999
00236197
00236749
00237311
00237739
00238015
00239130
00239320
00240102
00240415
00241201
00241599
00241670
00241779
00242151
00242270
00242659
00243090
00243277
00243844
00244283
00244486
00245850
00246025
00246265
00246418
00246767
00247167
00247378
00247875
00248284
00248483
00248763
00248919
00249429
00250803
00251735
00252201
00254361
00254929
00255159
00255725
00256587
00256773
00257411
00257627
00257730
00257735
00257801
00259144
00261221
00262144
00262237
00262429
00262569
00263106
00263288
00263527
00263552
00263580
00264023
00264043
00264604
00264648
00264702
00265639
00266363
00266699
00267016
00267673
00268143
00268287
00270192
00270444
00270824
00270855
00270868
00270886
00270953
00271096
00271124
00271146
00271221
00271414
00271438
00272500
00272504
00272586
00272626
00272763
00272774
00272783
00272819
00272882
00273140
00273222
00273251
00274467
00274558
00274701
00275121
00275847
00276096
00276116
00276682
00277275
00277504
00278780
00279143
00279635
00279797
00280070
00280284
00280443
00280484
00281253
00281987
00282143
00282255
00282274
00282310
00282412
00283269
00283954
00284156
00284182
00284781
00284833
00284857
00285034
00285325
00285675
00285724
00285736
00285761
00285813
00286347
00287052
00287202
00287943
00288065
00288377
00288588
00288823
00288900
00289550
00290393
00290419
00290624
00291261
00291586
00292233
00292247
00292300
00293265
00293472
00294042
00294356
00295359
00295534
00296817
00297291
00297890
00298034
00298323
00299041
00299399
00299937
00300515
00300574
00300810
00301142
00301403
00301986
00302559
00303045
00303878
00304161
00304393
00305450
00306258
00306498
00306510
00306550
00306657
00307237
00307247
00307298
00307334
00307644
00307666
00307701
00307731
00307852
00307931
00307997
00308189
00308608
00308910
00309155
00309279
00309547
00309745
00309854
00309944
00310976
00311495
00312947
00313378
00313391
00313507
00313582
00313606
00313624
00314109
00315709
00317365
00317673
00317839
00318755
00318877
00319325
00319571
00319691
00319736
00319922
00320027
00321023
00321091
00321219
00321357
00321498
00321538
00322088
00322098
00322756
00322813
00322886
00323137
00323373
00323519
00324229
00325385
00325996
00327220
00327541
00327823
00328062
00328764
00329173
00329230
00329549
00330346
00330992
00331004
00331081
00331316
00331748
00332171
00332491
00333469
00335132
00335228
00335545
00336010
00336381
00336687
00338041
00339604
00340018
00340178
00341219
00342826
00342860
00342981
00343066
00343807
00344592
00344778
00344859
00344863
00344992
00345660
00346093
00346816
00347353
00347543
00348593
00349168
00349498
00350306
00350814
00351042
00351408
00351586
00351860
00352103
00352216
00352642
00352828
00353627
00353664
00353716
00354405
00354895
00355153
00355441
00355842
00355989
00356278
00356331
00356425
00356481
00356567
00356654
00357051
00358260
00359060
00359102
00359468
00359558
00359860
00360743
00361306
00361387
00361420
00361490
00361683
00361888
00361906
00362210
00362391
00362520
00362836
00363229
00363350
00363999
00364486
00365246
00365635
00366188
00366330
00366472
00366766
00368264
00368312
00369160
00370808
00371538
00371589
00372941
00373182
00373599
00373745
00375351
00375883
00378212
00378414
00378701
00379068
00379341
00380446
00381055
00381088
00381667
00382045
00382257
00382771
00383090
00383766
00384126
00385279
00385630
00386546
00386565
00386977
00387303
00387522
00387672
00388837
00389352
00389408
00390000
00390384
00391107
00391480
00391930
00392603
00392880
00393867
00395112
00396041
00396603
00396616
00397412
00397985
00398734
00399215
00400636
00402556
00402740
00403146
00403275
00404075
00404568
00405073
00406090
00406950
00407919
00408806
00409015
00409424
00409755
00411078
00411288
00411435
00411534
00411576
00411952
00413152
00414828
00416395
00416772
00417098
00418694
00418798
00418872
00418899
00418948
00418996
00419003
00419079
00419254
00419265
00419298
00419355
00419376
00419790
00420331
00420710
00421231
00421368
00421718
00421738
00421790
00421930
00422157
00422268
00422312
00422367
00422374
00422649
00424414
00424814
00424878
00425263
00425313
00425440
00425561
00426407
00426939
00427513
00427678
00427708
00429508
00430869
00432891
00433839
00434748
00435141
00436887
00437588
00437709
00437951
00438178
00439030
00439201
00440053
00440337
00440833
00442012
00442296
00443147
00443517
00444540
00445339
00446151
00447069
00448269
00448756
00448799
00450055
00451104
00452043
00453973
00454639
00455548
00455653
00456292
00456459
00456867
00457865
00458651
00458836
00459434
00459441
00459584
00459993
00460305
00460745
00460776
00460827
00461045
00461136
00461403
00461813
00462084
00462215
00462841
00463539
00463799
00464200
00464419
00465164
00466104
00466319
00467063
00467273
00467569
00467896
00468451
00468964
00469660
00469866
00470047
00470052
00470496
00470699
00471184
00471818
00472322
00472922
00473947
00474239
00475639
00476194
00476336
00476731
00477114
00477801
00478328
00478691
00478946
00479582
00479812
00481253
00481396
00481985
00483261
00483354
00484633
00485114
00486317
00486551
00486644
00487004
00487071
00487095
00487387
00487626
00489150
00489235
00490322
00490463
00492256
00492672
00493007
00493328
00493632
00494321
00494751
00495412
00495858
00496450
00496456
00496532
00496628
00496862
00497102
00497336
00498301
00498598
00498989
00499084
00499311
00499512
00500174
00500616
00500950
00501491
00501857
00502951
00503680
00504607
00505046
00505499
00505949
00506896
00507156
00507322
00507612
00507950
00508308
00508741
00510427
00510762
00511037
00512149
00512842
00513426
00513544
00514618
00514719
00516171
00517112
00517269
00517555
00517930
00518469
00518747
00518830
00519083
00519125
00519384
00519604
00520678
00521437
00523656
00523904
00525941
00527009
00527275
00527513
00527549
00527604
00527786
00528233
00528898
00529158
00529413
00530011
00530023
00530229
00530311
00530386
00530409
00530509
00530756
00531241
00531855
00532126
00532356
00532733
00532988
00533233
00533987
00534212
00535355
00535751
00536582
00536929
00536983
00537444
00537546
00538309
00539230
00539877
00539976
00540520
00540670
00540766
00540770
00541147
00541769
00542924
00543536
00544762
00545392
00546668
00547726
00548119
00548760
00548903
00549552
00549889
00550084
00551349
00552251
00554374
00555414
00555565
00556301
00556718
00556738
00557756
00557933
00558179
00558725
00559315
00559960
00560519
00560991
00561257
00561322
00562291
00562595
00563269
00563879
00564095
00564793
00565763
00565888
00566419
00566716
00567683
00567714
00568631
00569075
00569098
00569531
00570190
00570298
00571240
00572057
00572463
00573462
00573906
00573940
00576066
00576587
00578099
00578944
00580050
00580261
00580937
00581313
00581715
00582194
00582798
00583135
00583528
00583754
00584059
00584864
00585946
00586271
00586626
00586705
00587047
00588193
00588446
00588788
00589110
00589608
00589938
00590482
00591176
00591867
00592210
00592914
00593860
00594175
00595102
00595253
00595409
00595840
00596581
00596730
00597427
00598926
00599125
00600162
00600452
00600769
00601185
00601203
00601396
00602603
00602799
00604074
00605228
00605433
00605826
00606020
00606279
00606659
00607203
00607585
00607812
00609392
00611215
00611762
00611808
00612035
00612912
00613790
00613892
00613983
00614164
00614438
00614607
00615245
00615339
00615898
00616431
00616822
00617127
00617350
00617784
00618061
00618151
00618737
00620826
00621194
00622284
00622908
00623957
00624970
00625315
00625681
00626084
00626394
00626454
00626662
00627548
00628590
00629901
00630616
00630768
00630925
00631516
00631765
00632205
00633303
00633678
00633758
00633934
00634289
00634613
00634798
00635223
00636211
00636619
00636867
00637062
00637663
00638568
00638921
00639431
00640048
00640798
00640858
00641549
00641835
00643265
00643417
00643712
00645463
00645856
00646373
00648215
00649066
00649357
00650685
00652146
00652289
00652646
00652846
00653367
00654054
00654681
00655096
00655897
00656228
00657473
00657897
00660912
00661378
00662063
00662571
00662710
00662777
00663128
00663362
00666182
00666699
00666744
00667169
00668511
00668751
00669424
00669454
00669690
00670965
00671617
00671992
00673302
00673654
00674005
00674404
00675233
00677146
00677467
00678742
00679693
00680098
00680596
00681181
00681293
00681973
00682037
00682095
00682145
00682192
00682743
00682821
00683676
00684235
00684380
00685220
00685467
00685509
00685602
00685652
00685690
00685824
00685835
00685866
00685884
00685930
00687021
00687627
00688520
00688673
00688976
00689341
00689358
00689706
00690752
00691010
00692043
00694627
00695148
00695543
00696181
00696567
00697266
00698040
00698361
00700201
00700275
00701324
00702230
00702823
00702958
00703220
00703281
00704693
00704963
00705288
00705839
00707663
00707742
00707842
00707996
00708311
00709348
00709780
00710157
00710800
00712981
00713760
00715014
00715756
00716336
00717253
00717604
00717914
00718187
00718258
00718440
00718682
00719148
00719979
00720105
00720739
00721266
00721318
00721638
00722142
00722536
00722662
00723332
00723504
00723778
00724386
00724491
00725186
00726160
00726317
00727924
00728910
00729366
00729818
00731068
00731558
00731796
00732846
00733985
00734205
00735811
00735838
00735847
00736053
00736588
00737645
00737819
00737980
00738329
00738372
00738651
00738739
00738765
00739183
00739346
00739496
00739774
00740301
00741356
00742408
00742436
00742512
00742773
00742953
00743257
00744114
00745093
00746394
00746731
00746949
00748027
00748312
00748349
00748725
00748895
00749174
00749674
00749782
00749819
00750014
00751534
00752200
00752488
00753392
00754211
00755211
00756444
00757627
00758230
00758717
00759408
00759650
00759808
00760194
00761200
00762162
00762440
00763326
00763630
00764086
00764572
00765569
00765739
00767976
00768407
00768703
00769664
00770090
00770345
00770630
00770788
00772135
00772375
00772386
00772671
00772987
00774212
00774574
00776070
00776283
00776841
00776913
00777945
00778995
00779306
00779393
00779870
00780668
00781694
00781860
00782303
00783527
00783643
00783661
00783736
00784478
00785127
00785523
00785864
00786480
00786495
00786796
00787322
00787424
00787582
00787630
00788029
00788298
00788473
00788722
00789545
00789571
00790248
00790760
00791099
00791224
00791946
00792310
00792707
00792946
00793523
00793901
00794377
00794744
00795062
00795905
00796205
00796811
00797425
00798703
00800279
00800866
00803146
00803629
00804156
00804663
00805530
00806878
00807730
00808304
00808839
00809192
00810148
00810675
00810795
00810916
00812416
00814236
00815196
00815928
00816523
00816892
00817186
00817401
00819887
00820269
00822604
00823433
00823772
00824642
00826208
00826488
00827121
00827996
00828954
00829320
00830401
00831802
00832897
00833654
00834235
00836424
00838052
00841259
00842522
00843633
00844723
00845296
00846372
00846877
00847041
00850174
00850542
00851181
00851332
00851763
00854078
00856030
00857355
00858121
00860187
00860402
00860846
00862824
00863458
00864151
00864872
00865876
00866610
00867177
00867731
00868891
00869167
00870257
00870526
00871985
00872720
00873024
00874643
00875922
00876693
00876732
00876847
00877078
00877277
00877593
00878650
00879064
00879876
00880738
00880877
00882907
00884029
00884334
00884424
00885947
00887224
00887470
00888193
00889756
00891149
00891488
00892547
00893212
00894096
00894487
00895279
00896495
00897264
00898043
00898219
00899803
00902038
00902999
00903862
00904864
00906369
00907110
00907689
00909080
00909613
00909989
00910601
00910828
00911927
00912932
00913761
00914538
00915291
00916322
00916895
00917411
00918118
00918490
00918893
00919108
00920196
00920663
00921039
00921930
00922185
00923428
00923761
00924430
00924954
00925638
00928005
00928874
00929296
00930366
00932695
00933492
00934478
00934589
00934670
00934970
00936565
00937160
00938308
00938923
00939336
00939580
00939675
00940601
00942049
00943167
00944114
00944318
00945061
00947837
00948169
00949652
00949777
00950668
00951938
00952449
00953195
00953520
00954709
00955540
00957418
00958930
00959235
00959865
00960222
00960580
00961281
00961742
00962482
00963003
00964129
00964953
00966471
00967494
00970411
00971942
00972718
00973144
00975757
00976275
00976611
00977460
00979145
00980291
00980997
00981141
00982722
00983173
00984395
00984683
00985731
00986518
00987098
00988784
00989125
00989653
00990838
00990919
00990969
00990985
00992908
00993156
00993549
00994455
00994691
00994791
00996027
00996417
00997300
00998008
00998540
00998920
