ISO-10303-21;
HEADER;
FILE_DESCRIPTION(('Open CASCADE Model'),'2;1');
FILE_NAME('Open CASCADE Shape Model','2024-10-01T20:18:18',('Author'),(
    'Open CASCADE'),'Open CASCADE STEP processor 7.8','Open CASCADE 7.8'
  ,'Unknown');
FILE_SCHEMA(('CONFIG_CONTROL_DESIGN'));
ENDSEC;
DATA;
#1 = APPLICATION_PROTOCOL_DEFINITION('international standard',
  'config_control_design',1994,#2);
#2 = APPLICATION_CONTEXT(
'configuration controlled 3D designs of mechanical parts and assemblies'
  );
#3 = SHAPE_DEFINITION_REPRESENTATION(#4,#10);
#4 = PRODUCT_DEFINITION_SHAPE('','',#5);
#5 = PRODUCT_DEFINITION('design','',#6,#9);
#6 = PRODUCT_DEFINITION_FORMATION_WITH_SPECIFIED_SOURCE('','',#7,
  .NOT_KNOWN.);
#7 = PRODUCT('Open CASCADE STEP translator 7.8 251',
  'Open CASCADE STEP translator 7.8 251','',(#8));
#8 = MECHANICAL_CONTEXT('',#2,'mechanical');
#9 = DESIGN_CONTEXT('',#2,'design');
#10 = ADVANCED_BREP_SHAPE_REPRESENTATION('',(#11,#15),#1493);
#11 = AXIS2_PLACEMENT_3D('',#12,#13,#14);
#12 = CARTESIAN_POINT('',(0.,0.,0.));
#13 = DIRECTION('',(0.,0.,1.));
#14 = DIRECTION('',(1.,0.,-0.));
#15 = MANIFOLD_SOLID_BREP('',#16);
#16 = CLOSED_SHELL('',(#17,#341,#502,#646,#1104,#1196,#1283,#1311,#1441,
    #1467));
#17 = ADVANCED_FACE('',(#18),#33,.T.);
#18 = FACE_BOUND('',#19,.T.);
#19 = EDGE_LOOP('',(#20,#150,#191,#302));
#20 = ORIENTED_EDGE('',*,*,#21,.T.);
#21 = EDGE_CURVE('',#22,#24,#26,.T.);
#22 = VERTEX_POINT('',#23);
#23 = CARTESIAN_POINT('',(-0.749413060779,-9.222557600152E-02,
    0.899997356749));
#24 = VERTEX_POINT('',#25);
#25 = CARTESIAN_POINT('',(-0.749413060777,9.222557600155E-02,
    0.899997356751));
#26 = SURFACE_CURVE('',#27,(#32,#91),.PCURVE_S1.);
#27 = B_SPLINE_CURVE_WITH_KNOTS('',3,(#28,#29,#30,#31),.UNSPECIFIED.,.F.
  ,.F.,(4,4),(0.,1.),.PIECEWISE_BEZIER_KNOTS.);
#28 = CARTESIAN_POINT('',(-0.749416291715,-9.217385170367E-02,
    0.89999997616));
#29 = CARTESIAN_POINT('',(-0.749416291715,-3.072461728878E-02,
    0.89999997616));
#30 = CARTESIAN_POINT('',(-0.749416291716,3.072461728784E-02,
    0.899999976161));
#31 = CARTESIAN_POINT('',(-0.749416291716,9.217385170272E-02,
    0.899999976161));
#32 = PCURVE('',#33,#50);
#33 = B_SPLINE_SURFACE_WITH_KNOTS('',3,3,(
    (#34,#35,#36,#37)
    ,(#38,#39,#40,#41)
    ,(#42,#43,#44,#45)
    ,(#46,#47,#48,#49
    )),.UNSPECIFIED.,.F.,.F.,.F.,(4,4),(4,4),(0.,1.),(0.,1.),
  .PIECEWISE_BEZIER_KNOTS.);
#34 = CARTESIAN_POINT('',(-0.749416291713,-9.217385170233E-02,
    0.899997419077));
#35 = CARTESIAN_POINT('',(-0.749416291713,-9.217385170233E-02,
    0.299999140223));
#36 = CARTESIAN_POINT('',(-0.749416291713,-9.217385170233E-02,
    -0.299999140212));
#37 = CARTESIAN_POINT('',(-0.749416291713,-9.217385170233E-02,
    -0.899997419065));
#38 = CARTESIAN_POINT('',(-0.749416291713,-3.07246172884E-02,
    0.899997419077));
#39 = CARTESIAN_POINT('',(-0.749416291713,-3.07246172884E-02,
    0.299999140223));
#40 = CARTESIAN_POINT('',(-0.749416291713,-3.07246172884E-02,
    -0.299999140212));
#41 = CARTESIAN_POINT('',(-0.749416291713,-3.07246172884E-02,
    -0.899997419066));
#42 = CARTESIAN_POINT('',(-0.749416291714,3.072461728727E-02,
    0.899997419077));
#43 = CARTESIAN_POINT('',(-0.749416291714,3.072461728727E-02,
    0.299999140223));
#44 = CARTESIAN_POINT('',(-0.749416291714,3.072461728727E-02,
    -0.299999140212));
#45 = CARTESIAN_POINT('',(-0.749416291714,3.072461728727E-02,
    -0.899997419066));
#46 = CARTESIAN_POINT('',(-0.749416291714,9.21738517012E-02,
    0.899997419077));
#47 = CARTESIAN_POINT('',(-0.749416291714,9.21738517012E-02,
    0.299999140223));
#48 = CARTESIAN_POINT('',(-0.749416291714,9.21738517012E-02,
    -0.299999140212));
#49 = CARTESIAN_POINT('',(-0.749416291714,9.21738517012E-02,
    -0.899997419066));
#50 = DEFINITIONAL_REPRESENTATION('',(#51),#90);
#51 = B_SPLINE_CURVE_WITH_KNOTS('',10,(#52,#53,#54,#55,#56,#57,#58,#59,
    #60,#61,#62,#63,#64,#65,#66,#67,#68,#69,#70,#71,#72,#73,#74,#75,#76,
    #77,#78,#79,#80,#81,#82,#83,#84,#85,#86,#87,#88,#89),.UNSPECIFIED.,
  .F.,.F.,(11,9,9,9,11),(0.,0.25,0.5,0.75,1.),.UNSPECIFIED.);
#52 = CARTESIAN_POINT('',(-2.702216720218E-04,1.420386950582E-06));
#53 = CARTESIAN_POINT('',(2.47297783284E-02,1.420386873445E-06));
#54 = CARTESIAN_POINT('',(5.216822090819E-02,1.420386788784E-06));
#55 = CARTESIAN_POINT('',(7.002941862828E-02,1.420386733673E-06));
#56 = CARTESIAN_POINT('',(0.106775577932,1.420386620294E-06));
#57 = CARTESIAN_POINT('',(0.118903110811,1.420386582874E-06));
#58 = CARTESIAN_POINT('',(0.153638238025,1.420386475699E-06));
#59 = CARTESIAN_POINT('',(0.173652468054,1.420386413946E-06));
#60 = CARTESIAN_POINT('',(0.20024587618,1.420386331892E-06));
#61 = CARTESIAN_POINT('',(0.225000000127,1.420386255514E-06));
#62 = CARTESIAN_POINT('',(0.274999999865,1.420386101239E-06));
#63 = CARTESIAN_POINT('',(0.299984064337,1.420386024151E-06));
#64 = CARTESIAN_POINT('',(0.324995697939,1.420385946978E-06));
#65 = CARTESIAN_POINT('',(0.350016880459,1.420385869776E-06));
#66 = CARTESIAN_POINT('',(0.375020303313,1.420385792628E-06));
#67 = CARTESIAN_POINT('',(0.399999002022,1.420385715556E-06));
#68 = CARTESIAN_POINT('',(0.424973384775,1.420385638499E-06));
#69 = CARTESIAN_POINT('',(0.449975657104,1.420385561354E-06));
#70 = CARTESIAN_POINT('',(0.475011642644,1.420385484106E-06));
#71 = CARTESIAN_POINT('',(0.524988357352,1.420385329904E-06));
#72 = CARTESIAN_POINT('',(0.550024342896,1.420385252656E-06));
#73 = CARTESIAN_POINT('',(0.575026615227,1.420385175512E-06));
#74 = CARTESIAN_POINT('',(0.60000099798,1.420385098453E-06));
#75 = CARTESIAN_POINT('',(0.624979696688,1.420385021382E-06));
#76 = CARTESIAN_POINT('',(0.649983119541,1.420384944234E-06));
#77 = CARTESIAN_POINT('',(0.675004302062,1.420384867032E-06));
#78 = CARTESIAN_POINT('',(0.700015935665,1.420384789859E-06));
#79 = CARTESIAN_POINT('',(0.725000000136,1.420384712771E-06));
#80 = CARTESIAN_POINT('',(0.774999999874,1.420384558496E-06));
#81 = CARTESIAN_POINT('',(0.799754123826,1.420384482118E-06));
#82 = CARTESIAN_POINT('',(0.82634753192,1.420384400064E-06));
#83 = CARTESIAN_POINT('',(0.846361762048,1.42038433831E-06));
#84 = CARTESIAN_POINT('',(0.881096889069,1.420384231136E-06));
#85 = CARTESIAN_POINT('',(0.893224422202,1.420384193716E-06));
#86 = CARTESIAN_POINT('',(0.929970581275,1.420384080337E-06));
#87 = CARTESIAN_POINT('',(0.947831779135,1.420384025226E-06));
#88 = CARTESIAN_POINT('',(0.975270221667,1.420383940565E-06));
#89 = CARTESIAN_POINT('',(1.000270221668,1.420383863428E-06));
#90 = ( GEOMETRIC_REPRESENTATION_CONTEXT(2) 
PARAMETRIC_REPRESENTATION_CONTEXT() REPRESENTATION_CONTEXT('2D SPACE',''
  ) );
#91 = PCURVE('',#92,#109);
#92 = B_SPLINE_SURFACE_WITH_KNOTS('',3,3,(
    (#93,#94,#95,#96)
    ,(#97,#98,#99,#100)
    ,(#101,#102,#103,#104)
    ,(#105,#106,#107,#108
    )),.UNSPECIFIED.,.F.,.F.,.F.,(4,4),(4,4),(0.,1.),(0.,1.),
  .PIECEWISE_BEZIER_KNOTS.);
#93 = CARTESIAN_POINT('',(-0.749413220918,-9.217385170197E-02,
    0.899999976161));
#94 = CARTESIAN_POINT('',(-0.249804407415,-9.217385170197E-02,
    0.899999976161));
#95 = CARTESIAN_POINT('',(0.249804407405,-9.217385170197E-02,
    0.899999976161));
#96 = CARTESIAN_POINT('',(0.749413220909,-9.217385170197E-02,
    0.899999976161));
#97 = CARTESIAN_POINT('',(-0.749413220917,-3.072461728835E-02,
    0.89999997616));
#98 = CARTESIAN_POINT('',(-0.249804407414,-3.072461728835E-02,
    0.89999997616));
#99 = CARTESIAN_POINT('',(0.249804407405,-3.072461728835E-02,
    0.89999997616));
#100 = CARTESIAN_POINT('',(0.749413220908,-3.072461728835E-02,
    0.89999997616));
#101 = CARTESIAN_POINT('',(-0.749413220916,3.0724617287E-02,
    0.899999976158));
#102 = CARTESIAN_POINT('',(-0.249804407414,3.0724617287E-02,
    0.899999976158));
#103 = CARTESIAN_POINT('',(0.249804407405,3.0724617287E-02,
    0.899999976158));
#104 = CARTESIAN_POINT('',(0.749413220906,3.0724617287E-02,
    0.899999976158));
#105 = CARTESIAN_POINT('',(-0.749413220914,9.217385170062E-02,
    0.899999976157));
#106 = CARTESIAN_POINT('',(-0.249804407413,9.217385170062E-02,
    0.899999976157));
#107 = CARTESIAN_POINT('',(0.249804407404,9.217385170062E-02,
    0.899999976157));
#108 = CARTESIAN_POINT('',(0.749413220905,9.217385170062E-02,
    0.899999976157));
#109 = DEFINITIONAL_REPRESENTATION('',(#110),#149);
#110 = B_SPLINE_CURVE_WITH_KNOTS('',10,(#111,#112,#113,#114,#115,#116,
    #117,#118,#119,#120,#121,#122,#123,#124,#125,#126,#127,#128,#129,
    #130,#131,#132,#133,#134,#135,#136,#137,#138,#139,#140,#141,#142,
    #143,#144,#145,#146,#147,#148),.UNSPECIFIED.,.F.,.F.,(11,9,9,9,11),(
    0.,0.25,0.5,0.75,1.),.UNSPECIFIED.);
#111 = CARTESIAN_POINT('',(-2.702216611289E-04,2.048552069042E-06));
#112 = CARTESIAN_POINT('',(2.472977833942E-02,2.048552091327E-06));
#113 = CARTESIAN_POINT('',(5.216822080183E-02,2.048552115786E-06));
#114 = CARTESIAN_POINT('',(7.002941886833E-02,2.048552131709E-06));
#115 = CARTESIAN_POINT('',(0.1067755776,2.048552164464E-06));
#116 = CARTESIAN_POINT('',(0.118903111109,2.048552175276E-06));
#117 = CARTESIAN_POINT('',(0.153638237845,2.048552206238E-06));
#118 = CARTESIAN_POINT('',(0.17365246812,2.04855222408E-06));
#119 = CARTESIAN_POINT('',(0.200245876167,2.048552247786E-06));
#120 = CARTESIAN_POINT('',(0.225000000126,2.048552269852E-06));
#121 = CARTESIAN_POINT('',(0.274999999865,2.048552314423E-06));
#122 = CARTESIAN_POINT('',(0.299984064335,2.048552336695E-06));
#123 = CARTESIAN_POINT('',(0.324995697939,2.048552358991E-06));
#124 = CARTESIAN_POINT('',(0.35001688046,2.048552381295E-06));
#125 = CARTESIAN_POINT('',(0.375020303314,2.048552403583E-06));
#126 = CARTESIAN_POINT('',(0.39999900202,2.04855242585E-06));
#127 = CARTESIAN_POINT('',(0.424973384773,2.048552448113E-06));
#128 = CARTESIAN_POINT('',(0.449975657107,2.0485524704E-06));
#129 = CARTESIAN_POINT('',(0.475011642656,2.048552492718E-06));
#130 = CARTESIAN_POINT('',(0.524988357364,2.048552537268E-06));
#131 = CARTESIAN_POINT('',(0.550024342899,2.048552559586E-06));
#132 = CARTESIAN_POINT('',(0.575026615225,2.048552581874E-06));
#133 = CARTESIAN_POINT('',(0.600000997979,2.048552604136E-06));
#134 = CARTESIAN_POINT('',(0.624979696689,2.048552626403E-06));
#135 = CARTESIAN_POINT('',(0.649983119544,2.048552648691E-06));
#136 = CARTESIAN_POINT('',(0.675004302064,2.048552670996E-06));
#137 = CARTESIAN_POINT('',(0.700015935665,2.048552693291E-06));
#138 = CARTESIAN_POINT('',(0.725000000137,2.048552715563E-06));
#139 = CARTESIAN_POINT('',(0.774999999876,2.048552760134E-06));
#140 = CARTESIAN_POINT('',(0.799754123818,2.0485527822E-06));
#141 = CARTESIAN_POINT('',(0.826347531976,2.048552805907E-06));
#142 = CARTESIAN_POINT('',(0.846361761907,2.048552823747E-06));
#143 = CARTESIAN_POINT('',(0.881096889311,2.048552854712E-06));
#144 = CARTESIAN_POINT('',(0.89322442194,2.048552865521E-06));
#145 = CARTESIAN_POINT('',(0.929970581472,2.048552898278E-06));
#146 = CARTESIAN_POINT('',(0.947831779054,2.048552914199E-06));
#147 = CARTESIAN_POINT('',(0.975270221681,2.048552938659E-06));
#148 = CARTESIAN_POINT('',(1.000270221681,2.048552960944E-06));
#149 = ( GEOMETRIC_REPRESENTATION_CONTEXT(2) 
PARAMETRIC_REPRESENTATION_CONTEXT() REPRESENTATION_CONTEXT('2D SPACE',''
  ) );
#150 = ORIENTED_EDGE('',*,*,#151,.T.);
#151 = EDGE_CURVE('',#24,#152,#154,.T.);
#152 = VERTEX_POINT('',#153);
#153 = CARTESIAN_POINT('',(-0.749414263153,9.222659560646E-02,
    -0.899996250868));
#154 = SURFACE_CURVE('',#155,(#160,#168),.PCURVE_S1.);
#155 = B_SPLINE_CURVE_WITH_KNOTS('',3,(#156,#157,#158,#159),
  .UNSPECIFIED.,.F.,.F.,(4,4),(0.,1.),.PIECEWISE_BEZIER_KNOTS.);
#156 = CARTESIAN_POINT('',(-0.749416291714,9.227348119021E-02,
    0.899989748626));
#157 = CARTESIAN_POINT('',(-0.749416291714,9.227348119021E-02,
    0.299996583406));
#158 = CARTESIAN_POINT('',(-0.749416291714,9.227348119021E-02,
    -0.299996583395));
#159 = CARTESIAN_POINT('',(-0.749416291714,9.227348119021E-02,
    -0.899989748615));
#160 = PCURVE('',#33,#161);
#161 = DEFINITIONAL_REPRESENTATION('',(#162),#167);
#162 = B_SPLINE_CURVE_WITH_KNOTS('',3,(#163,#164,#165,#166),
  .UNSPECIFIED.,.F.,.F.,(4,4),(0.,1.),.PIECEWISE_BEZIER_KNOTS.);
#163 = CARTESIAN_POINT('',(1.000270221668,1.420383863526E-06));
#164 = CARTESIAN_POINT('',(1.000270221671,0.333331912801));
#165 = CARTESIAN_POINT('',(1.000270221675,0.666668087201));
#166 = CARTESIAN_POINT('',(1.000270221678,0.999998579619));
#167 = ( GEOMETRIC_REPRESENTATION_CONTEXT(2) 
PARAMETRIC_REPRESENTATION_CONTEXT() REPRESENTATION_CONTEXT('2D SPACE',''
  ) );
#168 = PCURVE('',#169,#186);
#169 = B_SPLINE_SURFACE_WITH_KNOTS('',3,3,(
    (#170,#171,#172,#173)
    ,(#174,#175,#176,#177)
    ,(#178,#179,#180,#181)
    ,(#182,#183,#184,#185
    )),.UNSPECIFIED.,.F.,.F.,.F.,(4,4),(4,4),(0.,1.),(0.,1.),
  .PIECEWISE_BEZIER_KNOTS.);
#170 = CARTESIAN_POINT('',(-0.749413220916,9.227348119022E-02,
    -0.899989748626));
#171 = CARTESIAN_POINT('',(-0.249804407414,9.227348119022E-02,
    -0.899989748626));
#172 = CARTESIAN_POINT('',(0.249804407405,9.227348119022E-02,
    -0.899989748626));
#173 = CARTESIAN_POINT('',(0.749413220906,9.227348119022E-02,
    -0.899989748626));
#174 = CARTESIAN_POINT('',(-0.749413220916,9.227348119021E-02,
    -0.299996583406));
#175 = CARTESIAN_POINT('',(-0.249804407414,9.227348119021E-02,
    -0.299996583406));
#176 = CARTESIAN_POINT('',(0.249804407405,9.227348119021E-02,
    -0.299996583406));
#177 = CARTESIAN_POINT('',(0.749413220906,9.227348119021E-02,
    -0.299996583406));
#178 = CARTESIAN_POINT('',(-0.749413220916,9.22734811902E-02,
    0.299996583395));
#179 = CARTESIAN_POINT('',(-0.249804407414,9.22734811902E-02,
    0.299996583395));
#180 = CARTESIAN_POINT('',(0.249804407405,9.22734811902E-02,
    0.299996583395));
#181 = CARTESIAN_POINT('',(0.749413220906,9.22734811902E-02,
    0.299996583395));
#182 = CARTESIAN_POINT('',(-0.749413220916,9.22734811902E-02,
    0.899989748615));
#183 = CARTESIAN_POINT('',(-0.249804407414,9.22734811902E-02,
    0.899989748615));
#184 = CARTESIAN_POINT('',(0.249804407405,9.22734811902E-02,
    0.899989748615));
#185 = CARTESIAN_POINT('',(0.749413220906,9.22734811902E-02,
    0.899989748615));
#186 = DEFINITIONAL_REPRESENTATION('',(#187),#190);
#187 = B_SPLINE_CURVE_WITH_KNOTS('',1,(#188,#189),.UNSPECIFIED.,.F.,.F.,
  (2,2),(0.,1.),.PIECEWISE_BEZIER_KNOTS.);
#188 = CARTESIAN_POINT('',(1.000002841017,2.048551125646E-06));
#189 = CARTESIAN_POINT('',(-2.841013571048E-06,2.048554300597E-06));
#190 = ( GEOMETRIC_REPRESENTATION_CONTEXT(2) 
PARAMETRIC_REPRESENTATION_CONTEXT() REPRESENTATION_CONTEXT('2D SPACE',''
  ) );
#191 = ORIENTED_EDGE('',*,*,#192,.T.);
#192 = EDGE_CURVE('',#152,#193,#195,.T.);
#193 = VERTEX_POINT('',#194);
#194 = CARTESIAN_POINT('',(-0.749413060777,-9.222557600155E-02,
    -0.899997356751));
#195 = SURFACE_CURVE('',#196,(#201,#243),.PCURVE_S1.);
#196 = B_SPLINE_CURVE_WITH_KNOTS('',3,(#197,#198,#199,#200),
  .UNSPECIFIED.,.F.,.F.,(4,4),(0.,1.),.PIECEWISE_BEZIER_KNOTS.);
#197 = CARTESIAN_POINT('',(-0.749416291715,9.217385170367E-02,
    -0.89999997616));
#198 = CARTESIAN_POINT('',(-0.749416291715,3.072461728878E-02,
    -0.89999997616));
#199 = CARTESIAN_POINT('',(-0.749416291716,-3.072461728784E-02,
    -0.899999976161));
#200 = CARTESIAN_POINT('',(-0.749416291716,-9.217385170272E-02,
    -0.899999976161));
#201 = PCURVE('',#33,#202);
#202 = DEFINITIONAL_REPRESENTATION('',(#203),#242);
#203 = B_SPLINE_CURVE_WITH_KNOTS('',10,(#204,#205,#206,#207,#208,#209,
    #210,#211,#212,#213,#214,#215,#216,#217,#218,#219,#220,#221,#222,
    #223,#224,#225,#226,#227,#228,#229,#230,#231,#232,#233,#234,#235,
    #236,#237,#238,#239,#240,#241),.UNSPECIFIED.,.F.,.F.,(11,9,9,9,11),(
    0.,0.25,0.5,0.75,1.),.UNSPECIFIED.);
#204 = CARTESIAN_POINT('',(1.000270221678,0.999998579619));
#205 = CARTESIAN_POINT('',(0.975270221678,0.999998579619));
#206 = CARTESIAN_POINT('',(0.947831779098,0.999998579619));
#207 = CARTESIAN_POINT('',(0.929970581378,0.999998579619));
#208 = CARTESIAN_POINT('',(0.893224422074,0.999998579619));
#209 = CARTESIAN_POINT('',(0.881096889195,0.99999857962));
#210 = CARTESIAN_POINT('',(0.846361761981,0.999998579619));
#211 = CARTESIAN_POINT('',(0.826347531952,0.99999857962));
#212 = CARTESIAN_POINT('',(0.799754123826,0.999998579619));
#213 = CARTESIAN_POINT('',(0.77499999988,0.99999857962));
#214 = CARTESIAN_POINT('',(0.725000000141,0.99999857962));
#215 = CARTESIAN_POINT('',(0.70001593567,0.99999857962));
#216 = CARTESIAN_POINT('',(0.675004302067,0.99999857962));
#217 = CARTESIAN_POINT('',(0.649983119547,0.99999857962));
#218 = CARTESIAN_POINT('',(0.624979696693,0.99999857962));
#219 = CARTESIAN_POINT('',(0.600000997984,0.99999857962));
#220 = CARTESIAN_POINT('',(0.575026615231,0.999998579621));
#221 = CARTESIAN_POINT('',(0.550024342902,0.999998579621));
#222 = CARTESIAN_POINT('',(0.524988357362,0.999998579621));
#223 = CARTESIAN_POINT('',(0.475011642654,0.999998579621));
#224 = CARTESIAN_POINT('',(0.44997565711,0.999998579621));
#225 = CARTESIAN_POINT('',(0.424973384779,0.999998579621));
#226 = CARTESIAN_POINT('',(0.399999002026,0.999998579621));
#227 = CARTESIAN_POINT('',(0.375020303319,0.999998579622));
#228 = CARTESIAN_POINT('',(0.350016880465,0.999998579621));
#229 = CARTESIAN_POINT('',(0.324995697944,0.999998579622));
#230 = CARTESIAN_POINT('',(0.299984064341,0.999998579621));
#231 = CARTESIAN_POINT('',(0.274999999871,0.999998579622));
#232 = CARTESIAN_POINT('',(0.225000000132,0.999998579622));
#233 = CARTESIAN_POINT('',(0.200245876181,0.999998579622));
#234 = CARTESIAN_POINT('',(0.173652468086,0.999998579622));
#235 = CARTESIAN_POINT('',(0.153638237958,0.999998579622));
#236 = CARTESIAN_POINT('',(0.118903110937,0.999998579623));
#237 = CARTESIAN_POINT('',(0.106775577804,0.999998579622));
#238 = CARTESIAN_POINT('',(7.002941873071E-02,0.999998579623));
#239 = CARTESIAN_POINT('',(5.216822087119E-02,0.999998579622));
#240 = CARTESIAN_POINT('',(2.472977833872E-02,0.999998579623));
#241 = CARTESIAN_POINT('',(-2.702216617057E-04,0.999998579623));
#242 = ( GEOMETRIC_REPRESENTATION_CONTEXT(2) 
PARAMETRIC_REPRESENTATION_CONTEXT() REPRESENTATION_CONTEXT('2D SPACE',''
  ) );
#243 = PCURVE('',#244,#261);
#244 = B_SPLINE_SURFACE_WITH_KNOTS('',3,3,(
    (#245,#246,#247,#248)
    ,(#249,#250,#251,#252)
    ,(#253,#254,#255,#256)
    ,(#257,#258,#259,#260
    )),.UNSPECIFIED.,.F.,.F.,.F.,(4,4),(4,4),(0.,1.),(0.,1.),
  .PIECEWISE_BEZIER_KNOTS.);
#245 = CARTESIAN_POINT('',(-0.749413220918,-9.217385170197E-02,
    -0.899999976161));
#246 = CARTESIAN_POINT('',(-0.249804407415,-9.217385170197E-02,
    -0.899999976161));
#247 = CARTESIAN_POINT('',(0.249804407405,-9.217385170197E-02,
    -0.899999976161));
#248 = CARTESIAN_POINT('',(0.749413220909,-9.217385170197E-02,
    -0.899999976161));
#249 = CARTESIAN_POINT('',(-0.749413220917,-3.072461728835E-02,
    -0.89999997616));
#250 = CARTESIAN_POINT('',(-0.249804407414,-3.072461728835E-02,
    -0.89999997616));
#251 = CARTESIAN_POINT('',(0.249804407405,-3.072461728835E-02,
    -0.89999997616));
#252 = CARTESIAN_POINT('',(0.749413220908,-3.072461728835E-02,
    -0.89999997616));
#253 = CARTESIAN_POINT('',(-0.749413220916,3.0724617287E-02,
    -0.899999976158));
#254 = CARTESIAN_POINT('',(-0.249804407414,3.0724617287E-02,
    -0.899999976158));
#255 = CARTESIAN_POINT('',(0.249804407405,3.0724617287E-02,
    -0.899999976158));
#256 = CARTESIAN_POINT('',(0.749413220906,3.0724617287E-02,
    -0.899999976158));
#257 = CARTESIAN_POINT('',(-0.749413220914,9.217385170062E-02,
    -0.899999976157));
#258 = CARTESIAN_POINT('',(-0.249804407413,9.217385170062E-02,
    -0.899999976157));
#259 = CARTESIAN_POINT('',(0.249804407404,9.217385170062E-02,
    -0.899999976157));
#260 = CARTESIAN_POINT('',(0.749413220905,9.217385170062E-02,
    -0.899999976157));
#261 = DEFINITIONAL_REPRESENTATION('',(#262),#301);
#262 = B_SPLINE_CURVE_WITH_KNOTS('',10,(#263,#264,#265,#266,#267,#268,
    #269,#270,#271,#272,#273,#274,#275,#276,#277,#278,#279,#280,#281,
    #282,#283,#284,#285,#286,#287,#288,#289,#290,#291,#292,#293,#294,
    #295,#296,#297,#298,#299,#300),.UNSPECIFIED.,.F.,.F.,(11,9,9,9,11),(
    0.,0.25,0.5,0.75,1.),.UNSPECIFIED.);
#263 = CARTESIAN_POINT('',(1.000270221668,2.048549440087E-06));
#264 = CARTESIAN_POINT('',(0.975270221668,2.048549593747E-06));
#265 = CARTESIAN_POINT('',(0.947831779205,2.048549762395E-06));
#266 = CARTESIAN_POINT('',(0.929970581139,2.048549872178E-06));
#267 = CARTESIAN_POINT('',(0.893224422407,2.048550098034E-06));
#268 = CARTESIAN_POINT('',(0.881096888898,2.048550172576E-06));
#269 = CARTESIAN_POINT('',(0.846361762162,2.048550386072E-06));
#270 = CARTESIAN_POINT('',(0.826347531888,2.048550509089E-06));
#271 = CARTESIAN_POINT('',(0.79975412384,2.048550672542E-06));
#272 = CARTESIAN_POINT('',(0.774999999882,2.048550824692E-06));
#273 = CARTESIAN_POINT('',(0.725000000142,2.048551132013E-06));
#274 = CARTESIAN_POINT('',(0.700015935672,2.048551285575E-06));
#275 = CARTESIAN_POINT('',(0.675004302068,2.048551439307E-06));
#276 = CARTESIAN_POINT('',(0.649983119547,2.048551593097E-06));
#277 = CARTESIAN_POINT('',(0.624979696694,2.04855174678E-06));
#278 = CARTESIAN_POINT('',(0.600000997987,2.048551900308E-06));
#279 = CARTESIAN_POINT('',(0.575026615234,2.048552053812E-06));
#280 = CARTESIAN_POINT('',(0.5500243429,2.048552207486E-06));
#281 = CARTESIAN_POINT('',(0.524988357351,2.048552361368E-06));
#282 = CARTESIAN_POINT('',(0.475011642643,2.048552668546E-06));
#283 = CARTESIAN_POINT('',(0.449975657108,2.048552822427E-06));
#284 = CARTESIAN_POINT('',(0.424973384782,2.048552976102E-06));
#285 = CARTESIAN_POINT('',(0.399999002028,2.048553129605E-06));
#286 = CARTESIAN_POINT('',(0.375020303318,2.048553283135E-06));
#287 = CARTESIAN_POINT('',(0.350016880463,2.048553436816E-06));
#288 = CARTESIAN_POINT('',(0.324995697944,2.048553590607E-06));
#289 = CARTESIAN_POINT('',(0.299984064342,2.048553744339E-06));
#290 = CARTESIAN_POINT('',(0.27499999987,2.048553897901E-06));
#291 = CARTESIAN_POINT('',(0.225000000131,2.048554205222E-06));
#292 = CARTESIAN_POINT('',(0.200245876189,2.048554357371E-06));
#293 = CARTESIAN_POINT('',(0.173652468032,2.048554520826E-06));
#294 = CARTESIAN_POINT('',(0.153638238101,2.04855464384E-06));
#295 = CARTESIAN_POINT('',(0.118903110696,2.048554857339E-06));
#296 = CARTESIAN_POINT('',(0.106775578068,2.048554931878E-06));
#297 = CARTESIAN_POINT('',(7.002941853556E-02,2.048555157737E-06));
#298 = CARTESIAN_POINT('',(5.216822095331E-02,2.048555267518E-06));
#299 = CARTESIAN_POINT('',(2.472977832659E-02,2.048555436167E-06));
#300 = CARTESIAN_POINT('',(-2.702216739637E-04,2.048555589827E-06));
#301 = ( GEOMETRIC_REPRESENTATION_CONTEXT(2) 
PARAMETRIC_REPRESENTATION_CONTEXT() REPRESENTATION_CONTEXT('2D SPACE',''
  ) );
#302 = ORIENTED_EDGE('',*,*,#303,.T.);
#303 = EDGE_CURVE('',#193,#22,#304,.T.);
#304 = SURFACE_CURVE('',#305,(#310,#318),.PCURVE_S1.);
#305 = B_SPLINE_CURVE_WITH_KNOTS('',3,(#306,#307,#308,#309),
  .UNSPECIFIED.,.F.,.F.,(4,4),(0.,1.),.PIECEWISE_BEZIER_KNOTS.);
#306 = CARTESIAN_POINT('',(-0.749416291714,-9.227348119021E-02,
    -0.899989748626));
#307 = CARTESIAN_POINT('',(-0.749416291714,-9.227348119021E-02,
    -0.299996583406));
#308 = CARTESIAN_POINT('',(-0.749416291714,-9.227348119021E-02,
    0.299996583395));
#309 = CARTESIAN_POINT('',(-0.749416291714,-9.227348119021E-02,
    0.899989748615));
#310 = PCURVE('',#33,#311);
#311 = DEFINITIONAL_REPRESENTATION('',(#312),#317);
#312 = B_SPLINE_CURVE_WITH_KNOTS('',3,(#313,#314,#315,#316),
  .UNSPECIFIED.,.F.,.F.,(4,4),(0.,1.),.PIECEWISE_BEZIER_KNOTS.);
#313 = CARTESIAN_POINT('',(-2.702216617057E-04,0.999998579623));
#314 = CARTESIAN_POINT('',(-2.702216651444E-04,0.666668087205));
#315 = CARTESIAN_POINT('',(-2.702216685831E-04,0.333331912804));
#316 = CARTESIAN_POINT('',(-2.702216720218E-04,1.420386950612E-06));
#317 = ( GEOMETRIC_REPRESENTATION_CONTEXT(2) 
PARAMETRIC_REPRESENTATION_CONTEXT() REPRESENTATION_CONTEXT('2D SPACE',''
  ) );
#318 = PCURVE('',#319,#336);
#319 = B_SPLINE_SURFACE_WITH_KNOTS('',3,3,(
    (#320,#321,#322,#323)
    ,(#324,#325,#326,#327)
    ,(#328,#329,#330,#331)
    ,(#332,#333,#334,#335
    )),.UNSPECIFIED.,.F.,.F.,.F.,(4,4),(4,4),(0.,1.),(0.,1.),
  .PIECEWISE_BEZIER_KNOTS.);
#320 = CARTESIAN_POINT('',(-0.749413220916,-9.227348119022E-02,
    -0.899989748626));
#321 = CARTESIAN_POINT('',(-0.249804407414,-9.227348119022E-02,
    -0.899989748626));
#322 = CARTESIAN_POINT('',(0.249804407405,-9.227348119022E-02,
    -0.899989748626));
#323 = CARTESIAN_POINT('',(0.749413220906,-9.227348119022E-02,
    -0.899989748626));
#324 = CARTESIAN_POINT('',(-0.749413220916,-9.227348119021E-02,
    -0.299996583406));
#325 = CARTESIAN_POINT('',(-0.249804407414,-9.227348119021E-02,
    -0.299996583406));
#326 = CARTESIAN_POINT('',(0.249804407405,-9.227348119021E-02,
    -0.299996583406));
#327 = CARTESIAN_POINT('',(0.749413220906,-9.227348119021E-02,
    -0.299996583406));
#328 = CARTESIAN_POINT('',(-0.749413220916,-9.22734811902E-02,
    0.299996583395));
#329 = CARTESIAN_POINT('',(-0.249804407414,-9.22734811902E-02,
    0.299996583395));
#330 = CARTESIAN_POINT('',(0.249804407405,-9.22734811902E-02,
    0.299996583395));
#331 = CARTESIAN_POINT('',(0.749413220906,-9.22734811902E-02,
    0.299996583395));
#332 = CARTESIAN_POINT('',(-0.749413220916,-9.22734811902E-02,
    0.899989748615));
#333 = CARTESIAN_POINT('',(-0.249804407414,-9.22734811902E-02,
    0.899989748615));
#334 = CARTESIAN_POINT('',(0.249804407405,-9.22734811902E-02,
    0.899989748615));
#335 = CARTESIAN_POINT('',(0.749413220906,-9.22734811902E-02,
    0.899989748615));
#336 = DEFINITIONAL_REPRESENTATION('',(#337),#340);
#337 = B_SPLINE_CURVE_WITH_KNOTS('',1,(#338,#339),.UNSPECIFIED.,.F.,.F.,
  (2,2),(0.,1.),.PIECEWISE_BEZIER_KNOTS.);
#338 = CARTESIAN_POINT('',(-2.841010380727E-06,2.048551241421E-06));
#339 = CARTESIAN_POINT('',(1.00000284102,2.048554184942E-06));
#340 = ( GEOMETRIC_REPRESENTATION_CONTEXT(2) 
PARAMETRIC_REPRESENTATION_CONTEXT() REPRESENTATION_CONTEXT('2D SPACE',''
  ) );
#341 = ADVANCED_FACE('',(#342),#244,.T.);
#342 = FACE_BOUND('',#343,.T.);
#343 = EDGE_LOOP('',(#344,#457,#479,#480));
#344 = ORIENTED_EDGE('',*,*,#345,.T.);
#345 = EDGE_CURVE('',#346,#348,#350,.T.);
#346 = VERTEX_POINT('',#347);
#347 = CARTESIAN_POINT('',(0.749413060777,9.222557600155E-02,
    -0.899997356751));
#348 = VERTEX_POINT('',#349);
#349 = CARTESIAN_POINT('',(0.749413060779,-9.222557600152E-02,
    -0.899997356749));
#350 = SURFACE_CURVE('',#351,(#356,#398),.PCURVE_S1.);
#351 = B_SPLINE_CURVE_WITH_KNOTS('',3,(#352,#353,#354,#355),
  .UNSPECIFIED.,.F.,.F.,(4,4),(0.,1.),.PIECEWISE_BEZIER_KNOTS.);
#352 = CARTESIAN_POINT('',(0.749416291715,9.217385170367E-02,
    -0.89999997616));
#353 = CARTESIAN_POINT('',(0.749416291715,3.072461728878E-02,
    -0.89999997616));
#354 = CARTESIAN_POINT('',(0.749416291716,-3.072461728784E-02,
    -0.899999976161));
#355 = CARTESIAN_POINT('',(0.749416291716,-9.217385170272E-02,
    -0.899999976161));
#356 = PCURVE('',#244,#357);
#357 = DEFINITIONAL_REPRESENTATION('',(#358),#397);
#358 = B_SPLINE_CURVE_WITH_KNOTS('',10,(#359,#360,#361,#362,#363,#364,
    #365,#366,#367,#368,#369,#370,#371,#372,#373,#374,#375,#376,#377,
    #378,#379,#380,#381,#382,#383,#384,#385,#386,#387,#388,#389,#390,
    #391,#392,#393,#394,#395,#396),.UNSPECIFIED.,.F.,.F.,(11,9,9,9,11),(
    0.,0.25,0.5,0.75,1.),.UNSPECIFIED.);
#359 = CARTESIAN_POINT('',(1.000270221681,0.999997951453));
#360 = CARTESIAN_POINT('',(0.975270221681,0.999997951453));
#361 = CARTESIAN_POINT('',(0.947831779101,0.999997951453));
#362 = CARTESIAN_POINT('',(0.929970581381,0.999997951453));
#363 = CARTESIAN_POINT('',(0.893224422077,0.999997951453));
#364 = CARTESIAN_POINT('',(0.881096889197,0.999997951454));
#365 = CARTESIAN_POINT('',(0.846361761983,0.999997951453));
#366 = CARTESIAN_POINT('',(0.826347531954,0.999997951453));
#367 = CARTESIAN_POINT('',(0.799754123828,0.999997951453));
#368 = CARTESIAN_POINT('',(0.774999999882,0.999997951453));
#369 = CARTESIAN_POINT('',(0.725000000142,0.999997951453));
#370 = CARTESIAN_POINT('',(0.700015935671,0.999997951453));
#371 = CARTESIAN_POINT('',(0.675004302069,0.999997951454));
#372 = CARTESIAN_POINT('',(0.649983119549,0.999997951453));
#373 = CARTESIAN_POINT('',(0.624979696694,0.999997951454));
#374 = CARTESIAN_POINT('',(0.600000997985,0.999997951453));
#375 = CARTESIAN_POINT('',(0.575026615231,0.999997951454));
#376 = CARTESIAN_POINT('',(0.550024342903,0.999997951454));
#377 = CARTESIAN_POINT('',(0.524988357364,0.999997951454));
#378 = CARTESIAN_POINT('',(0.475011642656,0.999997951454));
#379 = CARTESIAN_POINT('',(0.449975657111,0.999997951454));
#380 = CARTESIAN_POINT('',(0.424973384779,0.999997951454));
#381 = CARTESIAN_POINT('',(0.399999002026,0.999997951454));
#382 = CARTESIAN_POINT('',(0.375020303319,0.999997951454));
#383 = CARTESIAN_POINT('',(0.350016880464,0.999997951454));
#384 = CARTESIAN_POINT('',(0.324995697944,0.999997951454));
#385 = CARTESIAN_POINT('',(0.299984064341,0.999997951454));
#386 = CARTESIAN_POINT('',(0.27499999987,0.999997951454));
#387 = CARTESIAN_POINT('',(0.225000000131,0.999997951454));
#388 = CARTESIAN_POINT('',(0.200245876177,0.999997951454));
#389 = CARTESIAN_POINT('',(0.173652468098,0.999997951454));
#390 = CARTESIAN_POINT('',(0.153638237921,0.999997951454));
#391 = CARTESIAN_POINT('',(0.118903110995,0.999997951454));
#392 = CARTESIAN_POINT('',(0.106775577737,0.999997951454));
#393 = CARTESIAN_POINT('',(7.002941877703E-02,0.999997951454));
#394 = CARTESIAN_POINT('',(5.216822084873E-02,0.999997951454));
#395 = CARTESIAN_POINT('',(2.472977833942E-02,0.999997951454));
#396 = CARTESIAN_POINT('',(-2.70221661129E-04,0.999997951454));
#397 = ( GEOMETRIC_REPRESENTATION_CONTEXT(2) 
PARAMETRIC_REPRESENTATION_CONTEXT() REPRESENTATION_CONTEXT('2D SPACE',''
  ) );
#398 = PCURVE('',#399,#416);
#399 = B_SPLINE_SURFACE_WITH_KNOTS('',3,3,(
    (#400,#401,#402,#403)
    ,(#404,#405,#406,#407)
    ,(#408,#409,#410,#411)
    ,(#412,#413,#414,#415
    )),.UNSPECIFIED.,.F.,.F.,.F.,(4,4),(4,4),(0.,1.),(0.,1.),
  .PIECEWISE_BEZIER_KNOTS.);
#400 = CARTESIAN_POINT('',(0.749416291713,-9.217385170233E-02,
    0.899997419077));
#401 = CARTESIAN_POINT('',(0.749416291713,-9.217385170233E-02,
    0.299999140223));
#402 = CARTESIAN_POINT('',(0.749416291713,-9.217385170233E-02,
    -0.299999140212));
#403 = CARTESIAN_POINT('',(0.749416291713,-9.217385170233E-02,
    -0.899997419065));
#404 = CARTESIAN_POINT('',(0.749416291713,-3.07246172884E-02,
    0.899997419077));
#405 = CARTESIAN_POINT('',(0.749416291713,-3.07246172884E-02,
    0.299999140223));
#406 = CARTESIAN_POINT('',(0.749416291713,-3.07246172884E-02,
    -0.299999140212));
#407 = CARTESIAN_POINT('',(0.749416291713,-3.07246172884E-02,
    -0.899997419066));
#408 = CARTESIAN_POINT('',(0.749416291714,3.072461728727E-02,
    0.899997419077));
#409 = CARTESIAN_POINT('',(0.749416291714,3.072461728727E-02,
    0.299999140223));
#410 = CARTESIAN_POINT('',(0.749416291714,3.072461728727E-02,
    -0.299999140212));
#411 = CARTESIAN_POINT('',(0.749416291714,3.072461728727E-02,
    -0.899997419066));
#412 = CARTESIAN_POINT('',(0.749416291714,9.21738517012E-02,
    0.899997419077));
#413 = CARTESIAN_POINT('',(0.749416291714,9.21738517012E-02,
    0.299999140223));
#414 = CARTESIAN_POINT('',(0.749416291714,9.21738517012E-02,
    -0.299999140212));
#415 = CARTESIAN_POINT('',(0.749416291714,9.21738517012E-02,
    -0.899997419066));
#416 = DEFINITIONAL_REPRESENTATION('',(#417),#456);
#417 = B_SPLINE_CURVE_WITH_KNOTS('',10,(#418,#419,#420,#421,#422,#423,
    #424,#425,#426,#427,#428,#429,#430,#431,#432,#433,#434,#435,#436,
    #437,#438,#439,#440,#441,#442,#443,#444,#445,#446,#447,#448,#449,
    #450,#451,#452,#453,#454,#455),.UNSPECIFIED.,.F.,.F.,(11,9,9,9,11),(
    0.,0.25,0.5,0.75,1.),.UNSPECIFIED.);
#418 = CARTESIAN_POINT('',(1.000270221668,0.999998579622));
#419 = CARTESIAN_POINT('',(0.975270221667,0.999998579622));
#420 = CARTESIAN_POINT('',(0.947831779182,0.999998579622));
#421 = CARTESIAN_POINT('',(0.929970581184,0.999998579622));
#422 = CARTESIAN_POINT('',(0.893224422339,0.999998579622));
#423 = CARTESIAN_POINT('',(0.881096888955,0.999998579622));
#424 = CARTESIAN_POINT('',(0.846361762125,0.999998579622));
#425 = CARTESIAN_POINT('',(0.826347531899,0.999998579622));
#426 = CARTESIAN_POINT('',(0.799754123836,0.999998579622));
#427 = CARTESIAN_POINT('',(0.77499999988,0.999998579622));
#428 = CARTESIAN_POINT('',(0.725000000141,0.999998579621));
#429 = CARTESIAN_POINT('',(0.70001593567,0.999998579621));
#430 = CARTESIAN_POINT('',(0.675004302067,0.999998579621));
#431 = CARTESIAN_POINT('',(0.649983119546,0.999998579621));
#432 = CARTESIAN_POINT('',(0.624979696693,0.999998579621));
#433 = CARTESIAN_POINT('',(0.600000997986,0.999998579621));
#434 = CARTESIAN_POINT('',(0.575026615233,0.999998579621));
#435 = CARTESIAN_POINT('',(0.5500243429,0.999998579621));
#436 = CARTESIAN_POINT('',(0.524988357352,0.999998579621));
#437 = CARTESIAN_POINT('',(0.475011642644,0.999998579621));
#438 = CARTESIAN_POINT('',(0.449975657108,0.999998579621));
#439 = CARTESIAN_POINT('',(0.424973384782,0.999998579621));
#440 = CARTESIAN_POINT('',(0.399999002028,0.99999857962));
#441 = CARTESIAN_POINT('',(0.375020303319,0.999998579621));
#442 = CARTESIAN_POINT('',(0.350016880463,0.99999857962));
#443 = CARTESIAN_POINT('',(0.324995697944,0.99999857962));
#444 = CARTESIAN_POINT('',(0.299984064342,0.99999857962));
#445 = CARTESIAN_POINT('',(0.274999999871,0.99999857962));
#446 = CARTESIAN_POINT('',(0.225000000132,0.99999857962));
#447 = CARTESIAN_POINT('',(0.20024587619,0.99999857962));
#448 = CARTESIAN_POINT('',(0.173652468033,0.99999857962));
#449 = CARTESIAN_POINT('',(0.153638238102,0.99999857962));
#450 = CARTESIAN_POINT('',(0.118903110697,0.99999857962));
#451 = CARTESIAN_POINT('',(0.10677557807,0.999998579619));
#452 = CARTESIAN_POINT('',(7.00294185369E-02,0.99999857962));
#453 = CARTESIAN_POINT('',(5.216822095513E-02,0.999998579619));
#454 = CARTESIAN_POINT('',(2.472977832841E-02,0.999998579619));
#455 = CARTESIAN_POINT('',(-2.702216720122E-04,0.999998579619));
#456 = ( GEOMETRIC_REPRESENTATION_CONTEXT(2) 
PARAMETRIC_REPRESENTATION_CONTEXT() REPRESENTATION_CONTEXT('2D SPACE',''
  ) );
#457 = ORIENTED_EDGE('',*,*,#458,.T.);
#458 = EDGE_CURVE('',#348,#193,#459,.T.);
#459 = SURFACE_CURVE('',#460,(#465,#473),.PCURVE_S1.);
#460 = B_SPLINE_CURVE_WITH_KNOTS('',3,(#461,#462,#463,#464),
  .UNSPECIFIED.,.F.,.F.,(4,4),(0.,1.),.PIECEWISE_BEZIER_KNOTS.);
#461 = CARTESIAN_POINT('',(0.749404009272,-9.227348119021E-02,
    -0.899999976158));
#462 = CARTESIAN_POINT('',(0.249801336866,-9.22734811902E-02,
    -0.899999976158));
#463 = CARTESIAN_POINT('',(-0.249801336857,-9.22734811902E-02,
    -0.899999976158));
#464 = CARTESIAN_POINT('',(-0.749404009263,-9.22734811902E-02,
    -0.899999976158));
#465 = PCURVE('',#244,#466);
#466 = DEFINITIONAL_REPRESENTATION('',(#467),#472);
#467 = B_SPLINE_CURVE_WITH_KNOTS('',3,(#468,#469,#470,#471),
  .UNSPECIFIED.,.F.,.F.,(4,4),(0.,1.),.PIECEWISE_BEZIER_KNOTS.);
#468 = CARTESIAN_POINT('',(-2.702216611289E-04,0.999997951454));
#469 = CARTESIAN_POINT('',(-2.702216654071E-04,0.666668715391));
#470 = CARTESIAN_POINT('',(-2.702216696855E-04,0.333331284618));
#471 = CARTESIAN_POINT('',(-2.702216739637E-04,2.048555589773E-06));
#472 = ( GEOMETRIC_REPRESENTATION_CONTEXT(2) 
PARAMETRIC_REPRESENTATION_CONTEXT() REPRESENTATION_CONTEXT('2D SPACE',''
  ) );
#473 = PCURVE('',#319,#474);
#474 = DEFINITIONAL_REPRESENTATION('',(#475),#478);
#475 = B_SPLINE_CURVE_WITH_KNOTS('',1,(#476,#477),.UNSPECIFIED.,.F.,.F.,
  (2,2),(0.,1.),.PIECEWISE_BEZIER_KNOTS.);
#476 = CARTESIAN_POINT('',(-2.841013573834E-06,0.999997951452));
#477 = CARTESIAN_POINT('',(-2.841010380727E-06,2.048551241421E-06));
#478 = ( GEOMETRIC_REPRESENTATION_CONTEXT(2) 
PARAMETRIC_REPRESENTATION_CONTEXT() REPRESENTATION_CONTEXT('2D SPACE',''
  ) );
#479 = ORIENTED_EDGE('',*,*,#192,.F.);
#480 = ORIENTED_EDGE('',*,*,#481,.T.);
#481 = EDGE_CURVE('',#152,#346,#482,.T.);
#482 = SURFACE_CURVE('',#483,(#488,#496),.PCURVE_S1.);
#483 = B_SPLINE_CURVE_WITH_KNOTS('',3,(#484,#485,#486,#487),
  .UNSPECIFIED.,.F.,.F.,(4,4),(0.,1.),.PIECEWISE_BEZIER_KNOTS.);
#484 = CARTESIAN_POINT('',(-0.749404009272,9.227348119021E-02,
    -0.899999976158));
#485 = CARTESIAN_POINT('',(-0.249801336866,9.22734811902E-02,
    -0.899999976158));
#486 = CARTESIAN_POINT('',(0.249801336857,9.22734811902E-02,
    -0.899999976158));
#487 = CARTESIAN_POINT('',(0.749404009263,9.22734811902E-02,
    -0.899999976158));
#488 = PCURVE('',#244,#489);
#489 = DEFINITIONAL_REPRESENTATION('',(#490),#495);
#490 = B_SPLINE_CURVE_WITH_KNOTS('',3,(#491,#492,#493,#494),
  .UNSPECIFIED.,.F.,.F.,(4,4),(0.,1.),.PIECEWISE_BEZIER_KNOTS.);
#491 = CARTESIAN_POINT('',(1.000270221668,2.048549440081E-06));
#492 = CARTESIAN_POINT('',(1.000270221673,0.333331284614));
#493 = CARTESIAN_POINT('',(1.000270221677,0.666668715389));
#494 = CARTESIAN_POINT('',(1.000270221681,0.999997951453));
#495 = ( GEOMETRIC_REPRESENTATION_CONTEXT(2) 
PARAMETRIC_REPRESENTATION_CONTEXT() REPRESENTATION_CONTEXT('2D SPACE',''
  ) );
#496 = PCURVE('',#169,#497);
#497 = DEFINITIONAL_REPRESENTATION('',(#498),#501);
#498 = B_SPLINE_CURVE_WITH_KNOTS('',1,(#499,#500),.UNSPECIFIED.,.F.,.F.,
  (2,2),(0.,1.),.PIECEWISE_BEZIER_KNOTS.);
#499 = CARTESIAN_POINT('',(-2.841013571048E-06,2.048554300597E-06));
#500 = CARTESIAN_POINT('',(-2.841010380652E-06,0.999997951455));
#501 = ( GEOMETRIC_REPRESENTATION_CONTEXT(2) 
PARAMETRIC_REPRESENTATION_CONTEXT() REPRESENTATION_CONTEXT('2D SPACE',''
  ) );
#502 = ADVANCED_FACE('',(#503),#92,.F.);
#503 = FACE_BOUND('',#504,.F.);
#504 = EDGE_LOOP('',(#505,#529,#623,#645));
#505 = ORIENTED_EDGE('',*,*,#506,.F.);
#506 = EDGE_CURVE('',#507,#24,#509,.T.);
#507 = VERTEX_POINT('',#508);
#508 = CARTESIAN_POINT('',(0.749411786997,9.22265385022E-02,
    0.899998318616));
#509 = SURFACE_CURVE('',#510,(#515,#523),.PCURVE_S1.);
#510 = B_SPLINE_CURVE_WITH_KNOTS('',3,(#511,#512,#513,#514),
  .UNSPECIFIED.,.F.,.F.,(4,4),(0.,1.),.PIECEWISE_BEZIER_KNOTS.);
#511 = CARTESIAN_POINT('',(0.749404009272,9.227348119021E-02,
    0.899999976158));
#512 = CARTESIAN_POINT('',(0.249801336866,9.22734811902E-02,
    0.899999976158));
#513 = CARTESIAN_POINT('',(-0.249801336857,9.22734811902E-02,
    0.899999976158));
#514 = CARTESIAN_POINT('',(-0.749404009263,9.22734811902E-02,
    0.899999976158));
#515 = PCURVE('',#92,#516);
#516 = DEFINITIONAL_REPRESENTATION('',(#517),#522);
#517 = B_SPLINE_CURVE_WITH_KNOTS('',3,(#518,#519,#520,#521),
  .UNSPECIFIED.,.F.,.F.,(4,4),(0.,1.),.PIECEWISE_BEZIER_KNOTS.);
#518 = CARTESIAN_POINT('',(1.000270221668,0.999997951457));
#519 = CARTESIAN_POINT('',(1.000270221673,0.666668715392));
#520 = CARTESIAN_POINT('',(1.000270221677,0.333331284617));
#521 = CARTESIAN_POINT('',(1.000270221681,2.048552960876E-06));
#522 = ( GEOMETRIC_REPRESENTATION_CONTEXT(2) 
PARAMETRIC_REPRESENTATION_CONTEXT() REPRESENTATION_CONTEXT('2D SPACE',''
  ) );
#523 = PCURVE('',#169,#524);
#524 = DEFINITIONAL_REPRESENTATION('',(#525),#528);
#525 = B_SPLINE_CURVE_WITH_KNOTS('',1,(#526,#527),.UNSPECIFIED.,.F.,.F.,
  (2,2),(0.,1.),.PIECEWISE_BEZIER_KNOTS.);
#526 = CARTESIAN_POINT('',(1.00000284102,0.999997951452));
#527 = CARTESIAN_POINT('',(1.000002841017,2.048551125646E-06));
#528 = ( GEOMETRIC_REPRESENTATION_CONTEXT(2) 
PARAMETRIC_REPRESENTATION_CONTEXT() REPRESENTATION_CONTEXT('2D SPACE',''
  ) );
#529 = ORIENTED_EDGE('',*,*,#530,.F.);
#530 = EDGE_CURVE('',#531,#507,#533,.T.);
#531 = VERTEX_POINT('',#532);
#532 = CARTESIAN_POINT('',(0.749413060777,-9.222557600155E-02,
    0.899997356751));
#533 = SURFACE_CURVE('',#534,(#539,#581),.PCURVE_S1.);
#534 = B_SPLINE_CURVE_WITH_KNOTS('',3,(#535,#536,#537,#538),
  .UNSPECIFIED.,.F.,.F.,(4,4),(0.,1.),.PIECEWISE_BEZIER_KNOTS.);
#535 = CARTESIAN_POINT('',(0.749416291715,-9.217385170367E-02,
    0.89999997616));
#536 = CARTESIAN_POINT('',(0.749416291715,-3.072461728878E-02,
    0.89999997616));
#537 = CARTESIAN_POINT('',(0.749416291716,3.072461728784E-02,
    0.899999976161));
#538 = CARTESIAN_POINT('',(0.749416291716,9.217385170272E-02,
    0.899999976161));
#539 = PCURVE('',#92,#540);
#540 = DEFINITIONAL_REPRESENTATION('',(#541),#580);
#541 = B_SPLINE_CURVE_WITH_KNOTS('',10,(#542,#543,#544,#545,#546,#547,
    #548,#549,#550,#551,#552,#553,#554,#555,#556,#557,#558,#559,#560,
    #561,#562,#563,#564,#565,#566,#567,#568,#569,#570,#571,#572,#573,
    #574,#575,#576,#577,#578,#579),.UNSPECIFIED.,.F.,.F.,(11,9,9,9,11),(
    0.,0.25,0.5,0.75,1.),.UNSPECIFIED.);
#542 = CARTESIAN_POINT('',(-2.702216739671E-04,0.999997951451));
#543 = CARTESIAN_POINT('',(2.472977832659E-02,0.999997951451));
#544 = CARTESIAN_POINT('',(5.216822090636E-02,0.999997951451));
#545 = CARTESIAN_POINT('',(7.002941862697E-02,0.999997951451));
#546 = CARTESIAN_POINT('',(0.10677557793,0.999997951451));
#547 = CARTESIAN_POINT('',(0.11890311081,0.999997951452));
#548 = CARTESIAN_POINT('',(0.153638238024,0.999997951451));
#549 = CARTESIAN_POINT('',(0.173652468053,0.999997951452));
#550 = CARTESIAN_POINT('',(0.200245876179,0.999997951452));
#551 = CARTESIAN_POINT('',(0.225000000126,0.999997951452));
#552 = CARTESIAN_POINT('',(0.274999999865,0.999997951452));
#553 = CARTESIAN_POINT('',(0.299984064336,0.999997951452));
#554 = CARTESIAN_POINT('',(0.324995697939,0.999997951453));
#555 = CARTESIAN_POINT('',(0.350016880458,0.999997951453));
#556 = CARTESIAN_POINT('',(0.375020303313,0.999997951453));
#557 = CARTESIAN_POINT('',(0.399999002022,0.999997951453));
#558 = CARTESIAN_POINT('',(0.424973384776,0.999997951453));
#559 = CARTESIAN_POINT('',(0.449975657104,0.999997951453));
#560 = CARTESIAN_POINT('',(0.475011642643,0.999997951454));
#561 = CARTESIAN_POINT('',(0.524988357351,0.999997951454));
#562 = CARTESIAN_POINT('',(0.550024342896,0.999997951454));
#563 = CARTESIAN_POINT('',(0.575026615228,0.999997951454));
#564 = CARTESIAN_POINT('',(0.600000997981,0.999997951454));
#565 = CARTESIAN_POINT('',(0.624979696689,0.999997951455));
#566 = CARTESIAN_POINT('',(0.649983119543,0.999997951454));
#567 = CARTESIAN_POINT('',(0.675004302063,0.999997951455));
#568 = CARTESIAN_POINT('',(0.700015935666,0.999997951455));
#569 = CARTESIAN_POINT('',(0.725000000137,0.999997951455));
#570 = CARTESIAN_POINT('',(0.774999999876,0.999997951455));
#571 = CARTESIAN_POINT('',(0.79975412383,0.999997951456));
#572 = CARTESIAN_POINT('',(0.826347531909,0.999997951456));
#573 = CARTESIAN_POINT('',(0.846361762086,0.999997951456));
#574 = CARTESIAN_POINT('',(0.881096889012,0.999997951456));
#575 = CARTESIAN_POINT('',(0.89322442227,0.999997951456));
#576 = CARTESIAN_POINT('',(0.92997058123,0.999997951456));
#577 = CARTESIAN_POINT('',(0.947831779159,0.999997951456));
#578 = CARTESIAN_POINT('',(0.975270221668,0.999997951457));
#579 = CARTESIAN_POINT('',(1.000270221668,0.999997951457));
#580 = ( GEOMETRIC_REPRESENTATION_CONTEXT(2) 
PARAMETRIC_REPRESENTATION_CONTEXT() REPRESENTATION_CONTEXT('2D SPACE',''
  ) );
#581 = PCURVE('',#399,#582);
#582 = DEFINITIONAL_REPRESENTATION('',(#583),#622);
#583 = B_SPLINE_CURVE_WITH_KNOTS('',10,(#584,#585,#586,#587,#588,#589,
    #590,#591,#592,#593,#594,#595,#596,#597,#598,#599,#600,#601,#602,
    #603,#604,#605,#606,#607,#608,#609,#610,#611,#612,#613,#614,#615,
    #616,#617,#618,#619,#620,#621),.UNSPECIFIED.,.F.,.F.,(11,9,9,9,11),(
    0.,0.25,0.5,0.75,1.),.UNSPECIFIED.);
#584 = CARTESIAN_POINT('',(-2.702216617058E-04,1.420383425411E-06));
#585 = CARTESIAN_POINT('',(2.472977833872E-02,1.420383524439E-06));
#586 = CARTESIAN_POINT('',(5.216822082417E-02,1.420383633125E-06));
#587 = CARTESIAN_POINT('',(7.002941882227E-02,1.420383703876E-06));
#588 = CARTESIAN_POINT('',(0.106775577666,1.420383849431E-06));
#589 = CARTESIAN_POINT('',(0.118903111052,1.42038389747E-06));
#590 = CARTESIAN_POINT('',(0.153638237881,1.420384035059E-06));
#591 = CARTESIAN_POINT('',(0.173652468108,1.420384114338E-06));
#592 = CARTESIAN_POINT('',(0.200245876171,1.420384219677E-06));
#593 = CARTESIAN_POINT('',(0.225000000127,1.420384317731E-06));
#594 = CARTESIAN_POINT('',(0.274999999865,1.420384515787E-06));
#595 = CARTESIAN_POINT('',(0.299984064336,1.420384614751E-06));
#596 = CARTESIAN_POINT('',(0.324995697939,1.420384713825E-06));
#597 = CARTESIAN_POINT('',(0.35001688046,1.420384812937E-06));
#598 = CARTESIAN_POINT('',(0.375020303314,1.420384911978E-06));
#599 = CARTESIAN_POINT('',(0.39999900202,1.420385010921E-06));
#600 = CARTESIAN_POINT('',(0.424973384773,1.420385109848E-06));
#601 = CARTESIAN_POINT('',(0.449975657106,1.420385208884E-06));
#602 = CARTESIAN_POINT('',(0.475011642654,1.420385308055E-06));
#603 = CARTESIAN_POINT('',(0.524988357362,1.420385506018E-06));
#604 = CARTESIAN_POINT('',(0.550024342898,1.420385605188E-06));
#605 = CARTESIAN_POINT('',(0.575026615225,1.420385704225E-06));
#606 = CARTESIAN_POINT('',(0.600000997978,1.420385803151E-06));
#607 = CARTESIAN_POINT('',(0.624979696688,1.420385902096E-06));
#608 = CARTESIAN_POINT('',(0.649983119542,1.420386001136E-06));
#609 = CARTESIAN_POINT('',(0.675004302062,1.420386100248E-06));
#610 = CARTESIAN_POINT('',(0.700015935664,1.420386199321E-06));
#611 = CARTESIAN_POINT('',(0.725000000136,1.420386298286E-06));
#612 = CARTESIAN_POINT('',(0.774999999874,1.420386496342E-06));
#613 = CARTESIAN_POINT('',(0.799754123816,1.420386594396E-06));
#614 = CARTESIAN_POINT('',(0.826347531974,1.420386699735E-06));
#615 = CARTESIAN_POINT('',(0.846361761904,1.420386779014E-06));
#616 = CARTESIAN_POINT('',(0.881096889309,1.420386916603E-06));
#617 = CARTESIAN_POINT('',(0.893224421936,1.420386964642E-06));
#618 = CARTESIAN_POINT('',(0.929970581469,1.420387110197E-06));
#619 = CARTESIAN_POINT('',(0.947831779051,1.420387180947E-06));
#620 = CARTESIAN_POINT('',(0.975270221678,1.420387289634E-06));
#621 = CARTESIAN_POINT('',(1.000270221678,1.420387388662E-06));
#622 = ( GEOMETRIC_REPRESENTATION_CONTEXT(2) 
PARAMETRIC_REPRESENTATION_CONTEXT() REPRESENTATION_CONTEXT('2D SPACE',''
  ) );
#623 = ORIENTED_EDGE('',*,*,#624,.F.);
#624 = EDGE_CURVE('',#22,#531,#625,.T.);
#625 = SURFACE_CURVE('',#626,(#631,#639),.PCURVE_S1.);
#626 = B_SPLINE_CURVE_WITH_KNOTS('',3,(#627,#628,#629,#630),
  .UNSPECIFIED.,.F.,.F.,(4,4),(0.,1.),.PIECEWISE_BEZIER_KNOTS.);
#627 = CARTESIAN_POINT('',(-0.749404009272,-9.227348119021E-02,
    0.899999976158));
#628 = CARTESIAN_POINT('',(-0.249801336866,-9.22734811902E-02,
    0.899999976158));
#629 = CARTESIAN_POINT('',(0.249801336857,-9.22734811902E-02,
    0.899999976158));
#630 = CARTESIAN_POINT('',(0.749404009263,-9.22734811902E-02,
    0.899999976158));
#631 = PCURVE('',#92,#632);
#632 = DEFINITIONAL_REPRESENTATION('',(#633),#638);
#633 = B_SPLINE_CURVE_WITH_KNOTS('',3,(#634,#635,#636,#637),
  .UNSPECIFIED.,.F.,.F.,(4,4),(0.,1.),.PIECEWISE_BEZIER_KNOTS.);
#634 = CARTESIAN_POINT('',(-2.702216611288E-04,2.048552069145E-06));
#635 = CARTESIAN_POINT('',(-2.702216654083E-04,0.333331284615));
#636 = CARTESIAN_POINT('',(-2.702216696878E-04,0.666668715388));
#637 = CARTESIAN_POINT('',(-2.702216739672E-04,0.999997951451));
#638 = ( GEOMETRIC_REPRESENTATION_CONTEXT(2) 
PARAMETRIC_REPRESENTATION_CONTEXT() REPRESENTATION_CONTEXT('2D SPACE',''
  ) );
#639 = PCURVE('',#319,#640);
#640 = DEFINITIONAL_REPRESENTATION('',(#641),#644);
#641 = B_SPLINE_CURVE_WITH_KNOTS('',1,(#642,#643),.UNSPECIFIED.,.F.,.F.,
  (2,2),(0.,1.),.PIECEWISE_BEZIER_KNOTS.);
#642 = CARTESIAN_POINT('',(1.00000284102,2.048554184942E-06));
#643 = CARTESIAN_POINT('',(1.000002841017,0.999997951455));
#644 = ( GEOMETRIC_REPRESENTATION_CONTEXT(2) 
PARAMETRIC_REPRESENTATION_CONTEXT() REPRESENTATION_CONTEXT('2D SPACE',''
  ) );
#645 = ORIENTED_EDGE('',*,*,#21,.T.);
#646 = ADVANCED_FACE('',(#647,#674,#779,#897,#999),#319,.F.);
#647 = FACE_BOUND('',#648,.F.);
#648 = EDGE_LOOP('',(#649,#671,#672,#673));
#649 = ORIENTED_EDGE('',*,*,#650,.F.);
#650 = EDGE_CURVE('',#348,#531,#651,.T.);
#651 = SURFACE_CURVE('',#652,(#657,#663),.PCURVE_S1.);
#652 = B_SPLINE_CURVE_WITH_KNOTS('',3,(#653,#654,#655,#656),
  .UNSPECIFIED.,.F.,.F.,(4,4),(0.,1.),.PIECEWISE_BEZIER_KNOTS.);
#653 = CARTESIAN_POINT('',(0.749416291714,-9.227348119021E-02,
    -0.899989748626));
#654 = CARTESIAN_POINT('',(0.749416291714,-9.227348119021E-02,
    -0.299996583406));
#655 = CARTESIAN_POINT('',(0.749416291714,-9.227348119021E-02,
    0.299996583395));
#656 = CARTESIAN_POINT('',(0.749416291714,-9.227348119021E-02,
    0.899989748615));
#657 = PCURVE('',#319,#658);
#658 = DEFINITIONAL_REPRESENTATION('',(#659),#662);
#659 = B_SPLINE_CURVE_WITH_KNOTS('',1,(#660,#661),.UNSPECIFIED.,.F.,.F.,
  (2,2),(0.,1.),.PIECEWISE_BEZIER_KNOTS.);
#660 = CARTESIAN_POINT('',(-2.841013573834E-06,0.999997951452));
#661 = CARTESIAN_POINT('',(1.000002841017,0.999997951455));
#662 = ( GEOMETRIC_REPRESENTATION_CONTEXT(2) 
PARAMETRIC_REPRESENTATION_CONTEXT() REPRESENTATION_CONTEXT('2D SPACE',''
  ) );
#663 = PCURVE('',#399,#664);
#664 = DEFINITIONAL_REPRESENTATION('',(#665),#670);
#665 = B_SPLINE_CURVE_WITH_KNOTS('',3,(#666,#667,#668,#669),
  .UNSPECIFIED.,.F.,.F.,(4,4),(0.,1.),.PIECEWISE_BEZIER_KNOTS.);
#666 = CARTESIAN_POINT('',(-2.702216720122E-04,0.999998579619));
#667 = CARTESIAN_POINT('',(-2.702216685768E-04,0.666668087202));
#668 = CARTESIAN_POINT('',(-2.702216651412E-04,0.333331912801));
#669 = CARTESIAN_POINT('',(-2.702216617058E-04,1.420383425432E-06));
#670 = ( GEOMETRIC_REPRESENTATION_CONTEXT(2) 
PARAMETRIC_REPRESENTATION_CONTEXT() REPRESENTATION_CONTEXT('2D SPACE',''
  ) );
#671 = ORIENTED_EDGE('',*,*,#458,.T.);
#672 = ORIENTED_EDGE('',*,*,#303,.T.);
#673 = ORIENTED_EDGE('',*,*,#624,.T.);
#674 = FACE_BOUND('',#675,.F.);
#675 = EDGE_LOOP('',(#676));
#676 = ORIENTED_EDGE('',*,*,#677,.T.);
#677 = EDGE_CURVE('',#678,#678,#680,.T.);
#678 = VERTEX_POINT('',#679);
#679 = CARTESIAN_POINT('',(0.606891052908,-9.22734811902E-02,
    -0.87899164794));
#680 = SURFACE_CURVE('',#681,(#694,#712),.PCURVE_S1.);
#681 = B_SPLINE_CURVE_WITH_KNOTS('',6,(#682,#683,#684,#685,#686,#687,
    #688,#689,#690,#691,#692,#693),.UNSPECIFIED.,.F.,.F.,(7,5,7),(0.,
    0.500534690779,1.),.UNSPECIFIED.);
#682 = CARTESIAN_POINT('',(0.606854733431,-9.22734811902E-02,
    -0.878999742777));
#683 = CARTESIAN_POINT('',(0.667655400424,-9.22734811902E-02,
    -0.875621597965));
#684 = CARTESIAN_POINT('',(0.710103217662,-9.22734811902E-02,
    -0.846163000669));
#685 = CARTESIAN_POINT('',(0.751662694896,-9.227348119021E-02,
    -0.772965438854));
#686 = CARTESIAN_POINT('',(0.709908940404,-9.22734811902E-02,
    -0.702487740941));
#687 = CARTESIAN_POINT('',(0.666418035997,-9.227348119021E-02,
    -0.669131584522));
#688 = CARTESIAN_POINT('',(0.548065191943,-9.22734811902E-02,
    -0.668569023509));
#689 = CARTESIAN_POINT('',(0.503287285721,-9.22734811902E-02,
    -0.701536917129));
#690 = CARTESIAN_POINT('',(0.462049012742,-9.22734811902E-02,
    -0.774704172075));
#691 = CARTESIAN_POINT('',(0.504038661292,-9.227348119021E-02,
    -0.846185948119));
#692 = CARTESIAN_POINT('',(0.5461127689,-9.22734811902E-02,
    -0.875349842169));
#693 = CARTESIAN_POINT('',(0.606927372386,-9.22734811902E-02,
    -0.878983553103));
#694 = PCURVE('',#319,#695);
#695 = DEFINITIONAL_REPRESENTATION('',(#696),#711);
#696 = B_SPLINE_CURVE_WITH_KNOTS('',7,(#697,#698,#699,#700,#701,#702,
    #703,#704,#705,#706,#707,#708,#709,#710),.UNSPECIFIED.,.F.,.F.,(8,6,
    8),(0.,0.5,1.),.UNSPECIFIED.);
#697 = CARTESIAN_POINT('',(1.147994139012E-02,0.90494044663));
#698 = CARTESIAN_POINT('',(1.372925519643E-02,0.939622277881));
#699 = CARTESIAN_POINT('',(2.474065555011E-02,0.964499166637));
#700 = CARTESIAN_POINT('',(5.388437335692E-02,0.992972730212));
#701 = CARTESIAN_POINT('',(8.609890168103E-02,0.98442765177));
#702 = CARTESIAN_POINT('',(0.115392164856,0.968192007994));
#703 = CARTESIAN_POINT('',(0.128170205677,0.938607462615));
#704 = CARTESIAN_POINT('',(0.128504458192,0.872069581077));
#705 = CARTESIAN_POINT('',(0.116081161338,0.843249852798));
#706 = CARTESIAN_POINT('',(8.696457630639E-02,0.820639134903));
#707 = CARTESIAN_POINT('',(5.229218471364E-02,0.82131042225));
#708 = CARTESIAN_POINT('',(2.560090650415E-02,0.843747851404));
#709 = CARTESIAN_POINT('',(1.373104062989E-02,0.870147301489));
#710 = CARTESIAN_POINT('',(1.147505476411E-02,0.904919651169));
#711 = ( GEOMETRIC_REPRESENTATION_CONTEXT(2) 
PARAMETRIC_REPRESENTATION_CONTEXT() REPRESENTATION_CONTEXT('2D SPACE',''
  ) );
#712 = PCURVE('',#713,#762);
#713 = B_SPLINE_SURFACE_WITH_KNOTS('',3,6,(
    (#714,#715,#716,#717,#718,#719,#720,#721,#722,#723,#724,#725)
    ,(#726,#727,#728,#729,#730,#731,#732,#733,#734,#735,#736,#737)
    ,(#738,#739,#740,#741,#742,#743,#744,#745,#746,#747,#748,#749)
    ,(#750,#751,#752,#753,#754,#755,#756,#757,#758,#759,#760,#761
  )),.UNSPECIFIED.,.F.,.T.,.F.,(4,4),(1,6,5,6,1),(0.,1.),(
    -0.499534167531,0.,0.500465832469,1.,1.500465832469),.UNSPECIFIED.);
#714 = CARTESIAN_POINT('',(0.606924845418,-9.224024357746E-02,
    -0.8787972566));
#715 = CARTESIAN_POINT('',(0.547863983161,-9.224024357747E-02,
    -0.877052145842));
#716 = CARTESIAN_POINT('',(0.504186442602,-9.224024357746E-02,
    -0.846621448464));
#717 = CARTESIAN_POINT('',(0.460256514482,-9.224024357747E-02,
    -0.771983085038));
#718 = CARTESIAN_POINT('',(0.503579501723,-9.224024357746E-02,
    -0.702873396544));
#719 = CARTESIAN_POINT('',(0.548979989815,-9.224024357746E-02,
    -0.668641606853));
#720 = CARTESIAN_POINT('',(0.664540124574,-9.224024357746E-02,
    -0.668538090438));
#721 = CARTESIAN_POINT('',(0.710388207598,-9.224024357747E-02,
    -0.702547526535));
#722 = CARTESIAN_POINT('',(0.753764795664,-9.224024357746E-02,
    -0.772510903916));
#723 = CARTESIAN_POINT('',(0.709291669206,-9.224024357747E-02,
    -0.846894943219));
#724 = CARTESIAN_POINT('',(0.665705184428,-9.224024357746E-02,
    -0.87706704247));
#725 = CARTESIAN_POINT('',(0.606924845418,-9.224024357746E-02,
    -0.8787972566));
#726 = CARTESIAN_POINT('',(0.606924845419,-3.074674791345E-02,
    -0.878797256602));
#727 = CARTESIAN_POINT('',(0.547863983162,-3.074674791345E-02,
    -0.877052145844));
#728 = CARTESIAN_POINT('',(0.504186442603,-3.074674791345E-02,
    -0.846621448465));
#729 = CARTESIAN_POINT('',(0.460256514483,-3.074674791346E-02,
    -0.771983085039));
#730 = CARTESIAN_POINT('',(0.503579501724,-3.074674791345E-02,
    -0.702873396546));
#731 = CARTESIAN_POINT('',(0.548979989817,-3.074674791345E-02,
    -0.668641606855));
#732 = CARTESIAN_POINT('',(0.664540124575,-3.074674791345E-02,
    -0.668538090439));
#733 = CARTESIAN_POINT('',(0.710388207599,-3.074674791345E-02,
    -0.702547526537));
#734 = CARTESIAN_POINT('',(0.753764795666,-3.074674791345E-02,
    -0.772510903918));
#735 = CARTESIAN_POINT('',(0.709291669208,-3.074674791346E-02,
    -0.84689494322));
#736 = CARTESIAN_POINT('',(0.665705184429,-3.074674791345E-02,
    -0.877067042472));
#737 = CARTESIAN_POINT('',(0.606924845419,-3.074674791345E-02,
    -0.878797256602));
#738 = CARTESIAN_POINT('',(0.606924845421,3.074674791254E-02,
    -0.878797256604));
#739 = CARTESIAN_POINT('',(0.547863983164,3.074674791254E-02,
    -0.877052145846));
#740 = CARTESIAN_POINT('',(0.504186442604,3.074674791254E-02,
    -0.846621448467));
#741 = CARTESIAN_POINT('',(0.460256514484,3.074674791254E-02,
    -0.771983085041));
#742 = CARTESIAN_POINT('',(0.503579501725,3.074674791254E-02,
    -0.702873396547));
#743 = CARTESIAN_POINT('',(0.548979989818,3.074674791254E-02,
    -0.668641606856));
#744 = CARTESIAN_POINT('',(0.664540124576,3.074674791254E-02,
    -0.668538090441));
#745 = CARTESIAN_POINT('',(0.710388207601,3.074674791254E-02,
    -0.702547526538));
#746 = CARTESIAN_POINT('',(0.753764795667,3.074674791254E-02,
    -0.772510903919));
#747 = CARTESIAN_POINT('',(0.709291669209,3.074674791254E-02,
    -0.846894943222));
#748 = CARTESIAN_POINT('',(0.66570518443,3.074674791254E-02,
    -0.877067042474));
#749 = CARTESIAN_POINT('',(0.606924845421,3.074674791254E-02,
    -0.878797256604));
#750 = CARTESIAN_POINT('',(0.606924845422,9.224024357655E-02,
    -0.878797256605));
#751 = CARTESIAN_POINT('',(0.547863983165,9.224024357655E-02,
    -0.877052145848));
#752 = CARTESIAN_POINT('',(0.504186442605,9.224024357655E-02,
    -0.846621448469));
#753 = CARTESIAN_POINT('',(0.460256514485,9.224024357655E-02,
    -0.771983085043));
#754 = CARTESIAN_POINT('',(0.503579501726,9.224024357655E-02,
    -0.702873396549));
#755 = CARTESIAN_POINT('',(0.548979989819,9.224024357655E-02,
    -0.668641606858));
#756 = CARTESIAN_POINT('',(0.664540124578,9.224024357655E-02,
    -0.668538090442));
#757 = CARTESIAN_POINT('',(0.710388207602,9.224024357655E-02,
    -0.70254752654));
#758 = CARTESIAN_POINT('',(0.753764795669,9.224024357655E-02,
    -0.772510903921));
#759 = CARTESIAN_POINT('',(0.709291669211,9.224024357655E-02,
    -0.846894943224));
#760 = CARTESIAN_POINT('',(0.665705184432,9.224024357655E-02,
    -0.877067042476));
#761 = CARTESIAN_POINT('',(0.606924845422,9.224024357655E-02,
    -0.878797256605));
#762 = DEFINITIONAL_REPRESENTATION('',(#763),#778);
#763 = B_SPLINE_CURVE_WITH_KNOTS('',7,(#764,#765,#766,#767,#768,#769,
    #770,#771,#772,#773,#774,#775,#776,#777),.UNSPECIFIED.,.F.,.F.,(8,6,
    8),(0.,0.5,1.),.UNSPECIFIED.);
#764 = CARTESIAN_POINT('',(-1.801687174419E-04,1.00009037113));
#765 = CARTESIAN_POINT('',(-1.801687174425E-04,0.926470181921));
#766 = CARTESIAN_POINT('',(-1.80168717443E-04,0.852286353711));
#767 = CARTESIAN_POINT('',(-1.801687174435E-04,0.793352112377));
#768 = CARTESIAN_POINT('',(-1.801687174441E-04,0.70889738981));
#769 = CARTESIAN_POINT('',(-1.801687174446E-04,0.645331581087));
#770 = CARTESIAN_POINT('',(-1.801687174452E-04,0.574676903579));
#771 = CARTESIAN_POINT('',(-1.801687174463E-04,0.428401805353));
#772 = CARTESIAN_POINT('',(-1.801687174468E-04,0.357013156376));
#773 = CARTESIAN_POINT('',(-1.801687174474E-04,0.291087691537));
#774 = CARTESIAN_POINT('',(-1.80168717448E-04,0.206108406945));
#775 = CARTESIAN_POINT('',(-1.801687174485E-04,0.147608661431));
#776 = CARTESIAN_POINT('',(-1.80168717449E-04,7.379611999569E-02));
#777 = CARTESIAN_POINT('',(-1.801687174496E-04,0.));
#778 = ( GEOMETRIC_REPRESENTATION_CONTEXT(2) 
PARAMETRIC_REPRESENTATION_CONTEXT() REPRESENTATION_CONTEXT('2D SPACE',''
  ) );
#779 = FACE_BOUND('',#780,.F.);
#780 = EDGE_LOOP('',(#781));
#781 = ORIENTED_EDGE('',*,*,#782,.F.);
#782 = EDGE_CURVE('',#783,#783,#785,.T.);
#783 = VERTEX_POINT('',#784);
#784 = CARTESIAN_POINT('',(-0.521690829705,-9.22734811902E-02,
    -0.831449357424));
#785 = SURFACE_CURVE('',#786,(#799,#828),.PCURVE_S1.);
#786 = B_SPLINE_CURVE_WITH_KNOTS('',6,(#787,#788,#789,#790,#791,#792,
    #793,#794,#795,#796,#797,#798),.UNSPECIFIED.,.F.,.F.,(7,5,7),(0.,
    0.501227184363,1.),.UNSPECIFIED.);
#787 = CARTESIAN_POINT('',(-0.521675007619,-9.22734811902E-02,
    -0.830985323076));
#788 = CARTESIAN_POINT('',(-0.569833489665,-9.22734811902E-02,
    -0.827565035078));
#789 = CARTESIAN_POINT('',(-0.603016042774,-9.22734811902E-02,
    -0.804604148679));
#790 = CARTESIAN_POINT('',(-0.633316290481,-9.227348119021E-02,
    -0.748518847264));
#791 = CARTESIAN_POINT('',(-0.602214501831,-9.22734811902E-02,
    -0.692692738623));
#792 = CARTESIAN_POINT('',(-0.5685386602,-9.22734811902E-02,
    -0.666914268787));
#793 = CARTESIAN_POINT('',(-0.475147624152,-9.22734811902E-02,
    -0.666905649232));
#794 = CARTESIAN_POINT('',(-0.440680620555,-9.22734811902E-02,
    -0.692591969413));
#795 = CARTESIAN_POINT('',(-0.409702428279,-9.227348119021E-02,
    -0.750173541241));
#796 = CARTESIAN_POINT('',(-0.441225538324,-9.22734811902E-02,
    -0.805013018368));
#797 = CARTESIAN_POINT('',(-0.473941244736,-9.22734811902E-02,
    -0.827720094244));
#798 = CARTESIAN_POINT('',(-0.521711628391,-9.22734811902E-02,
    -0.830981934174));
#799 = PCURVE('',#319,#800);
#800 = DEFINITIONAL_REPRESENTATION('',(#801),#827);
#801 = B_SPLINE_CURVE_WITH_KNOTS('',3,(#802,#803,#804,#805,#806,#807,
    #808,#809,#810,#811,#812,#813,#814,#815,#816,#817,#818,#819,#820,
    #821,#822,#823,#824,#825,#826),.UNSPECIFIED.,.F.,.F.,(4,1,1,1,1,1,1,
    1,1,1,1,1,1,1,1,1,1,1,1,1,1,1,4),(0.,4.545454545455E-02,
    9.090909090909E-02,0.136363636364,0.181818181818,0.227272727273,
    0.272727272727,0.318181818182,0.363636363636,0.409090909091,
    0.454545454545,0.5,0.545454545455,0.590909090909,0.636363636364,
    0.681818181818,0.727272727273,0.772727272727,0.818181818182,
    0.863636363636,0.909090909091,0.954545454545,1.),
  .QUASI_UNIFORM_KNOTS.);
#802 = CARTESIAN_POINT('',(3.833717004025E-02,0.151932136153));
#803 = CARTESIAN_POINT('',(3.864002062415E-02,0.146163858329));
#804 = CARTESIAN_POINT('',(4.029876355441E-02,0.135232995076));
#805 = CARTESIAN_POINT('',(4.577318302088E-02,0.121140324099));
#806 = CARTESIAN_POINT('',(5.42318838212E-02,0.109637035478));
#807 = CARTESIAN_POINT('',(6.509482336457E-02,0.101455100482));
#808 = CARTESIAN_POINT('',(7.754739034457E-02,9.720765085363E-02));
#809 = CARTESIAN_POINT('',(9.058702166161E-02,9.725440112759E-02));
#810 = CARTESIAN_POINT('',(0.10314370761,0.101584642327));
#811 = CARTESIAN_POINT('',(0.114174949859,0.109800190974));
#812 = CARTESIAN_POINT('',(0.122762192632,0.121281660948));
#813 = CARTESIAN_POINT('',(0.128200080939,0.135122204121));
#814 = CARTESIAN_POINT('',(0.130086110019,0.151408768521));
#815 = CARTESIAN_POINT('',(0.128389055555,0.1679465331));
#816 = CARTESIAN_POINT('',(0.123039514614,0.182000047199));
#817 = CARTESIAN_POINT('',(0.114438369781,0.19372299682));
#818 = CARTESIAN_POINT('',(0.103320457809,0.20212558842));
#819 = CARTESIAN_POINT('',(9.065015801655E-02,0.206569583544));
#820 = CARTESIAN_POINT('',(7.751148668671E-02,0.206651325513));
#821 = CARTESIAN_POINT('',(6.500101769323E-02,0.202381151604));
#822 = CARTESIAN_POINT('',(5.412772161437E-02,0.19415614647));
#823 = CARTESIAN_POINT('',(4.569503408322E-02,0.18263002039));
#824 = CARTESIAN_POINT('',(4.025981810673E-02,0.168568022241));
#825 = CARTESIAN_POINT('',(3.86294398215E-02,0.157676983428));
#826 = CARTESIAN_POINT('',(3.83381114128E-02,0.151919919671));
#827 = ( GEOMETRIC_REPRESENTATION_CONTEXT(2) 
PARAMETRIC_REPRESENTATION_CONTEXT() REPRESENTATION_CONTEXT('2D SPACE',''
  ) );
#828 = PCURVE('',#829,#878);
#829 = B_SPLINE_SURFACE_WITH_KNOTS('',3,6,(
    (#830,#831,#832,#833,#834,#835,#836,#837,#838,#839,#840,#841)
    ,(#842,#843,#844,#845,#846,#847,#848,#849,#850,#851,#852,#853)
    ,(#854,#855,#856,#857,#858,#859,#860,#861,#862,#863,#864,#865)
    ,(#866,#867,#868,#869,#870,#871,#872,#873,#874,#875,#876,#877
  )),.UNSPECIFIED.,.F.,.T.,.F.,(4,4),(1,6,5,6,1),(0.,1.),(
    -0.499050046099,0.,0.500949953901,1.,1.500949953901),.UNSPECIFIED.);
#830 = CARTESIAN_POINT('',(-0.521682401104,-9.214069735055E-02,
    -0.831002924418));
#831 = CARTESIAN_POINT('',(-0.569762440943,-9.214069735055E-02,
    -0.827769407365));
#832 = CARTESIAN_POINT('',(-0.602766815726,-9.214069735055E-02,
    -0.804634709554));
#833 = CARTESIAN_POINT('',(-0.633448386421,-9.214069735055E-02,
    -0.748477876473));
#834 = CARTESIAN_POINT('',(-0.602090574546,-9.214069735055E-02,
    -0.69290028458));
#835 = CARTESIAN_POINT('',(-0.568538332977,-9.214069735055E-02,
    -0.666912431962));
#836 = CARTESIAN_POINT('',(-0.475259957287,-9.214069735055E-02,
    -0.666692705498));
#837 = CARTESIAN_POINT('',(-0.440721636765,-9.214069735055E-02,
    -0.692534813484));
#838 = CARTESIAN_POINT('',(-0.40980417118,-9.214069735055E-02,
    -0.750234726404));
#839 = CARTESIAN_POINT('',(-0.441197234771,-9.214069735055E-02,
    -0.804789950001));
#840 = CARTESIAN_POINT('',(-0.473762634585,-9.214069735055E-02,
    -0.827709432352));
#841 = CARTESIAN_POINT('',(-0.521682401104,-9.214069735055E-02,
    -0.831002924418));
#842 = CARTESIAN_POINT('',(-0.521682401107,-3.071356583743E-02,
    -0.831002924422));
#843 = CARTESIAN_POINT('',(-0.569762440945,-3.071356583743E-02,
    -0.827769407369));
#844 = CARTESIAN_POINT('',(-0.602766815729,-3.071356583743E-02,
    -0.804634709558));
#845 = CARTESIAN_POINT('',(-0.633448386424,-3.071356583743E-02,
    -0.748477876477));
#846 = CARTESIAN_POINT('',(-0.602090574549,-3.071356583743E-02,
    -0.692900284583));
#847 = CARTESIAN_POINT('',(-0.56853833298,-3.071356583743E-02,
    -0.666912431966));
#848 = CARTESIAN_POINT('',(-0.47525995729,-3.071356583743E-02,
    -0.666692705501));
#849 = CARTESIAN_POINT('',(-0.440721636767,-3.071356583743E-02,
    -0.692534813487));
#850 = CARTESIAN_POINT('',(-0.409804171182,-3.071356583743E-02,
    -0.750234726408));
#851 = CARTESIAN_POINT('',(-0.441197234773,-3.071356583743E-02,
    -0.804789950004));
#852 = CARTESIAN_POINT('',(-0.473762634587,-3.071356583743E-02,
    -0.827709432356));
#853 = CARTESIAN_POINT('',(-0.521682401107,-3.071356583743E-02,
    -0.831002924422));
#854 = CARTESIAN_POINT('',(-0.521682401109,3.071356583731E-02,
    -0.831002924426));
#855 = CARTESIAN_POINT('',(-0.569762440948,3.071356583731E-02,
    -0.827769407373));
#856 = CARTESIAN_POINT('',(-0.602766815732,3.071356583731E-02,
    -0.804634709562));
#857 = CARTESIAN_POINT('',(-0.633448386427,3.071356583731E-02,
    -0.74847787648));
#858 = CARTESIAN_POINT('',(-0.602090574552,3.071356583731E-02,
    -0.692900284587));
#859 = CARTESIAN_POINT('',(-0.568538332982,3.071356583731E-02,
    -0.666912431969));
#860 = CARTESIAN_POINT('',(-0.475259957292,3.071356583731E-02,
    -0.666692705504));
#861 = CARTESIAN_POINT('',(-0.440721636769,3.071356583731E-02,
    -0.69253481349));
#862 = CARTESIAN_POINT('',(-0.409804171184,3.071356583731E-02,
    -0.750234726411));
#863 = CARTESIAN_POINT('',(-0.441197234775,3.071356583731E-02,
    -0.804789950008));
#864 = CARTESIAN_POINT('',(-0.473762634589,3.071356583731E-02,
    -0.82770943236));
#865 = CARTESIAN_POINT('',(-0.521682401109,3.071356583731E-02,
    -0.831002924426));
#866 = CARTESIAN_POINT('',(-0.521682401112,9.214069735043E-02,
    -0.83100292443));
#867 = CARTESIAN_POINT('',(-0.569762440951,9.214069735043E-02,
    -0.827769407377));
#868 = CARTESIAN_POINT('',(-0.602766815734,9.214069735043E-02,
    -0.804634709565));
#869 = CARTESIAN_POINT('',(-0.63344838643,9.214069735043E-02,
    -0.748477876484));
#870 = CARTESIAN_POINT('',(-0.602090574555,9.214069735043E-02,
    -0.69290028459));
#871 = CARTESIAN_POINT('',(-0.568538332985,9.214069735043E-02,
    -0.666912431972));
#872 = CARTESIAN_POINT('',(-0.475259957294,9.214069735043E-02,
    -0.666692705508));
#873 = CARTESIAN_POINT('',(-0.440721636771,9.214069735043E-02,
    -0.692534813494));
#874 = CARTESIAN_POINT('',(-0.409804171186,9.214069735043E-02,
    -0.750234726415));
#875 = CARTESIAN_POINT('',(-0.441197234777,9.214069735043E-02,
    -0.804789950012));
#876 = CARTESIAN_POINT('',(-0.473762634592,9.214069735043E-02,
    -0.827709432363));
#877 = CARTESIAN_POINT('',(-0.521682401112,9.214069735043E-02,
    -0.83100292443));
#878 = DEFINITIONAL_REPRESENTATION('',(#879),#896);
#879 = B_SPLINE_CURVE_WITH_KNOTS('',8,(#880,#881,#882,#883,#884,#885,
    #886,#887,#888,#889,#890,#891,#892,#893,#894,#895),.UNSPECIFIED.,.F.
  ,.F.,(9,7,9),(0.,0.5,1.),.UNSPECIFIED.);
#880 = CARTESIAN_POINT('',(-7.205493531396E-04,6.072978900948E-05));
#881 = CARTESIAN_POINT('',(-7.20549353139E-04,6.265508650371E-02));
#882 = CARTESIAN_POINT('',(-7.205493531385E-04,0.125032622875));
#883 = CARTESIAN_POINT('',(-7.205493531379E-04,0.188533474546));
#884 = CARTESIAN_POINT('',(-7.205493531374E-04,0.248512959755));
#885 = CARTESIAN_POINT('',(-7.205493531368E-04,0.313505517475));
#886 = CARTESIAN_POINT('',(-7.205493531363E-04,0.374422704191));
#887 = CARTESIAN_POINT('',(-7.205493531357E-04,0.437222604378));
#888 = CARTESIAN_POINT('',(-7.205493531346E-04,0.562511167773));
#889 = CARTESIAN_POINT('',(-7.20549353134E-04,0.625238059599));
#890 = CARTESIAN_POINT('',(-7.205493531335E-04,0.687608372877));
#891 = CARTESIAN_POINT('',(-7.205493531329E-04,0.749708902541));
#892 = CARTESIAN_POINT('',(-7.205493531323E-04,0.812343514117));
#893 = CARTESIAN_POINT('',(-7.205493531318E-04,0.875440929984));
#894 = CARTESIAN_POINT('',(-7.205493531312E-04,0.937635533846));
#895 = CARTESIAN_POINT('',(-7.205493531307E-04,0.99997751237));
#896 = ( GEOMETRIC_REPRESENTATION_CONTEXT(2) 
PARAMETRIC_REPRESENTATION_CONTEXT() REPRESENTATION_CONTEXT('2D SPACE',''
  ) );
#897 = FACE_BOUND('',#898,.F.);
#898 = EDGE_LOOP('',(#899));
#899 = ORIENTED_EDGE('',*,*,#900,.F.);
#900 = EDGE_CURVE('',#901,#901,#903,.T.);
#901 = VERTEX_POINT('',#902);
#902 = CARTESIAN_POINT('',(0.606913578065,-9.22734811902E-02,
    0.764850142406));
#903 = SURFACE_CURVE('',#904,(#915,#944),.PCURVE_S1.);
#904 = B_SPLINE_CURVE_WITH_KNOTS('',5,(#905,#906,#907,#908,#909,#910,
    #911,#912,#913,#914),.UNSPECIFIED.,.F.,.F.,(6,4,6),(0.,0.50201819946
    ,1.),.UNSPECIFIED.);
#905 = CARTESIAN_POINT('',(0.606789351272,-9.22734811902E-02,
    0.764830088351));
#906 = CARTESIAN_POINT('',(0.574429385936,-9.22734811902E-02,
    0.76959360056));
#907 = CARTESIAN_POINT('',(0.553722845754,-9.22734811902E-02,
    0.786567617989));
#908 = CARTESIAN_POINT('',(0.555708578037,-9.22734811902E-02,
    0.829256805197));
#909 = CARTESIAN_POINT('',(0.576413580725,-9.22734811902E-02,
    0.850725827352));
#910 = CARTESIAN_POINT('',(0.637270342603,-9.22734811902E-02,
    0.850717583778));
#911 = CARTESIAN_POINT('',(0.658597307332,-9.22734811902E-02,
    0.828464330546));
#912 = CARTESIAN_POINT('',(0.6591019161,-9.22734811902E-02,
    0.785091350909));
#913 = CARTESIAN_POINT('',(0.638717904573,-9.22734811902E-02,
    0.76909556066));
#914 = CARTESIAN_POINT('',(0.606997365847,-9.22734811902E-02,
    0.764866349635));
#915 = PCURVE('',#319,#916);
#916 = DEFINITIONAL_REPRESENTATION('',(#917),#943);
#917 = B_SPLINE_CURVE_WITH_KNOTS('',3,(#918,#919,#920,#921,#922,#923,
    #924,#925,#926,#927,#928,#929,#930,#931,#932,#933,#934,#935,#936,
    #937,#938,#939,#940,#941,#942),.UNSPECIFIED.,.F.,.F.,(4,1,1,1,1,1,1,
    1,1,1,1,1,1,1,1,1,1,1,1,1,1,1,4),(0.,4.545454545455E-02,
    9.090909090909E-02,0.136363636364,0.181818181818,0.227272727273,
    0.272727272727,0.318181818182,0.363636363636,0.409090909091,
    0.454545454545,0.5,0.545454545455,0.590909090909,0.636363636364,
    0.681818181818,0.727272727273,0.772727272727,0.818181818182,
    0.863636363636,0.909090909091,0.954545454545,1.),
  .QUASI_UNIFORM_KNOTS.);
#918 = CARTESIAN_POINT('',(0.924920517194,0.90491236446));
#919 = CARTESIAN_POINT('',(0.925291584305,0.901578641359));
#920 = CARTESIAN_POINT('',(0.926494987962,0.895498743882));
#921 = CARTESIAN_POINT('',(0.929586783344,0.887931136247));
#922 = CARTESIAN_POINT('',(0.934004332528,0.882149958105));
#923 = CARTESIAN_POINT('',(0.939521587916,0.878290547745));
#924 = CARTESIAN_POINT('',(0.94579383551,0.876429858761));
#925 = CARTESIAN_POINT('',(0.952373528113,0.876581244135));
#926 = CARTESIAN_POINT('',(0.958761263397,0.878704411552));
#927 = CARTESIAN_POINT('',(0.964446794421,0.882700377613));
#928 = CARTESIAN_POINT('',(0.968954765446,0.888451255236));
#929 = CARTESIAN_POINT('',(0.971881514159,0.895695709414));
#930 = CARTESIAN_POINT('',(0.97296288292,0.904516906346));
#931 = CARTESIAN_POINT('',(0.972026927529,0.913544820711));
#932 = CARTESIAN_POINT('',(0.969120941244,0.920937622425));
#933 = CARTESIAN_POINT('',(0.964565515086,0.926830499685));
#934 = CARTESIAN_POINT('',(0.958781981351,0.93091275515));
#935 = CARTESIAN_POINT('',(0.952278740789,0.933072354733));
#936 = CARTESIAN_POINT('',(0.945595366017,0.933221799279));
#937 = CARTESIAN_POINT('',(0.939257332534,0.93134351734));
#938 = CARTESIAN_POINT('',(0.933730463082,0.92747585062));
#939 = CARTESIAN_POINT('',(0.929365891044,0.921717147694));
#940 = CARTESIAN_POINT('',(0.926383234318,0.914216831918));
#941 = CARTESIAN_POINT('',(0.925268016959,0.908205920199));
#942 = CARTESIAN_POINT('',(0.924930589887,0.904981756942));
#943 = ( GEOMETRIC_REPRESENTATION_CONTEXT(2) 
PARAMETRIC_REPRESENTATION_CONTEXT() REPRESENTATION_CONTEXT('2D SPACE',''
  ) );
#944 = PCURVE('',#945,#986);
#945 = B_SPLINE_SURFACE_WITH_KNOTS('',3,5,(
    (#946,#947,#948,#949,#950,#951,#952,#953,#954,#955)
    ,(#956,#957,#958,#959,#960,#961,#962,#963,#964,#965)
    ,(#966,#967,#968,#969,#970,#971,#972,#973,#974,#975)
    ,(#976,#977,#978,#979,#980,#981,#982,#983,#984,#985
  )),.UNSPECIFIED.,.F.,.T.,.F.,(4,4),(1,5,4,5,1),(0.,1.),(
    -0.496159381603,0.,0.503840618397,1.,1.503840618397),.UNSPECIFIED.);
#946 = CARTESIAN_POINT('',(0.605199526722,-9.128829418452E-02,
    0.763010965612));
#947 = CARTESIAN_POINT('',(0.573265301681,-9.128829418452E-02,
    0.77437497139));
#948 = CARTESIAN_POINT('',(0.5558658446,-9.128829418452E-02,
    0.792741280081));
#949 = CARTESIAN_POINT('',(0.55684514848,-9.128829418452E-02,
    0.828811602754));
#950 = CARTESIAN_POINT('',(0.574892505839,-9.128829418452E-02,
    0.848948655289));
#951 = CARTESIAN_POINT('',(0.639146767569,-9.128829418452E-02,
    0.847888950282));
#952 = CARTESIAN_POINT('',(0.657230172189,-9.128829418452E-02,
    0.827077856678));
#953 = CARTESIAN_POINT('',(0.656888720591,-9.128829418452E-02,
    0.790439451459));
#954 = CARTESIAN_POINT('',(0.639401977104,-9.128829418452E-02,
    0.773020472795));
#955 = CARTESIAN_POINT('',(0.605199526722,-9.128829418452E-02,
    0.763010965612));
#956 = CARTESIAN_POINT('',(0.605199526744,-3.04294314467E-02,
    0.763010965639));
#957 = CARTESIAN_POINT('',(0.573265301701,-3.04294314467E-02,
    0.774374971418));
#958 = CARTESIAN_POINT('',(0.55586584462,-3.04294314467E-02,
    0.79274128011));
#959 = CARTESIAN_POINT('',(0.5568451485,-3.04294314467E-02,
    0.828811602783));
#960 = CARTESIAN_POINT('',(0.57489250586,-3.04294314467E-02,
    0.848948655319));
#961 = CARTESIAN_POINT('',(0.639146767591,-3.04294314467E-02,
    0.847888950312));
#962 = CARTESIAN_POINT('',(0.657230172212,-3.04294314467E-02,
    0.827077856707));
#963 = CARTESIAN_POINT('',(0.656888720614,-3.04294314467E-02,
    0.790439451488));
#964 = CARTESIAN_POINT('',(0.639401977127,-3.04294314467E-02,
    0.773020472823));
#965 = CARTESIAN_POINT('',(0.605199526744,-3.04294314467E-02,
    0.763010965639));
#966 = CARTESIAN_POINT('',(0.605199526766,3.042943144955E-02,
    0.763010965666));
#967 = CARTESIAN_POINT('',(0.573265301722,3.042943144955E-02,
    0.774374971446));
#968 = CARTESIAN_POINT('',(0.555865844639,3.042943144955E-02,
    0.792741280138));
#969 = CARTESIAN_POINT('',(0.55684514852,3.042943144955E-02,
    0.828811602813));
#970 = CARTESIAN_POINT('',(0.57489250588,3.042943144955E-02,
    0.848948655349));
#971 = CARTESIAN_POINT('',(0.639146767614,3.042943144955E-02,
    0.847888950343));
#972 = CARTESIAN_POINT('',(0.657230172236,3.042943144955E-02,
    0.827077856737));
#973 = CARTESIAN_POINT('',(0.656888720637,3.042943144955E-02,
    0.790439451516));
#974 = CARTESIAN_POINT('',(0.63940197715,3.042943144955E-02,
    0.77302047285));
#975 = CARTESIAN_POINT('',(0.605199526766,3.042943144955E-02,
    0.763010965666));
#976 = CARTESIAN_POINT('',(0.605199526787,9.128829418737E-02,
    0.763010965693));
#977 = CARTESIAN_POINT('',(0.573265301742,9.128829418737E-02,
    0.774374971473));
#978 = CARTESIAN_POINT('',(0.555865844659,9.128829418737E-02,
    0.792741280166));
#979 = CARTESIAN_POINT('',(0.55684514854,9.128829418737E-02,
    0.828811602842));
#980 = CARTESIAN_POINT('',(0.5748925059,9.128829418737E-02,0.84894865538
    ));
#981 = CARTESIAN_POINT('',(0.639146767637,9.128829418737E-02,
    0.847888950373));
#982 = CARTESIAN_POINT('',(0.657230172259,9.128829418737E-02,
    0.827077856766));
#983 = CARTESIAN_POINT('',(0.656888720661,9.128829418737E-02,
    0.790439451544));
#984 = CARTESIAN_POINT('',(0.639401977173,9.128829418737E-02,
    0.773020472878));
#985 = CARTESIAN_POINT('',(0.605199526787,9.128829418737E-02,
    0.763010965693));
#986 = DEFINITIONAL_REPRESENTATION('',(#987),#998);
#987 = B_SPLINE_CURVE_WITH_KNOTS('',9,(#988,#989,#990,#991,#992,#993,
    #994,#995,#996,#997),.UNSPECIFIED.,.F.,.F.,(10,10),(0.,1.),
  .PIECEWISE_BEZIER_KNOTS.);
#988 = CARTESIAN_POINT('',(-5.396020458675E-03,0.994113673559));
#989 = CARTESIAN_POINT('',(-5.396020458698E-03,1.096793299792));
#990 = CARTESIAN_POINT('',(-5.396020458742E-03,1.292326780901));
#991 = CARTESIAN_POINT('',(-5.396020458674E-03,0.992219277706));
#992 = CARTESIAN_POINT('',(-5.396020458919E-03,2.084306600851));
#993 = CARTESIAN_POINT('',(-5.396020458667E-03,0.960724274039));
#994 = CARTESIAN_POINT('',(-5.396020458884E-03,1.929208928768));
#995 = CARTESIAN_POINT('',(-5.396020458844E-03,1.75142191093));
#996 = CARTESIAN_POINT('',(-5.396020458876E-03,1.892175744701));
#997 = CARTESIAN_POINT('',(-5.396020458899E-03,1.993609621214));
#998 = ( GEOMETRIC_REPRESENTATION_CONTEXT(2) 
PARAMETRIC_REPRESENTATION_CONTEXT() REPRESENTATION_CONTEXT('2D SPACE',''
  ) );
#999 = FACE_BOUND('',#1000,.F.);
#1000 = EDGE_LOOP('',(#1001));
#1001 = ORIENTED_EDGE('',*,*,#1002,.T.);
#1002 = EDGE_CURVE('',#1003,#1003,#1005,.T.);
#1003 = VERTEX_POINT('',#1004);
#1004 = CARTESIAN_POINT('',(-0.632027282273,-9.22734811902E-02,
    0.774163989301));
#1005 = SURFACE_CURVE('',#1006,(#1017,#1037),.PCURVE_S1.);
#1006 = B_SPLINE_CURVE_WITH_KNOTS('',5,(#1007,#1008,#1009,#1010,#1011,
    #1012,#1013,#1014,#1015,#1016),.UNSPECIFIED.,.F.,.F.,(6,4,6),(0.,
    0.500926407318,1.),.UNSPECIFIED.);
#1007 = CARTESIAN_POINT('',(-0.63189953332,-9.22734811902E-02,
    0.774130351362));
#1008 = CARTESIAN_POINT('',(-0.601847355532,-9.22734811902E-02,
    0.778688097755));
#1009 = CARTESIAN_POINT('',(-0.583151263761,-9.22734811902E-02,
    0.794427409637));
#1010 = CARTESIAN_POINT('',(-0.584994872174,-9.22734811902E-02,
    0.833853435323));
#1011 = CARTESIAN_POINT('',(-0.603570630281,-9.22734811902E-02,
    0.853870927391));
#1012 = CARTESIAN_POINT('',(-0.660381152241,-9.22734811902E-02,
    0.853817686973));
#1013 = CARTESIAN_POINT('',(-0.680258685589,-9.227348119021E-02,
    0.833076010047));
#1014 = CARTESIAN_POINT('',(-0.680659216586,-9.22734811902E-02,
    0.793259543761));
#1015 = CARTESIAN_POINT('',(-0.661670242895,-9.22734811902E-02,
    0.77846255669));
#1016 = CARTESIAN_POINT('',(-0.632155031227,-9.22734811902E-02,
    0.774197627239));
#1017 = PCURVE('',#319,#1018);
#1018 = DEFINITIONAL_REPRESENTATION('',(#1019),#1036);
#1019 = B_SPLINE_CURVE_WITH_KNOTS('',8,(#1020,#1021,#1022,#1023,#1024,
    #1025,#1026,#1027,#1028,#1029,#1030,#1031,#1032,#1033,#1034,#1035),
  .UNSPECIFIED.,.F.,.F.,(9,7,9),(0.,0.5,1.),.UNSPECIFIED.);
#1020 = CARTESIAN_POINT('',(0.930105702424,7.838602548459E-02));
#1021 = CARTESIAN_POINT('',(0.931504422808,9.09254212946E-02));
#1022 = CARTESIAN_POINT('',(0.9353991094,0.100766987068));
#1023 = CARTESIAN_POINT('',(0.942694073732,0.107105841702));
#1024 = CARTESIAN_POINT('',(0.952496407489,0.108312068762));
#1025 = CARTESIAN_POINT('',(0.96244278693,0.105622517231));
#1026 = CARTESIAN_POINT('',(0.970128774907,0.100040560863));
#1027 = CARTESIAN_POINT('',(0.974287317506,9.014200858298E-02));
#1028 = CARTESIAN_POINT('',(0.974438947144,6.682870815895E-02));
#1029 = CARTESIAN_POINT('',(0.970576616962,5.592164524415E-02));
#1030 = CARTESIAN_POINT('',(0.961915675731,5.15863555201E-02));
#1031 = CARTESIAN_POINT('',(0.952703203202,4.586280001038E-02));
#1032 = CARTESIAN_POINT('',(0.941413871165,5.134524815483E-02));
#1033 = CARTESIAN_POINT('',(0.935831460168,5.567302583688E-02));
#1034 = CARTESIAN_POINT('',(0.931550323085,6.596134813649E-02));
#1035 = CARTESIAN_POINT('',(0.930095244473,7.829673660089E-02));
#1036 = ( GEOMETRIC_REPRESENTATION_CONTEXT(2) 
PARAMETRIC_REPRESENTATION_CONTEXT() REPRESENTATION_CONTEXT('2D SPACE',''
  ) );
#1037 = PCURVE('',#1038,#1087);
#1038 = B_SPLINE_SURFACE_WITH_KNOTS('',3,6,(
    (#1039,#1040,#1041,#1042,#1043,#1044,#1045,#1046,#1047,#1048,#1049
      ,#1050)
    ,(#1051,#1052,#1053,#1054,#1055,#1056,#1057,#1058,#1059,#1060,#1061
      ,#1062)
    ,(#1063,#1064,#1065,#1066,#1067,#1068,#1069,#1070,#1071,#1072,#1073
      ,#1074)
    ,(#1075,#1076,#1077,#1078,#1079,#1080,#1081,#1082,#1083,#1084,#1085
      ,#1086
    )),.UNSPECIFIED.,.F.,.T.,.F.,(4,4),(1,6,5,6,1),(0.,1.),(
    -0.499024211244,0.,0.500975788756,1.,1.500975788756),.UNSPECIFIED.);
#1039 = CARTESIAN_POINT('',(-0.632050994699,-9.224024357638E-02,
    0.774543171735));
#1040 = CARTESIAN_POINT('',(-0.65540979092,-9.224024357638E-02,
    0.776160559305));
#1041 = CARTESIAN_POINT('',(-0.671417808834,-9.224024357638E-02,
    0.787381542024));
#1042 = CARTESIAN_POINT('',(-0.686150762926,-9.224024357638E-02,
    0.814541219661));
#1043 = CARTESIAN_POINT('',(-0.671059552072,-9.224024357638E-02,
    0.841532583518));
#1044 = CARTESIAN_POINT('',(-0.6548061132,-9.224024357638E-02,
    0.854124712583));
#1045 = CARTESIAN_POINT('',(-0.609504072553,-9.224024357638E-02,
    0.854232049064));
#1046 = CARTESIAN_POINT('',(-0.592766466491,-9.224024357638E-02,
    0.841706007606));
#1047 = CARTESIAN_POINT('',(-0.577885894538,-9.224024357638E-02,
    0.813662957225));
#1048 = CARTESIAN_POINT('',(-0.592982692706,-9.224024357638E-02,
    0.787297645808));
#1049 = CARTESIAN_POINT('',(-0.608775892066,-9.224024357638E-02,
    0.77618653206));
#1050 = CARTESIAN_POINT('',(-0.632050994699,-9.224024357638E-02,
    0.774543171735));
#1051 = CARTESIAN_POINT('',(-0.6320509947,-3.074674791313E-02,
    0.774543171736));
#1052 = CARTESIAN_POINT('',(-0.65540979092,-3.074674791313E-02,
    0.776160559306));
#1053 = CARTESIAN_POINT('',(-0.671417808835,-3.074674791313E-02,
    0.787381542025));
#1054 = CARTESIAN_POINT('',(-0.686150762927,-3.074674791313E-02,
    0.814541219662));
#1055 = CARTESIAN_POINT('',(-0.671059552072,-3.074674791313E-02,
    0.841532583519));
#1056 = CARTESIAN_POINT('',(-0.6548061132,-3.074674791313E-02,
    0.854124712584));
#1057 = CARTESIAN_POINT('',(-0.609504072554,-3.074674791313E-02,
    0.854232049065));
#1058 = CARTESIAN_POINT('',(-0.592766466492,-3.074674791313E-02,
    0.841706007607));
#1059 = CARTESIAN_POINT('',(-0.577885894539,-3.074674791313E-02,
    0.813662957226));
#1060 = CARTESIAN_POINT('',(-0.592982692707,-3.074674791313E-02,
    0.787297645809));
#1061 = CARTESIAN_POINT('',(-0.608775892067,-3.074674791313E-02,
    0.776186532061));
#1062 = CARTESIAN_POINT('',(-0.6320509947,-3.074674791313E-02,
    0.774543171736));
#1063 = CARTESIAN_POINT('',(-0.632050994701,3.074674791211E-02,
    0.774543171737));
#1064 = CARTESIAN_POINT('',(-0.655409790921,3.074674791211E-02,
    0.776160559307));
#1065 = CARTESIAN_POINT('',(-0.671417808835,3.074674791211E-02,
    0.787381542026));
#1066 = CARTESIAN_POINT('',(-0.686150762927,3.074674791211E-02,
    0.814541219663));
#1067 = CARTESIAN_POINT('',(-0.671059552073,3.074674791211E-02,
    0.84153258352));
#1068 = CARTESIAN_POINT('',(-0.654806113201,3.074674791211E-02,
    0.854124712585));
#1069 = CARTESIAN_POINT('',(-0.609504072554,3.074674791211E-02,
    0.854232049066));
#1070 = CARTESIAN_POINT('',(-0.592766466493,3.074674791211E-02,
    0.841706007608));
#1071 = CARTESIAN_POINT('',(-0.577885894539,3.074674791211E-02,
    0.813662957227));
#1072 = CARTESIAN_POINT('',(-0.592982692708,3.074674791211E-02,
    0.78729764581));
#1073 = CARTESIAN_POINT('',(-0.608775892067,3.074674791211E-02,
    0.776186532062));
#1074 = CARTESIAN_POINT('',(-0.632050994701,3.074674791211E-02,
    0.774543171737));
#1075 = CARTESIAN_POINT('',(-0.632050994701,9.224024357536E-02,
    0.774543171738));
#1076 = CARTESIAN_POINT('',(-0.655409790922,9.224024357536E-02,
    0.776160559308));
#1077 = CARTESIAN_POINT('',(-0.671417808836,9.224024357536E-02,
    0.787381542027));
#1078 = CARTESIAN_POINT('',(-0.686150762928,9.224024357536E-02,
    0.814541219664));
#1079 = CARTESIAN_POINT('',(-0.671059552074,9.224024357536E-02,
    0.841532583521));
#1080 = CARTESIAN_POINT('',(-0.654806113202,9.224024357536E-02,
    0.854124712586));
#1081 = CARTESIAN_POINT('',(-0.609504072555,9.224024357536E-02,
    0.854232049067));
#1082 = CARTESIAN_POINT('',(-0.592766466493,9.224024357536E-02,
    0.841706007609));
#1083 = CARTESIAN_POINT('',(-0.57788589454,9.224024357536E-02,
    0.813662957227));
#1084 = CARTESIAN_POINT('',(-0.592982692708,9.224024357536E-02,
    0.78729764581));
#1085 = CARTESIAN_POINT('',(-0.608775892068,9.224024357536E-02,
    0.776186532062));
#1086 = CARTESIAN_POINT('',(-0.632050994701,9.224024357536E-02,
    0.774543171738));
#1087 = DEFINITIONAL_REPRESENTATION('',(#1088),#1103);
#1088 = B_SPLINE_CURVE_WITH_KNOTS('',7,(#1089,#1090,#1091,#1092,#1093,
    #1094,#1095,#1096,#1097,#1098,#1099,#1100,#1101,#1102),
  .UNSPECIFIED.,.F.,.F.,(8,6,8),(0.,0.5,1.),.UNSPECIFIED.);
#1089 = CARTESIAN_POINT('',(-1.80168723385E-04,0.999567617058));
#1090 = CARTESIAN_POINT('',(-1.801687233844E-04,0.922223442034));
#1091 = CARTESIAN_POINT('',(-1.801687233836E-04,0.836775812735));
#1092 = CARTESIAN_POINT('',(-1.801687233834E-04,0.806684461978));
#1093 = CARTESIAN_POINT('',(-1.801687233824E-04,0.696220700721));
#1094 = CARTESIAN_POINT('',(-1.80168723382E-04,0.65303697375));
#1095 = CARTESIAN_POINT('',(-1.801687233814E-04,0.577537566738));
#1096 = CARTESIAN_POINT('',(-1.801687233801E-04,0.426977085935));
#1097 = CARTESIAN_POINT('',(-1.801687233794E-04,0.347023456046));
#1098 = CARTESIAN_POINT('',(-1.80168723379E-04,0.300080414181));
#1099 = CARTESIAN_POINT('',(-1.80168723378E-04,0.191213186106));
#1100 = CARTESIAN_POINT('',(-1.801687233778E-04,0.160985683027));
#1101 = CARTESIAN_POINT('',(-1.80168723377E-04,7.644527323232E-02));
#1102 = CARTESIAN_POINT('',(-1.801687233764E-04,2.835706161318E-04));
#1103 = ( GEOMETRIC_REPRESENTATION_CONTEXT(2) 
PARAMETRIC_REPRESENTATION_CONTEXT() REPRESENTATION_CONTEXT('2D SPACE',''
  ) );
#1104 = ADVANCED_FACE('',(#1105),#713,.T.);
#1105 = FACE_BOUND('',#1106,.T.);
#1106 = EDGE_LOOP('',(#1107,#1108,#1130,#1195));
#1107 = ORIENTED_EDGE('',*,*,#677,.T.);
#1108 = ORIENTED_EDGE('',*,*,#1109,.T.);
#1109 = EDGE_CURVE('',#678,#1110,#1112,.T.);
#1110 = VERTEX_POINT('',#1111);
#1111 = CARTESIAN_POINT('',(0.606901354439,9.22734811902E-02,
    -0.879355016413));
#1112 = SEAM_CURVE('',#1113,(#1116,#1123),.PCURVE_S1.);
#1113 = B_SPLINE_CURVE_WITH_KNOTS('',1,(#1114,#1115),.UNSPECIFIED.,.F.,
  .F.,(2,2),(-1.801687174496E-04,1.000180168723),
  .PIECEWISE_BEZIER_KNOTS.);
#1114 = CARTESIAN_POINT('',(0.606924845418,-9.227348123074E-02,
    -0.8787972566));
#1115 = CARTESIAN_POINT('',(0.606924845422,9.227348123078E-02,
    -0.878797256605));
#1116 = PCURVE('',#713,#1117);
#1117 = DEFINITIONAL_REPRESENTATION('',(#1118),#1122);
#1118 = LINE('',#1119,#1120);
#1119 = CARTESIAN_POINT('',(0.,0.));
#1120 = VECTOR('',#1121,1.);
#1121 = DIRECTION('',(1.,0.));
#1122 = ( GEOMETRIC_REPRESENTATION_CONTEXT(2) 
PARAMETRIC_REPRESENTATION_CONTEXT() REPRESENTATION_CONTEXT('2D SPACE',''
  ) );
#1123 = PCURVE('',#713,#1124);
#1124 = DEFINITIONAL_REPRESENTATION('',(#1125),#1129);
#1125 = LINE('',#1126,#1127);
#1126 = CARTESIAN_POINT('',(0.,1.));
#1127 = VECTOR('',#1128,1.);
#1128 = DIRECTION('',(1.,0.));
#1129 = ( GEOMETRIC_REPRESENTATION_CONTEXT(2) 
PARAMETRIC_REPRESENTATION_CONTEXT() REPRESENTATION_CONTEXT('2D SPACE',''
  ) );
#1130 = ORIENTED_EDGE('',*,*,#1131,.F.);
#1131 = EDGE_CURVE('',#1110,#1110,#1132,.T.);
#1132 = SURFACE_CURVE('',#1133,(#1146,#1166),.PCURVE_S1.);
#1133 = B_SPLINE_CURVE_WITH_KNOTS('',6,(#1134,#1135,#1136,#1137,#1138,
    #1139,#1140,#1141,#1142,#1143,#1144,#1145),.UNSPECIFIED.,.F.,.F.,(7,
    5,7),(0.,0.500766874066,1.),.UNSPECIFIED.);
#1134 = CARTESIAN_POINT('',(0.606859482789,9.22734811902E-02,
    -0.879008585095));
#1135 = CARTESIAN_POINT('',(0.667628266337,9.22734811902E-02,
    -0.875770049114));
#1136 = CARTESIAN_POINT('',(0.709954552255,9.22734811902E-02,
    -0.846091988081));
#1137 = CARTESIAN_POINT('',(0.751880461114,9.22734811902E-02,
    -0.772802827166));
#1138 = CARTESIAN_POINT('',(0.709678916163,9.227348119021E-02,
    -0.702411462447));
#1139 = CARTESIAN_POINT('',(0.666250226613,9.22734811902E-02,
    -0.66883476285));
#1140 = CARTESIAN_POINT('',(0.548018186542,9.227348119021E-02,
    -0.668586373773));
#1141 = CARTESIAN_POINT('',(0.503481586413,9.22734811902E-02,
    -0.701899559513));
#1142 = CARTESIAN_POINT('',(0.461852057384,9.22734811902E-02,
    -0.774548803496));
#1143 = CARTESIAN_POINT('',(0.504372018726,9.22734811902E-02,
    -0.846154144711));
#1144 = CARTESIAN_POINT('',(0.546179625696,9.22734811902E-02,
    -0.875657265107));
#1145 = CARTESIAN_POINT('',(0.606918756954,9.22734811902E-02,
    -0.879003001215));
#1146 = PCURVE('',#713,#1147);
#1147 = DEFINITIONAL_REPRESENTATION('',(#1148),#1165);
#1148 = B_SPLINE_CURVE_WITH_KNOTS('',8,(#1149,#1150,#1151,#1152,#1153,
    #1154,#1155,#1156,#1157,#1158,#1159,#1160,#1161,#1162,#1163,#1164),
  .UNSPECIFIED.,.F.,.F.,(9,7,9),(0.,0.5,1.),.UNSPECIFIED.);
#1149 = CARTESIAN_POINT('',(1.000180168723,1.));
#1150 = CARTESIAN_POINT('',(1.000180168723,0.935481261478));
#1151 = CARTESIAN_POINT('',(1.000180168723,0.87300698544));
#1152 = CARTESIAN_POINT('',(1.000180168723,0.811308061266));
#1153 = CARTESIAN_POINT('',(1.000180168723,0.755672847223));
#1154 = CARTESIAN_POINT('',(1.000180168723,0.68229550338));
#1155 = CARTESIAN_POINT('',(1.000180168723,0.628008513104));
#1156 = CARTESIAN_POINT('',(1.000180168723,0.565419799749));
#1157 = CARTESIAN_POINT('',(1.000180168723,0.437738724571));
#1158 = CARTESIAN_POINT('',(1.000180168723,0.375207584151));
#1159 = CARTESIAN_POINT('',(1.000180168723,0.315336895607));
#1160 = CARTESIAN_POINT('',(1.000180168723,0.248889128303));
#1161 = CARTESIAN_POINT('',(1.000180168723,0.184687639437));
#1162 = CARTESIAN_POINT('',(1.000180168723,0.128221635066));
#1163 = CARTESIAN_POINT('',(1.000180168723,6.457692132652E-02));
#1164 = CARTESIAN_POINT('',(1.000180168723,6.274820368551E-05));
#1165 = ( GEOMETRIC_REPRESENTATION_CONTEXT(2) 
PARAMETRIC_REPRESENTATION_CONTEXT() REPRESENTATION_CONTEXT('2D SPACE',''
  ) );
#1166 = PCURVE('',#169,#1167);
#1167 = DEFINITIONAL_REPRESENTATION('',(#1168),#1194);
#1168 = B_SPLINE_CURVE_WITH_KNOTS('',3,(#1169,#1170,#1171,#1172,#1173,
    #1174,#1175,#1176,#1177,#1178,#1179,#1180,#1181,#1182,#1183,#1184,
    #1185,#1186,#1187,#1188,#1189,#1190,#1191,#1192,#1193),
  .UNSPECIFIED.,.F.,.F.,(4,1,1,1,1,1,1,1,1,1,1,1,1,1,1,1,1,1,1,1,1,1,4),
  (0.,4.545454545455E-02,9.090909090909E-02,0.136363636364,
    0.181818181818,0.227272727273,0.272727272727,0.318181818182,
    0.363636363636,0.409090909091,0.454545454545,0.5,0.545454545455,
    0.590909090909,0.636363636364,0.681818181818,0.727272727273,
    0.772727272727,0.818181818182,0.863636363636,0.909090909091,
    0.954545454545,1.),.QUASI_UNIFORM_KNOTS.);
#1169 = CARTESIAN_POINT('',(1.165788583767E-02,0.904909536455));
#1170 = CARTESIAN_POINT('',(1.192891137074E-02,0.912181386502));
#1171 = CARTESIAN_POINT('',(1.389433687512E-02,0.926029917064));
#1172 = CARTESIAN_POINT('',(2.083517549233E-02,0.94402863767));
#1173 = CARTESIAN_POINT('',(3.17154836477E-02,0.95887128405));
#1174 = CARTESIAN_POINT('',(4.57299310643E-02,0.969518114458));
#1175 = CARTESIAN_POINT('',(6.178506774364E-02,0.975089984238));
#1176 = CARTESIAN_POINT('',(7.856523354667E-02,0.975061395495));
#1177 = CARTESIAN_POINT('',(9.469053797652E-02,0.969432313436));
#1178 = CARTESIAN_POINT('',(0.108835383646,0.95875182125));
#1179 = CARTESIAN_POINT('',(0.119843499143,0.943897269208));
#1180 = CARTESIAN_POINT('',(0.126827144956,0.92612122341));
#1181 = CARTESIAN_POINT('',(0.12926387211,0.90541333678));
#1182 = CARTESIAN_POINT('',(0.12704965123,0.884476346451));
#1183 = CARTESIAN_POINT('',(0.120164835676,0.866482086447));
#1184 = CARTESIAN_POINT('',(0.109139661759,0.851395760159));
#1185 = CARTESIAN_POINT('',(9.49013988087E-02,0.840538630893));
#1186 = CARTESIAN_POINT('',(7.866255815727E-02,0.834797369881));
#1187 = CARTESIAN_POINT('',(6.17950836323E-02,0.834717725794));
#1188 = CARTESIAN_POINT('',(4.570305896425E-02,0.840279484331));
#1189 = CARTESIAN_POINT('',(3.169884778414E-02,0.850931453564));
#1190 = CARTESIAN_POINT('',(2.085046809261E-02,0.865774563783));
#1191 = CARTESIAN_POINT('',(1.392407800224E-02,0.883761991107));
#1192 = CARTESIAN_POINT('',(1.194686844417E-02,0.897622383129));
#1193 = CARTESIAN_POINT('',(1.16594369332E-02,0.90492930998));
#1194 = ( GEOMETRIC_REPRESENTATION_CONTEXT(2) 
PARAMETRIC_REPRESENTATION_CONTEXT() REPRESENTATION_CONTEXT('2D SPACE',''
  ) );
#1195 = ORIENTED_EDGE('',*,*,#1109,.F.);
#1196 = ADVANCED_FACE('',(#1197),#829,.T.);
#1197 = FACE_BOUND('',#1198,.T.);
#1198 = EDGE_LOOP('',(#1199,#1221,#1222,#1223));
#1199 = ORIENTED_EDGE('',*,*,#1200,.F.);
#1200 = EDGE_CURVE('',#783,#1201,#1203,.T.);
#1201 = VERTEX_POINT('',#1202);
#1202 = CARTESIAN_POINT('',(-0.521694684175,9.22734811902E-02,
    -0.830997041364));
#1203 = SEAM_CURVE('',#1204,(#1207,#1214),.PCURVE_S1.);
#1204 = B_SPLINE_CURVE_WITH_KNOTS('',1,(#1205,#1206),.UNSPECIFIED.,.F.,
  .F.,(2,2),(-7.205493531359E-04,1.000720549354),
  .PIECEWISE_BEZIER_KNOTS.);
#1205 = CARTESIAN_POINT('',(-0.521697766467,-9.227348123076E-02,
    -0.831001890164));
#1206 = CARTESIAN_POINT('',(-0.521697766474,9.227348123078E-02,
    -0.831001890176));
#1207 = PCURVE('',#829,#1208);
#1208 = DEFINITIONAL_REPRESENTATION('',(#1209),#1213);
#1209 = LINE('',#1210,#1211);
#1210 = CARTESIAN_POINT('',(0.,1.000026683281));
#1211 = VECTOR('',#1212,1.);
#1212 = DIRECTION('',(1.,0.));
#1213 = ( GEOMETRIC_REPRESENTATION_CONTEXT(2) 
PARAMETRIC_REPRESENTATION_CONTEXT() REPRESENTATION_CONTEXT('2D SPACE',''
  ) );
#1214 = PCURVE('',#829,#1215);
#1215 = DEFINITIONAL_REPRESENTATION('',(#1216),#1220);
#1216 = LINE('',#1217,#1218);
#1217 = CARTESIAN_POINT('',(0.,2.668328083377E-05));
#1218 = VECTOR('',#1219,1.);
#1219 = DIRECTION('',(1.,0.));
#1220 = ( GEOMETRIC_REPRESENTATION_CONTEXT(2) 
PARAMETRIC_REPRESENTATION_CONTEXT() REPRESENTATION_CONTEXT('2D SPACE',''
  ) );
#1221 = ORIENTED_EDGE('',*,*,#782,.F.);
#1222 = ORIENTED_EDGE('',*,*,#1200,.T.);
#1223 = ORIENTED_EDGE('',*,*,#1224,.F.);
#1224 = EDGE_CURVE('',#1201,#1201,#1225,.T.);
#1225 = SURFACE_CURVE('',#1226,(#1239,#1254),.PCURVE_S1.);
#1226 = B_SPLINE_CURVE_WITH_KNOTS('',6,(#1227,#1228,#1229,#1230,#1231,
    #1232,#1233,#1234,#1235,#1236,#1237,#1238),.UNSPECIFIED.,.F.,.F.,(7,
    5,7),(0.,0.500949914572,1.),.UNSPECIFIED.);
#1227 = CARTESIAN_POINT('',(-0.521708230575,9.22734811902E-02,
    -0.831002924441));
#1228 = CARTESIAN_POINT('',(-0.47362820529,9.227348119021E-02,
    -0.827769378078));
#1229 = CARTESIAN_POINT('',(-0.440623846489,9.22734811902E-02,
    -0.804634666582));
#1230 = CARTESIAN_POINT('',(-0.409942335994,9.22734811902E-02,
    -0.748477815853));
#1231 = CARTESIAN_POINT('',(-0.441300100669,9.22734811902E-02,
    -0.692900219563));
#1232 = CARTESIAN_POINT('',(-0.474852376466,9.22734811902E-02,
    -0.666912411223));
#1233 = CARTESIAN_POINT('',(-0.568130758543,9.22734811902E-02,
    -0.666692726466));
#1234 = CARTESIAN_POINT('',(-0.602669045385,9.22734811902E-02,
    -0.692534884933));
#1235 = CARTESIAN_POINT('',(-0.63358654654,9.227348119021E-02,
    -0.750234799409));
#1236 = CARTESIAN_POINT('',(-0.602193425271,9.22734811902E-02,
    -0.804789991171));
#1237 = CARTESIAN_POINT('',(-0.569628009802,9.227348119021E-02,
    -0.827709461556));
#1238 = CARTESIAN_POINT('',(-0.52169358819,9.22734811902E-02,
    -0.830991158299));
#1239 = PCURVE('',#829,#1240);
#1240 = DEFINITIONAL_REPRESENTATION('',(#1241),#1253);
#1241 = B_SPLINE_CURVE_WITH_KNOTS('',10,(#1242,#1243,#1244,#1245,#1246,
    #1247,#1248,#1249,#1250,#1251,#1252),.UNSPECIFIED.,.F.,.F.,(11,11),(
    0.,1.),.PIECEWISE_BEZIER_KNOTS.);
#1242 = CARTESIAN_POINT('',(1.000720549354,1.000026683281));
#1243 = CARTESIAN_POINT('',(1.000720549354,0.900019127247));
#1244 = CARTESIAN_POINT('',(1.000720549354,0.799946668121));
#1245 = CARTESIAN_POINT('',(1.000720549354,0.699437818223));
#1246 = CARTESIAN_POINT('',(1.000720549353,0.593745128942));
#1247 = CARTESIAN_POINT('',(1.000720549354,0.520460193112));
#1248 = CARTESIAN_POINT('',(1.000720549353,0.393474405416));
#1249 = CARTESIAN_POINT('',(1.000720549354,0.299928238263));
#1250 = CARTESIAN_POINT('',(1.000720549354,0.199595904158));
#1251 = CARTESIAN_POINT('',(1.000720549354,0.100119117431));
#1252 = CARTESIAN_POINT('',(1.000720549354,2.668328083366E-05));
#1253 = ( GEOMETRIC_REPRESENTATION_CONTEXT(2) 
PARAMETRIC_REPRESENTATION_CONTEXT() REPRESENTATION_CONTEXT('2D SPACE',''
  ) );
#1254 = PCURVE('',#169,#1255);
#1255 = DEFINITIONAL_REPRESENTATION('',(#1256),#1282);
#1256 = B_SPLINE_CURVE_WITH_KNOTS('',3,(#1257,#1258,#1259,#1260,#1261,
    #1262,#1263,#1264,#1265,#1266,#1267,#1268,#1269,#1270,#1271,#1272,
    #1273,#1274,#1275,#1276,#1277,#1278,#1279,#1280,#1281),
  .UNSPECIFIED.,.F.,.F.,(4,1,1,1,1,1,1,1,1,1,1,1,1,1,1,1,1,1,1,1,1,1,4),
  (0.,4.545454545455E-02,9.090909090909E-02,0.136363636364,
    0.181818181818,0.227272727273,0.272727272727,0.318181818182,
    0.363636363636,0.409090909091,0.454545454545,0.5,0.545454545455,
    0.590909090909,0.636363636364,0.681818181818,0.727272727273,
    0.772727272727,0.818181818182,0.863636363636,0.909090909091,
    0.954545454545,1.),.QUASI_UNIFORM_KNOTS.);
#1257 = CARTESIAN_POINT('',(3.832971843041E-02,0.151927071272));
#1258 = CARTESIAN_POINT('',(3.861193521214E-02,0.157694866293));
#1259 = CARTESIAN_POINT('',(4.025033555095E-02,0.168609870232));
#1260 = CARTESIAN_POINT('',(4.572666259188E-02,0.182683466552));
#1261 = CARTESIAN_POINT('',(5.420147769633E-02,0.194182722544));
#1262 = CARTESIAN_POINT('',(6.508290537437E-02,0.2023687625));
#1263 = CARTESIAN_POINT('',(7.754942170624E-02,0.206620465608));
#1264 = CARTESIAN_POINT('',(9.059669936013E-02,0.206571914332));
#1265 = CARTESIAN_POINT('',(0.103157026811,0.202232659295));
#1266 = CARTESIAN_POINT('',(0.11419252471,0.194005337952));
#1267 = CARTESIAN_POINT('',(0.12278954983,0.182515929883));
#1268 = CARTESIAN_POINT('',(0.128243501958,0.168680980077));
#1269 = CARTESIAN_POINT('',(0.130149781772,0.152399181924));
#1270 = CARTESIAN_POINT('',(0.128448692244,0.135893421678));
#1271 = CARTESIAN_POINT('',(0.123076299112,0.121853310862));
#1272 = CARTESIAN_POINT('',(0.114451674788,0.110145231195));
#1273 = CARTESIAN_POINT('',(0.103318364056,0.101753695571));
#1274 = CARTESIAN_POINT('',(9.06448431338E-02,9.731450403016E-02));
#1275 = CARTESIAN_POINT('',(7.751342257858E-02,9.722795970025E-02));
#1276 = CARTESIAN_POINT('',(6.501484610374E-02,0.101483342377));
#1277 = CARTESIAN_POINT('',(5.415008210643E-02,0.10968704091));
#1278 = CARTESIAN_POINT('',(4.571606861834E-02,0.121193542068));
#1279 = CARTESIAN_POINT('',(4.026687203462E-02,0.135250084033));
#1280 = CARTESIAN_POINT('',(3.862739567137E-02,0.146158390813));
#1281 = CARTESIAN_POINT('',(3.833298684058E-02,0.151931955889));
#1282 = ( GEOMETRIC_REPRESENTATION_CONTEXT(2) 
PARAMETRIC_REPRESENTATION_CONTEXT() REPRESENTATION_CONTEXT('2D SPACE',''
  ) );
#1283 = ADVANCED_FACE('',(#1284),#399,.F.);
#1284 = FACE_BOUND('',#1285,.F.);
#1285 = EDGE_LOOP('',(#1286,#1308,#1309,#1310));
#1286 = ORIENTED_EDGE('',*,*,#1287,.F.);
#1287 = EDGE_CURVE('',#346,#507,#1288,.T.);
#1288 = SURFACE_CURVE('',#1289,(#1294,#1302),.PCURVE_S1.);
#1289 = B_SPLINE_CURVE_WITH_KNOTS('',3,(#1290,#1291,#1292,#1293),
  .UNSPECIFIED.,.F.,.F.,(4,4),(0.,1.),.PIECEWISE_BEZIER_KNOTS.);
#1290 = CARTESIAN_POINT('',(0.749416291714,9.227348119021E-02,
    -0.899989748626));
#1291 = CARTESIAN_POINT('',(0.749416291714,9.227348119021E-02,
    -0.299996583406));
#1292 = CARTESIAN_POINT('',(0.749416291714,9.227348119021E-02,
    0.299996583395));
#1293 = CARTESIAN_POINT('',(0.749416291714,9.227348119021E-02,
    0.899989748615));
#1294 = PCURVE('',#399,#1295);
#1295 = DEFINITIONAL_REPRESENTATION('',(#1296),#1301);
#1296 = B_SPLINE_CURVE_WITH_KNOTS('',3,(#1297,#1298,#1299,#1300),
  .UNSPECIFIED.,.F.,.F.,(4,4),(0.,1.),.PIECEWISE_BEZIER_KNOTS.);
#1297 = CARTESIAN_POINT('',(1.000270221668,0.999998579622));
#1298 = CARTESIAN_POINT('',(1.000270221671,0.666668087205));
#1299 = CARTESIAN_POINT('',(1.000270221675,0.333331912805));
#1300 = CARTESIAN_POINT('',(1.000270221678,1.420387388706E-06));
#1301 = ( GEOMETRIC_REPRESENTATION_CONTEXT(2) 
PARAMETRIC_REPRESENTATION_CONTEXT() REPRESENTATION_CONTEXT('2D SPACE',''
  ) );
#1302 = PCURVE('',#169,#1303);
#1303 = DEFINITIONAL_REPRESENTATION('',(#1304),#1307);
#1304 = B_SPLINE_CURVE_WITH_KNOTS('',1,(#1305,#1306),.UNSPECIFIED.,.F.,
  .F.,(2,2),(0.,1.),.PIECEWISE_BEZIER_KNOTS.);
#1305 = CARTESIAN_POINT('',(-2.841010380652E-06,0.999997951455));
#1306 = CARTESIAN_POINT('',(1.00000284102,0.999997951452));
#1307 = ( GEOMETRIC_REPRESENTATION_CONTEXT(2) 
PARAMETRIC_REPRESENTATION_CONTEXT() REPRESENTATION_CONTEXT('2D SPACE',''
  ) );
#1308 = ORIENTED_EDGE('',*,*,#345,.T.);
#1309 = ORIENTED_EDGE('',*,*,#650,.T.);
#1310 = ORIENTED_EDGE('',*,*,#530,.T.);
#1311 = ADVANCED_FACE('',(#1312,#1318,#1321,#1324,#1376),#169,.T.);
#1312 = FACE_BOUND('',#1313,.T.);
#1313 = EDGE_LOOP('',(#1314,#1315,#1316,#1317));
#1314 = ORIENTED_EDGE('',*,*,#481,.F.);
#1315 = ORIENTED_EDGE('',*,*,#151,.F.);
#1316 = ORIENTED_EDGE('',*,*,#506,.F.);
#1317 = ORIENTED_EDGE('',*,*,#1287,.F.);
#1318 = FACE_BOUND('',#1319,.T.);
#1319 = EDGE_LOOP('',(#1320));
#1320 = ORIENTED_EDGE('',*,*,#1131,.T.);
#1321 = FACE_BOUND('',#1322,.T.);
#1322 = EDGE_LOOP('',(#1323));
#1323 = ORIENTED_EDGE('',*,*,#1224,.T.);
#1324 = FACE_BOUND('',#1325,.T.);
#1325 = EDGE_LOOP('',(#1326));
#1326 = ORIENTED_EDGE('',*,*,#1327,.F.);
#1327 = EDGE_CURVE('',#1328,#1328,#1330,.T.);
#1328 = VERTEX_POINT('',#1329);
#1329 = CARTESIAN_POINT('',(0.606885948693,9.22734811902E-02,
    0.764802252189));
#1330 = SURFACE_CURVE('',#1331,(#1342,#1362),.PCURVE_S1.);
#1331 = B_SPLINE_CURVE_WITH_KNOTS('',5,(#1332,#1333,#1334,#1335,#1336,
    #1337,#1338,#1339,#1340,#1341),.UNSPECIFIED.,.F.,.F.,(6,4,6),(0.,
    0.501537473144,1.),.UNSPECIFIED.);
#1332 = CARTESIAN_POINT('',(0.606782613139,9.22734811902E-02,
    0.764780676332));
#1333 = CARTESIAN_POINT('',(0.574917175144,9.22734811902E-02,
    0.769052112751));
#1334 = CARTESIAN_POINT('',(0.554465081978,9.227348119021E-02,
    0.786360836298));
#1335 = CARTESIAN_POINT('',(0.555598121623,9.22734811902E-02,
    0.829783107502));
#1336 = CARTESIAN_POINT('',(0.576185433803,9.22734811902E-02,
    0.850837174252));
#1337 = CARTESIAN_POINT('',(0.63741854111,9.22734811902E-02,
    0.850843002227));
#1338 = CARTESIAN_POINT('',(0.658967461611,9.227348119021E-02,
    0.829068197954));
#1339 = CARTESIAN_POINT('',(0.658771638302,9.22734811902E-02,
    0.785195362903));
#1340 = CARTESIAN_POINT('',(0.638372997561,9.22734811902E-02,
    0.768796639173));
#1341 = CARTESIAN_POINT('',(0.606989284247,9.22734811902E-02,
    0.764823828046));
#1342 = PCURVE('',#169,#1343);
#1343 = DEFINITIONAL_REPRESENTATION('',(#1344),#1361);
#1344 = B_SPLINE_CURVE_WITH_KNOTS('',8,(#1345,#1346,#1347,#1348,#1349,
    #1350,#1351,#1352,#1353,#1354,#1355,#1356,#1357,#1358,#1359,#1360),
  .UNSPECIFIED.,.F.,.F.,(9,7,9),(0.,0.5,1.),.UNSPECIFIED.);
#1345 = CARTESIAN_POINT('',(0.924906966678,0.904850037049));
#1346 = CARTESIAN_POINT('',(0.926220878145,0.891578096367));
#1347 = CARTESIAN_POINT('',(0.930402264942,0.881050229602));
#1348 = CARTESIAN_POINT('',(0.938289338222,0.874045230758));
#1349 = CARTESIAN_POINT('',(0.949032647042,0.872464791742));
#1350 = CARTESIAN_POINT('',(0.959912151504,0.875230414915));
#1351 = CARTESIAN_POINT('',(0.968161736633,0.881321620835));
#1352 = CARTESIAN_POINT('',(0.972578264896,0.892043226748));
#1353 = CARTESIAN_POINT('',(0.972806265662,0.917175716081));
#1354 = CARTESIAN_POINT('',(0.968791826456,0.92897546565));
#1355 = CARTESIAN_POINT('',(0.959560712644,0.933831552227));
#1356 = CARTESIAN_POINT('',(0.949278125948,0.939426539866));
#1357 = CARTESIAN_POINT('',(0.937249029352,0.933941496202));
#1358 = CARTESIAN_POINT('',(0.930757005331,0.929009406048));
#1359 = CARTESIAN_POINT('',(0.92620625661,0.918056852864));
#1360 = CARTESIAN_POINT('',(0.924894979751,0.904918981412));
#1361 = ( GEOMETRIC_REPRESENTATION_CONTEXT(2) 
PARAMETRIC_REPRESENTATION_CONTEXT() REPRESENTATION_CONTEXT('2D SPACE',''
  ) );
#1362 = PCURVE('',#945,#1363);
#1363 = DEFINITIONAL_REPRESENTATION('',(#1364),#1375);
#1364 = B_SPLINE_CURVE_WITH_KNOTS('',9,(#1365,#1366,#1367,#1368,#1369,
    #1370,#1371,#1372,#1373,#1374),.UNSPECIFIED.,.F.,.F.,(10,10),(0.,1.)
  ,.PIECEWISE_BEZIER_KNOTS.);
#1365 = CARTESIAN_POINT('',(1.005396020448,0.994279161743));
#1366 = CARTESIAN_POINT('',(1.005396020448,1.095250450492));
#1367 = CARTESIAN_POINT('',(1.005396020448,1.275391782018));
#1368 = CARTESIAN_POINT('',(1.005396020447,1.041833418123));
#1369 = CARTESIAN_POINT('',(1.005396020448,2.017123497303));
#1370 = CARTESIAN_POINT('',(1.005396020447,1.022767165381));
#1371 = CARTESIAN_POINT('',(1.005396020448,1.892561078784));
#1372 = CARTESIAN_POINT('',(1.005396020448,1.760468962892));
#1373 = CARTESIAN_POINT('',(1.005396020448,1.893524164809));
#1374 = CARTESIAN_POINT('',(1.005396020448,1.993676713478));
#1375 = ( GEOMETRIC_REPRESENTATION_CONTEXT(2) 
PARAMETRIC_REPRESENTATION_CONTEXT() REPRESENTATION_CONTEXT('2D SPACE',''
  ) );
#1376 = FACE_BOUND('',#1377,.T.);
#1377 = EDGE_LOOP('',(#1378));
#1378 = ORIENTED_EDGE('',*,*,#1379,.T.);
#1379 = EDGE_CURVE('',#1380,#1380,#1382,.T.);
#1380 = VERTEX_POINT('',#1381);
#1381 = CARTESIAN_POINT('',(-0.632069808255,9.22734811902E-02,
    0.774114531241));
#1382 = SURFACE_CURVE('',#1383,(#1394,#1423),.PCURVE_S1.);
#1383 = B_SPLINE_CURVE_WITH_KNOTS('',5,(#1384,#1385,#1386,#1387,#1388,
    #1389,#1390,#1391,#1392,#1393),.UNSPECIFIED.,.F.,.F.,(6,4,6),(0.,
    0.501739439905,1.),.UNSPECIFIED.);
#1384 = CARTESIAN_POINT('',(-0.631895057249,9.22734811902E-02,
    0.77408938458));
#1385 = CARTESIAN_POINT('',(-0.602035045698,9.22734811902E-02,
    0.778515762758));
#1386 = CARTESIAN_POINT('',(-0.58343955845,9.22734811902E-02,
    0.794568180298));
#1387 = CARTESIAN_POINT('',(-0.584692411859,9.22734811902E-02,
    0.834288514305));
#1388 = CARTESIAN_POINT('',(-0.603433503336,9.22734811902E-02,
    0.853996185063));
#1389 = CARTESIAN_POINT('',(-0.6605655328,9.22734811902E-02,
    0.85392042715));
#1390 = CARTESIAN_POINT('',(-0.680187940028,9.22734811902E-02,
    0.833502507065));
#1391 = CARTESIAN_POINT('',(-0.680082719851,9.22734811902E-02,
    0.793306891297));
#1392 = CARTESIAN_POINT('',(-0.661498326136,9.22734811902E-02,
    0.778174241081));
#1393 = CARTESIAN_POINT('',(-0.63218788114,9.22734811902E-02,
    0.774139678836));
#1394 = PCURVE('',#169,#1395);
#1395 = DEFINITIONAL_REPRESENTATION('',(#1396),#1422);
#1396 = B_SPLINE_CURVE_WITH_KNOTS('',3,(#1397,#1398,#1399,#1400,#1401,
    #1402,#1403,#1404,#1405,#1406,#1407,#1408,#1409,#1410,#1411,#1412,
    #1413,#1414,#1415,#1416,#1417,#1418,#1419,#1420,#1421),
  .UNSPECIFIED.,.F.,.F.,(4,1,1,1,1,1,1,1,1,1,1,1,1,1,1,1,1,1,1,1,1,1,4),
  (0.,4.545454545455E-02,9.090909090909E-02,0.136363636364,
    0.181818181818,0.227272727273,0.272727272727,0.318181818182,
    0.363636363636,0.409090909091,0.454545454545,0.5,0.545454545455,
    0.590909090909,0.636363636364,0.681818181818,0.727272727273,
    0.772727272727,0.818181818182,0.863636363636,0.909090909091,
    0.954545454545,1.),.QUASI_UNIFORM_KNOTS.);
#1397 = CARTESIAN_POINT('',(0.930068527343,7.830910139187E-02));
#1398 = CARTESIAN_POINT('',(0.930409062134,8.141948338632E-02));
#1399 = CARTESIAN_POINT('',(0.931536356711,8.701597622551E-02));
#1400 = CARTESIAN_POINT('',(0.934438512491,9.395883992386E-02));
#1401 = CARTESIAN_POINT('',(0.938577959869,9.926346259487E-02));
#1402 = CARTESIAN_POINT('',(0.943736777389,0.102817668341));
#1403 = CARTESIAN_POINT('',(0.949588523755,0.104554186826));
#1404 = CARTESIAN_POINT('',(0.955713324146,0.104455576174));
#1405 = CARTESIAN_POINT('',(0.961645335995,0.102546988854));
#1406 = CARTESIAN_POINT('',(0.966911089904,9.890335868389E-02));
#1407 = CARTESIAN_POINT('',(0.971071950546,9.361106040575E-02));
#1408 = CARTESIAN_POINT('',(0.973759222481,8.689725783445E-02));
#1409 = CARTESIAN_POINT('',(0.974734556339,7.863402514591E-02));
#1410 = CARTESIAN_POINT('',(0.973856508614,7.017568703792E-02));
#1411 = CARTESIAN_POINT('',(0.971170071394,6.330341776235E-02));
#1412 = CARTESIAN_POINT('',(0.966960956419,5.785810102768E-02));
#1413 = CARTESIAN_POINT('',(0.961613144835,5.411910636903E-02));
#1414 = CARTESIAN_POINT('',(0.955591886945,5.217293483145E-02));
#1415 = CARTESIAN_POINT('',(0.949393354641,5.208602316583E-02));
#1416 = CARTESIAN_POINT('',(0.943502602243,5.386196090458E-02));
#1417 = CARTESIAN_POINT('',(0.938351641005,5.745689740541E-02));
#1418 = CARTESIAN_POINT('',(0.934268750531,6.2777776143E-02));
#1419 = CARTESIAN_POINT('',(0.93146272892,6.969107004124E-02));
#1420 = CARTESIAN_POINT('',(0.930405010347,7.523481361049E-02));
#1421 = CARTESIAN_POINT('',(0.930082498128,7.821141700255E-02));
#1422 = ( GEOMETRIC_REPRESENTATION_CONTEXT(2) 
PARAMETRIC_REPRESENTATION_CONTEXT() REPRESENTATION_CONTEXT('2D SPACE',''
  ) );
#1423 = PCURVE('',#1038,#1424);
#1424 = DEFINITIONAL_REPRESENTATION('',(#1425),#1440);
#1425 = B_SPLINE_CURVE_WITH_KNOTS('',7,(#1426,#1427,#1428,#1429,#1430,
    #1431,#1432,#1433,#1434,#1435,#1436,#1437,#1438,#1439),
  .UNSPECIFIED.,.F.,.F.,(8,6,8),(0.,0.5,1.),.UNSPECIFIED.);
#1426 = CARTESIAN_POINT('',(1.000180168729,0.999649626385));
#1427 = CARTESIAN_POINT('',(1.000180168729,0.922981329622));
#1428 = CARTESIAN_POINT('',(1.000180168729,0.838416570529));
#1429 = CARTESIAN_POINT('',(1.000180168729,0.805964690249));
#1430 = CARTESIAN_POINT('',(1.000180168729,0.693928916031));
#1431 = CARTESIAN_POINT('',(1.000180168729,0.654065480471));
#1432 = CARTESIAN_POINT('',(1.000180168729,0.578338730218));
#1433 = CARTESIAN_POINT('',(1.000180168729,0.427378969827));
#1434 = CARTESIAN_POINT('',(1.000180168729,0.347593020944));
#1435 = CARTESIAN_POINT('',(1.000180168729,0.303987752838));
#1436 = CARTESIAN_POINT('',(1.000180168729,0.192098735794));
#1437 = CARTESIAN_POINT('',(1.000180168729,0.157847888371));
#1438 = CARTESIAN_POINT('',(1.000180168729,7.619851633766E-02));
#1439 = CARTESIAN_POINT('',(1.000180168729,4.729463923974E-04));
#1440 = ( GEOMETRIC_REPRESENTATION_CONTEXT(2) 
PARAMETRIC_REPRESENTATION_CONTEXT() REPRESENTATION_CONTEXT('2D SPACE',''
  ) );
#1441 = ADVANCED_FACE('',(#1442),#1038,.T.);
#1442 = FACE_BOUND('',#1443,.T.);
#1443 = EDGE_LOOP('',(#1444,#1445,#1465,#1466));
#1444 = ORIENTED_EDGE('',*,*,#1002,.T.);
#1445 = ORIENTED_EDGE('',*,*,#1446,.T.);
#1446 = EDGE_CURVE('',#1003,#1380,#1447,.T.);
#1447 = SEAM_CURVE('',#1448,(#1451,#1458),.PCURVE_S1.);
#1448 = B_SPLINE_CURVE_WITH_KNOTS('',1,(#1449,#1450),.UNSPECIFIED.,.F.,
  .F.,(2,2),(-1.801687233764E-04,1.000180168729),
  .PIECEWISE_BEZIER_KNOTS.);
#1449 = CARTESIAN_POINT('',(-0.632130290991,-9.227348123075E-02,
    0.774548710915));
#1450 = CARTESIAN_POINT('',(-0.632130290993,9.227348123074E-02,
    0.774548710918));
#1451 = PCURVE('',#1038,#1452);
#1452 = DEFINITIONAL_REPRESENTATION('',(#1453),#1457);
#1453 = LINE('',#1454,#1455);
#1454 = CARTESIAN_POINT('',(0.,2.835706161317E-04));
#1455 = VECTOR('',#1456,1.);
#1456 = DIRECTION('',(1.,0.));
#1457 = ( GEOMETRIC_REPRESENTATION_CONTEXT(2) 
PARAMETRIC_REPRESENTATION_CONTEXT() REPRESENTATION_CONTEXT('2D SPACE',''
  ) );
#1458 = PCURVE('',#1038,#1459);
#1459 = DEFINITIONAL_REPRESENTATION('',(#1460),#1464);
#1460 = LINE('',#1461,#1462);
#1461 = CARTESIAN_POINT('',(0.,1.000283570616));
#1462 = VECTOR('',#1463,1.);
#1463 = DIRECTION('',(1.,0.));
#1464 = ( GEOMETRIC_REPRESENTATION_CONTEXT(2) 
PARAMETRIC_REPRESENTATION_CONTEXT() REPRESENTATION_CONTEXT('2D SPACE',''
  ) );
#1465 = ORIENTED_EDGE('',*,*,#1379,.F.);
#1466 = ORIENTED_EDGE('',*,*,#1446,.F.);
#1467 = ADVANCED_FACE('',(#1468),#945,.T.);
#1468 = FACE_BOUND('',#1469,.T.);
#1469 = EDGE_LOOP('',(#1470,#1471,#1491,#1492));
#1470 = ORIENTED_EDGE('',*,*,#1327,.T.);
#1471 = ORIENTED_EDGE('',*,*,#1472,.F.);
#1472 = EDGE_CURVE('',#901,#1328,#1473,.T.);
#1473 = SEAM_CURVE('',#1474,(#1477,#1484),.PCURVE_S1.);
#1474 = B_SPLINE_CURVE_WITH_KNOTS('',1,(#1475,#1476),.UNSPECIFIED.,.F.,
  .F.,(2,2),(-5.396020458675E-03,1.005396020448),
  .PIECEWISE_BEZIER_KNOTS.);
#1475 = CARTESIAN_POINT('',(0.607204844197,-9.227348123068E-02,
    0.763615339999));
#1476 = CARTESIAN_POINT('',(0.607204844262,9.227348123151E-02,
    0.763615340081));
#1477 = PCURVE('',#945,#1478);
#1478 = DEFINITIONAL_REPRESENTATION('',(#1479),#1483);
#1479 = LINE('',#1480,#1481);
#1480 = CARTESIAN_POINT('',(0.,1.994113673559));
#1481 = VECTOR('',#1482,1.);
#1482 = DIRECTION('',(1.,0.));
#1483 = ( GEOMETRIC_REPRESENTATION_CONTEXT(2) 
PARAMETRIC_REPRESENTATION_CONTEXT() REPRESENTATION_CONTEXT('2D SPACE',''
  ) );
#1484 = PCURVE('',#945,#1485);
#1485 = DEFINITIONAL_REPRESENTATION('',(#1486),#1490);
#1486 = LINE('',#1487,#1488);
#1487 = CARTESIAN_POINT('',(0.,0.994113673559));
#1488 = VECTOR('',#1489,1.);
#1489 = DIRECTION('',(1.,0.));
#1490 = ( GEOMETRIC_REPRESENTATION_CONTEXT(2) 
PARAMETRIC_REPRESENTATION_CONTEXT() REPRESENTATION_CONTEXT('2D SPACE',''
  ) );
#1491 = ORIENTED_EDGE('',*,*,#900,.F.);
#1492 = ORIENTED_EDGE('',*,*,#1472,.T.);
#1493 = ( GEOMETRIC_REPRESENTATION_CONTEXT(3) 
GLOBAL_UNCERTAINTY_ASSIGNED_CONTEXT((#1497)) 
GLOBAL_UNIT_ASSIGNED_CONTEXT((#1494,#1495,#1496)) REPRESENTATION_CONTEXT
('Context #1','3D Context with UNIT and UNCERTAINTY') );
#1494 = ( LENGTH_UNIT() NAMED_UNIT(*) SI_UNIT(.MILLI.,.METRE.) );
#1495 = ( NAMED_UNIT(*) PLANE_ANGLE_UNIT() SI_UNIT($,.RADIAN.) );
#1496 = ( NAMED_UNIT(*) SI_UNIT($,.STERADIAN.) SOLID_ANGLE_UNIT() );
#1497 = UNCERTAINTY_MEASURE_WITH_UNIT(LENGTH_MEASURE(1.E-03),#1494,
  'distance_accuracy_value','confusion accuracy');
#1498 = PRODUCT_RELATED_PRODUCT_CATEGORY('detail',$,(#7));
#1499 = PRODUCT_CATEGORY_RELATIONSHIP('','',#1500,#1498);
#1500 = PRODUCT_CATEGORY('part',$);
#1501 = CC_DESIGN_PERSON_AND_ORGANIZATION_ASSIGNMENT(#1502,#1505,(#6,#5)
  );
#1502 = PERSON_AND_ORGANIZATION(#1503,#1504);
#1503 = PERSON('IP172.17.0,root','','root',$,$,$);
#1504 = ORGANIZATION('IP172.17.0','Unspecified','');
#1505 = PERSON_AND_ORGANIZATION_ROLE('creator');
#1506 = CC_DESIGN_PERSON_AND_ORGANIZATION_ASSIGNMENT(#1502,#1507,(#7));
#1507 = PERSON_AND_ORGANIZATION_ROLE('design_owner');
#1508 = CC_DESIGN_PERSON_AND_ORGANIZATION_ASSIGNMENT(#1502,#1509,(#6));
#1509 = PERSON_AND_ORGANIZATION_ROLE('design_supplier');
#1510 = CC_DESIGN_PERSON_AND_ORGANIZATION_ASSIGNMENT(#1502,#1511,(#1512)
  );
#1511 = PERSON_AND_ORGANIZATION_ROLE('classification_officer');
#1512 = SECURITY_CLASSIFICATION('','',#1513);
#1513 = SECURITY_CLASSIFICATION_LEVEL('unclassified');
#1514 = CC_DESIGN_SECURITY_CLASSIFICATION(#1512,(#6));
#1515 = CC_DESIGN_DATE_AND_TIME_ASSIGNMENT(#1516,#1520,(#5));
#1516 = DATE_AND_TIME(#1517,#1518);
#1517 = CALENDAR_DATE(2024,1,10);
#1518 = LOCAL_TIME(20,10,$,#1519);
#1519 = COORDINATED_UNIVERSAL_TIME_OFFSET(8,$,.AHEAD.);
#1520 = DATE_TIME_ROLE('creation_date');
#1521 = CC_DESIGN_DATE_AND_TIME_ASSIGNMENT(#1516,#1522,(#1512));
#1522 = DATE_TIME_ROLE('classification_date');
#1523 = CC_DESIGN_APPROVAL(#1524,(#6,#5,#1512));
#1524 = APPROVAL(#1525,'');
#1525 = APPROVAL_STATUS('not_yet_approved');
#1526 = APPROVAL_PERSON_ORGANIZATION(#1502,#1524,#1527);
#1527 = APPROVAL_ROLE('approver');
#1528 = APPROVAL_DATE_TIME(#1516,#1524);
ENDSEC;
END-ISO-10303-21;
