split	model_id
train	00000061
train	00000070
train	00000168
train	00000329
train	00000348
train	00000356
train	00000413
train	00000418
train	00000559
train	00000633
train	00000638
train	00000711
train	00000712
train	00000714
train	00000802
train	00000842
train	00000843
train	00000849
train	00000954
train	00000960
train	00001000
train	00001005
train	00001009
train	00001010
train	00001014
train	00001020
train	00001109
train	00001164
train	00001170
train	00001211
train	00001213
train	00001348
train	00001398
train	00001400
train	00001402
train	00001403
train	00001408
train	00001410
train	00001497
train	00001503
train	00001519
train	00001537
train	00001539
train	00001541
train	00001579
train	00001614
train	00001623
train	00001749
train	00001776
train	00001817
train	00001865
train	00001877
train	00001906
train	00001965
train	00001970
train	00001971
train	00001972
train	00001995
train	00002065
train	00002090
train	00002091
train	00002096
train	00002211
train	00002240
train	00002241
train	00002290
train	00002297
train	00002316
train	00002338
train	00002347
train	00002406
train	00002407
train	00002505
train	00002507
train	00002512
train	00002530
train	00002629
train	00002633
train	00002680
train	00002682
train	00002698
train	00002719
train	00002745
train	00002840
train	00002852
train	00002855
train	00002886
train	00002958
train	00002963
train	00002975
train	00003117
train	00003143
train	00003144
train	00003173
train	00003203
train	00003210
train	00003211
train	00003280
train	00003288
train	00003337
train	00003407
train	00003419
train	00003444
train	00003519
train	00003558
train	00003593
train	00003676
train	00003709
train	00003710
train	00003803
train	00003805
train	00003810
train	00003813
train	00003823
train	00003847
train	00003857
train	00003867
train	00003869
train	00003954
train	00003988
train	00004043
train	00004055
train	00004064
train	00004078
train	00004118
train	00004125
train	00004252
train	00004261
train	00004267
train	00004282
train	00004296
train	00004308
train	00004320
train	00004333
train	00004334
train	00004339
train	00004383
train	00004409
train	00004423
train	00004433
train	00004529
train	00004629
train	00004640
train	00004643
train	00004677
train	00004698
train	00004700
train	00004747
train	00004929
train	00004934
train	00004965
train	00004981
train	00005041
train	00005042
train	00005044
train	00005057
train	00005062
train	00005085
train	00005087
train	00005107
train	00005110
train	00005140
train	00005143
train	00005277
train	00005312
train	00005314
train	00005316
train	00005317
train	00005318
train	00005321
train	00005338
train	00005341
train	00005414
train	00005419
train	00005421
train	00005442
train	00005463
train	00005496
train	00005497
train	00005498
train	00005560
train	00005562
train	00005568
train	00005569
train	00005597
train	00005655
train	00005670
train	00005689
train	00005690
train	00005793
train	00005826
train	00005893
train	00005894
train	00005899
train	00005904
train	00005915
train	00005921
train	00006003
train	00006007
train	00006109
train	00006137
train	00006190
train	00006302
train	00006383
train	00006447
train	00006455
train	00006463
train	00006466
train	00006467
train	00006470
train	00006471
train	00006495
train	00006519
train	00006527
train	00006546
train	00006547
train	00006577
train	00006578
train	00006625
train	00006629
train	00006642
train	00006645
train	00006674
train	00006676
train	00006677
train	00006699
train	00006817
train	00006845
train	00006875
train	00006884
train	00006889
train	00006892
train	00007026
train	00007054
train	00007093
train	00007128
train	00007140
train	00007184
train	00007185
train	00007188
train	00007189
train	00007190
train	00007191
train	00007192
train	00007202
train	00007251
train	00007254
train	00007256
train	00007280
train	00007282
train	00007314
train	00007441
train	00007454
train	00007498
train	00007532
train	00007536
train	00007540
train	00007612
train	00007652
train	00007676
train	00007687
train	00007731
train	00007808
train	00007809
train	00007810
train	00007825
train	00007848
train	00007882
train	00007883
train	00007884
train	00007987
train	00008056
train	00008065
train	00008117
train	00008132
train	00008136
train	00008168
train	00008231
train	00008277
train	00008298
train	00008299
train	00008377
train	00008378
train	00008379
train	00008391
train	00008396
train	00008398
train	00008420
train	00008427
train	00008453
train	00008572
train	00008609
train	00008629
train	00008750
train	00008905
train	00008926
train	00008929
train	00008936
train	00008950
train	00008964
train	00009000
train	00009014
train	00009017
train	00009035
train	00009038
train	00009045
train	00009103
train	00009105
train	00009186
train	00009233
train	00009249
train	00009251
train	00009255
train	00009307
train	00009308
train	00009376
train	00009378
train	00009485
train	00009526
train	00009535
train	00009549
train	00009550
train	00009554
train	00009612
train	00009635
train	00009682
train	00009722
train	00009770
train	00009801
train	00009805
train	00009843
train	00009849
train	00009865
train	00009877
train	00009886
train	00009933
train	00009934
train	00009947
train	00009958
train	00009966
train	00009993
train	00009998
train	00010086
train	00010116
train	00010158
train	00010159
train	00010185
train	00010242
train	00010244
train	00010247
train	00010265
train	00010386
train	00010398
train	00010401
train	00010402
train	00010404
train	00010443
train	00010470
train	00010471
train	00010472
train	00010473
train	00010521
train	00010570
train	00010581
train	00010582
train	00010603
train	00010611
train	00010616
train	00010624
train	00010625
train	00010642
train	00010669
train	00010680
train	00010698
train	00010700
train	00010718
train	00010719
train	00010783
train	00010804
train	00010843
train	00010893
train	00010980
train	00011006
train	00011013
train	00011048
train	00011351
train	00011365
train	00011405
train	00011414
train	00011421
train	00011434
train	00011435
train	00011524
train	00011532
train	00011534
train	00011535
train	00011554
train	00011572
train	00011573
train	00011588
train	00011621
train	00012022
train	00012025
train	00012028
train	00012035
train	00012046
train	00012047
train	00012048
train	00012081
train	00012082
train	00012168
train	00012169
train	00012182
train	00012219
train	00012221
train	00012222
train	00012223
train	00012224
train	00012232
train	00012233
train	00012238
train	00012298
train	00012301
train	00012348
train	00012425
train	00012499
train	00012504
train	00012574
train	00012639
train	00012640
train	00012645
train	00012704
train	00012735
train	00012744
train	00012936
train	00012938
train	00012939
train	00012991
train	00012995
train	00013007
train	00013012
train	00013095
train	00013158
train	00013172
train	00013175
train	00013299
train	00013303
train	00013304
train	00013307
train	00013431
train	00013432
train	00013465
train	00013476
train	00013539
train	00013561
train	00013617
train	00013630
train	00013765
train	00013766
train	00013906
train	00013916
train	00013925
train	00013995
train	00013998
train	00014015
train	00014063
train	00014067
train	00014086
train	00014160
train	00014168
train	00014187
train	00014190
train	00014200
train	00014203
train	00014205
train	00014246
train	00014331
train	00014419
train	00014420
train	00014481
train	00014496
train	00014520
train	00014524
train	00014531
train	00014604
train	00014658
train	00014754
train	00014755
train	00014759
train	00014772
train	00014903
train	00014904
train	00014917
train	00014918
train	00014919
train	00014922
train	00014925
train	00014941
train	00014943
train	00014945
train	00014946
train	00014947
train	00014981
train	00015051
train	00015055
train	00015161
train	00015162
train	00015174
train	00015191
train	00015229
train	00015230
train	00015254
train	00015257
train	00015261
train	00015266
train	00015267
train	00015270
train	00015271
train	00015286
train	00015287
train	00015288
train	00015342
train	00015378
train	00015386
train	00015439
train	00015451
train	00015456
train	00015517
train	00015536
train	00015569
train	00015584
train	00015587
train	00015599
train	00015609
train	00015610
train	00015629
train	00015640
train	00015641
train	00015642
train	00015644
train	00015645
train	00015647
train	00015667
train	00015668
train	00015705
train	00015718
train	00015725
train	00015729
train	00015731
train	00015761
train	00015762
train	00015769
train	00015778
train	00015859
train	00015863
train	00015904
train	00015908
train	00015915
train	00015926
train	00015956
train	00015987
train	00016005
train	00016073
train	00016099
train	00016111
train	00016187
train	00016199
train	00016209
train	00016226
train	00016229
train	00016230
train	00016242
train	00016298
train	00016405
train	00016422
train	00016423
train	00016425
train	00016426
train	00016447
train	00016449
train	00016450
train	00016622
train	00016623
train	00016624
train	00016639
train	00016654
train	00016655
train	00016711
train	00016770
train	00016771
train	00016783
train	00016857
train	00016875
train	00016878
train	00016895
train	00016896
train	00016916
train	00016943
train	00016944
train	00016945
train	00016946
train	00016947
train	00016981
train	00016983
train	00016988
train	00016996
train	00017010
train	00017017
train	00017020
train	00017021
train	00017023
train	00017034
train	00017045
train	00017061
train	00017062
train	00017063
train	00017064
train	00017066
train	00017068
train	00017070
train	00017075
train	00017076
train	00017077
train	00017079
train	00017081
train	00017082
train	00017083
train	00017084
train	00017085
train	00017088
train	00017089
train	00017090
train	00017092
train	00017093
train	00017094
train	00017095
train	00017097
train	00017098
train	00017100
train	00017106
train	00017108
train	00017114
train	00017116
train	00017117
train	00017120
train	00017121
train	00017122
train	00017126
train	00017127
train	00017130
train	00017132
train	00017135
train	00017138
train	00017139
train	00017142
train	00017143
train	00017148
train	00017149
train	00017150
train	00017151
train	00017154
train	00017155
train	00017159
train	00017163
train	00017166
train	00017170
train	00017171
train	00017172
train	00017174
train	00017180
train	00017183
train	00017185
train	00017267
train	00017268
train	00017270
train	00017271
train	00017272
train	00017274
train	00017275
train	00017280
train	00017282
train	00017283
train	00017293
train	00017294
train	00017298
train	00017299
train	00017304
train	00017305
train	00017306
train	00017310
train	00017313
train	00017318
train	00017319
train	00017320
train	00017321
train	00017330
train	00017331
train	00017339
train	00017344
train	00017360
train	00017361
train	00017366
train	00017367
train	00017368
train	00017370
train	00017371
train	00017372
train	00017374
train	00017379
train	00017384
train	00017388
train	00017390
train	00017391
train	00017407
train	00017419
train	00017451
train	00017452
train	00017455
train	00017458
train	00017459
train	00017460
train	00017461
train	00017463
train	00017464
train	00017466
train	00017467
train	00017470
train	00017471
train	00017533
train	00017556
train	00017561
train	00017562
train	00017607
train	00017648
train	00017670
train	00017734
train	00017746
train	00017803
train	00017831
train	00017832
train	00017857
train	00017872
train	00017932
train	00018185
train	00018186
train	00018211
train	00018214
train	00018242
train	00018258
train	00018265
train	00018339
train	00018360
train	00018370
train	00018438
train	00018455
train	00018456
train	00018475
train	00018476
train	00019499
train	00019560
train	00019597
train	00019678
train	00019717
train	00019719
train	00019720
train	00019731
train	00019734
train	00019741
train	00019742
train	00019743
train	00019752
train	00019754
train	00019783
train	00019784
train	00019826
train	00019851
train	00019890
train	00019901
train	00019907
train	00019924
train	00019963
train	00020085
train	00020218
train	00020346
train	00020347
train	00020351
train	00020353
train	00020357
train	00020358
train	00020360
train	00020361
train	00020366
train	00020373
train	00020379
train	00020382
train	00020386
train	00020411
train	00020413
train	00020419
train	00020424
train	00020426
train	00020459
train	00020461
train	00020470
train	00020475
train	00020597
train	00020735
train	00020739
train	00020748
train	00020800
train	00020816
train	00020819
train	00020845
train	00020864
train	00020884
train	00020886
train	00020894
train	00020915
train	00020920
train	00020929
train	00020935
train	00020939
train	00020940
train	00020966
train	00020982
train	00020987
train	00020989
train	00021009
train	00021012
train	00021018
train	00021026
train	00021030
train	00021032
train	00021034
train	00021035
train	00021040
train	00021041
train	00021050
train	00021054
train	00021055
train	00021058
train	00021068
train	00021069
train	00021078
train	00021082
train	00021098
train	00021105
train	00021107
train	00021149
train	00021156
train	00021188
train	00021189
train	00021249
train	00021281
train	00021288
train	00021290
train	00021295
train	00021305
train	00021322
train	00021352
train	00021458
train	00021468
train	00021469
train	00021518
train	00021521
train	00021523
train	00021525
train	00021526
train	00021529
train	00021536
train	00021558
train	00021564
train	00021565
train	00021630
train	00021646
train	00021654
train	00021658
train	00021661
train	00021681
train	00021713
train	00021720
train	00021762
train	00021810
train	00021813
train	00021816
train	00021831
train	00021841
train	00021842
train	00021858
train	00021896
train	00021901
train	00021905
train	00021908
train	00021910
train	00021912
train	00021921
train	00021936
train	00021939
train	00021947
train	00021953
train	00021954
train	00021957
train	00021960
train	00021964
train	00021965
train	00021967
train	00021968
train	00021970
train	00021991
train	00022000
train	00022001
train	00022009
train	00022035
train	00022040
train	00022048
train	00022051
train	00022064
train	00022066
train	00022071
train	00022074
train	00022078
train	00022080
train	00022084
train	00022087
train	00022088
train	00022089
train	00022092
train	00022095
train	00022098
train	00022099
train	00022102
train	00022125
train	00022151
train	00022156
train	00022158
train	00022159
train	00022162
train	00022163
train	00022164
train	00022169
train	00022170
train	00022171
train	00022176
train	00022189
train	00022190
train	00022202
train	00022231
train	00022232
train	00022244
train	00022253
train	00022278
train	00022304
train	00022305
train	00022323
train	00022324
train	00022325
train	00022334
train	00022336
train	00022370
train	00022377
train	00022462
train	00022508
train	00022515
train	00022520
train	00022542
train	00022543
train	00022544
train	00022546
train	00022559
train	00022569
train	00022608
train	00022619
train	00022620
train	00022623
train	00022626
train	00022633
train	00022634
train	00022636
train	00022637
train	00022640
train	00022641
train	00022643
train	00022644
train	00022651
train	00022664
train	00022665
train	00022689
train	00022692
train	00022715
train	00022735
train	00022780
train	00022788
train	00022789
train	00022790
train	00022798
train	00022799
train	00022821
train	00022822
train	00022825
train	00022830
train	00022831
train	00022833
train	00022834
train	00022838
train	00022839
train	00022842
train	00022843
train	00022849
train	00022850
train	00022852
train	00022854
train	00022864
train	00022868
train	00022869
train	00022878
train	00022879
train	00022885
train	00022902
train	00022904
train	00023019
train	00023042
train	00023049
train	00023085
train	00023375
train	00023404
train	00023405
train	00023464
train	00023507
train	00023508
train	00023579
train	00023634
train	00023774
train	00023779
train	00023781
train	00023793
train	00023798
train	00023804
train	00023985
train	00023999
train	00024024
train	00024122
train	00024145
train	00024162
train	00024184
train	00024249
train	00024250
train	00024251
train	00024326
train	00024327
train	00024379
train	00024410
train	00024441
train	00024447
train	00024529
train	00024530
train	00024549
train	00024603
train	00024634
train	00024640
train	00024654
train	00024673
train	00024680
train	00024684
train	00024695
train	00024707
train	00024751
train	00024752
train	00024780
train	00024806
train	00024827
train	00024857
train	00024858
train	00024860
train	00024890
train	00024944
train	00024957
train	00024962
train	00024999
train	00025000
train	00025001
train	00025002
train	00025003
train	00025004
train	00025016
train	00025069
train	00025076
train	00025091
train	00025122
train	00025181
train	00025189
train	00025190
train	00025193
train	00025194
train	00025199
train	00025223
train	00025263
train	00025265
train	00025266
train	00025271
train	00025294
train	00025296
train	00025360
train	00025376
train	00025388
train	00025389
train	00025443
train	00025446
train	00025471
train	00025505
train	00025550
train	00025575
train	00025577
train	00025593
train	00025598
train	00025653
train	00025698
train	00025699
train	00025805
train	00025811
train	00025812
train	00025813
train	00025820
train	00025910
train	00025912
train	00025917
train	00025918
train	00025919
train	00025920
train	00025921
train	00025931
train	00025932
train	00025934
train	00025935
train	00025936
train	00025939
train	00026029
train	00026049
train	00026057
train	00026128
train	00026131
train	00026132
train	00026135
train	00026142
train	00026147
train	00026153
train	00026261
train	00026306
train	00026322
train	00026327
train	00026332
train	00026336
train	00026378
train	00026395
train	00026399
train	00026441
train	00026444
train	00026445
train	00026479
train	00026528
train	00026531
train	00026573
train	00026574
train	00026577
train	00026583
train	00026615
train	00026616
train	00026619
train	00026620
train	00026623
train	00026630
train	00026632
train	00026635
train	00026636
train	00026641
train	00026642
train	00026643
train	00026644
train	00026647
train	00026656
train	00026658
train	00026673
train	00026674
train	00026675
train	00026683
train	00026690
train	00026703
train	00026704
train	00026711
train	00026715
train	00026733
train	00026745
train	00026769
train	00026770
train	00026772
train	00026774
train	00026776
train	00026778
train	00026784
train	00026790
train	00026791
train	00026796
train	00026798
train	00026800
train	00026807
train	00026808
train	00026810
train	00026814
train	00026816
train	00026819
train	00026824
train	00026825
train	00026837
train	00026839
train	00026840
train	00026841
train	00026845
train	00026848
train	00026850
train	00026858
train	00026865
train	00026909
train	00026911
train	00026912
train	00026913
train	00026914
train	00026963
train	00026983
train	00026985
train	00026994
train	00026997
train	00026998
train	00026999
train	00027000
train	00027002
train	00027004
train	00027029
train	00027056
train	00027065
train	00027114
train	00027139
train	00027155
train	00027206
train	00027217
train	00027228
train	00027236
train	00027238
train	00027240
train	00027241
train	00027242
train	00027369
train	00027370
train	00027397
train	00027420
train	00027424
train	00027427
train	00027431
train	00027437
train	00027448
train	00027451
train	00027452
train	00027484
train	00027494
train	00027539
train	00027635
train	00027648
train	00027671
train	00027711
train	00027729
train	00027791
train	00027805
train	00027860
train	00027863
train	00027901
train	00027926
train	00027927
train	00027929
train	00027963
train	00027994
train	00028109
train	00028111
train	00028112
train	00028124
train	00028136
train	00028163
train	00028186
train	00028215
train	00028216
train	00028266
train	00028276
train	00028284
train	00028286
train	00028287
train	00028320
train	00028399
train	00028654
train	00028660
train	00028691
train	00028770
train	00028772
train	00028813
train	00028867
train	00028893
train	00028901
train	00028919
train	00028922
train	00028923
train	00028951
train	00028961
train	00028985
train	00029039
train	00029051
train	00029056
train	00029069
train	00029089
train	00029111
train	00029128
train	00029145
train	00029146
train	00029148
train	00029149
train	00029171
train	00029173
train	00029194
train	00029246
train	00029286
train	00029287
train	00029332
train	00029403
train	00029404
train	00029419
train	00029535
train	00029536
train	00029537
train	00029540
train	00029548
train	00029550
train	00029560
train	00029561
train	00029562
train	00029596
train	00029605
train	00029608
train	00029697
train	00029698
train	00029699
train	00029712
train	00029713
train	00029715
train	00029722
train	00029731
train	00029765
train	00029766
train	00029786
train	00029788
train	00029796
train	00029813
train	00029835
train	00029839
train	00029841
train	00029849
train	00029911
train	00029926
train	00029931
train	00029933
train	00029935
train	00029952
train	00029964
train	00029972
train	00029996
train	00030060
train	00030064
train	00030092
train	00030093
train	00030108
train	00030116
train	00030160
train	00030190
train	00030230
train	00030349
train	00030350
train	00030351
train	00030354
train	00030401
train	00030406
train	00030407
train	00030523
train	00030524
train	00030526
train	00030537
train	00030538
train	00030568
train	00030579
train	00030583
train	00030637
train	00030652
train	00030656
train	00030836
train	00030839
train	00030855
train	00030893
train	00030906
train	00030923
train	00030931
train	00030933
train	00030939
train	00030940
train	00030947
train	00030953
train	00030954
train	00030956
train	00030958
train	00030969
train	00030972
train	00030973
train	00030978
train	00030982
train	00030985
train	00030987
train	00031019
train	00031042
train	00031046
train	00031089
train	00031091
train	00031126
train	00031128
train	00031136
train	00031141
train	00031142
train	00031143
train	00031168
train	00031172
train	00031173
train	00031174
train	00031181
train	00031230
train	00031238
train	00031239
train	00031259
train	00031295
train	00031296
train	00031297
train	00031298
train	00031299
train	00031301
train	00031303
train	00031336
train	00031351
train	00031355
train	00031373
train	00031427
train	00031428
train	00031437
train	00031470
train	00031503
train	00031630
train	00031632
train	00031633
train	00031660
train	00031684
train	00031697
train	00031738
train	00031988
train	00032025
train	00032034
train	00032036
train	00032038
train	00032039
train	00032047
train	00032057
train	00032059
train	00032070
train	00032114
train	00032135
train	00032139
train	00032151
train	00032233
train	00032251
train	00032254
train	00032263
train	00032269
train	00032274
train	00032275
train	00032383
train	00032401
train	00032456
train	00032457
train	00032460
train	00032554
train	00032601
train	00032605
train	00032609
train	00032628
train	00032653
train	00032660
train	00032761
train	00032825
train	00032843
train	00032886
train	00032923
train	00032931
train	00032958
train	00032961
train	00032962
train	00032963
train	00032965
train	00032966
train	00032967
train	00032968
train	00032980
train	00033022
train	00033058
train	00033094
train	00033095
train	00033096
train	00033109
train	00033161
train	00033164
train	00033165
train	00033169
train	00033170
train	00033207
train	00033209
train	00033210
train	00033224
train	00033227
train	00033257
train	00033309
train	00033310
train	00033418
train	00033419
train	00033426
train	00033444
train	00033447
train	00033521
train	00033598
train	00033599
train	00033607
train	00033618
train	00033621
train	00033622
train	00033626
train	00033680
train	00033681
train	00033683
train	00033686
train	00033745
train	00033778
train	00033779
train	00033794
train	00033803
train	00033816
train	00033820
train	00033821
train	00033823
train	00033874
train	00033885
train	00033952
train	00033993
train	00034002
train	00034003
train	00034006
train	00034021
train	00034100
train	00034101
train	00034118
train	00034132
train	00034166
train	00034197
train	00034226
train	00034237
train	00034239
train	00034243
train	00034248
train	00034255
train	00034267
train	00034268
train	00034270
train	00034290
train	00034300
train	00034311
train	00034314
train	00034331
train	00034347
train	00034362
train	00034388
train	00034412
train	00034416
train	00034430
train	00034467
train	00034482
train	00034488
train	00034506
train	00034509
train	00034510
train	00034559
train	00034607
train	00034611
train	00034627
train	00034713
train	00034730
train	00034744
train	00034753
train	00034761
train	00034933
train	00034958
train	00034973
train	00034982
train	00034983
train	00034991
train	00035000
train	00035020
train	00035090
train	00035091
train	00035092
train	00035094
train	00035095
train	00035098
train	00035099
train	00035105
train	00035113
train	00035114
train	00035115
train	00035116
train	00035117
train	00035121
train	00035126
train	00035136
train	00035162
train	00035164
train	00035165
train	00035188
train	00035191
train	00035193
train	00035194
train	00035195
train	00035199
train	00035200
train	00035201
train	00035204
train	00035206
train	00035208
train	00035209
train	00035215
train	00035223
train	00035235
train	00035294
train	00035296
train	00035298
train	00035335
train	00035351
train	00035355
train	00035363
train	00035364
train	00035368
train	00035379
train	00035403
train	00035405
train	00035414
train	00035427
train	00035445
train	00035447
train	00035450
train	00035459
train	00035460
train	00035473
train	00035480
train	00035495
train	00035496
train	00035500
train	00035536
train	00035540
train	00035542
train	00035560
train	00035562
train	00035563
train	00035621
train	00035652
train	00035675
train	00035746
train	00035752
train	00035771
train	00035843
train	00035844
train	00035899
train	00035904
train	00035908
train	00035910
train	00035965
train	00035970
train	00035973
train	00036012
train	00036031
train	00036157
train	00036184
train	00036229
train	00036237
train	00036258
train	00036275
train	00036283
train	00036284
train	00036299
train	00036300
train	00036303
train	00036304
train	00036305
train	00036309
train	00036311
train	00036312
train	00036317
train	00036325
train	00036334
train	00036348
train	00036365
train	00036371
train	00036387
train	00036389
train	00036391
train	00036392
train	00036394
train	00036402
train	00036411
train	00036455
train	00036457
train	00036459
train	00036462
train	00036465
train	00036488
train	00036489
train	00036545
train	00036559
train	00036568
train	00036610
train	00036618
train	00036676
train	00036694
train	00036717
train	00036771
train	00036772
train	00036827
train	00036830
train	00036838
train	00036852
train	00036868
train	00036884
train	00036989
train	00036991
train	00037032
train	00037036
train	00037037
train	00037038
train	00037042
train	00037045
train	00037057
train	00037072
train	00037114
train	00037125
train	00037127
train	00037132
train	00037135
train	00037155
train	00037156
train	00037160
train	00037161
train	00037162
train	00037247
train	00037249
train	00037262
train	00037298
train	00037318
train	00037335
train	00037381
train	00037397
train	00037398
train	00037405
train	00037421
train	00037431
train	00037494
train	00037533
train	00037560
train	00037564
train	00037565
train	00037651
train	00037744
train	00037785
train	00037898
train	00037911
train	00037993
train	00037998
train	00038017
train	00038036
train	00038140
train	00038261
train	00038262
train	00038270
train	00038304
train	00038376
train	00038378
train	00038379
train	00038380
train	00038382
train	00038383
train	00038386
train	00038390
train	00038424
train	00038487
train	00038529
train	00038579
train	00038580
train	00038581
train	00038582
train	00038605
train	00038662
train	00038667
train	00038668
train	00038676
train	00038693
train	00038698
train	00038796
train	00038985
train	00039006
train	00039018
train	00039046
train	00039085
train	00039093
train	00039143
train	00039155
train	00039187
train	00039227
train	00039241
train	00039242
train	00039248
train	00039249
train	00039251
train	00039252
train	00039255
train	00039256
train	00039265
train	00039266
train	00039278
train	00039291
train	00039323
train	00039331
train	00039358
train	00039365
train	00039369
train	00039389
train	00039390
train	00039393
train	00039418
train	00039431
train	00039476
train	00039531
train	00039556
train	00039558
train	00039566
train	00039578
train	00039588
train	00039590
train	00039637
train	00039641
train	00039642
train	00039645
train	00039682
train	00039692
train	00039716
train	00039731
train	00039732
train	00039758
train	00039761
train	00039762
train	00039764
train	00039765
train	00039767
train	00039772
train	00039777
train	00039789
train	00039791
train	00039794
train	00039796
train	00039805
train	00039810
train	00039895
train	00039904
train	00039906
train	00039909
train	00039954
train	00039955
train	00039959
train	00039971
train	00039972
train	00040046
train	00040058
train	00040108
train	00040123
train	00040139
train	00040145
train	00040146
train	00040164
train	00040175
train	00040185
train	00040229
train	00040259
train	00040334
train	00040358
train	00040360
train	00040569
train	00040656
train	00040715
train	00040719
train	00040736
train	00040738
train	00040740
train	00040832
train	00040845
train	00040859
train	00040861
train	00040913
train	00040916
train	00040939
train	00040960
train	00041048
train	00041049
train	00041072
train	00041074
train	00041131
train	00041146
train	00041148
train	00041178
train	00041216
train	00041259
train	00041291
train	00041299
train	00041308
train	00041332
train	00041354
train	00041435
train	00041446
train	00041545
train	00041550
train	00041569
train	00041583
train	00041590
train	00041678
train	00041706
train	00041746
train	00041747
train	00041750
train	00041759
train	00041804
train	00041839
train	00041900
train	00041951
train	00041952
train	00041959
train	00041976
train	00041985
train	00041986
train	00041987
train	00041990
train	00041996
train	00042094
train	00042101
train	00042128
train	00042156
train	00042158
train	00042159
train	00042174
train	00042193
train	00042206
train	00042219
train	00042221
train	00042222
train	00042226
train	00042241
train	00042247
train	00042293
train	00042294
train	00042328
train	00042338
train	00042341
train	00042396
train	00042416
train	00042424
train	00042469
train	00042473
train	00042475
train	00042482
train	00042485
train	00042486
train	00042512
train	00042514
train	00042545
train	00042557
train	00042560
train	00042566
train	00042567
train	00042574
train	00042575
train	00042593
train	00042597
train	00042598
train	00042743
train	00042750
train	00042767
train	00042861
train	00042917
train	00042927
train	00042941
train	00042942
train	00042949
train	00042976
train	00043050
train	00043061
train	00043076
train	00043101
train	00043104
train	00043126
train	00043158
train	00043162
train	00043170
train	00043378
train	00043397
train	00043413
train	00043443
train	00043479
train	00043486
train	00043506
train	00043528
train	00043534
train	00043535
train	00043582
train	00043588
train	00043624
train	00043634
train	00043750
train	00043793
train	00043800
train	00043817
train	00043819
train	00043845
train	00043873
train	00044062
train	00044064
train	00044103
train	00044108
train	00044114
train	00044127
train	00044132
train	00044135
train	00044136
train	00044232
train	00044239
train	00044240
train	00044283
train	00044318
train	00044323
train	00044388
train	00044390
train	00044391
train	00044434
train	00044449
train	00044450
train	00044451
train	00044469
train	00044595
train	00044596
train	00044601
train	00044623
train	00044624
train	00044626
train	00044635
train	00044643
train	00044648
train	00044728
train	00044733
train	00044735
train	00044736
train	00044739
train	00044801
train	00044806
train	00044817
train	00044834
train	00044886
train	00044993
train	00045013
train	00045015
train	00045060
train	00045085
train	00045087
train	00045100
train	00045101
train	00045102
train	00045128
train	00045130
train	00045131
train	00045137
train	00045141
train	00045150
train	00045160
train	00045289
train	00045290
train	00045294
train	00045333
train	00045350
train	00045353
train	00045359
train	00045378
train	00045399
train	00045474
train	00045607
train	00045610
train	00045688
train	00045758
train	00045785
train	00045794
train	00045801
train	00045839
train	00045872
train	00045883
train	00045891
train	00045895
train	00045904
train	00045917
train	00045940
train	00045960
train	00045964
train	00045998
train	00045999
train	00046000
train	00046002
train	00046053
train	00046092
train	00046108
train	00046110
train	00046121
train	00046170
train	00046326
train	00046421
train	00046426
train	00046438
train	00046440
train	00046556
train	00046582
train	00046583
train	00046619
train	00046843
train	00046848
train	00046876
train	00046912
train	00046964
train	00046978
train	00047021
train	00047023
train	00047053
train	00047055
train	00047056
train	00047058
train	00047063
train	00047064
train	00047075
train	00047076
train	00047093
train	00047094
train	00047095
train	00047193
train	00047198
train	00047199
train	00047212
train	00047257
train	00047261
train	00047292
train	00047300
train	00047301
train	00047308
train	00047323
train	00047324
train	00047328
train	00047361
train	00047446
train	00047483
train	00047485
train	00047486
train	00047487
train	00047493
train	00047494
train	00047512
train	00047513
train	00047520
train	00047547
train	00047582
train	00047593
train	00047604
train	00047616
train	00047720
train	00047728
train	00047730
train	00047733
train	00047761
train	00047800
train	00047841
train	00047869
train	00047878
train	00047932
train	00047935
train	00047946
train	00047995
train	00047997
train	00048001
train	00048005
train	00048012
train	00048015
train	00048016
train	00048023
train	00048028
train	00048030
train	00048042
train	00048050
train	00048079
train	00048081
train	00048082
train	00048094
train	00048269
train	00048276
train	00048294
train	00048431
train	00048499
train	00048509
train	00048591
train	00048634
train	00048644
train	00048657
train	00048660
train	00048662
train	00048765
train	00048766
train	00048770
train	00048842
train	00048844
train	00048873
train	00048909
train	00048910
train	00048917
train	00048921
train	00048925
train	00048940
train	00048950
train	00048958
train	00048961
train	00048968
train	00049003
train	00049006
train	00049018
train	00049063
train	00049158
train	00049196
train	00049271
train	00049284
train	00049317
train	00049321
train	00049347
train	00049383
train	00049385
train	00049405
train	00049639
train	00049678
train	00049703
train	00049824
train	00049903
train	00049904
train	00049909
train	00049924
train	00049931
train	00049933
train	00049940
train	00049948
train	00049954
train	00049957
train	00050045
train	00050077
train	00050086
train	00050090
train	00050108
train	00050125
train	00050186
train	00050187
train	00050228
train	00050246
train	00050260
train	00050261
train	00050285
train	00050289
train	00050291
train	00050305
train	00050308
train	00050311
train	00050314
train	00050315
train	00050316
train	00050336
train	00050337
train	00050371
train	00050383
train	00050400
train	00050416
train	00050419
train	00050468
train	00050481
train	00050489
train	00050499
train	00050503
train	00050504
train	00050508
train	00050514
train	00050519
train	00050541
train	00050577
train	00050602
train	00050603
train	00050619
train	00050625
train	00050627
train	00050629
train	00050647
train	00050704
train	00050706
train	00050707
train	00050721
train	00050849
train	00050850
train	00050865
train	00050877
train	00050880
train	00050882
train	00050954
train	00050961
train	00050976
train	00051079
train	00051081
train	00051082
train	00051084
train	00051096
train	00051099
train	00051120
train	00051121
train	00051123
train	00051124
train	00051129
train	00051131
train	00051133
train	00051139
train	00051149
train	00051150
train	00051162
train	00051216
train	00051234
train	00051244
train	00051248
train	00051344
train	00051433
train	00051434
train	00051453
train	00051454
train	00051455
train	00051456
train	00051459
train	00051461
train	00051464
train	00051466
train	00051467
train	00051471
train	00051473
train	00051474
train	00051480
train	00051497
train	00051545
train	00051554
train	00051564
train	00051573
train	00051584
train	00051585
train	00051615
train	00051801
train	00051823
train	00051838
train	00051869
train	00051883
train	00051888
train	00051903
train	00051956
train	00051997
train	00052006
train	00052043
train	00052046
train	00052071
train	00052083
train	00052091
train	00052105
train	00052114
train	00052160
train	00052232
train	00052318
train	00052322
train	00052344
train	00052363
train	00052377
train	00052414
train	00052454
train	00052455
train	00052464
train	00052465
train	00052506
train	00052536
train	00052693
train	00052762
train	00052765
train	00052897
train	00052907
train	00052908
train	00052976
train	00052984
train	00053010
train	00053011
train	00053012
train	00053015
train	00053017
train	00053023
train	00053034
train	00053037
train	00053075
train	00053102
train	00053132
train	00053156
train	00053158
train	00053175
train	00053188
train	00053231
train	00053239
train	00053245
train	00053275
train	00053282
train	00053328
train	00053355
train	00053356
train	00053360
train	00053372
train	00053377
train	00053379
train	00053389
train	00053399
train	00053405
train	00053410
train	00053423
train	00053444
train	00053495
train	00053520
train	00053572
train	00053573
train	00053574
train	00053575
train	00053576
train	00053588
train	00053589
train	00053590
train	00053596
train	00053604
train	00053607
train	00053614
train	00053622
train	00053625
train	00053626
train	00053631
train	00053661
train	00053662
train	00053720
train	00053732
train	00053753
train	00053759
train	00053863
train	00053896
train	00053905
train	00053907
train	00053926
train	00053937
train	00053938
train	00053950
train	00053960
train	00053961
train	00053988
train	00053990
train	00054066
train	00054069
train	00054072
train	00054082
train	00054085
train	00054120
train	00054129
train	00054131
train	00054207
train	00054257
train	00054289
train	00054306
train	00054308
train	00054310
train	00054312
train	00054346
train	00054365
train	00054366
train	00054383
train	00054389
train	00054434
train	00054447
train	00054449
train	00054458
train	00054467
train	00054506
train	00054519
train	00054542
train	00054574
train	00054575
train	00054593
train	00054621
train	00054639
train	00054725
train	00054750
train	00054756
train	00054765
train	00054775
train	00054810
train	00054819
train	00054827
train	00054834
train	00054897
train	00054900
train	00054908
train	00054910
train	00055005
train	00055029
train	00055059
train	00055061
train	00055359
train	00055480
train	00055494
train	00055512
train	00055524
train	00055552
train	00055565
train	00055602
train	00055620
train	00055651
train	00055723
train	00055853
train	00055874
train	00055886
train	00055894
train	00055901
train	00055919
train	00055936
train	00055945
train	00055957
train	00055967
train	00055968
train	00055969
train	00055970
train	00055986
train	00055987
train	00055993
train	00056006
train	00056027
train	00056032
train	00056044
train	00056105
train	00056130
train	00056172
train	00056197
train	00056198
train	00056300
train	00056348
train	00056361
train	00056378
train	00056380
train	00056398
train	00056399
train	00056401
train	00056403
train	00056428
train	00056429
train	00056430
train	00056466
train	00056478
train	00056562
train	00056643
train	00056645
train	00056646
train	00056647
train	00056648
train	00056663
train	00056684
train	00056694
train	00056860
train	00056865
train	00056866
train	00056897
train	00056906
train	00056954
train	00056957
train	00056976
train	00056977
train	00056978
train	00056981
train	00056983
train	00056987
train	00056988
train	00057005
train	00057006
train	00057007
train	00057008
train	00057022
train	00057048
train	00057064
train	00057071
train	00057072
train	00057078
train	00057096
train	00057097
train	00057125
train	00057148
train	00057165
train	00057239
train	00057249
train	00057284
train	00057324
train	00057332
train	00057350
train	00057393
train	00057429
train	00057464
train	00057492
train	00057499
train	00057500
train	00057509
train	00057519
train	00057548
train	00057579
train	00057625
train	00057642
train	00057725
train	00057749
train	00057769
train	00057778
train	00057785
train	00057887
train	00057999
train	00058074
train	00058093
train	00058127
train	00058139
train	00058143
train	00058144
train	00058146
train	00058151
train	00058152
train	00058158
train	00058159
train	00058160
train	00058161
train	00058166
train	00058167
train	00058170
train	00058172
train	00058177
train	00058200
train	00058212
train	00058231
train	00058303
train	00058475
train	00058487
train	00058543
train	00058626
train	00058658
train	00058670
train	00058691
train	00058692
train	00058694
train	00058715
train	00058716
train	00058717
train	00058718
train	00058764
train	00058770
train	00058799
train	00058801
train	00058826
train	00058828
train	00058829
train	00058841
train	00058888
train	00058891
train	00058893
train	00058894
train	00058896
train	00058897
train	00058992
train	00058995
train	00059008
train	00059013
train	00059028
train	00059062
train	00059091
train	00059094
train	00059122
train	00059124
train	00059125
train	00059129
train	00059133
train	00059140
train	00059232
train	00059234
train	00059247
train	00059308
train	00059309
train	00059315
train	00059322
train	00059325
train	00059329
train	00059330
train	00059334
train	00059340
train	00059341
train	00059344
train	00059355
train	00059360
train	00059366
train	00059372
train	00059374
train	00059377
train	00059385
train	00059392
train	00059401
train	00059424
train	00059445
train	00059448
train	00059459
train	00059493
train	00059502
train	00059550
train	00059553
train	00059555
train	00059556
train	00059565
train	00059566
train	00059572
train	00059573
train	00059580
train	00059588
train	00059599
train	00059685
train	00059691
train	00059742
train	00059743
train	00059744
train	00059771
train	00059820
train	00059834
train	00059836
train	00059837
train	00059847
train	00059872
train	00059881
train	00059895
train	00059927
train	00059931
train	00059932
train	00059936
train	00059986
train	00060052
train	00060057
train	00060064
train	00060070
train	00060081
train	00060098
train	00060144
train	00060146
train	00060166
train	00060171
train	00060177
train	00060190
train	00060248
train	00060249
train	00060250
train	00060251
train	00060291
train	00060296
train	00060310
train	00060311
train	00060316
train	00060321
train	00060322
train	00060327
train	00060334
train	00060432
train	00060656
train	00060658
train	00060681
train	00060698
train	00060707
train	00060716
train	00060722
train	00060816
train	00060923
train	00061006
train	00061017
train	00061088
train	00061131
train	00061134
train	00061156
train	00061216
train	00061251
train	00061252
train	00061282
train	00061286
train	00061295
train	00061300
train	00061301
train	00061302
train	00061308
train	00061321
train	00061344
train	00061353
train	00061379
train	00061402
train	00061450
train	00061469
train	00061470
train	00061507
train	00061512
train	00061529
train	00061541
train	00061542
train	00061547
train	00061591
train	00061612
train	00061616
train	00061700
train	00061703
train	00061712
train	00061793
train	00061833
train	00061887
train	00061915
train	00061969
train	00061972
train	00061973
train	00061974
train	00061975
train	00061984
train	00061990
train	00061991
train	00062005
train	00062039
train	00062094
train	00062103
train	00062190
train	00062192
train	00062256
train	00062261
train	00062282
train	00062320
train	00062323
train	00062369
train	00062376
train	00062379
train	00062393
train	00062409
train	00062452
train	00062605
train	00062673
train	00062742
train	00062773
train	00062795
train	00062817
train	00062821
train	00062862
train	00062892
train	00062913
train	00062924
train	00062934
train	00062954
train	00062955
train	00063046
train	00063047
train	00063048
train	00063209
train	00063260
train	00063264
train	00063297
train	00063322
train	00063331
train	00063332
train	00063354
train	00063372
train	00063399
train	00063403
train	00063404
train	00063446
train	00063447
train	00063492
train	00063513
train	00063517
train	00063603
train	00063605
train	00063613
train	00063660
train	00063681
train	00063763
train	00063764
train	00063766
train	00063767
train	00063769
train	00063818
train	00063826
train	00063848
train	00063892
train	00063893
train	00063906
train	00063909
train	00063939
train	00063943
train	00063969
train	00064038
train	00064039
train	00064040
train	00064090
train	00064136
train	00064139
train	00064158
train	00064167
train	00064175
train	00064193
train	00064199
train	00064221
train	00064225
train	00064226
train	00064229
train	00064235
train	00064245
train	00064247
train	00064249
train	00064251
train	00064252
train	00064253
train	00064264
train	00064275
train	00064282
train	00064336
train	00064337
train	00064357
train	00064368
train	00064373
train	00064378
train	00064405
train	00064406
train	00064439
train	00064441
train	00064442
train	00064446
train	00064447
train	00064448
train	00064450
train	00064452
train	00064453
train	00064458
train	00064489
train	00064497
train	00064501
train	00064504
train	00064604
train	00064608
train	00064656
train	00064664
train	00064666
train	00064683
train	00064703
train	00064766
train	00064779
train	00064786
train	00064929
train	00064935
train	00064983
train	00065016
train	00065039
train	00065041
train	00065044
train	00065065
train	00065067
train	00065068
train	00065077
train	00065078
train	00065081
train	00065082
train	00065084
train	00065087
train	00065089
train	00065091
train	00065190
train	00065260
train	00065281
train	00065334
train	00065337
train	00065347
train	00065348
train	00065388
train	00065399
train	00065403
train	00065409
train	00065410
train	00065431
train	00065433
train	00065498
train	00065502
train	00065523
train	00065528
train	00065532
train	00065556
train	00065566
train	00065623
train	00065624
train	00065672
train	00065686
train	00065734
train	00065745
train	00065828
train	00065876
train	00065892
train	00065901
train	00065916
train	00065955
train	00065982
train	00065991
train	00066012
train	00066044
train	00066058
train	00066095
train	00066129
train	00066130
train	00066137
train	00066141
train	00066178
train	00066260
train	00066298
train	00066316
train	00066362
train	00066415
train	00066454
train	00066455
train	00066495
train	00066536
train	00066635
train	00066698
train	00066701
train	00066702
train	00066703
train	00066704
train	00066707
train	00066782
train	00066793
train	00066802
train	00066804
train	00066806
train	00066813
train	00066814
train	00066827
train	00066828
train	00066836
train	00066851
train	00066854
train	00066862
train	00066895
train	00066937
train	00066938
train	00066940
train	00067029
train	00067069
train	00067110
train	00067113
train	00067114
train	00067119
train	00067120
train	00067121
train	00067122
train	00067124
train	00067126
train	00067130
train	00067147
train	00067164
train	00067181
train	00067214
train	00067222
train	00067223
train	00067230
train	00067232
train	00067233
train	00067234
train	00067235
train	00067249
train	00067253
train	00067278
train	00067307
train	00067310
train	00067315
train	00067347
train	00067349
train	00067350
train	00067357
train	00067381
train	00067388
train	00067403
train	00067404
train	00067443
train	00067446
train	00067481
train	00067493
train	00067494
train	00067500
train	00067501
train	00067528
train	00067572
train	00067607
train	00067629
train	00067630
train	00067631
train	00067632
train	00067633
train	00067666
train	00067737
train	00067738
train	00067739
train	00067741
train	00067749
train	00067809
train	00067871
train	00067872
train	00067887
train	00067888
train	00067951
train	00067956
train	00067957
train	00068037
train	00068061
train	00068085
train	00068093
train	00068098
train	00068129
train	00068186
train	00068196
train	00068219
train	00068228
train	00068282
train	00068337
train	00068338
train	00068340
train	00068349
train	00068355
train	00068360
train	00068370
train	00068375
train	00068376
train	00068378
train	00068379
train	00068389
train	00068391
train	00068392
train	00068404
train	00068405
train	00068410
train	00068411
train	00068464
train	00068470
train	00068473
train	00068486
train	00068493
train	00068591
train	00068631
train	00068649
train	00068714
train	00068809
train	00068818
train	00068819
train	00068834
train	00068835
train	00068838
train	00068840
train	00068850
train	00068926
train	00068974
train	00068975
train	00069004
train	00069006
train	00069008
train	00069037
train	00069052
train	00069055
train	00069120
train	00069164
train	00069177
train	00069201
train	00069235
train	00069246
train	00069297
train	00069333
train	00069348
train	00069410
train	00069516
train	00069533
train	00069547
train	00069563
train	00069579
train	00069596
train	00069599
train	00069607
train	00069699
train	00069706
train	00069735
train	00069774
train	00069861
train	00069872
train	00069875
train	00069877
train	00069903
train	00069927
train	00069929
train	00069937
train	00070166
train	00070202
train	00070203
train	00070280
train	00070302
train	00070368
train	00070510
train	00070522
train	00070532
train	00070535
train	00070537
train	00070553
train	00070577
train	00070582
train	00070613
train	00070630
train	00070642
train	00070714
train	00070727
train	00070760
train	00070768
train	00070771
train	00070774
train	00070899
train	00070909
train	00070926
train	00070974
train	00070985
train	00070997
train	00071247
train	00071261
train	00071311
train	00071313
train	00071321
train	00071324
train	00071367
train	00071400
train	00071405
train	00071435
train	00071447
train	00071451
train	00071458
train	00071508
train	00071515
train	00071516
train	00071519
train	00071527
train	00071530
train	00071538
train	00071540
train	00071545
train	00071561
train	00071582
train	00071583
train	00071584
train	00071585
train	00071586
train	00071587
train	00071611
train	00071630
train	00071650
train	00071651
train	00071652
train	00071663
train	00071664
train	00071666
train	00071677
train	00071748
train	00071749
train	00071751
train	00071753
train	00071821
train	00071831
train	00071861
train	00071875
train	00071876
train	00071891
train	00071906
train	00071973
train	00071975
train	00071990
train	00072008
train	00072024
train	00072049
train	00072054
train	00072058
train	00072062
train	00072104
train	00072109
train	00072110
train	00072175
train	00072332
train	00072342
train	00072371
train	00072374
train	00072410
train	00072413
train	00072433
train	00072446
train	00072463
train	00072466
train	00072510
train	00072514
train	00072766
train	00072774
train	00072778
train	00072781
train	00072806
train	00072839
train	00072921
train	00072922
train	00072926
train	00072929
train	00072933
train	00072952
train	00072977
train	00072982
train	00073083
train	00073084
train	00073086
train	00073087
train	00073088
train	00073089
train	00073158
train	00073170
train	00073182
train	00073184
train	00073190
train	00073225
train	00073277
train	00073281
train	00073285
train	00073357
train	00073416
train	00073447
train	00073448
train	00073485
train	00073488
train	00073489
train	00073526
train	00073527
train	00073875
train	00073877
train	00073878
train	00073994
train	00074031
train	00074032
train	00074059
train	00074060
train	00074061
train	00074062
train	00074063
train	00074089
train	00074214
train	00074225
train	00074272
train	00074291
train	00074297
train	00074331
train	00074492
train	00074493
train	00074494
train	00074510
train	00074514
train	00074549
train	00074553
train	00074555
train	00074556
train	00074589
train	00074692
train	00074694
train	00074695
train	00074708
train	00074783
train	00074804
train	00074813
train	00074814
train	00074815
train	00074822
train	00074844
train	00074868
train	00074918
train	00074928
train	00074935
train	00074942
train	00074957
train	00074958
train	00074959
train	00074961
train	00074962
train	00074971
train	00075058
train	00075116
train	00075119
train	00075295
train	00075468
train	00075537
train	00075652
train	00075655
train	00075681
train	00075686
train	00075703
train	00075726
train	00075741
train	00075743
train	00075755
train	00075824
train	00075839
train	00075850
train	00075873
train	00075877
train	00075887
train	00075974
train	00075975
train	00075998
train	00076023
train	00076025
train	00076066
train	00076159
train	00076161
train	00076230
train	00076233
train	00076239
train	00076242
train	00076244
train	00076248
train	00076265
train	00076271
train	00076278
train	00076294
train	00076339
train	00076340
train	00076342
train	00076361
train	00076364
train	00076468
train	00076477
train	00076495
train	00076547
train	00076612
train	00076644
train	00076659
train	00076684
train	00076718
train	00076825
train	00077003
train	00077048
train	00077177
train	00077206
train	00077239
train	00077240
train	00077243
train	00077252
train	00077360
train	00077391
train	00077456
train	00077485
train	00077518
train	00077520
train	00077522
train	00077549
train	00077551
train	00077575
train	00077592
train	00077593
train	00077604
train	00077605
train	00077609
train	00077633
train	00077635
train	00077651
train	00077652
train	00077653
train	00077654
train	00077656
train	00077657
train	00077659
train	00077660
train	00077664
train	00077667
train	00077668
train	00077669
train	00077672
train	00077674
train	00077675
train	00077676
train	00077678
train	00077681
train	00077682
train	00077683
train	00077686
train	00077687
train	00077688
train	00077689
train	00077691
train	00077692
train	00077836
train	00077838
train	00077852
train	00077860
train	00077975
train	00077986
train	00077990
train	00078067
train	00078114
train	00078130
train	00078143
train	00078251
train	00078252
train	00078253
train	00078360
train	00078376
train	00078377
train	00078383
train	00078387
train	00078389
train	00078390
train	00078391
train	00078392
train	00078403
train	00078404
train	00078556
train	00078557
train	00078560
train	00078561
train	00078562
train	00078563
train	00078565
train	00078566
train	00078569
train	00078570
train	00078621
train	00078638
train	00078651
train	00078662
train	00078766
train	00078893
train	00078898
train	00078907
train	00078911
train	00078914
train	00078916
train	00078917
train	00078961
train	00079040
train	00079044
train	00079163
train	00079167
train	00079232
train	00079241
train	00079252
train	00079264
train	00079265
train	00079297
train	00079325
train	00079327
train	00079328
train	00079347
train	00079359
train	00079360
train	00079379
train	00079393
train	00079416
train	00079418
train	00079419
train	00079425
train	00079450
train	00079451
train	00079452
train	00079460
train	00079463
train	00079487
train	00079510
train	00079512
train	00079514
train	00079558
train	00079591
train	00079608
train	00079621
train	00079635
train	00079645
train	00079653
train	00079680
train	00079702
train	00079722
train	00079724
train	00079730
train	00079732
train	00079736
train	00079737
train	00079740
train	00079756
train	00079774
train	00079786
train	00079861
train	00079873
train	00079902
train	00079916
train	00079917
train	00079938
train	00079941
train	00079982
train	00079994
train	00080369
train	00080377
train	00080402
train	00080432
train	00080444
train	00080482
train	00080486
train	00080488
train	00080543
train	00080545
train	00080547
train	00080628
train	00080638
train	00080660
train	00080700
train	00080705
train	00080706
train	00080707
train	00080716
train	00080747
train	00080748
train	00080756
train	00080757
train	00080770
train	00080774
train	00080780
train	00080796
train	00080836
train	00080838
train	00080844
train	00080845
train	00080854
train	00080855
train	00080885
train	00080926
train	00080943
train	00080957
train	00080980
train	00080983
train	00080984
train	00080985
train	00080986
train	00081012
train	00081027
train	00081095
train	00081142
train	00081172
train	00081182
train	00081218
train	00081233
train	00081241
train	00081251
train	00081324
train	00081348
train	00081352
train	00081365
train	00081372
train	00081383
train	00081387
train	00081412
train	00081413
train	00081415
train	00081418
train	00081429
train	00081492
train	00081532
train	00081538
train	00081543
train	00081546
train	00081553
train	00081562
train	00081569
train	00081615
train	00081622
train	00081623
train	00081690
train	00081729
train	00081761
train	00081769
train	00081802
train	00081806
train	00081845
train	00081909
train	00081927
train	00081941
train	00081986
train	00081989
train	00081990
train	00082003
train	00082008
train	00082026
train	00082028
train	00082029
train	00082079
train	00082083
train	00082157
train	00082161
train	00082170
train	00082191
train	00082221
train	00082223
train	00082230
train	00082238
train	00082239
train	00082240
train	00082246
train	00082257
train	00082258
train	00082260
train	00082307
train	00082316
train	00082317
train	00082318
train	00082319
train	00082323
train	00082347
train	00082349
train	00082350
train	00082355
train	00082426
train	00082431
train	00082517
train	00082563
train	00082663
train	00082664
train	00082684
train	00082688
train	00082690
train	00082691
train	00082697
train	00082700
train	00082712
train	00082718
train	00082730
train	00082733
train	00082778
train	00082888
train	00082889
train	00082890
train	00082921
train	00082948
train	00082960
train	00082961
train	00082964
train	00082966
train	00083010
train	00083027
train	00083068
train	00083076
train	00083079
train	00083081
train	00083086
train	00083090
train	00083092
train	00083130
train	00083136
train	00083168
train	00083180
train	00083220
train	00083275
train	00083290
train	00083311
train	00083312
train	00083315
train	00083426
train	00083437
train	00083514
train	00083516
train	00083529
train	00083542
train	00083576
train	00083643
train	00083678
train	00083690
train	00083718
train	00083722
train	00083747
train	00083788
train	00083835
train	00083881
train	00083889
train	00083968
train	00084104
train	00084105
train	00084136
train	00084147
train	00084240
train	00084244
train	00084300
train	00084310
train	00084317
train	00084332
train	00084344
train	00084350
train	00084352
train	00084355
train	00084367
train	00084369
train	00084384
train	00084444
train	00084466
train	00084479
train	00084480
train	00084497
train	00084534
train	00084690
train	00084696
train	00084718
train	00084754
train	00084781
train	00084786
train	00084789
train	00084806
train	00084807
train	00084809
train	00084816
train	00084829
train	00084857
train	00084884
train	00084885
train	00084890
train	00084898
train	00084901
train	00084906
train	00084947
train	00084953
train	00085004
train	00085023
train	00085026
train	00085031
train	00085054
train	00085055
train	00085056
train	00085175
train	00085226
train	00085278
train	00085294
train	00085295
train	00085324
train	00085376
train	00085377
train	00085382
train	00085429
train	00085430
train	00085431
train	00085496
train	00086007
train	00086069
train	00086164
train	00086230
train	00086250
train	00086252
train	00086286
train	00086330
train	00086331
train	00086404
train	00086407
train	00086411
train	00086419
train	00086467
train	00086468
train	00086487
train	00086516
train	00086517
train	00086548
train	00086663
train	00086664
train	00086666
train	00086667
train	00086671
train	00086694
train	00086696
train	00086698
train	00086699
train	00086700
train	00086715
train	00086742
train	00086778
train	00086781
train	00086782
train	00086812
train	00086813
train	00086819
train	00086820
train	00086825
train	00086827
train	00086847
train	00086895
train	00086915
train	00086935
train	00086952
train	00086955
train	00087001
train	00087003
train	00087063
train	00087130
train	00087192
train	00087193
train	00087195
train	00087198
train	00087199
train	00087200
train	00087201
train	00087209
train	00087211
train	00087221
train	00087254
train	00087302
train	00087311
train	00087332
train	00087357
train	00087358
train	00087400
train	00087519
train	00087521
train	00087524
train	00087555
train	00087559
train	00087572
train	00087579
train	00087602
train	00087603
train	00087604
train	00087605
train	00087606
train	00087607
train	00087609
train	00087610
train	00087611
train	00087612
train	00087623
train	00087669
train	00087680
train	00087681
train	00087697
train	00087698
train	00087699
train	00087705
train	00087711
train	00087726
train	00087737
train	00087815
train	00087821
train	00087839
train	00087911
train	00087912
train	00088043
train	00088053
train	00088057
train	00088058
train	00088059
train	00088092
train	00088094
train	00088095
train	00088113
train	00088130
train	00088168
train	00088179
train	00088192
train	00088193
train	00088295
train	00088303
train	00088329
train	00088344
train	00088351
train	00088352
train	00088358
train	00088366
train	00088426
train	00088622
train	00088683
train	00088750
train	00088758
train	00088810
train	00088827
train	00088858
train	00088882
train	00088902
train	00088906
train	00089028
train	00089037
train	00089060
train	00089080
train	00089090
train	00089106
train	00089137
train	00089211
train	00089220
train	00089227
train	00089274
train	00089276
train	00089279
train	00089280
train	00089281
train	00089282
train	00089290
train	00089294
train	00089296
train	00089297
train	00089298
train	00089309
train	00089316
train	00089323
train	00089365
train	00089368
train	00089405
train	00089489
train	00089519
train	00089529
train	00089575
train	00089595
train	00089630
train	00089644
train	00089649
train	00089687
train	00089689
train	00089724
train	00089781
train	00089821
train	00090115
train	00090157
train	00090177
train	00090180
train	00090219
train	00090252
train	00090266
train	00090298
train	00090426
train	00090438
train	00090450
train	00090509
train	00090510
train	00090555
train	00090572
train	00090608
train	00090624
train	00090641
train	00090646
train	00090699
train	00090762
train	00090796
train	00090797
train	00090798
train	00090811
train	00090812
train	00090850
train	00090854
train	00090858
train	00090867
train	00090868
train	00090869
train	00090876
train	00090883
train	00090896
train	00090904
train	00090916
train	00090982
train	00090983
train	00090984
train	00090985
train	00091040
train	00091044
train	00091045
train	00091051
train	00091059
train	00091060
train	00091062
train	00091063
train	00091115
train	00091118
train	00091137
train	00091139
train	00091196
train	00091201
train	00091248
train	00091265
train	00091267
train	00091308
train	00091318
train	00091382
train	00091425
train	00091427
train	00091428
train	00091447
train	00091456
train	00091479
train	00091601
train	00091612
train	00091620
train	00091621
train	00091622
train	00091648
train	00091677
train	00091682
train	00091684
train	00091687
train	00091690
train	00091693
train	00091699
train	00091701
train	00091702
train	00091748
train	00091754
train	00091802
train	00091815
train	00091848
train	00091872
train	00091939
train	00091952
train	00091974
train	00091975
train	00091977
train	00092238
train	00092239
train	00092299
train	00092322
train	00092327
train	00092362
train	00092366
train	00092391
train	00092396
train	00092406
train	00092411
train	00092413
train	00092509
train	00092520
train	00092522
train	00092536
train	00092541
train	00092543
train	00092545
train	00092549
train	00092583
train	00092594
train	00092596
train	00092597
train	00092598
train	00092599
train	00092600
train	00092601
train	00092602
train	00092899
train	00092900
train	00092924
train	00092956
train	00092957
train	00092969
train	00092972
train	00092975
train	00092979
train	00092992
train	00092993
train	00093021
train	00093035
train	00093068
train	00093069
train	00093269
train	00093291
train	00093349
train	00093392
train	00093409
train	00093414
train	00093442
train	00093464
train	00093544
train	00093559
train	00093560
train	00093562
train	00093644
train	00093754
train	00093805
train	00093807
train	00093808
train	00093810
train	00093853
train	00093868
train	00093874
train	00093894
train	00093904
train	00094060
train	00094077
train	00094086
train	00094093
train	00094099
train	00094104
train	00094106
train	00094111
train	00094112
train	00094113
train	00094114
train	00094118
train	00094119
train	00094132
train	00094133
train	00094135
train	00094136
train	00094137
train	00094138
train	00094140
train	00094251
train	00094252
train	00094260
train	00094268
train	00094270
train	00094278
train	00094280
train	00094369
train	00094381
train	00094389
train	00094465
train	00094488
train	00094539
train	00094540
train	00094553
train	00094556
train	00094560
train	00094562
train	00094579
train	00094587
train	00094592
train	00094598
train	00094600
train	00094601
train	00094602
train	00094605
train	00094610
train	00094719
train	00094746
train	00094771
train	00094897
train	00094937
train	00095027
train	00095030
train	00095067
train	00095071
train	00095072
train	00095074
train	00095124
train	00095125
train	00095127
train	00095128
train	00095130
train	00095134
train	00095135
train	00095136
train	00095137
train	00095138
train	00095141
train	00095151
train	00095157
train	00095182
train	00095190
train	00095209
train	00095210
train	00095223
train	00095225
train	00095226
train	00095279
train	00095281
train	00095298
train	00095310
train	00095400
train	00095456
train	00095461
train	00095468
train	00095514
train	00095517
train	00095525
train	00095578
train	00095613
train	00095617
train	00095624
train	00095738
train	00095748
train	00095749
train	00095751
train	00095754
train	00095755
train	00095756
train	00095757
train	00095758
train	00095784
train	00095840
train	00095922
train	00096028
train	00096030
train	00096031
train	00096056
train	00096057
train	00096092
train	00096200
train	00096203
train	00096225
train	00096226
train	00096227
train	00096228
train	00096230
train	00096252
train	00096285
train	00096287
train	00096318
train	00096328
train	00096335
train	00096337
train	00096338
train	00096402
train	00096406
train	00096409
train	00096414
train	00096417
train	00096419
train	00096423
train	00096429
train	00096440
train	00096444
train	00096446
train	00096450
train	00096451
train	00096461
train	00096512
train	00096515
train	00096521
train	00096535
train	00096544
train	00096552
train	00096554
train	00096557
train	00096560
train	00096572
train	00096573
train	00096594
train	00096612
train	00096613
train	00096614
train	00096630
train	00096651
train	00096693
train	00096696
train	00096699
train	00096706
train	00096736
train	00096740
train	00096747
train	00096748
train	00096750
train	00096756
train	00096768
train	00096801
train	00096831
train	00096837
train	00096851
train	00096860
train	00096886
train	00096899
train	00096922
train	00096961
train	00096997
train	00097014
train	00097015
train	00097018
train	00097019
train	00097023
train	00097025
train	00097030
train	00097031
train	00097033
train	00097045
train	00097048
train	00097111
train	00097148
train	00097207
train	00097228
train	00097286
train	00097305
train	00097338
train	00097339
train	00097340
train	00097343
train	00097344
train	00097347
train	00097348
train	00097365
train	00097373
train	00097391
train	00097394
train	00097397
train	00097400
train	00097462
train	00097532
train	00097555
train	00097602
train	00097605
train	00097627
train	00097680
train	00097694
train	00097706
train	00097757
train	00097801
train	00097813
train	00097840
train	00097842
train	00097910
train	00097911
train	00097916
train	00097919
train	00097972
train	00097984
train	00097999
train	00098041
train	00098045
train	00098047
train	00098050
train	00098051
train	00098061
train	00098099
train	00098141
train	00098144
train	00098148
train	00098156
train	00098169
train	00098199
train	00098212
train	00098299
train	00098311
train	00098320
train	00098324
train	00098331
train	00098348
train	00098440
train	00098441
train	00098511
train	00098512
train	00098573
train	00098584
train	00098646
train	00098647
train	00098648
train	00098749
train	00098804
train	00098823
train	00098831
train	00098872
train	00098873
train	00098878
train	00098880
train	00098883
train	00098886
train	00098887
train	00098928
train	00098976
train	00098979
train	00098982
train	00098983
train	00098995
train	00098999
train	00099012
train	00099034
train	00099036
train	00099073
train	00099079
train	00099080
train	00099081
train	00099082
train	00099115
train	00099116
train	00099120
train	00099144
train	00099146
train	00099205
train	00099213
train	00099246
train	00099257
train	00099260
train	00099749
train	00099757
train	00099781
train	00099798
train	00099828
train	00099845
train	00099866
train	00099869
train	00099890
train	00099895
train	00099896
train	00099904
train	00099911
train	00100070
train	00100072
train	00100184
train	00100217
train	00100225
train	00100241
train	00100294
train	00100296
train	00100383
train	00100387
train	00100389
train	00100390
train	00100395
train	00100398
train	00100421
train	00100422
train	00100437
train	00100468
train	00100515
train	00100518
train	00100541
train	00100558
train	00100567
train	00100579
train	00100588
train	00100590
train	00100591
train	00100592
train	00100612
train	00100618
train	00100659
train	00100669
train	00100695
train	00100756
train	00100762
train	00100781
train	00100798
train	00100828
train	00100838
train	00100842
train	00100925
train	00101036
train	00101047
train	00101152
train	00101187
train	00101306
train	00101309
train	00101310
train	00101344
train	00101384
train	00101387
train	00101388
train	00101389
train	00101393
train	00101397
train	00101398
train	00101402
train	00101404
train	00101408
train	00101409
train	00101410
train	00101417
train	00101422
train	00101423
train	00101424
train	00101448
train	00101450
train	00101451
train	00101477
train	00101488
train	00101496
train	00101499
train	00101500
train	00101502
train	00101508
train	00101510
train	00101511
train	00101513
train	00101517
train	00101518
train	00101520
train	00101523
train	00101525
train	00101527
train	00101532
train	00101535
train	00101536
train	00101550
train	00101551
train	00101555
train	00101574
train	00101575
train	00101581
train	00101585
train	00101603
train	00101604
train	00101605
train	00101626
train	00101627
train	00101662
train	00101666
train	00101699
train	00101704
train	00101708
train	00101709
train	00101710
train	00101711
train	00101712
train	00101715
train	00101716
train	00101717
train	00101738
train	00101771
train	00101780
train	00101878
train	00101895
train	00101910
train	00101911
train	00101913
train	00101917
train	00101919
train	00101921
train	00101924
train	00101944
train	00101952
train	00101953
train	00101954
train	00101968
train	00101984
train	00101990
train	00101994
train	00102003
train	00102016
train	00102024
train	00102042
train	00102048
train	00102051
train	00102060
train	00102063
train	00102072
train	00102073
train	00102074
train	00102082
train	00102092
train	00102103
train	00102105
train	00102116
train	00102119
train	00102123
train	00102125
train	00102127
train	00102151
train	00102153
train	00102155
train	00102173
train	00102174
train	00102175
train	00102177
train	00102178
train	00102226
train	00102260
train	00102426
train	00102463
train	00102468
train	00102473
train	00102474
train	00102475
train	00102478
train	00102482
train	00102484
train	00102487
train	00102585
train	00102598
train	00102621
train	00102632
train	00102645
train	00102659
train	00102673
train	00102677
train	00102678
train	00102689
train	00102704
train	00102793
train	00102797
train	00102806
train	00103011
train	00103067
train	00103069
train	00103098
train	00103104
train	00103125
train	00103137
train	00103138
train	00103139
train	00103141
train	00103175
train	00103181
train	00103212
train	00103225
train	00103239
train	00103240
train	00103243
train	00103245
train	00103268
train	00103275
train	00103290
train	00103301
train	00103309
train	00103313
train	00103419
train	00103430
train	00103521
train	00103544
train	00103545
train	00103549
train	00103560
train	00103602
train	00103609
train	00103611
train	00103617
train	00103618
train	00103624
train	00103626
train	00103634
train	00103661
train	00103666
train	00103673
train	00103716
train	00103717
train	00103718
train	00103742
train	00103773
train	00103775
train	00103780
train	00103828
train	00103884
train	00103914
train	00103926
train	00103933
train	00103934
train	00103935
train	00103943
train	00103959
train	00103965
train	00103968
train	00103975
train	00103983
train	00103987
train	00104029
train	00104064
train	00104069
train	00104073
train	00104080
train	00104086
train	00104089
train	00104096
train	00104098
train	00104104
train	00104129
train	00104161
train	00104173
train	00104199
train	00104202
train	00104203
train	00104215
train	00104221
train	00104254
train	00104256
train	00104258
train	00104259
train	00104287
train	00104291
train	00104347
train	00104377
train	00104385
train	00104401
train	00104406
train	00104423
train	00104447
train	00104467
train	00104522
train	00104523
train	00104524
train	00104572
train	00104609
train	00104625
train	00104632
train	00104633
train	00104656
train	00104661
train	00104669
train	00104673
train	00104753
train	00104871
train	00104876
train	00104944
train	00104945
train	00104965
train	00104984
train	00104985
train	00104987
train	00104988
train	00104989
train	00104997
train	00104998
train	00105000
train	00105005
train	00105006
train	00105007
train	00105008
train	00105055
train	00105056
train	00105058
train	00105060
train	00105066
train	00105080
train	00105084
train	00105125
train	00105148
train	00105151
train	00105152
train	00105154
train	00105158
train	00105181
train	00105189
train	00105190
train	00105196
train	00105198
train	00105199
train	00105201
train	00105202
train	00105205
train	00105212
train	00105214
train	00105215
train	00105232
train	00105235
train	00105238
train	00105240
train	00105241
train	00105244
train	00105245
train	00105246
train	00105251
train	00105254
train	00105258
train	00105261
train	00105262
train	00105269
train	00105271
train	00105283
train	00105288
train	00105293
train	00105295
train	00105297
train	00105298
train	00105303
train	00105311
train	00105328
train	00105334
train	00105341
train	00105345
train	00105360
train	00105379
train	00105393
train	00105466
train	00105470
train	00105471
train	00105472
train	00105476
train	00105479
train	00105487
train	00105530
train	00105532
train	00105541
train	00105567
train	00105575
train	00105586
train	00105826
train	00105849
train	00105851
train	00105877
train	00105945
train	00105964
train	00106027
train	00106032
train	00106036
train	00106037
train	00106057
train	00106059
train	00106100
train	00106117
train	00106123
train	00106127
train	00106156
train	00106159
train	00106160
train	00106161
train	00106176
train	00106190
train	00106197
train	00106198
train	00106232
train	00106273
train	00106355
train	00106403
train	00106582
train	00106616
train	00106682
train	00106723
train	00106745
train	00106814
train	00106888
train	00106889
train	00106900
train	00106924
train	00106955
train	00107045
train	00107069
train	00107074
train	00107107
train	00107124
train	00107140
train	00107147
train	00107170
train	00107181
train	00107207
train	00107211
train	00107219
train	00107227
train	00107231
train	00107238
train	00107239
train	00107350
train	00107382
train	00107439
train	00107448
train	00107452
train	00107483
train	00107512
train	00107519
train	00107524
train	00107527
train	00107528
train	00107530
train	00107535
train	00107540
train	00107542
train	00107546
train	00107581
train	00107641
train	00107653
train	00107667
train	00107676
train	00107754
train	00107755
train	00107758
train	00107832
train	00107833
train	00107853
train	00107854
train	00107921
train	00107953
train	00107992
train	00108073
train	00108106
train	00108121
train	00108133
train	00108180
train	00108186
train	00108194
train	00108219
train	00108244
train	00108326
train	00108396
train	00108397
train	00108441
train	00108443
train	00108473
train	00108475
train	00108493
train	00108495
train	00108496
train	00108497
train	00108498
train	00108502
train	00108512
train	00108513
train	00108569
train	00108574
train	00108579
train	00108725
train	00108729
train	00108777
train	00108808
train	00108891
train	00108897
train	00108906
train	00108925
train	00108950
train	00108966
train	00108978
train	00108980
train	00108985
train	00109003
train	00109004
train	00109005
train	00109018
train	00109041
train	00109069
train	00109075
train	00109096
train	00109102
train	00109193
train	00109194
train	00109195
train	00109199
train	00109344
train	00109350
train	00109353
train	00109356
train	00109360
train	00109368
train	00109379
train	00109391
train	00109392
train	00109404
train	00109466
train	00109469
train	00109473
train	00109477
train	00109536
train	00109558
train	00109574
train	00109595
train	00109599
train	00109607
train	00109667
train	00109675
train	00109678
train	00109692
train	00109693
train	00109708
train	00109715
train	00109725
train	00109743
train	00109744
train	00109823
train	00109836
train	00109867
train	00109871
train	00109872
train	00109874
train	00109887
train	00109914
train	00109935
train	00109969
train	00109973
train	00109975
train	00110127
train	00110140
train	00110141
train	00110151
train	00110154
train	00110207
train	00110281
train	00110329
train	00110339
train	00110340
train	00110374
train	00110377
train	00110378
train	00110379
train	00110380
train	00110388
train	00110395
train	00110424
train	00110446
train	00110456
train	00110482
train	00110489
train	00110491
train	00110542
train	00110554
train	00110559
train	00110602
train	00110618
train	00110626
train	00110696
train	00110715
train	00110732
train	00110737
train	00110780
train	00110893
train	00110899
train	00110900
train	00110922
train	00111123
train	00111124
train	00111153
train	00111225
train	00111227
train	00111228
train	00111244
train	00111337
train	00111391
train	00111393
train	00111420
train	00111445
train	00111446
train	00111447
train	00111451
train	00111466
train	00111568
train	00111576
train	00111641
train	00111670
train	00111679
train	00111680
train	00111686
train	00111708
train	00111743
train	00111754
train	00111758
train	00111762
train	00111806
train	00111817
train	00111821
train	00111881
train	00111896
train	00111968
train	00111994
train	00112011
train	00112053
train	00112110
train	00112112
train	00112115
train	00112119
train	00112120
train	00112148
train	00112203
train	00112205
train	00112206
train	00112209
train	00112215
train	00112223
train	00112228
train	00112229
train	00112234
train	00112439
train	00112459
train	00112464
train	00112469
train	00112472
train	00112517
train	00112544
train	00112553
train	00112624
train	00112649
train	00112690
train	00112713
train	00112715
train	00112904
train	00112935
train	00112979
train	00112989
train	00113000
train	00113020
train	00113024
train	00113070
train	00113116
train	00113160
train	00113209
train	00113250
train	00113252
train	00113256
train	00113360
train	00113370
train	00113372
train	00113427
train	00113439
train	00113443
train	00113466
train	00113472
train	00113520
train	00113585
train	00113646
train	00113647
train	00113666
train	00113709
train	00113727
train	00113738
train	00113740
train	00113762
train	00113807
train	00113943
train	00113966
train	00113989
train	00113991
train	00113996
train	00114000
train	00114038
train	00114039
train	00114082
train	00114105
train	00114106
train	00114111
train	00114114
train	00114131
train	00114186
train	00114199
train	00114390
train	00114391
train	00114395
train	00114396
train	00114428
train	00114434
train	00114451
train	00114456
train	00114460
train	00114463
train	00114570
train	00114589
train	00114591
train	00114621
train	00114629
train	00114631
train	00114634
train	00114637
train	00114639
train	00114684
train	00114779
train	00114784
train	00114785
train	00114820
train	00114821
train	00114833
train	00114835
train	00114836
train	00114838
train	00114839
train	00114840
train	00114841
train	00114861
train	00114889
train	00114892
train	00114894
train	00114898
train	00114899
train	00114904
train	00114930
train	00114946
train	00114956
train	00114977
train	00115009
train	00115010
train	00115011
train	00115013
train	00115015
train	00115024
train	00115133
train	00115159
train	00115168
train	00115170
train	00115188
train	00115232
train	00115255
train	00115259
train	00115263
train	00115277
train	00115331
train	00115336
train	00115362
train	00115378
train	00115407
train	00115453
train	00115472
train	00115476
train	00115685
train	00115703
train	00115704
train	00115710
train	00115741
train	00115742
train	00115753
train	00115754
train	00115756
train	00115758
train	00115760
train	00115773
train	00115778
train	00115779
train	00115902
train	00115911
train	00115915
train	00115923
train	00115924
train	00115925
train	00115926
train	00115929
train	00115930
train	00115931
train	00115978
train	00115990
train	00115991
train	00115992
train	00115994
train	00116036
train	00116103
train	00116121
train	00116122
train	00116127
train	00116143
train	00116214
train	00116222
train	00116232
train	00116241
train	00116242
train	00116283
train	00116306
train	00116307
train	00116317
train	00116398
train	00116434
train	00116435
train	00116437
train	00116492
train	00116509
train	00116530
train	00116586
train	00116587
train	00116598
train	00116621
train	00116627
train	00116642
train	00116645
train	00116652
train	00116662
train	00116666
train	00116668
train	00116671
train	00116677
train	00116690
train	00116692
train	00116703
train	00116744
train	00116763
train	00116784
train	00116793
train	00116808
train	00116810
train	00116820
train	00116821
train	00116843
train	00116855
train	00116856
train	00116868
train	00116869
train	00116900
train	00116956
train	00117007
train	00117036
train	00117041
train	00117044
train	00117103
train	00117146
train	00117149
train	00117167
train	00117211
train	00117214
train	00117225
train	00117226
train	00117228
train	00117259
train	00117307
train	00117329
train	00117338
train	00117339
train	00117342
train	00117343
train	00117344
train	00117348
train	00117349
train	00117357
train	00117406
train	00117414
train	00117431
train	00117588
train	00117589
train	00117628
train	00117666
train	00117670
train	00117673
train	00117677
train	00117681
train	00117685
train	00117693
train	00117711
train	00117712
train	00117713
train	00117714
train	00117717
train	00117743
train	00117744
train	00117818
train	00117836
train	00117862
train	00117868
train	00117878
train	00117986
train	00117988
train	00117990
train	00118009
train	00118020
train	00118025
train	00118077
train	00118082
train	00118128
train	00118158
train	00118179
train	00118199
train	00118208
train	00118231
train	00118232
train	00118237
train	00118294
train	00118344
train	00118354
train	00118358
train	00118362
train	00118365
train	00118462
train	00118566
train	00118568
train	00118570
train	00118580
train	00118611
train	00118614
train	00118630
train	00118759
train	00118842
train	00118977
train	00118979
train	00119001
train	00119002
train	00119034
train	00119074
train	00119081
train	00119086
train	00119115
train	00119163
train	00119164
train	00119175
train	00119176
train	00119177
train	00119246
train	00119292
train	00119300
train	00119302
train	00119307
train	00119319
train	00119386
train	00119388
train	00119389
train	00119390
train	00119391
train	00119394
train	00119450
train	00119453
train	00119454
train	00119455
train	00119481
train	00119497
train	00119513
train	00119517
train	00119522
train	00119523
train	00119530
train	00119531
train	00119544
train	00119547
train	00119552
train	00119565
train	00119566
train	00119567
train	00119578
train	00119581
train	00119582
train	00119599
train	00119602
train	00119608
train	00119621
train	00119622
train	00119623
train	00119633
train	00119636
train	00119644
train	00119651
train	00119657
train	00119701
train	00119733
train	00119750
train	00119791
train	00119796
train	00119802
train	00119807
train	00119811
train	00119813
train	00119815
train	00119818
train	00119873
train	00119889
train	00119907
train	00119920
train	00119930
train	00119939
train	00119940
train	00119949
train	00119978
train	00119979
train	00120128
train	00120159
train	00120178
train	00120216
train	00120218
train	00120226
train	00120264
train	00120273
train	00120275
train	00120278
train	00120279
train	00120350
train	00120354
train	00120365
train	00120409
train	00120412
train	00120455
train	00120498
train	00120514
train	00120516
train	00120556
train	00120568
train	00120605
train	00120613
train	00120628
train	00120635
train	00120641
train	00120686
train	00120693
train	00120695
train	00120750
train	00120796
train	00120810
train	00120830
train	00120839
train	00120841
train	00120882
train	00120886
train	00120905
train	00120906
train	00120917
train	00121026
train	00121033
train	00121066
train	00121067
train	00121090
train	00121096
train	00121127
train	00121132
train	00121152
train	00121153
train	00121242
train	00121255
train	00121272
train	00121333
train	00121334
train	00121341
train	00121345
train	00121348
train	00121360
train	00121372
train	00121438
train	00121450
train	00121553
train	00121721
train	00121737
train	00121829
train	00121852
train	00121876
train	00121884
train	00121888
train	00121889
train	00121929
train	00121970
train	00121971
train	00121982
train	00122003
train	00122009
train	00122020
train	00122026
train	00122038
train	00122233
train	00122267
train	00122322
train	00122388
train	00122416
train	00122417
train	00122431
train	00122472
train	00122476
train	00122477
train	00122485
train	00122555
train	00122557
train	00122619
train	00122664
train	00122681
train	00122758
train	00122853
train	00122869
train	00122872
train	00122873
train	00122875
train	00123013
train	00123174
train	00123175
train	00123190
train	00123192
train	00123236
train	00123246
train	00123254
train	00123268
train	00123280
train	00123294
train	00123301
train	00123348
train	00123454
train	00123458
train	00123463
train	00123468
train	00123475
train	00123489
train	00123492
train	00123521
train	00123604
train	00123618
train	00123623
train	00123627
train	00123633
train	00123651
train	00123653
train	00123671
train	00123694
train	00123695
train	00123696
train	00123722
train	00123723
train	00123724
train	00123761
train	00123783
train	00123795
train	00123805
train	00123825
train	00123831
train	00123836
train	00123856
train	00123859
train	00123864
train	00123865
train	00123890
train	00123908
train	00123929
train	00123931
train	00124061
train	00124062
train	00124177
train	00124211
train	00124231
train	00124257
train	00124258
train	00124312
train	00124314
train	00124338
train	00124341
train	00124355
train	00124413
train	00124440
train	00124442
train	00124445
train	00124491
train	00124517
train	00124540
train	00124570
train	00124724
train	00124737
train	00124783
train	00124801
train	00124820
train	00124824
train	00124855
train	00124865
train	00124881
train	00124893
train	00124935
train	00124937
train	00124991
train	00125051
train	00125054
train	00125084
train	00125087
train	00125088
train	00125105
train	00125107
train	00125110
train	00125132
train	00125174
train	00125190
train	00125236
train	00125245
train	00125295
train	00125300
train	00125310
train	00125313
train	00125388
train	00125433
train	00125434
train	00125476
train	00125480
train	00125521
train	00125525
train	00125606
train	00125727
train	00125734
train	00125748
train	00125751
train	00125850
train	00125876
train	00125900
train	00125905
train	00125906
train	00125918
train	00125919
train	00125922
train	00125923
train	00125944
train	00125957
train	00125959
train	00125962
train	00125992
train	00126020
train	00126026
train	00126031
train	00126052
train	00126058
train	00126062
train	00126066
train	00126073
train	00126075
train	00126076
train	00126080
train	00126090
train	00126099
train	00126100
train	00126102
train	00126109
train	00126112
train	00126123
train	00126143
train	00126145
train	00126158
train	00126185
train	00126189
train	00126190
train	00126206
train	00126217
train	00126271
train	00126295
train	00126296
train	00126300
train	00126302
train	00126312
train	00126317
train	00126345
train	00126348
train	00126350
train	00126354
train	00126355
train	00126363
train	00126364
train	00126372
train	00126377
train	00126378
train	00126388
train	00126393
train	00126394
train	00126399
train	00126430
train	00126481
train	00126498
train	00126518
train	00126567
train	00126599
train	00126609
train	00126675
train	00126748
train	00126749
train	00126758
train	00126759
train	00126767
train	00126768
train	00126779
train	00126823
train	00126824
train	00126826
train	00126827
train	00126837
train	00126872
train	00126901
train	00126934
train	00126953
train	00126961
train	00126980
train	00126985
train	00126986
train	00126988
train	00126994
train	00127083
train	00127088
train	00127138
train	00127156
train	00127193
train	00127197
train	00127199
train	00127202
train	00127246
train	00127254
train	00127255
train	00127256
train	00127257
train	00127258
train	00127259
train	00127298
train	00127300
train	00127310
train	00127349
train	00127352
train	00127391
train	00127394
train	00127450
train	00127474
train	00127483
train	00127492
train	00127493
train	00127494
train	00127537
train	00127603
train	00127623
train	00127650
train	00127664
train	00127682
train	00127744
train	00127789
train	00127791
train	00127812
train	00127835
train	00127873
train	00127890
train	00127905
train	00127911
train	00128003
train	00128024
train	00128025
train	00128047
train	00128049
train	00128064
train	00128105
train	00128134
train	00128151
train	00128228
train	00128232
train	00128236
train	00128248
train	00128250
train	00128277
train	00128279
train	00128284
train	00128286
train	00128610
train	00128702
train	00128703
train	00128730
train	00128739
train	00128761
train	00128764
train	00128765
train	00128766
train	00128767
train	00128768
train	00128769
train	00128783
train	00128817
train	00128821
train	00128823
train	00128923
train	00128931
train	00128933
train	00128943
train	00128944
train	00128955
train	00128972
train	00128980
train	00128998
train	00129042
train	00129055
train	00129057
train	00129068
train	00129098
train	00129165
train	00129175
train	00129178
train	00129269
train	00129270
train	00129271
train	00129274
train	00129275
train	00129334
train	00129336
train	00129339
train	00129389
train	00129416
train	00129417
train	00129546
train	00129549
train	00129655
train	00129656
train	00129969
train	00130130
train	00130351
train	00130512
train	00130513
train	00130514
train	00130515
train	00130518
train	00130519
train	00130523
train	00130525
train	00130530
train	00130535
train	00130546
train	00130547
train	00130550
train	00130554
train	00130558
train	00130571
train	00130574
train	00130578
train	00130579
train	00130580
train	00130581
train	00130583
train	00130585
train	00130604
train	00130611
train	00130626
train	00130633
train	00130651
train	00130677
train	00130688
train	00130691
train	00130694
train	00130702
train	00130704
train	00130717
train	00130764
train	00130773
train	00130774
train	00130777
train	00130778
train	00130781
train	00130784
train	00130792
train	00130794
train	00130798
train	00130801
train	00130840
train	00130843
train	00130844
train	00130868
train	00130876
train	00130886
train	00130888
train	00130889
train	00130896
train	00130984
train	00131014
train	00131016
train	00131084
train	00131187
train	00131214
train	00131224
train	00131255
train	00131256
train	00131257
train	00131258
train	00131279
train	00131342
train	00131378
train	00131388
train	00131401
train	00131410
train	00131412
train	00131413
train	00131436
train	00131478
train	00131491
train	00131530
train	00131541
train	00131569
train	00131598
train	00131610
train	00131631
train	00131665
train	00131682
train	00131739
train	00131743
train	00131768
train	00131781
train	00131782
train	00131789
train	00131790
train	00131797
train	00131798
train	00131829
train	00131891
train	00132023
train	00132040
train	00132042
train	00132043
train	00132086
train	00132108
train	00132113
train	00132119
train	00132159
train	00132161
train	00132162
train	00132183
train	00132201
train	00132210
train	00132211
train	00132227
train	00132241
train	00132247
train	00132254
train	00132258
train	00132274
train	00132275
train	00132285
train	00132286
train	00132287
train	00132300
train	00132324
train	00132336
train	00132356
train	00132399
train	00132419
train	00132457
train	00132466
train	00132473
train	00132477
train	00132480
train	00132493
train	00132495
train	00132501
train	00132505
train	00132507
train	00132509
train	00132513
train	00132522
train	00132541
train	00132546
train	00132558
train	00132561
train	00132562
train	00132565
train	00132579
train	00132593
train	00132632
train	00132634
train	00132641
train	00132752
train	00132805
train	00132811
train	00132812
train	00132858
train	00132873
train	00132874
train	00132879
train	00132893
train	00132928
train	00132930
train	00132936
train	00132951
train	00132984
train	00133080
train	00133082
train	00133083
train	00133096
train	00133122
train	00133123
train	00133135
train	00133137
train	00133225
train	00133232
train	00133233
train	00133242
train	00133303
train	00133327
train	00133375
train	00133399
train	00133413
train	00133443
train	00133447
train	00133449
train	00133496
train	00133500
train	00133501
train	00133525
train	00133532
train	00133587
train	00133589
train	00133606
train	00133664
train	00133667
train	00133678
train	00133722
train	00133737
train	00133739
train	00133747
train	00133808
train	00133861
train	00133865
train	00133902
train	00133904
train	00133905
train	00133906
train	00133909
train	00133912
train	00133913
train	00133931
train	00133942
train	00133957
train	00133960
train	00133990
train	00134051
train	00134054
train	00134089
train	00134145
train	00134171
train	00134219
train	00134223
train	00134280
train	00134339
train	00134345
train	00134347
train	00134348
train	00134396
train	00134398
train	00134434
train	00134448
train	00134454
train	00134540
train	00134541
train	00134543
train	00134546
train	00134549
train	00134552
train	00134557
train	00134565
train	00134589
train	00134593
train	00134614
train	00134615
train	00134618
train	00134628
train	00134629
train	00134633
train	00134636
train	00134683
train	00134719
train	00134721
train	00134729
train	00134771
train	00134782
train	00134813
train	00134825
train	00134838
train	00134941
train	00134947
train	00134959
train	00135024
train	00135061
train	00135075
train	00135087
train	00135104
train	00135113
train	00135117
train	00135122
train	00135123
train	00135125
train	00135154
train	00135180
train	00135181
train	00135187
train	00135189
train	00135190
train	00135197
train	00135201
train	00135202
train	00135203
train	00135204
train	00135206
train	00135208
train	00135209
train	00135211
train	00135217
train	00135282
train	00135304
train	00135307
train	00135310
train	00135311
train	00135325
train	00135342
train	00135347
train	00135353
train	00135378
train	00135403
train	00135431
train	00135433
train	00135482
train	00135510
train	00135526
train	00135540
train	00135542
train	00135595
train	00135620
train	00135625
train	00135642
train	00135650
train	00135653
train	00135680
train	00135707
train	00135717
train	00135732
train	00135738
train	00135749
train	00135751
train	00135768
train	00135769
train	00135873
train	00135875
train	00135888
train	00135909
train	00135911
train	00135970
train	00135980
train	00136046
train	00136180
train	00136185
train	00136298
train	00136353
train	00136360
train	00136384
train	00136447
train	00136508
train	00136539
train	00136541
train	00136552
train	00136557
train	00136565
train	00136568
train	00136580
train	00136583
train	00136594
train	00136603
train	00136606
train	00136610
train	00136615
train	00136616
train	00136617
train	00136699
train	00136703
train	00136734
train	00136736
train	00136738
train	00136748
train	00136846
train	00136892
train	00136896
train	00136900
train	00136903
train	00136904
train	00136905
train	00136906
train	00136910
train	00136915
train	00136916
train	00136923
train	00136924
train	00136925
train	00136932
train	00136933
train	00136936
train	00136938
train	00136939
train	00136940
train	00136948
train	00136950
train	00136951
train	00136955
train	00136965
train	00136967
train	00136968
train	00137000
train	00137001
train	00137003
train	00137012
train	00137020
train	00137021
train	00137032
train	00137033
train	00137041
train	00137044
train	00137057
train	00137058
train	00137059
train	00137066
train	00137077
train	00137080
train	00137082
train	00137087
train	00137118
train	00137167
train	00137186
train	00137198
train	00137205
train	00137221
train	00137227
train	00137238
train	00137240
train	00137242
train	00137252
train	00137259
train	00137262
train	00137266
train	00137269
train	00137270
train	00137276
train	00137306
train	00137372
train	00137440
train	00137509
train	00137561
train	00137597
train	00137599
train	00137601
train	00137666
train	00137673
train	00137695
train	00137698
train	00137699
train	00137701
train	00137702
train	00137729
train	00137737
train	00137756
train	00137761
train	00137762
train	00137793
train	00137811
train	00137817
train	00137819
train	00137949
train	00137952
train	00138021
train	00138038
train	00138197
train	00138266
train	00138270
train	00138279
train	00138281
train	00138337
train	00138372
train	00138383
train	00138416
train	00138602
train	00138639
train	00138710
train	00138718
train	00138725
train	00138770
train	00138771
train	00138778
train	00138783
train	00138786
train	00138800
train	00138814
train	00138817
train	00138818
train	00138827
train	00138848
train	00138877
train	00138878
train	00138879
train	00138882
train	00138883
train	00138884
train	00138885
train	00138889
train	00138894
train	00138895
train	00138897
train	00138898
train	00138905
train	00138921
train	00139007
train	00139013
train	00139014
train	00139043
train	00139065
train	00139096
train	00139109
train	00139150
train	00139232
train	00139294
train	00139297
train	00139315
train	00139318
train	00139342
train	00139367
train	00139372
train	00139378
train	00139388
train	00139422
train	00139432
train	00139434
train	00139439
train	00139440
train	00139537
train	00139559
train	00139563
train	00139576
train	00139577
train	00139578
train	00139579
train	00139582
train	00139589
train	00139645
train	00139713
train	00139753
train	00139784
train	00139787
train	00139788
train	00139793
train	00139797
train	00139813
train	00139818
train	00139819
train	00139825
train	00139842
train	00139851
train	00139978
train	00140058
train	00140061
train	00140074
train	00140086
train	00140087
train	00140088
train	00140089
train	00140094
train	00140098
train	00140099
train	00140123
train	00140136
train	00140147
train	00140150
train	00140182
train	00140269
train	00140287
train	00140306
train	00140376
train	00140378
train	00140422
train	00140503
train	00140506
train	00140512
train	00140553
train	00140707
train	00140740
train	00140750
train	00140751
train	00140758
train	00140775
train	00140777
train	00140787
train	00140793
train	00140807
train	00140811
train	00140919
train	00140921
train	00140972
train	00140996
train	00141141
train	00141142
train	00141144
train	00141151
train	00141153
train	00141156
train	00141160
train	00141167
train	00141169
train	00141171
train	00141176
train	00141178
train	00141180
train	00141194
train	00141216
train	00141235
train	00141237
train	00141269
train	00141303
train	00141304
train	00141305
train	00141306
train	00141309
train	00141311
train	00141344
train	00141391
train	00141392
train	00141394
train	00141402
train	00141403
train	00141405
train	00141406
train	00141407
train	00141408
train	00141410
train	00141411
train	00141414
train	00141415
train	00141416
train	00141421
train	00141422
train	00141426
train	00141430
train	00141431
train	00141436
train	00141437
train	00141440
train	00141448
train	00141449
train	00141451
train	00141467
train	00141477
train	00141487
train	00141489
train	00141490
train	00141503
train	00141504
train	00141563
train	00141568
train	00141628
train	00141711
train	00141712
train	00141714
train	00141718
train	00141719
train	00141865
train	00141923
train	00141924
train	00141928
train	00141955
train	00141960
train	00141963
train	00142014
train	00142033
train	00142074
train	00142154
train	00142185
train	00142260
train	00142295
train	00142297
train	00142343
train	00142357
train	00142365
train	00142366
train	00142409
train	00142410
train	00142430
train	00142431
train	00142445
train	00142471
train	00142477
train	00142495
train	00142515
train	00142603
train	00142606
train	00142636
train	00142671
train	00142696
train	00142753
train	00142760
train	00142763
train	00142780
train	00142799
train	00142801
train	00142853
train	00142858
train	00142860
train	00142896
train	00142897
train	00142919
train	00142965
train	00142979
train	00142992
train	00143001
train	00143039
train	00143095
train	00143136
train	00143192
train	00143267
train	00143283
train	00143322
train	00143347
train	00143349
train	00143496
train	00143533
train	00143553
train	00143624
train	00143627
train	00143707
train	00143793
train	00143803
train	00143805
train	00143807
train	00143810
train	00143832
train	00143869
train	00143881
train	00143883
train	00143884
train	00143974
train	00143994
train	00144056
train	00144057
train	00144086
train	00144088
train	00144099
train	00144113
train	00144114
train	00144132
train	00144144
train	00144145
train	00144162
train	00144179
train	00144189
train	00144217
train	00144220
train	00144221
train	00144239
train	00144270
train	00144308
train	00144323
train	00144326
train	00144335
train	00144368
train	00144371
train	00144444
train	00144446
train	00144554
train	00144557
train	00144572
train	00144577
train	00144597
train	00144599
train	00144638
train	00144639
train	00144649
train	00144666
train	00144671
train	00144676
train	00144717
train	00144732
train	00144771
train	00144845
train	00144853
train	00144856
train	00144877
train	00144907
train	00144988
train	00144991
train	00145015
train	00145131
train	00145179
train	00145207
train	00145278
train	00145290
train	00145304
train	00145313
train	00145326
train	00145351
train	00145380
train	00145394
train	00145396
train	00145397
train	00145398
train	00145403
train	00145449
train	00145496
train	00145499
train	00145538
train	00145539
train	00145552
train	00145561
train	00145612
train	00145613
train	00145614
train	00145630
train	00145636
train	00145642
train	00145661
train	00145666
train	00145698
train	00145719
train	00145740
train	00145755
train	00145844
train	00145845
train	00145905
train	00145923
train	00145926
train	00145949
train	00145954
train	00145965
train	00145972
train	00145974
train	00145977
train	00145981
train	00145985
train	00145988
train	00146035
train	00146205
train	00146233
train	00146234
train	00146237
train	00146247
train	00146249
train	00146254
train	00146306
train	00146333
train	00146353
train	00146365
train	00146375
train	00146470
train	00146478
train	00146479
train	00146496
train	00146498
train	00146508
train	00146568
train	00146569
train	00146571
train	00146594
train	00146616
train	00146649
train	00146730
train	00146734
train	00146796
train	00146840
train	00146852
train	00146941
train	00146945
train	00146946
train	00146948
train	00146954
train	00146959
train	00146961
train	00146979
train	00146980
train	00146983
train	00146984
train	00146988
train	00147005
train	00147042
train	00147043
train	00147092
train	00147206
train	00147232
train	00147259
train	00147281
train	00147289
train	00147292
train	00147308
train	00147311
train	00147368
train	00147387
train	00147415
train	00147432
train	00147462
train	00147475
train	00147480
train	00147489
train	00147493
train	00147496
train	00147504
train	00147506
train	00147507
train	00147514
train	00147567
train	00147581
train	00147631
train	00147673
train	00147676
train	00147689
train	00147698
train	00147708
train	00147709
train	00147802
train	00147821
train	00147840
train	00147894
train	00147895
train	00147906
train	00147927
train	00147956
train	00147970
train	00148006
train	00148042
train	00148046
train	00148333
train	00148410
train	00148466
train	00148521
train	00148597
train	00148986
train	00149693
train	00149698
train	00150258
train	00150281
train	00150299
train	00150366
train	00150380
train	00150424
train	00150456
train	00150474
train	00150475
train	00150483
train	00150485
train	00150487
train	00150511
train	00150512
train	00150515
train	00150521
train	00150528
train	00150542
train	00150547
train	00150553
train	00150554
train	00150559
train	00150560
train	00150590
train	00150601
train	00150611
train	00150613
train	00150627
train	00150656
train	00150665
train	00150671
train	00150673
train	00150715
train	00150719
train	00150720
train	00150722
train	00150743
train	00150754
train	00150828
train	00150861
train	00150874
train	00150875
train	00150877
train	00150879
train	00150883
train	00150885
train	00150886
train	00150887
train	00150889
train	00150903
train	00150906
train	00150914
train	00150919
train	00150920
train	00150949
train	00152104
train	00152105
train	00152113
train	00152115
train	00152118
train	00152127
train	00152214
train	00152222
train	00152225
train	00152230
train	00152231
train	00152233
train	00152322
train	00152358
train	00152382
train	00152408
train	00152450
train	00152455
train	00152457
train	00152468
train	00152472
train	00152473
train	00152474
train	00152488
train	00152495
train	00152524
train	00152543
train	00152547
train	00152548
train	00152550
train	00152584
train	00152620
train	00152641
train	00152693
train	00152695
train	00152708
train	00152714
train	00152727
train	00152728
train	00152731
train	00152733
train	00152818
train	00152820
train	00152821
train	00152823
train	00152824
train	00152834
train	00152835
train	00152841
train	00152853
train	00152885
train	00152886
train	00152996
train	00152997
train	00153032
train	00153033
train	00153034
train	00153068
train	00153095
train	00153107
train	00153237
train	00153323
train	00153325
train	00153345
train	00153470
train	00153494
train	00153553
train	00153587
train	00153636
train	00153659
train	00153661
train	00153666
train	00153679
train	00153680
train	00153700
train	00153703
train	00153731
train	00153734
train	00153741
train	00153747
train	00153752
train	00153837
train	00153838
train	00153839
train	00153845
train	00153912
train	00153940
train	00153960
train	00154024
train	00154036
train	00154039
train	00154041
train	00154061
train	00154088
train	00154104
train	00154159
train	00154209
train	00154233
train	00154284
train	00154318
train	00154330
train	00154373
train	00154375
train	00154449
train	00154480
train	00154487
train	00154538
train	00154548
train	00154631
train	00154645
train	00154646
train	00154648
train	00154650
train	00154724
train	00154747
train	00154750
train	00154789
train	00154790
train	00154793
train	00154936
train	00154948
train	00154953
train	00155058
train	00155063
train	00155133
train	00155157
train	00155258
train	00155259
train	00155264
train	00155340
train	00155344
train	00155346
train	00155456
train	00155462
train	00155486
train	00155494
train	00155544
train	00155637
train	00155659
train	00155701
train	00155752
train	00155767
train	00155793
train	00155794
train	00155795
train	00155801
train	00155804
train	00155810
train	00155837
train	00155849
train	00155931
train	00155933
train	00155951
train	00156055
train	00156088
train	00156103
train	00156108
train	00156148
train	00156149
train	00156169
train	00156723
train	00156879
train	00156907
train	00156910
train	00156919
train	00156924
train	00156941
train	00156977
train	00156978
train	00157054
train	00157055
train	00157060
train	00157066
train	00157069
train	00157102
train	00157120
train	00157125
train	00157132
train	00157135
train	00157168
train	00157185
train	00157188
train	00157233
train	00157298
train	00157306
train	00157316
train	00157434
train	00157435
train	00157489
train	00157661
train	00157678
train	00157686
train	00157689
train	00157695
train	00157697
train	00157698
train	00157754
train	00157777
train	00157805
train	00157811
train	00157815
train	00157818
train	00157834
train	00157847
train	00157866
train	00157901
train	00157925
train	00158044
train	00158110
train	00158113
train	00158214
train	00158240
train	00158255
train	00158283
train	00158353
train	00158355
train	00158372
train	00158402
train	00158418
train	00158420
train	00158438
train	00158462
train	00158546
train	00158677
train	00158685
train	00158703
train	00158714
train	00158715
train	00158734
train	00158744
train	00158793
train	00158819
train	00158877
train	00158914
train	00158918
train	00158922
train	00158944
train	00158978
train	00158989
train	00159008
train	00159046
train	00159050
train	00159061
train	00159112
train	00159118
train	00159184
train	00159191
train	00159230
train	00159231
train	00159234
train	00159246
train	00159260
train	00159320
train	00159328
train	00159329
train	00159347
train	00159398
train	00159406
train	00159425
train	00159429
train	00159455
train	00159476
train	00159477
train	00159499
train	00159576
train	00159583
train	00159646
train	00159701
train	00159731
train	00159732
train	00159733
train	00159757
train	00159820
train	00159879
train	00159964
train	00159980
train	00160063
train	00160073
train	00160096
train	00160146
train	00160203
train	00160206
train	00160239
train	00160294
train	00160392
train	00160393
train	00160396
train	00160613
train	00160655
train	00160665
train	00160696
train	00160702
train	00160709
train	00160730
train	00160739
train	00160788
train	00160806
train	00160810
train	00160818
train	00160819
train	00160821
train	00160822
train	00160838
train	00160843
train	00160855
train	00160868
train	00160872
train	00160896
train	00160907
train	00160914
train	00160915
train	00160936
train	00160958
train	00160998
train	00161059
train	00161135
train	00161159
train	00161179
train	00161209
train	00161257
train	00161259
train	00161260
train	00161263
train	00161264
train	00161280
train	00161281
train	00161288
train	00161291
train	00161297
train	00161298
train	00161300
train	00161310
train	00161315
train	00161316
train	00161363
train	00161389
train	00161411
train	00161413
train	00161420
train	00161421
train	00161428
train	00161434
train	00161435
train	00161436
train	00161458
train	00161460
train	00161480
train	00161485
train	00161486
train	00161500
train	00161518
train	00161519
train	00161525
train	00161545
train	00161575
train	00161600
train	00161605
train	00161617
train	00161626
train	00161627
train	00161631
train	00161632
train	00161643
train	00161668
train	00161683
train	00161702
train	00161703
train	00161718
train	00161734
train	00161795
train	00161798
train	00161826
train	00161827
train	00161832
train	00161847
train	00161848
train	00161849
train	00161898
train	00161900
train	00161972
train	00161973
train	00161974
train	00161975
train	00162015
train	00162017
train	00162018
train	00162019
train	00162021
train	00162028
train	00162051
train	00162093
train	00162170
train	00162185
train	00162190
train	00162248
train	00162249
train	00162260
train	00162351
train	00162355
train	00162378
train	00162396
train	00162399
train	00162405
train	00162428
train	00162448
train	00162477
train	00162483
train	00162555
train	00162567
train	00162577
train	00162584
train	00162598
train	00162600
train	00162627
train	00162645
train	00162650
train	00162667
train	00162670
train	00162671
train	00162685
train	00162741
train	00162819
train	00162854
train	00162855
train	00162862
train	00162923
train	00162938
train	00162994
train	00163009
train	00163047
train	00163080
train	00163084
train	00163086
train	00163098
train	00163101
train	00163104
train	00163106
train	00163205
train	00163228
train	00163259
train	00163263
train	00163310
train	00163318
train	00163343
train	00163366
train	00163410
train	00163440
train	00163484
train	00163488
train	00163493
train	00163529
train	00163533
train	00163535
train	00163562
train	00163568
train	00163579
train	00163581
train	00163603
train	00163615
train	00163617
train	00163636
train	00163657
train	00163709
train	00163748
train	00163769
train	00163773
train	00163844
train	00163846
train	00163847
train	00163848
train	00163849
train	00163853
train	00163856
train	00163964
train	00163982
train	00164011
train	00164013
train	00164080
train	00164089
train	00164156
train	00164217
train	00164242
train	00164243
train	00164261
train	00164329
train	00164330
train	00164331
train	00164386
train	00164391
train	00164392
train	00164394
train	00164396
train	00164398
train	00164402
train	00164414
train	00164419
train	00164422
train	00164423
train	00164427
train	00164483
train	00164535
train	00164536
train	00164545
train	00164560
train	00164619
train	00164688
train	00164821
train	00164868
train	00164869
train	00164884
train	00164886
train	00164923
train	00164924
train	00164974
train	00164976
train	00164996
train	00165068
train	00165145
train	00165157
train	00165192
train	00165213
train	00165272
train	00165326
train	00165333
train	00165334
train	00165335
train	00165341
train	00165347
train	00165364
train	00165367
train	00165425
train	00165439
train	00165483
train	00165484
train	00165517
train	00165519
train	00165520
train	00165521
train	00165522
train	00165569
train	00165575
train	00165577
train	00165578
train	00165627
train	00165767
train	00165787
train	00165802
train	00165820
train	00165821
train	00165831
train	00165834
train	00165889
train	00165901
train	00165907
train	00165956
train	00165974
train	00165994
train	00166036
train	00166048
train	00166060
train	00166081
train	00166093
train	00166165
train	00166182
train	00166196
train	00166197
train	00166198
train	00166226
train	00166245
train	00166251
train	00166257
train	00166293
train	00166338
train	00166348
train	00166358
train	00166361
train	00166370
train	00166387
train	00166415
train	00166417
train	00166423
train	00166426
train	00166440
train	00166444
train	00166464
train	00166491
train	00166524
train	00166526
train	00166560
train	00166568
train	00166616
train	00166637
train	00166644
train	00166656
train	00166695
train	00166698
train	00166713
train	00166735
train	00166751
train	00166765
train	00166769
train	00166866
train	00166904
train	00166906
train	00166931
train	00166936
train	00166943
train	00166944
train	00166959
train	00166968
train	00166994
train	00167000
train	00167002
train	00167048
train	00167068
train	00167085
train	00167100
train	00167123
train	00167131
train	00167158
train	00167161
train	00167181
train	00167193
train	00167264
train	00167274
train	00167277
train	00167331
train	00167369
train	00167375
train	00167413
train	00167414
train	00167471
train	00167476
train	00167497
train	00167523
train	00167527
train	00167528
train	00167529
train	00167530
train	00167532
train	00167534
train	00167581
train	00167587
train	00167779
train	00167780
train	00167799
train	00167835
train	00167857
train	00167861
train	00167896
train	00167932
train	00167937
train	00167942
train	00167996
train	00167999
train	00168003
train	00168004
train	00168008
train	00168028
train	00168059
train	00168129
train	00168231
train	00168252
train	00168267
train	00168298
train	00168321
train	00168323
train	00168324
train	00168326
train	00168329
train	00168332
train	00168340
train	00168343
train	00168346
train	00168347
train	00168367
train	00168397
train	00168410
train	00168413
train	00168421
train	00168423
train	00168446
train	00168447
train	00168773
train	00168860
train	00168899
train	00168942
train	00168988
train	00169007
train	00169012
train	00169052
train	00169091
train	00169094
train	00169095
train	00169099
train	00169146
train	00169148
train	00169149
train	00169150
train	00169225
train	00169297
train	00169330
train	00169331
train	00169339
train	00169371
train	00169377
train	00169384
train	00169387
train	00169389
train	00169444
train	00169447
train	00169511
train	00169545
train	00169562
train	00169712
train	00169722
train	00169725
train	00169740
train	00169741
train	00169743
train	00169873
train	00169878
train	00169880
train	00169882
train	00169883
train	00169886
train	00169954
train	00170093
train	00170099
train	00170107
train	00170127
train	00170136
train	00170145
train	00170156
train	00170165
train	00170202
train	00170220
train	00170271
train	00170282
train	00170284
train	00170344
train	00170345
train	00170372
train	00170380
train	00170383
train	00170389
train	00170521
train	00170523
train	00170529
train	00170534
train	00170579
train	00170581
train	00170683
train	00170735
train	00170756
train	00170822
train	00170834
train	00170929
train	00170939
train	00170982
train	00171036
train	00171106
train	00171109
train	00171110
train	00171114
train	00171187
train	00171190
train	00171200
train	00171203
train	00171321
train	00171338
train	00171347
train	00171378
train	00171400
train	00171414
train	00171418
train	00171422
train	00171446
train	00171463
train	00171488
train	00171489
train	00171490
train	00171532
train	00171606
train	00171654
train	00171656
train	00171665
train	00171703
train	00171723
train	00171739
train	00171761
train	00171771
train	00171837
train	00171858
train	00171859
train	00171867
train	00171888
train	00171964
train	00171972
train	00171973
train	00172006
train	00172007
train	00172049
train	00172061
train	00172137
train	00172175
train	00172197
train	00172210
train	00172345
train	00172351
train	00172352
train	00172353
train	00172418
train	00172435
train	00172447
train	00172453
train	00172551
train	00172553
train	00172559
train	00172577
train	00172623
train	00172637
train	00172644
train	00172652
train	00172664
train	00172669
train	00172692
train	00172694
train	00172717
train	00172753
train	00172802
train	00172867
train	00172872
train	00172887
train	00172907
train	00172958
train	00172980
train	00172985
train	00172993
train	00172999
train	00173000
train	00173002
train	00173004
train	00173006
train	00173018
train	00173022
train	00173123
train	00173149
train	00173150
train	00173157
train	00173223
train	00173245
train	00173255
train	00173275
train	00173341
train	00173406
train	00173407
train	00173423
train	00173530
train	00173570
train	00173609
train	00173627
train	00173629
train	00173650
train	00173651
train	00173652
train	00173714
train	00173720
train	00173743
train	00173755
train	00173766
train	00173789
train	00173809
train	00173835
train	00173862
train	00173875
train	00173885
train	00173922
train	00173924
train	00173944
train	00173996
train	00174009
train	00174021
train	00174022
train	00174025
train	00174031
train	00174038
train	00174039
train	00174059
train	00174074
train	00174084
train	00174114
train	00174150
train	00174161
train	00174167
train	00174183
train	00174213
train	00174259
train	00174268
train	00174369
train	00174379
train	00174404
train	00174410
train	00174411
train	00174413
train	00174417
train	00174423
train	00174425
train	00174426
train	00174433
train	00174434
train	00174487
train	00174489
train	00174502
train	00174513
train	00174515
train	00174528
train	00174534
train	00174541
train	00174545
train	00174560
train	00174567
train	00174574
train	00174577
train	00174578
train	00174581
train	00174618
train	00174653
train	00174692
train	00174781
train	00174790
train	00174826
train	00174827
train	00174828
train	00174856
train	00174861
train	00174863
train	00174867
train	00174870
train	00174872
train	00174910
train	00174911
train	00174916
train	00174917
train	00174919
train	00174942
train	00174946
train	00174952
train	00174953
train	00174961
train	00174991
train	00175026
train	00175028
train	00175031
train	00175035
train	00175060
train	00175169
train	00175175
train	00175214
train	00175226
train	00175230
train	00175266
train	00175332
train	00175335
train	00175354
train	00175365
train	00175416
train	00175443
train	00175447
train	00175454
train	00175455
train	00175456
train	00175468
train	00175471
train	00175474
train	00175481
train	00175500
train	00175501
train	00175509
train	00175548
train	00175550
train	00175551
train	00175577
train	00175592
train	00175658
train	00175697
train	00175698
train	00175704
train	00175706
train	00175707
train	00175790
train	00175822
train	00175825
train	00175828
train	00175875
train	00175887
train	00175892
train	00175894
train	00175905
train	00175906
train	00175911
train	00175921
train	00175930
train	00175931
train	00175934
train	00175957
train	00175958
train	00176055
train	00176069
train	00176078
train	00176084
train	00176097
train	00176098
train	00176115
train	00176119
train	00176128
train	00176131
train	00176158
train	00176283
train	00176286
train	00176319
train	00176388
train	00176404
train	00176410
train	00176418
train	00176435
train	00176476
train	00176489
train	00176490
train	00176570
train	00176589
train	00176591
train	00176603
train	00176610
train	00176616
train	00176620
train	00176653
train	00176654
train	00176656
train	00176657
train	00176658
train	00176677
train	00176696
train	00176710
train	00176711
train	00176712
train	00176713
train	00176714
train	00176715
train	00176716
train	00176717
train	00176744
train	00176745
train	00176757
train	00176758
train	00176788
train	00176812
train	00176857
train	00176880
train	00176889
train	00176894
train	00176976
train	00176978
train	00177001
train	00177004
train	00177036
train	00177073
train	00177080
train	00177112
train	00177115
train	00177142
train	00177179
train	00177188
train	00177191
train	00177192
train	00177248
train	00177264
train	00177385
train	00177402
train	00177410
train	00177435
train	00177436
train	00177454
train	00177480
train	00177481
train	00177482
train	00177560
train	00177579
train	00177580
train	00177587
train	00177607
train	00177621
train	00177623
train	00177624
train	00177626
train	00177642
train	00177654
train	00177662
train	00177706
train	00177707
train	00177713
train	00177722
train	00177754
train	00177778
train	00177822
train	00177917
train	00177927
train	00177950
train	00177955
train	00177961
train	00177966
train	00177974
train	00177981
train	00177987
train	00177990
train	00177993
train	00177994
train	00177997
train	00178001
train	00178004
train	00178025
train	00178026
train	00178030
train	00178036
train	00178059
train	00178063
train	00178064
train	00178067
train	00178068
train	00178072
train	00178076
train	00178082
train	00178088
train	00178344
train	00178365
train	00178366
train	00178446
train	00178468
train	00178471
train	00178481
train	00178482
train	00178533
train	00178539
train	00178542
train	00178546
train	00178566
train	00178580
train	00178582
train	00178583
train	00178589
train	00178620
train	00178635
train	00178652
train	00178752
train	00178798
train	00178835
train	00178837
train	00178841
train	00178886
train	00178965
train	00178966
train	00178980
train	00178998
train	00179009
train	00179032
train	00179054
train	00179060
train	00179114
train	00179119
train	00179122
train	00179152
train	00179168
train	00179179
train	00179180
train	00179183
train	00179184
train	00179190
train	00179191
train	00179193
train	00179194
train	00179196
train	00179197
train	00179198
train	00179209
train	00179221
train	00179241
train	00179272
train	00179283
train	00179339
train	00179393
train	00179397
train	00179398
train	00179410
train	00179428
train	00179429
train	00179454
train	00179459
train	00179465
train	00179492
train	00179498
train	00179508
train	00179621
train	00179637
train	00179683
train	00179684
train	00179686
train	00179718
train	00179724
train	00179732
train	00179746
train	00179765
train	00179796
train	00179856
train	00179858
train	00179861
train	00179866
train	00179874
train	00179878
train	00179955
train	00179962
train	00179963
train	00179965
train	00179966
train	00179978
train	00179982
train	00179986
train	00180086
train	00180089
train	00180145
train	00180149
train	00180152
train	00180161
train	00180163
train	00180181
train	00180238
train	00180260
train	00180284
train	00180363
train	00180418
train	00180434
train	00180435
train	00180479
train	00180617
train	00180677
train	00180716
train	00180728
train	00180762
train	00180778
train	00180782
train	00180787
train	00180788
train	00180817
train	00180821
train	00180825
train	00180826
train	00180837
train	00180852
train	00181000
train	00181015
train	00181025
train	00181038
train	00181039
train	00181040
train	00181061
train	00181228
train	00181250
train	00181276
train	00181357
train	00181369
train	00181616
train	00181665
train	00181752
train	00181777
train	00181788
train	00181795
train	00181806
train	00181824
train	00181853
train	00181855
train	00181868
train	00181880
train	00181887
train	00181899
train	00181900
train	00181901
train	00181960
train	00181961
train	00182046
train	00182105
train	00182113
train	00182126
train	00182205
train	00182218
train	00182219
train	00182223
train	00182226
train	00182238
train	00182240
train	00182278
train	00182294
train	00182326
train	00182338
train	00182341
train	00182342
train	00182346
train	00182354
train	00182360
train	00182377
train	00182382
train	00182390
train	00182393
train	00182421
train	00182422
train	00182511
train	00182531
train	00182533
train	00182535
train	00182537
train	00182540
train	00182541
train	00182546
train	00182551
train	00182559
train	00182584
train	00182611
train	00182624
train	00182627
train	00182646
train	00182670
train	00182684
train	00182703
train	00182705
train	00182731
train	00182740
train	00182741
train	00182744
train	00182784
train	00182808
train	00182812
train	00182813
train	00182818
train	00182843
train	00182863
train	00182864
train	00182889
train	00182891
train	00182923
train	00182926
train	00182928
train	00182934
train	00182935
train	00182943
train	00182944
train	00182983
train	00182984
train	00182985
train	00182990
train	00182998
train	00182999
train	00183006
train	00183034
train	00183046
train	00183085
train	00183091
train	00183092
train	00183093
train	00183103
train	00183116
train	00183135
train	00183136
train	00183143
train	00183155
train	00183157
train	00183201
train	00183204
train	00183211
train	00183213
train	00183249
train	00183258
train	00183259
train	00183286
train	00183320
train	00183323
train	00183324
train	00183329
train	00183382
train	00183402
train	00183403
train	00183412
train	00183426
train	00183441
train	00183577
train	00183588
train	00183656
train	00183659
train	00183660
train	00183679
train	00183687
train	00183762
train	00183763
train	00183795
train	00183797
train	00183798
train	00183824
train	00183855
train	00183865
train	00183870
train	00183888
train	00183900
train	00183930
train	00183951
train	00183986
train	00183994
train	00184009
train	00184012
train	00184058
train	00184059
train	00184076
train	00184077
train	00184079
train	00184082
train	00184083
train	00184084
train	00184086
train	00184093
train	00184134
train	00184145
train	00184222
train	00184280
train	00184303
train	00184306
train	00184318
train	00184337
train	00184349
train	00184361
train	00184376
train	00184377
train	00184400
train	00184446
train	00184447
train	00184514
train	00184515
train	00184516
train	00184525
train	00184539
train	00184564
train	00184603
train	00184611
train	00184638
train	00184648
train	00184681
train	00184702
train	00184717
train	00184734
train	00184759
train	00184775
train	00184776
train	00184789
train	00184799
train	00184810
train	00184910
train	00184940
train	00184947
train	00184978
train	00184994
train	00184995
train	00185090
train	00185096
train	00185133
train	00185135
train	00185147
train	00185149
train	00185158
train	00185181
train	00185223
train	00185230
train	00185274
train	00185289
train	00185306
train	00185347
train	00185353
train	00185363
train	00185373
train	00185374
train	00185410
train	00185417
train	00185422
train	00185423
train	00185424
train	00185445
train	00185447
train	00185470
train	00185615
train	00185640
train	00185641
train	00185646
train	00185671
train	00185702
train	00185703
train	00185708
train	00185710
train	00185766
train	00186003
train	00186023
train	00186034
train	00186035
train	00186071
train	00186121
train	00186145
train	00186146
train	00186162
train	00186181
train	00186224
train	00186227
train	00186251
train	00186262
train	00186279
train	00186297
train	00186306
train	00186336
train	00186401
train	00186514
train	00186611
train	00186625
train	00186633
train	00186634
train	00186635
train	00186714
train	00186715
train	00186752
train	00186766
train	00186777
train	00186793
train	00186803
train	00186817
train	00186831
train	00186836
train	00186866
train	00186892
train	00186990
train	00187016
train	00187025
train	00187038
train	00187039
train	00187043
train	00187104
train	00187114
train	00187115
train	00187152
train	00187181
train	00187188
train	00187197
train	00187198
train	00187221
train	00187222
train	00187271
train	00187291
train	00187294
train	00187300
train	00187301
train	00187312
train	00187313
train	00187314
train	00187319
train	00187350
train	00187353
train	00187367
train	00187380
train	00187381
train	00187427
train	00187429
train	00187432
train	00187435
train	00187437
train	00187438
train	00187439
train	00187442
train	00187443
train	00187531
train	00187550
train	00187572
train	00187573
train	00187579
train	00187593
train	00188026
train	00188036
train	00188049
train	00188054
train	00188061
train	00188067
train	00188073
train	00188103
train	00188124
train	00188166
train	00188168
train	00188169
train	00188177
train	00188180
train	00188181
train	00188186
train	00188200
train	00188379
train	00188383
train	00188393
train	00188437
train	00188610
train	00188618
train	00188645
train	00188646
train	00188663
train	00188720
train	00188740
train	00188753
train	00188756
train	00188833
train	00188861
train	00188879
train	00188901
train	00188962
train	00188987
train	00189002
train	00189003
train	00189043
train	00189096
train	00189183
train	00189194
train	00189195
train	00189197
train	00189198
train	00189199
train	00189200
train	00189201
train	00189205
train	00189206
train	00189211
train	00189213
train	00189214
train	00189217
train	00189219
train	00189223
train	00189226
train	00189232
train	00189233
train	00189238
train	00189242
train	00189281
train	00189282
train	00189283
train	00189306
train	00189363
train	00189365
train	00189399
train	00189419
train	00189428
train	00189429
train	00189497
train	00189499
train	00189525
train	00189561
train	00189580
train	00189581
train	00189630
train	00189675
train	00189767
train	00189768
train	00189769
train	00189773
train	00189818
train	00189842
train	00189897
train	00189901
train	00189958
train	00190078
train	00190172
train	00190176
train	00190191
train	00190255
train	00190256
train	00190277
train	00190293
train	00190433
train	00190500
train	00190502
train	00190608
train	00190618
train	00190626
train	00190627
train	00190629
train	00190648
train	00190786
train	00190791
train	00190811
train	00190815
train	00190859
train	00190860
train	00190957
train	00190960
train	00190965
train	00190969
train	00190970
train	00190979
train	00190989
train	00191036
train	00191043
train	00191044
train	00191059
train	00191070
train	00191091
train	00191109
train	00191116
train	00191148
train	00191156
train	00191178
train	00191181
train	00191182
train	00191183
train	00191189
train	00191190
train	00191200
train	00191201
train	00191203
train	00191236
train	00191270
train	00191318
train	00191320
train	00191321
train	00191322
train	00191338
train	00191383
train	00191421
train	00191422
train	00191423
train	00191443
train	00191453
train	00191501
train	00191523
train	00191550
train	00191575
train	00191614
train	00191627
train	00191705
train	00191720
train	00191725
train	00191729
train	00191773
train	00191787
train	00191798
train	00191845
train	00191883
train	00191888
train	00192013
train	00192015
train	00192053
train	00192079
train	00192101
train	00192102
train	00192115
train	00192172
train	00192187
train	00192193
train	00192234
train	00192249
train	00192306
train	00192317
train	00192338
train	00192468
train	00192474
train	00192482
train	00192495
train	00192524
train	00192618
train	00192630
train	00192706
train	00192722
train	00192733
train	00192734
train	00192746
train	00192756
train	00192782
train	00192803
train	00192810
train	00192811
train	00192812
train	00192813
train	00192828
train	00192946
train	00193103
train	00193120
train	00193162
train	00193180
train	00193202
train	00193203
train	00193206
train	00193207
train	00193263
train	00193313
train	00193413
train	00193414
train	00193416
train	00193417
train	00193418
train	00193448
train	00193450
train	00193609
train	00193651
train	00193657
train	00193667
train	00193668
train	00193669
train	00193671
train	00193673
train	00193674
train	00193676
train	00193679
train	00193680
train	00193684
train	00193688
train	00193689
train	00193694
train	00193695
train	00193697
train	00193706
train	00193738
train	00193835
train	00193903
train	00193926
train	00194035
train	00194054
train	00194084
train	00194089
train	00194112
train	00194120
train	00194152
train	00194364
train	00194365
train	00194451
train	00194452
train	00194453
train	00194454
train	00194480
train	00194483
train	00194486
train	00194487
train	00194521
train	00194537
train	00194674
train	00194716
train	00194718
train	00194733
train	00194762
train	00194766
train	00194778
train	00194785
train	00194810
train	00194866
train	00194921
train	00194929
train	00194984
train	00194989
train	00195000
train	00195024
train	00195031
train	00195036
train	00195059
train	00195069
train	00195161
train	00195228
train	00195393
train	00195402
train	00195425
train	00195499
train	00195519
train	00195532
train	00195559
train	00195575
train	00195576
train	00195581
train	00195590
train	00195601
train	00195647
train	00195678
train	00195679
train	00195724
train	00195726
train	00195763
train	00195764
train	00195765
train	00195774
train	00195782
train	00195826
train	00195836
train	00195843
train	00195996
train	00196002
train	00196023
train	00196024
train	00196025
train	00196036
train	00196044
train	00196059
train	00196071
train	00196074
train	00196181
train	00196217
train	00196291
train	00196308
train	00196340
train	00196369
train	00196377
train	00196423
train	00196431
train	00196439
train	00196457
train	00196462
train	00196466
train	00196477
train	00196492
train	00196496
train	00196511
train	00196515
train	00196526
train	00196538
train	00196539
train	00196548
train	00196561
train	00196606
train	00196659
train	00196753
train	00196759
train	00196776
train	00196794
train	00196946
train	00196949
train	00196959
train	00196988
train	00197100
train	00197150
train	00197168
train	00197169
train	00197175
train	00197176
train	00197179
train	00197181
train	00197185
train	00197186
train	00197189
train	00197225
train	00197246
train	00197261
train	00197322
train	00197426
train	00197451
train	00197478
train	00197480
train	00197481
train	00197485
train	00197487
train	00197489
train	00197490
train	00197495
train	00197517
train	00197570
train	00197621
train	00197633
train	00197642
train	00197655
train	00197662
train	00197737
train	00197744
train	00197754
train	00197791
train	00197797
train	00197837
train	00197840
train	00197841
train	00197894
train	00197940
train	00198058
train	00198105
train	00198113
train	00198127
train	00198145
train	00198149
train	00198150
train	00198154
train	00198155
train	00198161
train	00198164
train	00198294
train	00198387
train	00198400
train	00198420
train	00198429
train	00198449
train	00198452
train	00198457
train	00198459
train	00198477
train	00198487
train	00198490
train	00198523
train	00198534
train	00198588
train	00198592
train	00198748
train	00198749
train	00198751
train	00198753
train	00198759
train	00198771
train	00198787
train	00198793
train	00198805
train	00198850
train	00198873
train	00198879
train	00198918
train	00198920
train	00198921
train	00198923
train	00198924
train	00198936
train	00198943
train	00198978
train	00198998
train	00199024
train	00199055
train	00199088
train	00199096
train	00199097
train	00199098
train	00199110
train	00199117
train	00199122
train	00199133
train	00199144
train	00199209
train	00199211
train	00199271
train	00199272
train	00199273
train	00199452
train	00199484
train	00199490
train	00199495
train	00199542
train	00199545
train	00199547
train	00199646
train	00199647
train	00199649
train	00199697
train	00199716
train	00199747
train	00199798
train	00199799
train	00199831
train	00199860
train	00199898
train	00199904
train	00199908
train	00199909
train	00199911
train	00199912
train	00199915
train	00199969
train	00199976
train	00199989
train	00200107
train	00200110
train	00200115
train	00200119
train	00200130
train	00200138
train	00200192
train	00200200
train	00200213
train	00200228
train	00200270
train	00200295
train	00200309
train	00200312
train	00200317
train	00200318
train	00200319
train	00200335
train	00200338
train	00200345
train	00200350
train	00200369
train	00200374
train	00200434
train	00200436
train	00200439
train	00200441
train	00200453
train	00200474
train	00200489
train	00200555
train	00200578
train	00200580
train	00200584
train	00200585
train	00200586
train	00200608
train	00200661
train	00200663
train	00200689
train	00200702
train	00200779
train	00200788
train	00200838
train	00200842
train	00200853
train	00200882
train	00200893
train	00200895
train	00200896
train	00200901
train	00200920
train	00200960
train	00201032
train	00201033
train	00201034
train	00201035
train	00201045
train	00201068
train	00201098
train	00201110
train	00201117
train	00201121
train	00201256
train	00201270
train	00201271
train	00201291
train	00201327
train	00201420
train	00201441
train	00201496
train	00201500
train	00201506
train	00201526
train	00201535
train	00201550
train	00201607
train	00201610
train	00201640
train	00201667
train	00201717
train	00201738
train	00201747
train	00201765
train	00201766
train	00201767
train	00201777
train	00201790
train	00201800
train	00201830
train	00202007
train	00202083
train	00202113
train	00202145
train	00202155
train	00202168
train	00202211
train	00202495
train	00202500
train	00202502
train	00202527
train	00202546
train	00202563
train	00202604
train	00202614
train	00202659
train	00202674
train	00202677
train	00202686
train	00202739
train	00202766
train	00202767
train	00202784
train	00202820
train	00202872
train	00202895
train	00202896
train	00202972
train	00202978
train	00202981
train	00203033
train	00203034
train	00203043
train	00203048
train	00203061
train	00203170
train	00203178
train	00203217
train	00203259
train	00203305
train	00203325
train	00203337
train	00203338
train	00203354
train	00203360
train	00203457
train	00203466
train	00203479
train	00203487
train	00203607
train	00203626
train	00203662
train	00203771
train	00203898
train	00203936
train	00203960
train	00203962
train	00204021
train	00204059
train	00204073
train	00204080
train	00204087
train	00204093
train	00204158
train	00204159
train	00204160
train	00204161
train	00204179
train	00204236
train	00204271
train	00204272
train	00204321
train	00204322
train	00204326
train	00204339
train	00204342
train	00204373
train	00204382
train	00204404
train	00204427
train	00204437
train	00204532
train	00204533
train	00204565
train	00204571
train	00204639
train	00204879
train	00204882
train	00204904
train	00204913
train	00204920
train	00204968
train	00204995
train	00205059
train	00205064
train	00205154
train	00205157
train	00205184
train	00205293
train	00205295
train	00205341
train	00205345
train	00205396
train	00205410
train	00205418
train	00205427
train	00205483
train	00205558
train	00205560
train	00205563
train	00205564
train	00205567
train	00205569
train	00205571
train	00205574
train	00205588
train	00205591
train	00205600
train	00205601
train	00205613
train	00205621
train	00205692
train	00205716
train	00205717
train	00205756
train	00205757
train	00205773
train	00205775
train	00205789
train	00205814
train	00205834
train	00205861
train	00205882
train	00205884
train	00205887
train	00205912
train	00205978
train	00205999
train	00206024
train	00206034
train	00206046
train	00206092
train	00206108
train	00206143
train	00206198
train	00206226
train	00206403
train	00206405
train	00206411
train	00206421
train	00206459
train	00206464
train	00206497
train	00206500
train	00206600
train	00206673
train	00206752
train	00206799
train	00206808
train	00206815
train	00206819
train	00206841
train	00206856
train	00206858
train	00206869
train	00206943
train	00206949
train	00206970
train	00207032
train	00207033
train	00207035
train	00207053
train	00207054
train	00207075
train	00207077
train	00207261
train	00207264
train	00207268
train	00207279
train	00207285
train	00207327
train	00207353
train	00207358
train	00207363
train	00207499
train	00207566
train	00207568
train	00207569
train	00207570
train	00207764
train	00207777
train	00207782
train	00207831
train	00207838
train	00207840
train	00207864
train	00207900
train	00207927
train	00207929
train	00207942
train	00207967
train	00207981
train	00208079
train	00208080
train	00208115
train	00208152
train	00208191
train	00208204
train	00208231
train	00208246
train	00208272
train	00208274
train	00208280
train	00208282
train	00208283
train	00208297
train	00208298
train	00208300
train	00208335
train	00208337
train	00208344
train	00208355
train	00208368
train	00208370
train	00208371
train	00208392
train	00208397
train	00208398
train	00208399
train	00208411
train	00208413
train	00208435
train	00208436
train	00208461
train	00208463
train	00208464
train	00208487
train	00208492
train	00208493
train	00208494
train	00208498
train	00208501
train	00208776
train	00208818
train	00208830
train	00208845
train	00208936
train	00209091
train	00209093
train	00209094
train	00209095
train	00209100
train	00209102
train	00209113
train	00209115
train	00209135
train	00209141
train	00209160
train	00209172
train	00209173
train	00209226
train	00209243
train	00209252
train	00209254
train	00209258
train	00209289
train	00209308
train	00209337
train	00209372
train	00209379
train	00209387
train	00209393
train	00209417
train	00209420
train	00209447
train	00209465
train	00209467
train	00209548
train	00209549
train	00209584
train	00209705
train	00209985
train	00210113
train	00210127
train	00210130
train	00210181
train	00210183
train	00210200
train	00210215
train	00210231
train	00210248
train	00210249
train	00210250
train	00210268
train	00210293
train	00210295
train	00210297
train	00210327
train	00210328
train	00210330
train	00210336
train	00210405
train	00210425
train	00210444
train	00210456
train	00210466
train	00210498
train	00210520
train	00210523
train	00210559
train	00210564
train	00210638
train	00210664
train	00210666
train	00210667
train	00210672
train	00210682
train	00210695
train	00210733
train	00210739
train	00210765
train	00210806
train	00210808
train	00210866
train	00210868
train	00210869
train	00210872
train	00210881
train	00210900
train	00210902
train	00210907
train	00210914
train	00210915
train	00210922
train	00210968
train	00210990
train	00211041
train	00211140
train	00211250
train	00211251
train	00211270
train	00211310
train	00211316
train	00211335
train	00211337
train	00211338
train	00211351
train	00211368
train	00211419
train	00211422
train	00211435
train	00211474
train	00211480
train	00211485
train	00211519
train	00211585
train	00211730
train	00211731
train	00211761
train	00211807
train	00211814
train	00211885
train	00211886
train	00212070
train	00212088
train	00212094
train	00212095
train	00212113
train	00212121
train	00212218
train	00212223
train	00212225
train	00212242
train	00212267
train	00212335
train	00212364
train	00212368
train	00212385
train	00212387
train	00212395
train	00212442
train	00212478
train	00212584
train	00212593
train	00212603
train	00212636
train	00212637
train	00212640
train	00212647
train	00212655
train	00212682
train	00212703
train	00212735
train	00212752
train	00212767
train	00212838
train	00212866
train	00212922
train	00212924
train	00213059
train	00213126
train	00213142
train	00213194
train	00213203
train	00213250
train	00213258
train	00213302
train	00213307
train	00213308
train	00213309
train	00213326
train	00213328
train	00213332
train	00213333
train	00213361
train	00213375
train	00213396
train	00213448
train	00213460
train	00213463
train	00213524
train	00213525
train	00213576
train	00213577
train	00213586
train	00213654
train	00213712
train	00213715
train	00213716
train	00213717
train	00213724
train	00213731
train	00213889
train	00213929
train	00213942
train	00213944
train	00213960
train	00214032
train	00214081
train	00214089
train	00214095
train	00214096
train	00214100
train	00214103
train	00214134
train	00214135
train	00214162
train	00214163
train	00214164
train	00214181
train	00214257
train	00214283
train	00214286
train	00214288
train	00214290
train	00214297
train	00214306
train	00214308
train	00214310
train	00214312
train	00214317
train	00214321
train	00214329
train	00214341
train	00214350
train	00214365
train	00214414
train	00214450
train	00214465
train	00214517
train	00214622
train	00214679
train	00214710
train	00214718
train	00214735
train	00214736
train	00214764
train	00214765
train	00214853
train	00214922
train	00215010
train	00215034
train	00215035
train	00215048
train	00215147
train	00215148
train	00215280
train	00215328
train	00215331
train	00215334
train	00215337
train	00215338
train	00215339
train	00215343
train	00215353
train	00215354
train	00215366
train	00215442
train	00215455
train	00215545
train	00215549
train	00215551
train	00215554
train	00215560
train	00215597
train	00215646
train	00215647
train	00215706
train	00215707
train	00215710
train	00215714
train	00215717
train	00215730
train	00215737
train	00215742
train	00215744
train	00215794
train	00215798
train	00215800
train	00215801
train	00215803
train	00215812
train	00215817
train	00215824
train	00215825
train	00215826
train	00215828
train	00215871
train	00215872
train	00215881
train	00215963
train	00216011
train	00216046
train	00216097
train	00216111
train	00216112
train	00216219
train	00216244
train	00216252
train	00216254
train	00216259
train	00216260
train	00216264
train	00216270
train	00216278
train	00216279
train	00216281
train	00216284
train	00216294
train	00216337
train	00216338
train	00216340
train	00216351
train	00216356
train	00216416
train	00216417
train	00216451
train	00216528
train	00216529
train	00216530
train	00216531
train	00216551
train	00216730
train	00216753
train	00216762
train	00216782
train	00216787
train	00216799
train	00216893
train	00216973
train	00217006
train	00217018
train	00217025
train	00217028
train	00217052
train	00217063
train	00217066
train	00217097
train	00217157
train	00217195
train	00217304
train	00217318
train	00217330
train	00217342
train	00217343
train	00217345
train	00217348
train	00217388
train	00217390
train	00217401
train	00217403
train	00217413
train	00217529
train	00217535
train	00217547
train	00217549
train	00217550
train	00217555
train	00217567
train	00217580
train	00217584
train	00217611
train	00217617
train	00217619
train	00217641
train	00217693
train	00217705
train	00217706
train	00217707
train	00217709
train	00217722
train	00217724
train	00217754
train	00217761
train	00217796
train	00217841
train	00217842
train	00217857
train	00217894
train	00217908
train	00217926
train	00217955
train	00217956
train	00217961
train	00217988
train	00217990
train	00218008
train	00218059
train	00218061
train	00218157
train	00218168
train	00218178
train	00218185
train	00218189
train	00218215
train	00218216
train	00218254
train	00218295
train	00218297
train	00218298
train	00218345
train	00218346
train	00218349
train	00218350
train	00218351
train	00218354
train	00218356
train	00218358
train	00218359
train	00218365
train	00218367
train	00218368
train	00218373
train	00218376
train	00218379
train	00218380
train	00218408
train	00218409
train	00218435
train	00218441
train	00218458
train	00218505
train	00218512
train	00218526
train	00218533
train	00218560
train	00218602
train	00218625
train	00218727
train	00218770
train	00218771
train	00218772
train	00218773
train	00218777
train	00218778
train	00218780
train	00218781
train	00218782
train	00218785
train	00218786
train	00218787
train	00218796
train	00218797
train	00218799
train	00218803
train	00218804
train	00218827
train	00218873
train	00218888
train	00218890
train	00218904
train	00218905
train	00218906
train	00218908
train	00218914
train	00218918
train	00218921
train	00218922
train	00218926
train	00218936
train	00218951
train	00218960
train	00218961
train	00218994
train	00218995
train	00218996
train	00219038
train	00219042
train	00219044
train	00219045
train	00219047
train	00219048
train	00219049
train	00219050
train	00219051
train	00219066
train	00219074
train	00219095
train	00219115
train	00219136
train	00219170
train	00219178
train	00219192
train	00219208
train	00219210
train	00219211
train	00219217
train	00219372
train	00219373
train	00219374
train	00219375
train	00219391
train	00219393
train	00219411
train	00219506
train	00219509
train	00219577
train	00219578
train	00219584
train	00219620
train	00219703
train	00219704
train	00219709
train	00219719
train	00219720
train	00219722
train	00219726
train	00219733
train	00219735
train	00219740
train	00219746
train	00219749
train	00219752
train	00219859
train	00219860
train	00219862
train	00219863
train	00219864
train	00219866
train	00219869
train	00219870
train	00219871
train	00219872
train	00219874
train	00219875
train	00219876
train	00219880
train	00219882
train	00219886
train	00219887
train	00219888
train	00219889
train	00219890
train	00219892
train	00219893
train	00219894
train	00219895
train	00219897
train	00219899
train	00219900
train	00219901
train	00219903
train	00219904
train	00219907
train	00219908
train	00219911
train	00219914
train	00219915
train	00219925
train	00219926
train	00219936
train	00219939
train	00219940
train	00219943
train	00219949
train	00220104
train	00220212
train	00220215
train	00220217
train	00220231
train	00220290
train	00220294
train	00220341
train	00220350
train	00220357
train	00220369
train	00220439
train	00220456
train	00220458
train	00220497
train	00220501
train	00220530
train	00220533
train	00220535
train	00220550
train	00220553
train	00220585
train	00220597
train	00220599
train	00220604
train	00220615
train	00220616
train	00220713
train	00220722
train	00220725
train	00220735
train	00220751
train	00220770
train	00220771
train	00220772
train	00220796
train	00220798
train	00220805
train	00220852
train	00220854
train	00220856
train	00220857
train	00220859
train	00220860
train	00220865
train	00220872
train	00220877
train	00220883
train	00220889
train	00220895
train	00220912
train	00220913
train	00220917
train	00220922
train	00220923
train	00220925
train	00220928
train	00220950
train	00220951
train	00220957
train	00220974
train	00220976
train	00220980
train	00220982
train	00220984
train	00220985
train	00220996
train	00220997
train	00220998
train	00220999
train	00221000
train	00221004
train	00221009
train	00221010
train	00221012
train	00221021
train	00221023
train	00221024
train	00221025
train	00221030
train	00221051
train	00221058
train	00221076
train	00221077
train	00221078
train	00221082
train	00221084
train	00221090
train	00221096
train	00221127
train	00221173
train	00221178
train	00221185
train	00221300
train	00221311
train	00221312
train	00221313
train	00221314
train	00221318
train	00221340
train	00221349
train	00221361
train	00221387
train	00221402
train	00221408
train	00221410
train	00221446
train	00221449
train	00221451
train	00221465
train	00221492
train	00221499
train	00221518
train	00221540
train	00221543
train	00221569
train	00221642
train	00221648
train	00221684
train	00221687
train	00221718
train	00221725
train	00221739
train	00221746
train	00221834
train	00221847
train	00221849
train	00221852
train	00221874
train	00221888
train	00221889
train	00221891
train	00221892
train	00221893
train	00221911
train	00221924
train	00221935
train	00221936
train	00221937
train	00221941
train	00221950
train	00221952
train	00221953
train	00221955
train	00221956
train	00221957
train	00221959
train	00221960
train	00221961
train	00221962
train	00221968
train	00221972
train	00221973
train	00221974
train	00221976
train	00221998
train	00222006
train	00222017
train	00222022
train	00222024
train	00222029
train	00222044
train	00222069
train	00222100
train	00222141
train	00222142
train	00222168
train	00222171
train	00222173
train	00222242
train	00222296
train	00222306
train	00222312
train	00222313
train	00222314
train	00222315
train	00222318
train	00222365
train	00222366
train	00222378
train	00222381
train	00222406
train	00222408
train	00222413
train	00222415
train	00222421
train	00222431
train	00222437
train	00222490
train	00222491
train	00222493
train	00222494
train	00222507
train	00222522
train	00222547
train	00222576
train	00222578
train	00222593
train	00222596
train	00222598
train	00222600
train	00222613
train	00222633
train	00222643
train	00222645
train	00222646
train	00222716
train	00222750
train	00222752
train	00222758
train	00222759
train	00222763
train	00222837
train	00222855
train	00222980
train	00222982
train	00222984
train	00222988
train	00222989
train	00222990
train	00222991
train	00222992
train	00222993
train	00223004
train	00223049
train	00223059
train	00223097
train	00223101
train	00223105
train	00223142
train	00223170
train	00223175
train	00223243
train	00223246
train	00223253
train	00223277
train	00223280
train	00223283
train	00223347
train	00223350
train	00223352
train	00223407
train	00223411
train	00223412
train	00223415
train	00223464
train	00223507
train	00223508
train	00223509
train	00223541
train	00223542
train	00223556
train	00223562
train	00223579
train	00223603
train	00223606
train	00223607
train	00223608
train	00223610
train	00223614
train	00223634
train	00223642
train	00223644
train	00223648
train	00223652
train	00223653
train	00223659
train	00223664
train	00223678
train	00223679
train	00223681
train	00223689
train	00223754
train	00223768
train	00223770
train	00223776
train	00223779
train	00223803
train	00223804
train	00223826
train	00223881
train	00223885
train	00223891
train	00223915
train	00223917
train	00223924
train	00223927
train	00223949
train	00223950
train	00223951
train	00223963
train	00223966
train	00223982
train	00223992
train	00223997
train	00224000
train	00224002
train	00224005
train	00224073
train	00224087
train	00224090
train	00224145
train	00224147
train	00224169
train	00224213
train	00224225
train	00224261
train	00224275
train	00224276
train	00224277
train	00224338
train	00224339
train	00224341
train	00224344
train	00224350
train	00224351
train	00224354
train	00224355
train	00224404
train	00224423
train	00224428
train	00224432
train	00224437
train	00224510
train	00224539
train	00224598
train	00224623
train	00224633
train	00224675
train	00224705
train	00224713
train	00224740
train	00224741
train	00224744
train	00224747
train	00224751
train	00224754
train	00224863
train	00224864
train	00224865
train	00224866
train	00224869
train	00224873
train	00224879
train	00224990
train	00225140
train	00225177
train	00225188
train	00225206
train	00225217
train	00225265
train	00225276
train	00225330
train	00225416
train	00225485
train	00225518
train	00225519
train	00225524
train	00225526
train	00225530
train	00225532
train	00225554
train	00225572
train	00225586
train	00225589
train	00225631
train	00225663
train	00225678
train	00225695
train	00225696
train	00225710
train	00225722
train	00225801
train	00226154
train	00226164
train	00226165
train	00226192
train	00226195
train	00226198
train	00226200
train	00226201
train	00226213
train	00226222
train	00226234
train	00226239
train	00226264
train	00226265
train	00226270
train	00226271
train	00226273
train	00226277
train	00226280
train	00226284
train	00226286
train	00226289
train	00226294
train	00226318
train	00226338
train	00226341
train	00226348
train	00226378
train	00226379
train	00226383
train	00226404
train	00226476
train	00226533
train	00226537
train	00226545
train	00226549
train	00226568
train	00226619
train	00226653
train	00226654
train	00226680
train	00226685
train	00226691
train	00226699
train	00226706
train	00226787
train	00226848
train	00226857
train	00226924
train	00226945
train	00226950
train	00227081
train	00227089
train	00227125
train	00227127
train	00227145
train	00227152
train	00227177
train	00227201
train	00227205
train	00227210
train	00227215
train	00227229
train	00227231
train	00227248
train	00227249
train	00227290
train	00227296
train	00227311
train	00227316
train	00227328
train	00227333
train	00227335
train	00227337
train	00227344
train	00227348
train	00227367
train	00227370
train	00227378
train	00227396
train	00227417
train	00227434
train	00227446
train	00227511
train	00227539
train	00227543
train	00227545
train	00227546
train	00227548
train	00227550
train	00227552
train	00227553
train	00227559
train	00227560
train	00227561
train	00227566
train	00227567
train	00227577
train	00227583
train	00227596
train	00227597
train	00227598
train	00227606
train	00227607
train	00227614
train	00227617
train	00227618
train	00227621
train	00227623
train	00227625
train	00227645
train	00227647
train	00227648
train	00227656
train	00227657
train	00227677
train	00227679
train	00227680
train	00227681
train	00227682
train	00227685
train	00227686
train	00227695
train	00227696
train	00227698
train	00227701
train	00227719
train	00227745
train	00227751
train	00227838
train	00227856
train	00227870
train	00227871
train	00227918
train	00227924
train	00227927
train	00227928
train	00227931
train	00227949
train	00228030
train	00228045
train	00228057
train	00228058
train	00228066
train	00228107
train	00228144
train	00228170
train	00228171
train	00228172
train	00228183
train	00228184
train	00228227
train	00228231
train	00228233
train	00228234
train	00228241
train	00228247
train	00228268
train	00228300
train	00228322
train	00228336
train	00228338
train	00228342
train	00228426
train	00228536
train	00228543
train	00228544
train	00228562
train	00228568
train	00228569
train	00228640
train	00228645
train	00228692
train	00228712
train	00228796
train	00228814
train	00228836
train	00228866
train	00228872
train	00228876
train	00228892
train	00229204
train	00229208
train	00229212
train	00229218
train	00229223
train	00229255
train	00229272
train	00229273
train	00229292
train	00229333
train	00229345
train	00229382
train	00229393
train	00229394
train	00229396
train	00229397
train	00229442
train	00229451
train	00229456
train	00229481
train	00229492
train	00229497
train	00229582
train	00229592
train	00229596
train	00229598
train	00229601
train	00229602
train	00229603
train	00229610
train	00229615
train	00229641
train	00229683
train	00229712
train	00229716
train	00229717
train	00229718
train	00229719
train	00229721
train	00229740
train	00229845
train	00229874
train	00229876
train	00229885
train	00229887
train	00229907
train	00229912
train	00229917
train	00229952
train	00229985
train	00230086
train	00230088
train	00230151
train	00230179
train	00230181
train	00230186
train	00230260
train	00230293
train	00230309
train	00230310
train	00230316
train	00230321
train	00230367
train	00230420
train	00230421
train	00230422
train	00230459
train	00230466
train	00230467
train	00230499
train	00230508
train	00230509
train	00230513
train	00230514
train	00230515
train	00230518
train	00230525
train	00230526
train	00230537
train	00230546
train	00230576
train	00230599
train	00230609
train	00230610
train	00230632
train	00230703
train	00230720
train	00230725
train	00230726
train	00230727
train	00230734
train	00230799
train	00230894
train	00230895
train	00230905
train	00230921
train	00230922
train	00230924
train	00230943
train	00230945
train	00230992
train	00231005
train	00231020
train	00231033
train	00231034
train	00231045
train	00231049
train	00231060
train	00231061
train	00231067
train	00231070
train	00231071
train	00231072
train	00231093
train	00231097
train	00231099
train	00231100
train	00231101
train	00231103
train	00231133
train	00231136
train	00231199
train	00231234
train	00231271
train	00231274
train	00231278
train	00231293
train	00231312
train	00231348
train	00231350
train	00231351
train	00231352
train	00231357
train	00231364
train	00231366
train	00231401
train	00231419
train	00231421
train	00231425
train	00231427
train	00231465
train	00231478
train	00231485
train	00231493
train	00231529
train	00231530
train	00231536
train	00231541
train	00231546
train	00231549
train	00231553
train	00231554
train	00231561
train	00231596
train	00231599
train	00231610
train	00231612
train	00231617
train	00231631
train	00231661
train	00231673
train	00231689
train	00231692
train	00231721
train	00231722
train	00231726
train	00231746
train	00231795
train	00231796
train	00231799
train	00231801
train	00231813
train	00231838
train	00231863
train	00231865
train	00231881
train	00231883
train	00231885
train	00231886
train	00231888
train	00231897
train	00231902
train	00231903
train	00231904
train	00231905
train	00231915
train	00231916
train	00231918
train	00231919
train	00231920
train	00231921
train	00231922
train	00231924
train	00231925
train	00231928
train	00231930
train	00231931
train	00231933
train	00231934
train	00231935
train	00231937
train	00231942
train	00231944
train	00231946
train	00231947
train	00231950
train	00231958
train	00231963
train	00231966
train	00231972
train	00231991
train	00231998
train	00232002
train	00232003
train	00232006
train	00232008
train	00232009
train	00232010
train	00232011
train	00232012
train	00232038
train	00232041
train	00232042
train	00232044
train	00232057
train	00232059
train	00232061
train	00232062
train	00232073
train	00232091
train	00232116
train	00232121
train	00232150
train	00232166
train	00232171
train	00232172
train	00232185
train	00232241
train	00232345
train	00232354
train	00232379
train	00232382
train	00232420
train	00232422
train	00232436
train	00232445
train	00232467
train	00232468
train	00232479
train	00232480
train	00232493
train	00232499
train	00232500
train	00232509
train	00232550
train	00232551
train	00232586
train	00232602
train	00232603
train	00232605
train	00232607
train	00232608
train	00232611
train	00232612
train	00232616
train	00232618
train	00232619
train	00232620
train	00232633
train	00232697
train	00232728
train	00232730
train	00232739
train	00232741
train	00232742
train	00232743
train	00232749
train	00232750
train	00232752
train	00232753
train	00232764
train	00232766
train	00232767
train	00232769
train	00232770
train	00232771
train	00232774
train	00232776
train	00232777
train	00232778
train	00232779
train	00232780
train	00232781
train	00232783
train	00232786
train	00232802
train	00232804
train	00232805
train	00232812
train	00232830
train	00232874
train	00232881
train	00232882
train	00232885
train	00232887
train	00232888
train	00232889
train	00232890
train	00232891
train	00232903
train	00232905
train	00232913
train	00232916
train	00232929
train	00232944
train	00232946
train	00232949
train	00232954
train	00232956
train	00232961
train	00232963
train	00232976
train	00232991
train	00233062
train	00233122
train	00233123
train	00233124
train	00233125
train	00233126
train	00233143
train	00233157
train	00233173
train	00233215
train	00233252
train	00233285
train	00233448
train	00233451
train	00233468
train	00233514
train	00233528
train	00233590
train	00233597
train	00233598
train	00233756
train	00233814
train	00233934
train	00233935
train	00233947
train	00233969
train	00233976
train	00233978
train	00233979
train	00233985
train	00233986
train	00234017
train	00234045
train	00234074
train	00234097
train	00234128
train	00234138
train	00234152
train	00234153
train	00234169
train	00234222
train	00234223
train	00234240
train	00234286
train	00234291
train	00234308
train	00234386
train	00234405
train	00234428
train	00234437
train	00234452
train	00234465
train	00234488
train	00234514
train	00234525
train	00234526
train	00234530
train	00234551
train	00234567
train	00234585
train	00234586
train	00234589
train	00234590
train	00234594
train	00234598
train	00234600
train	00234612
train	00234615
train	00234714
train	00234716
train	00234752
train	00234757
train	00234758
train	00234760
train	00234761
train	00234772
train	00234775
train	00234779
train	00234781
train	00234826
train	00234827
train	00234893
train	00234895
train	00234906
train	00234907
train	00234917
train	00234918
train	00234928
train	00234950
train	00235000
train	00235040
train	00235121
train	00235135
train	00235163
train	00235165
train	00235204
train	00235221
train	00235226
train	00235251
train	00235259
train	00235296
train	00235300
train	00235320
train	00235526
train	00235533
train	00235536
train	00235538
train	00235539
train	00235553
train	00235611
train	00235626
train	00235686
train	00235772
train	00235853
train	00235933
train	00235934
train	00235956
train	00235958
train	00235960
train	00235984
train	00235991
train	00236000
train	00236001
train	00236007
train	00236008
train	00236012
train	00236027
train	00236028
train	00236037
train	00236038
train	00236039
train	00236076
train	00236082
train	00236118
train	00236122
train	00236125
train	00236127
train	00236130
train	00236131
train	00236175
train	00236177
train	00236185
train	00236191
train	00236247
train	00236248
train	00236271
train	00236274
train	00236278
train	00236286
train	00236287
train	00236326
train	00236374
train	00236421
train	00236423
train	00236435
train	00236462
train	00236493
train	00236532
train	00236533
train	00236534
train	00236535
train	00236536
train	00236537
train	00236569
train	00236574
train	00236615
train	00236651
train	00236677
train	00236681
train	00236736
train	00236738
train	00236764
train	00236770
train	00236772
train	00236787
train	00236812
train	00236845
train	00236850
train	00236885
train	00236925
train	00236990
train	00237003
train	00237017
train	00237021
train	00237064
train	00237194
train	00237234
train	00237264
train	00237266
train	00237267
train	00237276
train	00237281
train	00237291
train	00237312
train	00237314
train	00237315
train	00237316
train	00237319
train	00237320
train	00237321
train	00237326
train	00237328
train	00237334
train	00237349
train	00237353
train	00237364
train	00237388
train	00237466
train	00237550
train	00237554
train	00237621
train	00237664
train	00237679
train	00237691
train	00237698
train	00237700
train	00237704
train	00237705
train	00237730
train	00237737
train	00237742
train	00237743
train	00237745
train	00237842
train	00237843
train	00237883
train	00237906
train	00237909
train	00237926
train	00237927
train	00237983
train	00237986
train	00237988
train	00238005
train	00238013
train	00238020
train	00238065
train	00238094
train	00238102
train	00238108
train	00238112
train	00238153
train	00238189
train	00238224
train	00238226
train	00238229
train	00238232
train	00238257
train	00238272
train	00238273
train	00238274
train	00238277
train	00238284
train	00238289
train	00238290
train	00238291
train	00238294
train	00238299
train	00238300
train	00238301
train	00238304
train	00238357
train	00238359
train	00238383
train	00238443
train	00238472
train	00238511
train	00238570
train	00238595
train	00238597
train	00238598
train	00238599
train	00238600
train	00238602
train	00238613
train	00238614
train	00238615
train	00238616
train	00238617
train	00238660
train	00238704
train	00238728
train	00238785
train	00238797
train	00238814
train	00238841
train	00238847
train	00238851
train	00238881
train	00238893
train	00238894
train	00238895
train	00238897
train	00238898
train	00238907
train	00238919
train	00238928
train	00238931
train	00238935
train	00238939
train	00238942
train	00238989
train	00238996
train	00238999
train	00239003
train	00239015
train	00239027
train	00239028
train	00239042
train	00239044
train	00239067
train	00239105
train	00239160
train	00239173
train	00239316
train	00239319
train	00239321
train	00239322
train	00239356
train	00239462
train	00239466
train	00239486
train	00239493
train	00239494
train	00239498
train	00239499
train	00239502
train	00239503
train	00239513
train	00239547
train	00239564
train	00239565
train	00239606
train	00239642
train	00239654
train	00239670
train	00239685
train	00239706
train	00239714
train	00239739
train	00239740
train	00239741
train	00239772
train	00239780
train	00239784
train	00239798
train	00239816
train	00239969
train	00239983
train	00239985
train	00239993
train	00239994
train	00239995
train	00239996
train	00239997
train	00239998
train	00239999
train	00240045
train	00240046
train	00240053
train	00240054
train	00240057
train	00240058
train	00240066
train	00240081
train	00240101
train	00240120
train	00240164
train	00240191
train	00240214
train	00240229
train	00240260
train	00240308
train	00240432
train	00240451
train	00240452
train	00240456
train	00240509
train	00240510
train	00240550
train	00240587
train	00240588
train	00240589
train	00240590
train	00240591
train	00240607
train	00240612
train	00240613
train	00240621
train	00240622
train	00240623
train	00240664
train	00240672
train	00240874
train	00240881
train	00240911
train	00240915
train	00240945
train	00240960
train	00240962
train	00240968
train	00240974
train	00240981
train	00240986
train	00240998
train	00241097
train	00241101
train	00241102
train	00241106
train	00241107
train	00241154
train	00241168
train	00241193
train	00241194
train	00241195
train	00241200
train	00241205
train	00241207
train	00241208
train	00241214
train	00241219
train	00241227
train	00241262
train	00241263
train	00241264
train	00241265
train	00241268
train	00241278
train	00241291
train	00241301
train	00241305
train	00241306
train	00241324
train	00241329
train	00241344
train	00241460
train	00241474
train	00241493
train	00241536
train	00241537
train	00241538
train	00241540
train	00241542
train	00241555
train	00241590
train	00241591
train	00241592
train	00241612
train	00241617
train	00241639
train	00241640
train	00241657
train	00241658
train	00241665
train	00241667
train	00241671
train	00241673
train	00241685
train	00241687
train	00241723
train	00241727
train	00241767
train	00241778
train	00241780
train	00241783
train	00241856
train	00241869
train	00241889
train	00241922
train	00241932
train	00241962
train	00241963
train	00241994
train	00242025
train	00242036
train	00242043
train	00242044
train	00242056
train	00242116
train	00242122
train	00242123
train	00242124
train	00242127
train	00242135
train	00242150
train	00242180
train	00242359
train	00242377
train	00242408
train	00242466
train	00242510
train	00242520
train	00242546
train	00242555
train	00242596
train	00242625
train	00242653
train	00242654
train	00242655
train	00242656
train	00242657
train	00242660
train	00242677
train	00242774
train	00242775
train	00242843
train	00242868
train	00242880
train	00242949
train	00242957
train	00242973
train	00242977
train	00242984
train	00242993
train	00242994
train	00242998
train	00243001
train	00243015
train	00243018
train	00243033
train	00243046
train	00243062
train	00243081
train	00243082
train	00243083
train	00243108
train	00243109
train	00243116
train	00243118
train	00243130
train	00243137
train	00243140
train	00243154
train	00243159
train	00243210
train	00243234
train	00243236
train	00243252
train	00243254
train	00243275
train	00243278
train	00243280
train	00243281
train	00243285
train	00243290
train	00243302
train	00243368
train	00243370
train	00243372
train	00243439
train	00243462
train	00243483
train	00243486
train	00243561
train	00243582
train	00243596
train	00243616
train	00243668
train	00243705
train	00243707
train	00243787
train	00243797
train	00243892
train	00243893
train	00243907
train	00243937
train	00243940
train	00243942
train	00243962
train	00243976
train	00244001
train	00244002
train	00244006
train	00244019
train	00244036
train	00244068
train	00244086
train	00244112
train	00244138
train	00244141
train	00244183
train	00244187
train	00244189
train	00244278
train	00244284
train	00244285
train	00244321
train	00244323
train	00244339
train	00244354
train	00244388
train	00244417
train	00244449
train	00244470
train	00244484
train	00244505
train	00244506
train	00244518
train	00244534
train	00244549
train	00244555
train	00244556
train	00244557
train	00244558
train	00244579
train	00244586
train	00244598
train	00244599
train	00244602
train	00244604
train	00244623
train	00244626
train	00244694
train	00244707
train	00244709
train	00244712
train	00244726
train	00244746
train	00244782
train	00244792
train	00244793
train	00244810
train	00244918
train	00244950
train	00245086
train	00245093
train	00245106
train	00245107
train	00245206
train	00245207
train	00245215
train	00245224
train	00245327
train	00245352
train	00245356
train	00245381
train	00245394
train	00245395
train	00245406
train	00245418
train	00245439
train	00245442
train	00245447
train	00245452
train	00245473
train	00245484
train	00245504
train	00245521
train	00245593
train	00245605
train	00245694
train	00245710
train	00245726
train	00245738
train	00245743
train	00245746
train	00245757
train	00245763
train	00245772
train	00245777
train	00245783
train	00245800
train	00245841
train	00245842
train	00245844
train	00245849
train	00245872
train	00245883
train	00245896
train	00245905
train	00245934
train	00245943
train	00245945
train	00246000
train	00246001
train	00246006
train	00246007
train	00246010
train	00246013
train	00246014
train	00246016
train	00246022
train	00246026
train	00246027
train	00246042
train	00246047
train	00246092
train	00246094
train	00246116
train	00246189
train	00246214
train	00246225
train	00246287
train	00246288
train	00246289
train	00246290
train	00246324
train	00246339
train	00246341
train	00246360
train	00246410
train	00246552
train	00246555
train	00246557
train	00246577
train	00246592
train	00246681
train	00246690
train	00246766
train	00246768
train	00246769
train	00246770
train	00246899
train	00246911
train	00246926
train	00246931
train	00246938
train	00246942
train	00246975
train	00246978
train	00246993
train	00246998
train	00246999
train	00247020
train	00247022
train	00247023
train	00247024
train	00247025
train	00247026
train	00247027
train	00247028
train	00247029
train	00247031
train	00247032
train	00247036
train	00247038
train	00247039
train	00247041
train	00247060
train	00247075
train	00247100
train	00247160
train	00247249
train	00247252
train	00247260
train	00247263
train	00247276
train	00247279
train	00247282
train	00247289
train	00247307
train	00247308
train	00247358
train	00247359
train	00247363
train	00247364
train	00247489
train	00247490
train	00247497
train	00247511
train	00247515
train	00247523
train	00247565
train	00247585
train	00247637
train	00247695
train	00247807
train	00247869
train	00247912
train	00247915
train	00247923
train	00247924
train	00247925
train	00247926
train	00247927
train	00247928
train	00247930
train	00247931
train	00247932
train	00247938
train	00248058
train	00248326
train	00248328
train	00248329
train	00248332
train	00248345
train	00248355
train	00248420
train	00248421
train	00248426
train	00248447
train	00248472
train	00248504
train	00248514
train	00248520
train	00248632
train	00248697
train	00248698
train	00248700
train	00248701
train	00248704
train	00248705
train	00248770
train	00248797
train	00248832
train	00248843
train	00248844
train	00248855
train	00248867
train	00248871
train	00248962
train	00248963
train	00248967
train	00248968
train	00248972
train	00248975
train	00249134
train	00249144
train	00249147
train	00249186
train	00249197
train	00249200
train	00249203
train	00249204
train	00249245
train	00249246
train	00249252
train	00249253
train	00249256
train	00249257
train	00249265
train	00249268
train	00249281
train	00249286
train	00249287
train	00249293
train	00249297
train	00249298
train	00249329
train	00249340
train	00249348
train	00249349
train	00249353
train	00249354
train	00249355
train	00249362
train	00249437
train	00249438
train	00249451
train	00249455
train	00249466
train	00249470
train	00249472
train	00249473
train	00249482
train	00249489
train	00249502
train	00249506
train	00249507
train	00249545
train	00249558
train	00249583
train	00249593
train	00249609
train	00249610
train	00249614
train	00249640
train	00249681
train	00249682
train	00249683
train	00249723
train	00249743
train	00249771
train	00249781
train	00249789
train	00249797
train	00249827
train	00249837
train	00249838
train	00249849
train	00249863
train	00249869
train	00249870
train	00249872
train	00249881
train	00249967
train	00250222
train	00250240
train	00250245
train	00250298
train	00250303
train	00250304
train	00250316
train	00250322
train	00250332
train	00250401
train	00250439
train	00250454
train	00250488
train	00250518
train	00250522
train	00250546
train	00250548
train	00250554
train	00250556
train	00250573
train	00250575
train	00250592
train	00250678
train	00250695
train	00250748
train	00250787
train	00250788
train	00250823
train	00250834
train	00250840
train	00250844
train	00250889
train	00250902
train	00250903
train	00250905
train	00250944
train	00251010
train	00251025
train	00251110
train	00251242
train	00251282
train	00251288
train	00251293
train	00251294
train	00251308
train	00251311
train	00251312
train	00251358
train	00251370
train	00251371
train	00251379
train	00251400
train	00251502
train	00251513
train	00251514
train	00251524
train	00251558
train	00251591
train	00251663
train	00251737
train	00251776
train	00251780
train	00251791
train	00251803
train	00251804
train	00251805
train	00251808
train	00251818
train	00251844
train	00251845
train	00251849
train	00251850
train	00251851
train	00251942
train	00251943
train	00251959
train	00251960
train	00251963
train	00252003
train	00252014
train	00252025
train	00252026
train	00252027
train	00252037
train	00252039
train	00252052
train	00252074
train	00252080
train	00252088
train	00252137
train	00252139
train	00252141
train	00252163
train	00252167
train	00252206
train	00252215
train	00252245
train	00252258
train	00252259
train	00252261
train	00252263
train	00252303
train	00252311
train	00252409
train	00252411
train	00252413
train	00252418
train	00252469
train	00252490
train	00252495
train	00252496
train	00252497
train	00252501
train	00252514
train	00252577
train	00252578
train	00252658
train	00252659
train	00252670
train	00252687
train	00252688
train	00252689
train	00252692
train	00252717
train	00252756
train	00252757
train	00252758
train	00252829
train	00252830
train	00252847
train	00252858
train	00252870
train	00252891
train	00252900
train	00252904
train	00252924
train	00252951
train	00252979
train	00253066
train	00253105
train	00253107
train	00253111
train	00253121
train	00253133
train	00253197
train	00253220
train	00253260
train	00253270
train	00253281
train	00253292
train	00253358
train	00253805
train	00253810
train	00253817
train	00253818
train	00253827
train	00253829
train	00253830
train	00253831
train	00253961
train	00254165
train	00254169
train	00254174
train	00254186
train	00254195
train	00254225
train	00254232
train	00254241
train	00254247
train	00254253
train	00254309
train	00254327
train	00254349
train	00254455
train	00254503
train	00254506
train	00254507
train	00254513
train	00254514
train	00254515
train	00254548
train	00254554
train	00254585
train	00254586
train	00254615
train	00254618
train	00254675
train	00254682
train	00254751
train	00254843
train	00254868
train	00254870
train	00254875
train	00254876
train	00254878
train	00254892
train	00254898
train	00254899
train	00254903
train	00254907
train	00254908
train	00254912
train	00254913
train	00255009
train	00255059
train	00255069
train	00255071
train	00255095
train	00255141
train	00255185
train	00255196
train	00255198
train	00255223
train	00255246
train	00255504
train	00255559
train	00255560
train	00255561
train	00255564
train	00255570
train	00255593
train	00255595
train	00255596
train	00255600
train	00255606
train	00255614
train	00255617
train	00255618
train	00255644
train	00255659
train	00255660
train	00255703
train	00255726
train	00255734
train	00255735
train	00255738
train	00255740
train	00255754
train	00255785
train	00255806
train	00255865
train	00255876
train	00255906
train	00255913
train	00256033
train	00256043
train	00256060
train	00256108
train	00256123
train	00256166
train	00256170
train	00256171
train	00256197
train	00256209
train	00256227
train	00256251
train	00256274
train	00256276
train	00256301
train	00256303
train	00256304
train	00256360
train	00256361
train	00256363
train	00256382
train	00256417
train	00256513
train	00256523
train	00256571
train	00256573
train	00256578
train	00256583
train	00256586
train	00256588
train	00256601
train	00256603
train	00256604
train	00256609
train	00256610
train	00256612
train	00256623
train	00256634
train	00256635
train	00256648
train	00256655
train	00256673
train	00256676
train	00256677
train	00256682
train	00256700
train	00256717
train	00256721
train	00256729
train	00256742
train	00256775
train	00256890
train	00256903
train	00256958
train	00256961
train	00256981
train	00257018
train	00257096
train	00257245
train	00257246
train	00257289
train	00257385
train	00257412
train	00257413
train	00257452
train	00257464
train	00257475
train	00257491
train	00257528
train	00257533
train	00257548
train	00257581
train	00257590
train	00257606
train	00257608
train	00257617
train	00257623
train	00257626
train	00257634
train	00257637
train	00257640
train	00257642
train	00257655
train	00257657
train	00257672
train	00257675
train	00257703
train	00257713
train	00257714
train	00257717
train	00257719
train	00257728
train	00257734
train	00257736
train	00257743
train	00257746
train	00257747
train	00257773
train	00257779
train	00257808
train	00257812
train	00257900
train	00257903
train	00257919
train	00257941
train	00258073
train	00258080
train	00258082
train	00258136
train	00258323
train	00258345
train	00258376
train	00258394
train	00258395
train	00258398
train	00258412
train	00258416
train	00258417
train	00258422
train	00258423
train	00258463
train	00258502
train	00258503
train	00258506
train	00258508
train	00258512
train	00258549
train	00258565
train	00258571
train	00258617
train	00258640
train	00258647
train	00258648
train	00258651
train	00258652
train	00258683
train	00258708
train	00258710
train	00258733
train	00258750
train	00258770
train	00258771
train	00258772
train	00258773
train	00258818
train	00258882
train	00258885
train	00258897
train	00258907
train	00258945
train	00258952
train	00258963
train	00258978
train	00258999
train	00259033
train	00259037
train	00259041
train	00259042
train	00259054
train	00259058
train	00259111
train	00259141
train	00259153
train	00259176
train	00259179
train	00259187
train	00259190
train	00259236
train	00259255
train	00259292
train	00259382
train	00259387
train	00259390
train	00259422
train	00259426
train	00259430
train	00259472
train	00259477
train	00259480
train	00259509
train	00259522
train	00259523
train	00259530
train	00259558
train	00259602
train	00259603
train	00259608
train	00259610
train	00259612
train	00259633
train	00259649
train	00259654
train	00259684
train	00259686
train	00259778
train	00259783
train	00259798
train	00259799
train	00259817
train	00259833
train	00259898
train	00259900
train	00259901
train	00259920
train	00259947
train	00260008
train	00260012
train	00260029
train	00260031
train	00260078
train	00260101
train	00260132
train	00260134
train	00260177
train	00260219
train	00260224
train	00260225
train	00260237
train	00260241
train	00260252
train	00260262
train	00260275
train	00260277
train	00260283
train	00260284
train	00260315
train	00260320
train	00260324
train	00260365
train	00260366
train	00260518
train	00260585
train	00260661
train	00260665
train	00260670
train	00260680
train	00260695
train	00260696
train	00260723
train	00260794
train	00260925
train	00260965
train	00260995
train	00261029
train	00261057
train	00261058
train	00261060
train	00261124
train	00261127
train	00261137
train	00261145
train	00261178
train	00261193
train	00261222
train	00261226
train	00261240
train	00261286
train	00261290
train	00261291
train	00261292
train	00261293
train	00261294
train	00261295
train	00261296
train	00261300
train	00261301
train	00261303
train	00261304
train	00261469
train	00261489
train	00261532
train	00261556
train	00261561
train	00261568
train	00261569
train	00261586
train	00261590
train	00261591
train	00261635
train	00261684
train	00261755
train	00261787
train	00261840
train	00261888
train	00261908
train	00261924
train	00261937
train	00261940
train	00261959
train	00261982
train	00262153
train	00262188
train	00262213
train	00262220
train	00262238
train	00262239
train	00262240
train	00262241
train	00262242
train	00262254
train	00262278
train	00262301
train	00262325
train	00262340
train	00262384
train	00262402
train	00262413
train	00262414
train	00262423
train	00262424
train	00262427
train	00262430
train	00262432
train	00262433
train	00262435
train	00262436
train	00262441
train	00262445
train	00262446
train	00262469
train	00262477
train	00262482
train	00262489
train	00262536
train	00262537
train	00262538
train	00262551
train	00262570
train	00262656
train	00262663
train	00262667
train	00262670
train	00262672
train	00262673
train	00262674
train	00262676
train	00262677
train	00262678
train	00262679
train	00262688
train	00262689
train	00262694
train	00262712
train	00262730
train	00262735
train	00262737
train	00262745
train	00262759
train	00262768
train	00262769
train	00262780
train	00262825
train	00262842
train	00262854
train	00262863
train	00262865
train	00262900
train	00262901
train	00262903
train	00262904
train	00262905
train	00262907
train	00262908
train	00262909
train	00262910
train	00262930
train	00262981
train	00262997
train	00263000
train	00263024
train	00263029
train	00263030
train	00263033
train	00263045
train	00263057
train	00263072
train	00263075
train	00263077
train	00263081
train	00263104
train	00263105
train	00263107
train	00263115
train	00263116
train	00263117
train	00263120
train	00263203
train	00263223
train	00263249
train	00263263
train	00263265
train	00263270
train	00263276
train	00263277
train	00263287
train	00263290
train	00263356
train	00263412
train	00263415
train	00263484
train	00263487
train	00263492
train	00263510
train	00263511
train	00263528
train	00263530
train	00263546
train	00263548
train	00263550
train	00263553
train	00263558
train	00263559
train	00263561
train	00263564
train	00263571
train	00263572
train	00263574
train	00263576
train	00263577
train	00263578
train	00263581
train	00263583
train	00263585
train	00263587
train	00263588
train	00263592
train	00263593
train	00263598
train	00263599
train	00263601
train	00263605
train	00263607
train	00263610
train	00263611
train	00263613
train	00263616
train	00263655
train	00263754
train	00263764
train	00263792
train	00263875
train	00263902
train	00263915
train	00263916
train	00263921
train	00263922
train	00263930
train	00263934
train	00263941
train	00263942
train	00263943
train	00263951
train	00263954
train	00263957
train	00263958
train	00263960
train	00263962
train	00263967
train	00263968
train	00263969
train	00263970
train	00263971
train	00263972
train	00263974
train	00263975
train	00263982
train	00263983
train	00263985
train	00263989
train	00263990
train	00263993
train	00263997
train	00264000
train	00264001
train	00264011
train	00264012
train	00264013
train	00264028
train	00264029
train	00264030
train	00264032
train	00264035
train	00264039
train	00264046
train	00264048
train	00264053
train	00264057
train	00264068
train	00264091
train	00264256
train	00264257
train	00264258
train	00264269
train	00264286
train	00264303
train	00264314
train	00264322
train	00264335
train	00264339
train	00264341
train	00264342
train	00264349
train	00264359
train	00264369
train	00264418
train	00264428
train	00264433
train	00264436
train	00264454
train	00264456
train	00264471
train	00264492
train	00264494
train	00264496
train	00264503
train	00264547
train	00264562
train	00264586
train	00264592
train	00264598
train	00264601
train	00264605
train	00264608
train	00264609
train	00264610
train	00264660
train	00264666
train	00264667
train	00264681
train	00264685
train	00264686
train	00264687
train	00264689
train	00264690
train	00264691
train	00264692
train	00264693
train	00264696
train	00264697
train	00264698
train	00264700
train	00264701
train	00264704
train	00264705
train	00264707
train	00264709
train	00264710
train	00264712
train	00264713
train	00264715
train	00264717
train	00264721
train	00264725
train	00264726
train	00264728
train	00264805
train	00264865
train	00264879
train	00264881
train	00264895
train	00264896
train	00264929
train	00264930
train	00264939
train	00264952
train	00264954
train	00264962
train	00264977
train	00264989
train	00264991
train	00265053
train	00265060
train	00265164
train	00265220
train	00265240
train	00265243
train	00265247
train	00265300
train	00265375
train	00265488
train	00265553
train	00265559
train	00265566
train	00265629
train	00265642
train	00265647
train	00265648
train	00265649
train	00265651
train	00265658
train	00265667
train	00265708
train	00265709
train	00265716
train	00265789
train	00265790
train	00265802
train	00265832
train	00265858
train	00265864
train	00265867
train	00265869
train	00265895
train	00265897
train	00265979
train	00265990
train	00266078
train	00266079
train	00266087
train	00266092
train	00266123
train	00266135
train	00266140
train	00266153
train	00266247
train	00266271
train	00266284
train	00266293
train	00266296
train	00266298
train	00266300
train	00266305
train	00266322
train	00266334
train	00266335
train	00266340
train	00266354
train	00266359
train	00266360
train	00266361
train	00266362
train	00266364
train	00266367
train	00266368
train	00266369
train	00266370
train	00266371
train	00266372
train	00266374
train	00266375
train	00266394
train	00266400
train	00266411
train	00266475
train	00266478
train	00266479
train	00266483
train	00266485
train	00266486
train	00266492
train	00266498
train	00266555
train	00266574
train	00266578
train	00266579
train	00266582
train	00266592
train	00266600
train	00266674
train	00266700
train	00266701
train	00266705
train	00266714
train	00266743
train	00266750
train	00266766
train	00266803
train	00266902
train	00266903
train	00267015
train	00267019
train	00267109
train	00267125
train	00267127
train	00267130
train	00267137
train	00267152
train	00267153
train	00267155
train	00267165
train	00267168
train	00267169
train	00267229
train	00267248
train	00267325
train	00267367
train	00267374
train	00267492
train	00267493
train	00267511
train	00267520
train	00267527
train	00267532
train	00267591
train	00267615
train	00267619
train	00267680
train	00267682
train	00267693
train	00267696
train	00267699
train	00267700
train	00267706
train	00267709
train	00267718
train	00267719
train	00267726
train	00267727
train	00267728
train	00267744
train	00267746
train	00267747
train	00267755
train	00267763
train	00267768
train	00267783
train	00267784
train	00267798
train	00267930
train	00267933
train	00267948
train	00267988
train	00268022
train	00268023
train	00268024
train	00268025
train	00268027
train	00268030
train	00268032
train	00268033
train	00268034
train	00268035
train	00268036
train	00268054
train	00268095
train	00268124
train	00268131
train	00268132
train	00268137
train	00268139
train	00268156
train	00268161
train	00268162
train	00268167
train	00268217
train	00268257
train	00268264
train	00268271
train	00268283
train	00268288
train	00268294
train	00268307
train	00268316
train	00268365
train	00268371
train	00268372
train	00268374
train	00268375
train	00268398
train	00268424
train	00268468
train	00268470
train	00268476
train	00268482
train	00268516
train	00268557
train	00268606
train	00268608
train	00268609
train	00268612
train	00269003
train	00269080
train	00269085
train	00269130
train	00269305
train	00269315
train	00269319
train	00269359
train	00269364
train	00269365
train	00269367
train	00269368
train	00269443
train	00269448
train	00269452
train	00269477
train	00269483
train	00269488
train	00269518
train	00269538
train	00269648
train	00269747
train	00269858
train	00269897
train	00269902
train	00269903
train	00269907
train	00269988
train	00269997
train	00270074
train	00270093
train	00270128
train	00270133
train	00270188
train	00270193
train	00270197
train	00270198
train	00270202
train	00270208
train	00270209
train	00270210
train	00270233
train	00270236
train	00270256
train	00270305
train	00270306
train	00270328
train	00270335
train	00270361
train	00270381
train	00270392
train	00270408
train	00270415
train	00270441
train	00270470
train	00270495
train	00270506
train	00270548
train	00270584
train	00270589
train	00270596
train	00270617
train	00270645
train	00270678
train	00270680
train	00270681
train	00270683
train	00270684
train	00270685
train	00270686
train	00270688
train	00270689
train	00270753
train	00270756
train	00270757
train	00270760
train	00270761
train	00270762
train	00270763
train	00270764
train	00270765
train	00270771
train	00270772
train	00270773
train	00270774
train	00270776
train	00270777
train	00270778
train	00270783
train	00270785
train	00270789
train	00270790
train	00270791
train	00270793
train	00270794
train	00270795
train	00270796
train	00270799
train	00270800
train	00270801
train	00270802
train	00270805
train	00270806
train	00270807
train	00270810
train	00270811
train	00270812
train	00270815
train	00270818
train	00270819
train	00270820
train	00270821
train	00270822
train	00270823
train	00270825
train	00270828
train	00270830
train	00270831
train	00270832
train	00270834
train	00270840
train	00270841
train	00270842
train	00270845
train	00270846
train	00270847
train	00270848
train	00270849
train	00270851
train	00270852
train	00270853
train	00270856
train	00270857
train	00270858
train	00270860
train	00270865
train	00270866
train	00270869
train	00270870
train	00270871
train	00270874
train	00270875
train	00270876
train	00270879
train	00270880
train	00270881
train	00270883
train	00270885
train	00270887
train	00270889
train	00270890
train	00270892
train	00270894
train	00270901
train	00270903
train	00270909
train	00270931
train	00270937
train	00270943
train	00270944
train	00270945
train	00270947
train	00270948
train	00270950
train	00270954
train	00270955
train	00270956
train	00270958
train	00270966
train	00270974
train	00270978
train	00270979
train	00270981
train	00270984
train	00270998
train	00270999
train	00271000
train	00271013
train	00271014
train	00271038
train	00271059
train	00271060
train	00271062
train	00271067
train	00271091
train	00271094
train	00271097
train	00271098
train	00271099
train	00271103
train	00271104
train	00271106
train	00271109
train	00271110
train	00271111
train	00271113
train	00271116
train	00271118
train	00271119
train	00271121
train	00271122
train	00271123
train	00271131
train	00271132
train	00271136
train	00271138
train	00271141
train	00271143
train	00271149
train	00271156
train	00271158
train	00271160
train	00271162
train	00271163
train	00271165
train	00271168
train	00271169
train	00271170
train	00271171
train	00271174
train	00271176
train	00271178
train	00271179
train	00271181
train	00271183
train	00271184
train	00271185
train	00271190
train	00271191
train	00271196
train	00271197
train	00271200
train	00271201
train	00271202
train	00271205
train	00271208
train	00271209
train	00271210
train	00271211
train	00271213
train	00271214
train	00271219
train	00271220
train	00271226
train	00271230
train	00271268
train	00271288
train	00271294
train	00271311
train	00271312
train	00271313
train	00271314
train	00271316
train	00271319
train	00271327
train	00271329
train	00271343
train	00271344
train	00271361
train	00271362
train	00271364
train	00271366
train	00271373
train	00271378
train	00271382
train	00271392
train	00271399
train	00271400
train	00271403
train	00271408
train	00271421
train	00271429
train	00271443
train	00271450
train	00271462
train	00271463
train	00271552
train	00271563
train	00271575
train	00271581
train	00271610
train	00271648
train	00271696
train	00271697
train	00271947
train	00272015
train	00272045
train	00272050
train	00272057
train	00272059
train	00272060
train	00272061
train	00272062
train	00272066
train	00272070
train	00272071
train	00272081
train	00272095
train	00272097
train	00272098
train	00272122
train	00272125
train	00272135
train	00272148
train	00272159
train	00272178
train	00272197
train	00272233
train	00272268
train	00272313
train	00272332
train	00272334
train	00272381
train	00272382
train	00272388
train	00272389
train	00272397
train	00272422
train	00272428
train	00272429
train	00272430
train	00272434
train	00272435
train	00272444
train	00272494
train	00272497
train	00272498
train	00272510
train	00272513
train	00272521
train	00272528
train	00272529
train	00272530
train	00272535
train	00272538
train	00272543
train	00272545
train	00272548
train	00272549
train	00272551
train	00272554
train	00272557
train	00272558
train	00272559
train	00272561
train	00272562
train	00272563
train	00272564
train	00272570
train	00272571
train	00272576
train	00272578
train	00272583
train	00272587
train	00272588
train	00272590
train	00272591
train	00272593
train	00272597
train	00272599
train	00272604
train	00272606
train	00272607
train	00272608
train	00272610
train	00272612
train	00272613
train	00272615
train	00272617
train	00272619
train	00272622
train	00272627
train	00272630
train	00272631
train	00272633
train	00272635
train	00272636
train	00272637
train	00272638
train	00272639
train	00272653
train	00272659
train	00272662
train	00272668
train	00272670
train	00272672
train	00272680
train	00272682
train	00272698
train	00272721
train	00272731
train	00272748
train	00272749
train	00272750
train	00272752
train	00272753
train	00272761
train	00272762
train	00272764
train	00272766
train	00272768
train	00272769
train	00272770
train	00272771
train	00272773
train	00272777
train	00272780
train	00272781
train	00272785
train	00272786
train	00272790
train	00272796
train	00272799
train	00272800
train	00272805
train	00272808
train	00272814
train	00272817
train	00272824
train	00272825
train	00272828
train	00272832
train	00272838
train	00272839
train	00272842
train	00272844
train	00272848
train	00272852
train	00272854
train	00272856
train	00272857
train	00272864
train	00272866
train	00272874
train	00272878
train	00272881
train	00272886
train	00272887
train	00272891
train	00272892
train	00272893
train	00272894
train	00272896
train	00272897
train	00272901
train	00272902
train	00272904
train	00272905
train	00272908
train	00272914
train	00272918
train	00272930
train	00272940
train	00272941
train	00272942
train	00272947
train	00272951
train	00273039
train	00273042
train	00273044
train	00273053
train	00273112
train	00273122
train	00273124
train	00273150
train	00273159
train	00273160
train	00273161
train	00273164
train	00273182
train	00273198
train	00273200
train	00273203
train	00273209
train	00273210
train	00273213
train	00273215
train	00273216
train	00273218
train	00273224
train	00273232
train	00273233
train	00273243
train	00273248
train	00273253
train	00273318
train	00273328
train	00273330
train	00273332
train	00273395
train	00273412
train	00273464
train	00273467
train	00273470
train	00273517
train	00273566
train	00273582
train	00273597
train	00273618
train	00273619
train	00273669
train	00273673
train	00273674
train	00273688
train	00273713
train	00273714
train	00273725
train	00273740
train	00273742
train	00273765
train	00273791
train	00273793
train	00273816
train	00273851
train	00273867
train	00273907
train	00273913
train	00274026
train	00274040
train	00274058
train	00274081
train	00274155
train	00274156
train	00274171
train	00274175
train	00274257
train	00274268
train	00274277
train	00274284
train	00274296
train	00274346
train	00274376
train	00274401
train	00274420
train	00274427
train	00274436
train	00274441
train	00274442
train	00274443
train	00274444
train	00274446
train	00274454
train	00274458
train	00274459
train	00274460
train	00274465
train	00274468
train	00274472
train	00274475
train	00274476
train	00274478
train	00274479
train	00274484
train	00274485
train	00274487
train	00274491
train	00274492
train	00274493
train	00274495
train	00274496
train	00274502
train	00274504
train	00274507
train	00274514
train	00274519
train	00274543
train	00274545
train	00274547
train	00274548
train	00274560
train	00274563
train	00274565
train	00274587
train	00274610
train	00274623
train	00274641
train	00274669
train	00274671
train	00274684
train	00274691
train	00274699
train	00274700
train	00274790
train	00274807
train	00274810
train	00274870
train	00274876
train	00274886
train	00274889
train	00274894
train	00274895
train	00274903
train	00274909
train	00275023
train	00275025
train	00275027
train	00275034
train	00275089
train	00275108
train	00275113
train	00275145
train	00275151
train	00275157
train	00275158
train	00275160
train	00275162
train	00275173
train	00275178
train	00275198
train	00275200
train	00275311
train	00275381
train	00275395
train	00275398
train	00275403
train	00275409
train	00275410
train	00275411
train	00275413
train	00275418
train	00275419
train	00275420
train	00275421
train	00275422
train	00275423
train	00275425
train	00275426
train	00275427
train	00275428
train	00275429
train	00275433
train	00275442
train	00275444
train	00275448
train	00275449
train	00275493
train	00275506
train	00275507
train	00275509
train	00275584
train	00275597
train	00275604
train	00275607
train	00275611
train	00275663
train	00275665
train	00275671
train	00275691
train	00275718
train	00275811
train	00275831
train	00275889
train	00275940
train	00275984
train	00275993
train	00276008
train	00276009
train	00276026
train	00276077
train	00276088
train	00276091
train	00276098
train	00276100
train	00276103
train	00276104
train	00276105
train	00276106
train	00276108
train	00276109
train	00276110
train	00276111
train	00276112
train	00276115
train	00276147
train	00276148
train	00276152
train	00276156
train	00276160
train	00276166
train	00276169
train	00276190
train	00276227
train	00276242
train	00276244
train	00276249
train	00276267
train	00276302
train	00276328
train	00276353
train	00276355
train	00276376
train	00276381
train	00276385
train	00276394
train	00276461
train	00276553
train	00276615
train	00276617
train	00276624
train	00276629
train	00276635
train	00276671
train	00276679
train	00276692
train	00276719
train	00276751
train	00276752
train	00276758
train	00276769
train	00276862
train	00276863
train	00276880
train	00276911
train	00277015
train	00277036
train	00277057
train	00277061
train	00277087
train	00277097
train	00277197
train	00277222
train	00277244
train	00277245
train	00277246
train	00277248
train	00277259
train	00277271
train	00277273
train	00277274
train	00277276
train	00277287
train	00277288
train	00277321
train	00277338
train	00277339
train	00277413
train	00277450
train	00277476
train	00277477
train	00277479
train	00277490
train	00277498
train	00277499
train	00277502
train	00277506
train	00277511
train	00277512
train	00277515
train	00277520
train	00277523
train	00277528
train	00277529
train	00277588
train	00277595
train	00277658
train	00277709
train	00277756
train	00277777
train	00277852
train	00277853
train	00277854
train	00277855
train	00277858
train	00277859
train	00277860
train	00277862
train	00277863
train	00277864
train	00277874
train	00277888
train	00277889
train	00277896
train	00277897
train	00277904
train	00277905
train	00277907
train	00277934
train	00278029
train	00278031
train	00278077
train	00278094
train	00278100
train	00278102
train	00278103
train	00278136
train	00278152
train	00278169
train	00278179
train	00278223
train	00278233
train	00278234
train	00278267
train	00278295
train	00278296
train	00278319
train	00278356
train	00278368
train	00278399
train	00278400
train	00278420
train	00278440
train	00278442
train	00278451
train	00278511
train	00278514
train	00278534
train	00278553
train	00278666
train	00278669
train	00278702
train	00278824
train	00278826
train	00278883
train	00278891
train	00278911
train	00278959
train	00278991
train	00278992
train	00279033
train	00279045
train	00279059
train	00279061
train	00279064
train	00279069
train	00279071
train	00279081
train	00279094
train	00279117
train	00279136
train	00279140
train	00279146
train	00279149
train	00279150
train	00279153
train	00279186
train	00279218
train	00279232
train	00279290
train	00279301
train	00279308
train	00279326
train	00279328
train	00279334
train	00279339
train	00279343
train	00279438
train	00279440
train	00279479
train	00279488
train	00279489
train	00279490
train	00279491
train	00279501
train	00279514
train	00279544
train	00279546
train	00279547
train	00279559
train	00279636
train	00279637
train	00279638
train	00279639
train	00279645
train	00279646
train	00279649
train	00279672
train	00279674
train	00279694
train	00279699
train	00279747
train	00279767
train	00279776
train	00279780
train	00279791
train	00279792
train	00279793
train	00279794
train	00279795
train	00279796
train	00279798
train	00279799
train	00279800
train	00279801
train	00279802
train	00279803
train	00279804
train	00279806
train	00279807
train	00279808
train	00279827
train	00279848
train	00279898
train	00279914
train	00279917
train	00279942
train	00279946
train	00279951
train	00279960
train	00279978
train	00279981
train	00279985
train	00279991
train	00279994
train	00279996
train	00280048
train	00280049
train	00280072
train	00280075
train	00280079
train	00280081
train	00280082
train	00280083
train	00280084
train	00280088
train	00280094
train	00280097
train	00280098
train	00280101
train	00280111
train	00280113
train	00280118
train	00280123
train	00280130
train	00280134
train	00280140
train	00280144
train	00280151
train	00280152
train	00280157
train	00280160
train	00280166
train	00280174
train	00280176
train	00280186
train	00280211
train	00280216
train	00280221
train	00280224
train	00280225
train	00280243
train	00280247
train	00280253
train	00280262
train	00280272
train	00280285
train	00280292
train	00280338
train	00280345
train	00280347
train	00280348
train	00280354
train	00280371
train	00280373
train	00280374
train	00280376
train	00280377
train	00280387
train	00280388
train	00280389
train	00280401
train	00280414
train	00280417
train	00280420
train	00280425
train	00280427
train	00280428
train	00280429
train	00280430
train	00280434
train	00280435
train	00280448
train	00280472
train	00280477
train	00280481
train	00280489
train	00280502
train	00280504
train	00280513
train	00280515
train	00280518
train	00280521
train	00280522
train	00280530
train	00280534
train	00280538
train	00280539
train	00280542
train	00280545
train	00280546
train	00280547
train	00280552
train	00280553
train	00280564
train	00280572
train	00280575
train	00280604
train	00280607
train	00280611
train	00280625
train	00280644
train	00280723
train	00280739
train	00280740
train	00280744
train	00280745
train	00280762
train	00280770
train	00280780
train	00280859
train	00280874
train	00280875
train	00280908
train	00280923
train	00280928
train	00280929
train	00280931
train	00280933
train	00280935
train	00280939
train	00280955
train	00280966
train	00280974
train	00281028
train	00281043
train	00281055
train	00281102
train	00281133
train	00281150
train	00281164
train	00281169
train	00281183
train	00281212
train	00281226
train	00281258
train	00281286
train	00281288
train	00281299
train	00281301
train	00281302
train	00281304
train	00281305
train	00281326
train	00281331
train	00281333
train	00281334
train	00281340
train	00281341
train	00281349
train	00281360
train	00281403
train	00281410
train	00281456
train	00281465
train	00281510
train	00281512
train	00281515
train	00281530
train	00281698
train	00281705
train	00281731
train	00281733
train	00281784
train	00281799
train	00281809
train	00281810
train	00281815
train	00281821
train	00281825
train	00281835
train	00281839
train	00281848
train	00281850
train	00281861
train	00281862
train	00281865
train	00281868
train	00281869
train	00281873
train	00281876
train	00281911
train	00281944
train	00281950
train	00281955
train	00281961
train	00281984
train	00281988
train	00281993
train	00281996
train	00282003
train	00282008
train	00282042
train	00282045
train	00282070
train	00282105
train	00282108
train	00282111
train	00282118
train	00282139
train	00282148
train	00282149
train	00282150
train	00282153
train	00282161
train	00282164
train	00282165
train	00282166
train	00282167
train	00282175
train	00282180
train	00282181
train	00282219
train	00282226
train	00282227
train	00282231
train	00282276
train	00282279
train	00282291
train	00282292
train	00282305
train	00282307
train	00282313
train	00282355
train	00282446
train	00282453
train	00282497
train	00282532
train	00282544
train	00282558
train	00282589
train	00282614
train	00282642
train	00282652
train	00282663
train	00282677
train	00282688
train	00282717
train	00282759
train	00282765
train	00282814
train	00282847
train	00282903
train	00282914
train	00282925
train	00282928
train	00282983
train	00283053
train	00283113
train	00283114
train	00283174
train	00283179
train	00283378
train	00283382
train	00283418
train	00283455
train	00283498
train	00283510
train	00283511
train	00283656
train	00283660
train	00283666
train	00283703
train	00283714
train	00283715
train	00283723
train	00283799
train	00283815
train	00283856
train	00283866
train	00283882
train	00283888
train	00283907
train	00283949
train	00283952
train	00283963
train	00283976
train	00283984
train	00283988
train	00283989
train	00283998
train	00283999
train	00284003
train	00284004
train	00284024
train	00284027
train	00284056
train	00284072
train	00284085
train	00284108
train	00284109
train	00284121
train	00284150
train	00284154
train	00284157
train	00284163
train	00284164
train	00284172
train	00284175
train	00284184
train	00284186
train	00284187
train	00284192
train	00284203
train	00284217
train	00284218
train	00284226
train	00284228
train	00284234
train	00284235
train	00284237
train	00284241
train	00284242
train	00284243
train	00284244
train	00284245
train	00284249
train	00284252
train	00284266
train	00284270
train	00284272
train	00284284
train	00284286
train	00284287
train	00284290
train	00284303
train	00284308
train	00284333
train	00284341
train	00284342
train	00284370
train	00284371
train	00284374
train	00284376
train	00284377
train	00284393
train	00284404
train	00284405
train	00284408
train	00284418
train	00284425
train	00284427
train	00284454
train	00284502
train	00284554
train	00284574
train	00284575
train	00284585
train	00284592
train	00284630
train	00284645
train	00284646
train	00284648
train	00284650
train	00284667
train	00284705
train	00284764
train	00284766
train	00284814
train	00284815
train	00284816
train	00284817
train	00284818
train	00284819
train	00284820
train	00284822
train	00284823
train	00284830
train	00284831
train	00284832
train	00284834
train	00284835
train	00284836
train	00284837
train	00284838
train	00284839
train	00284840
train	00284841
train	00284842
train	00284843
train	00284844
train	00284845
train	00284846
train	00284848
train	00284852
train	00284853
train	00284855
train	00284856
train	00284859
train	00284860
train	00284862
train	00284863
train	00284864
train	00284865
train	00284866
train	00284867
train	00284868
train	00284906
train	00284907
train	00284908
train	00284909
train	00284910
train	00284918
train	00284919
train	00284920
train	00284921
train	00284923
train	00284938
train	00284941
train	00284945
train	00285051
train	00285052
train	00285056
train	00285057
train	00285060
train	00285065
train	00285069
train	00285071
train	00285076
train	00285077
train	00285154
train	00285165
train	00285181
train	00285210
train	00285227
train	00285228
train	00285233
train	00285238
train	00285279
train	00285280
train	00285305
train	00285309
train	00285310
train	00285311
train	00285314
train	00285326
train	00285349
train	00285351
train	00285383
train	00285387
train	00285391
train	00285400
train	00285409
train	00285441
train	00285487
train	00285558
train	00285590
train	00285601
train	00285641
train	00285646
train	00285648
train	00285656
train	00285657
train	00285659
train	00285662
train	00285665
train	00285666
train	00285667
train	00285705
train	00285711
train	00285718
train	00285728
train	00285732
train	00285740
train	00285741
train	00285744
train	00285747
train	00285748
train	00285750
train	00285752
train	00285753
train	00285762
train	00285764
train	00285765
train	00285767
train	00285769
train	00285773
train	00285775
train	00285781
train	00285782
train	00285787
train	00285788
train	00285790
train	00285794
train	00285798
train	00285801
train	00285802
train	00285809
train	00285810
train	00285828
train	00285865
train	00285866
train	00285959
train	00285965
train	00285966
train	00285973
train	00285974
train	00285975
train	00286038
train	00286042
train	00286045
train	00286058
train	00286059
train	00286060
train	00286084
train	00286087
train	00286126
train	00286177
train	00286240
train	00286250
train	00286303
train	00286304
train	00286306
train	00286309
train	00286310
train	00286312
train	00286314
train	00286315
train	00286326
train	00286334
train	00286349
train	00286351
train	00286357
train	00286359
train	00286379
train	00286380
train	00286385
train	00286388
train	00286394
train	00286409
train	00286410
train	00286412
train	00286415
train	00286422
train	00286432
train	00286433
train	00286442
train	00286452
train	00286561
train	00287099
train	00287104
train	00287134
train	00287142
train	00287159
train	00287160
train	00287163
train	00287172
train	00287209
train	00287211
train	00287218
train	00287307
train	00287315
train	00287317
train	00287348
train	00287380
train	00287457
train	00287483
train	00287493
train	00287559
train	00287580
train	00287581
train	00287585
train	00287588
train	00287589
train	00287590
train	00287598
train	00287619
train	00287632
train	00287657
train	00287680
train	00287689
train	00287727
train	00287788
train	00287805
train	00287806
train	00287807
train	00287816
train	00287821
train	00287828
train	00287854
train	00287859
train	00287917
train	00287958
train	00287964
train	00287965
train	00287970
train	00287982
train	00287985
train	00287987
train	00288007
train	00288022
train	00288069
train	00288070
train	00288095
train	00288106
train	00288154
train	00288277
train	00288326
train	00288355
train	00288357
train	00288373
train	00288374
train	00288376
train	00288396
train	00288422
train	00288495
train	00288520
train	00288526
train	00288530
train	00288531
train	00288532
train	00288535
train	00288536
train	00288546
train	00288562
train	00288563
train	00288564
train	00288565
train	00288568
train	00288571
train	00288575
train	00288640
train	00288681
train	00288690
train	00288729
train	00288773
train	00288797
train	00288821
train	00288822
train	00288828
train	00288876
train	00288877
train	00288904
train	00288912
train	00288913
train	00288914
train	00288916
train	00288918
train	00288922
train	00289013
train	00289028
train	00289029
train	00289077
train	00289118
train	00289122
train	00289135
train	00289160
train	00289162
train	00289193
train	00289310
train	00289379
train	00289413
train	00289474
train	00289500
train	00289505
train	00289506
train	00289527
train	00289532
train	00289542
train	00289545
train	00289551
train	00289552
train	00289554
train	00289605
train	00289741
train	00289747
train	00289748
train	00289784
train	00289794
train	00289799
train	00289801
train	00289915
train	00289916
train	00289917
train	00289931
train	00289934
train	00289935
train	00289987
train	00289996
train	00289999
train	00290016
train	00290027
train	00290028
train	00290031
train	00290034
train	00290043
train	00290099
train	00290134
train	00290144
train	00290168
train	00290194
train	00290196
train	00290219
train	00290221
train	00290240
train	00290245
train	00290253
train	00290258
train	00290259
train	00290260
train	00290281
train	00290283
train	00290284
train	00290285
train	00290349
train	00290363
train	00290380
train	00290381
train	00290415
train	00290416
train	00290431
train	00290467
train	00290473
train	00290474
train	00290484
train	00290485
train	00290486
train	00290489
train	00290536
train	00290563
train	00290591
train	00290592
train	00290593
train	00290598
train	00290602
train	00290607
train	00290616
train	00290617
train	00290676
train	00290691
train	00290706
train	00290709
train	00290710
train	00290716
train	00290725
train	00290747
train	00290776
train	00290805
train	00290809
train	00290810
train	00290811
train	00290849
train	00290851
train	00290856
train	00290874
train	00290933
train	00290945
train	00290964
train	00291078
train	00291080
train	00291082
train	00291087
train	00291107
train	00291125
train	00291129
train	00291139
train	00291140
train	00291158
train	00291219
train	00291228
train	00291256
train	00291259
train	00291260
train	00291285
train	00291302
train	00291325
train	00291410
train	00291416
train	00291441
train	00291454
train	00291483
train	00291528
train	00291540
train	00291563
train	00291564
train	00291568
train	00291580
train	00291686
train	00291707
train	00291726
train	00291727
train	00291750
train	00291774
train	00291776
train	00291800
train	00291802
train	00291831
train	00291856
train	00292017
train	00292019
train	00292022
train	00292032
train	00292034
train	00292038
train	00292071
train	00292116
train	00292117
train	00292135
train	00292183
train	00292184
train	00292191
train	00292203
train	00292207
train	00292209
train	00292211
train	00292217
train	00292219
train	00292220
train	00292223
train	00292224
train	00292225
train	00292228
train	00292248
train	00292272
train	00292281
train	00292283
train	00292391
train	00292430
train	00292464
train	00292466
train	00292492
train	00292529
train	00292531
train	00292540
train	00292546
train	00292625
train	00292639
train	00292692
train	00292704
train	00292711
train	00292721
train	00292793
train	00292807
train	00292809
train	00292811
train	00292913
train	00292920
train	00292944
train	00292948
train	00292950
train	00292977
train	00292998
train	00293072
train	00293142
train	00293146
train	00293269
train	00293285
train	00293299
train	00293324
train	00293381
train	00293386
train	00293438
train	00293453
train	00293454
train	00293455
train	00293463
train	00293466
train	00293471
train	00293473
train	00293474
train	00293493
train	00293598
train	00293607
train	00293676
train	00293678
train	00293684
train	00293714
train	00293782
train	00293784
train	00293792
train	00293820
train	00293821
train	00293823
train	00293834
train	00293838
train	00293855
train	00293856
train	00293932
train	00293989
train	00294013
train	00294020
train	00294027
train	00294041
train	00294054
train	00294067
train	00294068
train	00294076
train	00294147
train	00294158
train	00294160
train	00294162
train	00294171
train	00294175
train	00294189
train	00294191
train	00294213
train	00294216
train	00294221
train	00294224
train	00294225
train	00294230
train	00294260
train	00294265
train	00294267
train	00294271
train	00294284
train	00294293
train	00294340
train	00294350
train	00294353
train	00294360
train	00294362
train	00294389
train	00294396
train	00294439
train	00294501
train	00294505
train	00294586
train	00294603
train	00294604
train	00294683
train	00294703
train	00294744
train	00294790
train	00294801
train	00294802
train	00294867
train	00294883
train	00294885
train	00294886
train	00294917
train	00294983
train	00295052
train	00295077
train	00295078
train	00295084
train	00295097
train	00295098
train	00295105
train	00295127
train	00295165
train	00295225
train	00295236
train	00295243
train	00295251
train	00295337
train	00295360
train	00295361
train	00295437
train	00295468
train	00295477
train	00295523
train	00295524
train	00295525
train	00295685
train	00295698
train	00295702
train	00295722
train	00295723
train	00295724
train	00295725
train	00295737
train	00295742
train	00295746
train	00295747
train	00295809
train	00295830
train	00295899
train	00295909
train	00295910
train	00295916
train	00295955
train	00295964
train	00295966
train	00295967
train	00295976
train	00295977
train	00295986
train	00295992
train	00295993
train	00295994
train	00296018
train	00296021
train	00296025
train	00296043
train	00296049
train	00296080
train	00296088
train	00296092
train	00296098
train	00296105
train	00296118
train	00296126
train	00296130
train	00296131
train	00296132
train	00296134
train	00296135
train	00296137
train	00296139
train	00296140
train	00296150
train	00296151
train	00296167
train	00296170
train	00296182
train	00296189
train	00296376
train	00296383
train	00296388
train	00296486
train	00296491
train	00296500
train	00296538
train	00296572
train	00296579
train	00296580
train	00296586
train	00296643
train	00296645
train	00296736
train	00296781
train	00296786
train	00296787
train	00296788
train	00296816
train	00296838
train	00296846
train	00296871
train	00296885
train	00296893
train	00296915
train	00296922
train	00296923
train	00296924
train	00296926
train	00296929
train	00296930
train	00296931
train	00296932
train	00296934
train	00296935
train	00296943
train	00296944
train	00296953
train	00296981
train	00297001
train	00297009
train	00297011
train	00297131
train	00297188
train	00297201
train	00297206
train	00297229
train	00297241
train	00297242
train	00297246
train	00297248
train	00297264
train	00297265
train	00297267
train	00297270
train	00297271
train	00297292
train	00297295
train	00297313
train	00297320
train	00297321
train	00297324
train	00297330
train	00297332
train	00297333
train	00297336
train	00297338
train	00297342
train	00297343
train	00297345
train	00297390
train	00297392
train	00297396
train	00297412
train	00297413
train	00297414
train	00297417
train	00297419
train	00297429
train	00297449
train	00297451
train	00297452
train	00297458
train	00297461
train	00297490
train	00297504
train	00297507
train	00297663
train	00297668
train	00297710
train	00297732
train	00297763
train	00297780
train	00297783
train	00297799
train	00297835
train	00297886
train	00297894
train	00297902
train	00297904
train	00297905
train	00297906
train	00297907
train	00297909
train	00297915
train	00297925
train	00297932
train	00297950
train	00297976
train	00297980
train	00297990
train	00297992
train	00297997
train	00298025
train	00298028
train	00298035
train	00298036
train	00298037
train	00298039
train	00298042
train	00298067
train	00298069
train	00298070
train	00298080
train	00298103
train	00298136
train	00298148
train	00298165
train	00298311
train	00298319
train	00298325
train	00298441
train	00298444
train	00298467
train	00298469
train	00298472
train	00298481
train	00298546
train	00298557
train	00298563
train	00298592
train	00298594
train	00298605
train	00298616
train	00298622
train	00298640
train	00298772
train	00298774
train	00298776
train	00298818
train	00298820
train	00298830
train	00298883
train	00298886
train	00298887
train	00298889
train	00298913
train	00298914
train	00298920
train	00298924
train	00298930
train	00298936
train	00298937
train	00298939
train	00298958
train	00298964
train	00298972
train	00298984
train	00299007
train	00299008
train	00299009
train	00299025
train	00299043
train	00299045
train	00299053
train	00299054
train	00299056
train	00299059
train	00299065
train	00299113
train	00299118
train	00299119
train	00299147
train	00299148
train	00299193
train	00299212
train	00299223
train	00299243
train	00299290
train	00299304
train	00299308
train	00299321
train	00299323
train	00299325
train	00299361
train	00299401
train	00299422
train	00299426
train	00299432
train	00299434
train	00299475
train	00299509
train	00299541
train	00299584
train	00299627
train	00299687
train	00299688
train	00299691
train	00299703
train	00299711
train	00299713
train	00299714
train	00299733
train	00299773
train	00299782
train	00299789
train	00299854
train	00299864
train	00299871
train	00299883
train	00299910
train	00299917
train	00299918
train	00299936
train	00299939
train	00299940
train	00299941
train	00299965
train	00299969
train	00299970
train	00299971
train	00299972
train	00299982
train	00299984
train	00299985
train	00299987
train	00299994
train	00299996
train	00299997
train	00300076
train	00300112
train	00300163
train	00300193
train	00300200
train	00300208
train	00300219
train	00300248
train	00300423
train	00300431
train	00300432
train	00300439
train	00300455
train	00300464
train	00300476
train	00300477
train	00300494
train	00300498
train	00300507
train	00300508
train	00300510
train	00300516
train	00300536
train	00300539
train	00300555
train	00300598
train	00300608
train	00300609
train	00300611
train	00300619
train	00300622
train	00300629
train	00300636
train	00300644
train	00300649
train	00300653
train	00300657
train	00300679
train	00300680
train	00300750
train	00300791
train	00300792
train	00300794
train	00300796
train	00300804
train	00300824
train	00300826
train	00300838
train	00300924
train	00300928
train	00300945
train	00300951
train	00300964
train	00300980
train	00300999
train	00301016
train	00301052
train	00301060
train	00301061
train	00301091
train	00301113
train	00301156
train	00301161
train	00301221
train	00301290
train	00301309
train	00301316
train	00301320
train	00301323
train	00301324
train	00301326
train	00301327
train	00301330
train	00301331
train	00301342
train	00301348
train	00301349
train	00301354
train	00301394
train	00301397
train	00301401
train	00301410
train	00301413
train	00301416
train	00301422
train	00301432
train	00301433
train	00301479
train	00301495
train	00301505
train	00301513
train	00301514
train	00301515
train	00301516
train	00301517
train	00301518
train	00301534
train	00301547
train	00301548
train	00301561
train	00301564
train	00301573
train	00301624
train	00301626
train	00301627
train	00301691
train	00301693
train	00301744
train	00301789
train	00301839
train	00301873
train	00301874
train	00301888
train	00301893
train	00301926
train	00301928
train	00301977
train	00301984
train	00301987
train	00302012
train	00302013
train	00302044
train	00302045
train	00302047
train	00302049
train	00302103
train	00302110
train	00302116
train	00302163
train	00302175
train	00302179
train	00302182
train	00302189
train	00302224
train	00302228
train	00302238
train	00302243
train	00302246
train	00302249
train	00302261
train	00302262
train	00302272
train	00302304
train	00302306
train	00302322
train	00302342
train	00302358
train	00302362
train	00302464
train	00302469
train	00302502
train	00302505
train	00302506
train	00302512
train	00302523
train	00302530
train	00302531
train	00302534
train	00302557
train	00302564
train	00302576
train	00302580
train	00302654
train	00302663
train	00302803
train	00302855
train	00302865
train	00302882
train	00302889
train	00302890
train	00302893
train	00302901
train	00302912
train	00302913
train	00302916
train	00302918
train	00303046
train	00303056
train	00303057
train	00303141
train	00303182
train	00303203
train	00303229
train	00303231
train	00303243
train	00303246
train	00303251
train	00303252
train	00303255
train	00303257
train	00303293
train	00303304
train	00303315
train	00303324
train	00303472
train	00303495
train	00303508
train	00303550
train	00303553
train	00303555
train	00303557
train	00303559
train	00303571
train	00303572
train	00303578
train	00303631
train	00303632
train	00303642
train	00303670
train	00303683
train	00303722
train	00303723
train	00303731
train	00303755
train	00303834
train	00303860
train	00303861
train	00303867
train	00303876
train	00303880
train	00303882
train	00303945
train	00303964
train	00303981
train	00303986
train	00304049
train	00304067
train	00304091
train	00304097
train	00304100
train	00304169
train	00304170
train	00304178
train	00304187
train	00304201
train	00304204
train	00304252
train	00304259
train	00304260
train	00304282
train	00304320
train	00304323
train	00304330
train	00304370
train	00304517
train	00304555
train	00304582
train	00304663
train	00304666
train	00304689
train	00304695
train	00304722
train	00304725
train	00304766
train	00304767
train	00304768
train	00304769
train	00304826
train	00304836
train	00304848
train	00304849
train	00304866
train	00304867
train	00304868
train	00304869
train	00304900
train	00305033
train	00305034
train	00305043
train	00305050
train	00305079
train	00305085
train	00305106
train	00305107
train	00305165
train	00305203
train	00305219
train	00305224
train	00305237
train	00305243
train	00305258
train	00305260
train	00305275
train	00305310
train	00305322
train	00305337
train	00305342
train	00305349
train	00305413
train	00305420
train	00305421
train	00305422
train	00305423
train	00305438
train	00305441
train	00305446
train	00305458
train	00305460
train	00305472
train	00305474
train	00305486
train	00305495
train	00305516
train	00305526
train	00305538
train	00305544
train	00305554
train	00305558
train	00305569
train	00305603
train	00305643
train	00305646
train	00305647
train	00305732
train	00305735
train	00305764
train	00305778
train	00305791
train	00305792
train	00305813
train	00305890
train	00305892
train	00305900
train	00305901
train	00305902
train	00305908
train	00305909
train	00305976
train	00305993
train	00306060
train	00306071
train	00306075
train	00306112
train	00306122
train	00306135
train	00306136
train	00306144
train	00306181
train	00306182
train	00306183
train	00306184
train	00306229
train	00306252
train	00306259
train	00306276
train	00306287
train	00306295
train	00306309
train	00306352
train	00306360
train	00306361
train	00306371
train	00306381
train	00306395
train	00306401
train	00306402
train	00306438
train	00306451
train	00306468
train	00306478
train	00306481
train	00306485
train	00306486
train	00306487
train	00306490
train	00306494
train	00306495
train	00306503
train	00306505
train	00306506
train	00306508
train	00306515
train	00306516
train	00306522
train	00306526
train	00306530
train	00306531
train	00306533
train	00306534
train	00306539
train	00306542
train	00306544
train	00306546
train	00306547
train	00306548
train	00306551
train	00306554
train	00306556
train	00306565
train	00306566
train	00306573
train	00306574
train	00306575
train	00306584
train	00306586
train	00306587
train	00306618
train	00306631
train	00306644
train	00306645
train	00306648
train	00306649
train	00306650
train	00306652
train	00306654
train	00306655
train	00306673
train	00306711
train	00306712
train	00306713
train	00306778
train	00306813
train	00306829
train	00306840
train	00306869
train	00306870
train	00306884
train	00306894
train	00306970
train	00306988
train	00306990
train	00307001
train	00307002
train	00307014
train	00307017
train	00307018
train	00307019
train	00307020
train	00307022
train	00307023
train	00307024
train	00307025
train	00307093
train	00307118
train	00307126
train	00307142
train	00307144
train	00307149
train	00307152
train	00307153
train	00307159
train	00307161
train	00307164
train	00307165
train	00307167
train	00307216
train	00307224
train	00307225
train	00307226
train	00307227
train	00307231
train	00307232
train	00307233
train	00307234
train	00307235
train	00307236
train	00307238
train	00307239
train	00307241
train	00307243
train	00307244
train	00307246
train	00307249
train	00307250
train	00307251
train	00307252
train	00307253
train	00307254
train	00307255
train	00307256
train	00307258
train	00307260
train	00307262
train	00307264
train	00307266
train	00307267
train	00307271
train	00307273
train	00307275
train	00307277
train	00307278
train	00307279
train	00307288
train	00307289
train	00307290
train	00307295
train	00307299
train	00307303
train	00307305
train	00307310
train	00307324
train	00307326
train	00307327
train	00307328
train	00307329
train	00307331
train	00307332
train	00307333
train	00307335
train	00307338
train	00307346
train	00307347
train	00307436
train	00307445
train	00307448
train	00307463
train	00307464
train	00307482
train	00307522
train	00307650
train	00307654
train	00307655
train	00307656
train	00307658
train	00307659
train	00307667
train	00307668
train	00307669
train	00307671
train	00307676
train	00307679
train	00307682
train	00307683
train	00307684
train	00307687
train	00307688
train	00307689
train	00307690
train	00307691
train	00307693
train	00307694
train	00307697
train	00307699
train	00307703
train	00307707
train	00307711
train	00307712
train	00307716
train	00307718
train	00307719
train	00307723
train	00307726
train	00307729
train	00307730
train	00307734
train	00307739
train	00307740
train	00307743
train	00307748
train	00307749
train	00307764
train	00307768
train	00307776
train	00307780
train	00307781
train	00307783
train	00307785
train	00307811
train	00307815
train	00307817
train	00307818
train	00307819
train	00307820
train	00307821
train	00307825
train	00307829
train	00307830
train	00307831
train	00307833
train	00307835
train	00307836
train	00307846
train	00307849
train	00307861
train	00307862
train	00307865
train	00307871
train	00307874
train	00307875
train	00307879
train	00307884
train	00307885
train	00307886
train	00307889
train	00307892
train	00307915
train	00307927
train	00307929
train	00307951
train	00307953
train	00308006
train	00308007
train	00308075
train	00308077
train	00308112
train	00308113
train	00308119
train	00308138
train	00308142
train	00308146
train	00308155
train	00308159
train	00308174
train	00308185
train	00308186
train	00308188
train	00308198
train	00308207
train	00308208
train	00308216
train	00308238
train	00308242
train	00308248
train	00308251
train	00308252
train	00308258
train	00308261
train	00308262
train	00308264
train	00308268
train	00308269
train	00308270
train	00308284
train	00308285
train	00308292
train	00308294
train	00308297
train	00308304
train	00308307
train	00308308
train	00308310
train	00308313
train	00308315
train	00308327
train	00308354
train	00308399
train	00308403
train	00308408
train	00308409
train	00308413
train	00308415
train	00308416
train	00308417
train	00308418
train	00308420
train	00308423
train	00308425
train	00308436
train	00308443
train	00308453
train	00308454
train	00308455
train	00308457
train	00308460
train	00308461
train	00308468
train	00308472
train	00308492
train	00308498
train	00308510
train	00308512
train	00308520
train	00308522
train	00308536
train	00308547
train	00308550
train	00308573
train	00308575
train	00308576
train	00308577
train	00308578
train	00308579
train	00308580
train	00308607
train	00308630
train	00308662
train	00308664
train	00308708
train	00308724
train	00308761
train	00308762
train	00308763
train	00308765
train	00308780
train	00308781
train	00308818
train	00308824
train	00308825
train	00308828
train	00308835
train	00308845
train	00308886
train	00308887
train	00308914
train	00308917
train	00308922
train	00309057
train	00309060
train	00309061
train	00309074
train	00309092
train	00309093
train	00309105
train	00309107
train	00309113
train	00309123
train	00309142
train	00309178
train	00309205
train	00309207
train	00309209
train	00309223
train	00309225
train	00309237
train	00309253
train	00309268
train	00309269
train	00309278
train	00309280
train	00309281
train	00309282
train	00309283
train	00309300
train	00309326
train	00309327
train	00309411
train	00309417
train	00309421
train	00309509
train	00309512
train	00309515
train	00309519
train	00309521
train	00309527
train	00309530
train	00309534
train	00309540
train	00309550
train	00309554
train	00309556
train	00309603
train	00309623
train	00309653
train	00309654
train	00309676
train	00309695
train	00309716
train	00309718
train	00309719
train	00309726
train	00309731
train	00309737
train	00309757
train	00309773
train	00309838
train	00309886
train	00309903
train	00309952
train	00309953
train	00309964
train	00309966
train	00309973
train	00309990
train	00309997
train	00310044
train	00310052
train	00310080
train	00310113
train	00310143
train	00310163
train	00310170
train	00310184
train	00310185
train	00310226
train	00310247
train	00310252
train	00310255
train	00310258
train	00310272
train	00310291
train	00310304
train	00310306
train	00310329
train	00310346
train	00310478
train	00310511
train	00310545
train	00310552
train	00310573
train	00310574
train	00310575
train	00310577
train	00310586
train	00310595
train	00310604
train	00310638
train	00310643
train	00310674
train	00310703
train	00310744
train	00310786
train	00310823
train	00310827
train	00310841
train	00310847
train	00310849
train	00310851
train	00310855
train	00310865
train	00310882
train	00310895
train	00310896
train	00310897
train	00310898
train	00310899
train	00310953
train	00310966
train	00310969
train	00310970
train	00311003
train	00311008
train	00311010
train	00311023
train	00311064
train	00311066
train	00311068
train	00311071
train	00311072
train	00311104
train	00311108
train	00311119
train	00311122
train	00311128
train	00311129
train	00311145
train	00311158
train	00311160
train	00311165
train	00311177
train	00311178
train	00311227
train	00311238
train	00311243
train	00311288
train	00311307
train	00311314
train	00311388
train	00311389
train	00311394
train	00311405
train	00311407
train	00311411
train	00311422
train	00311423
train	00311429
train	00311436
train	00311452
train	00311457
train	00311463
train	00311468
train	00311473
train	00311478
train	00311483
train	00311487
train	00311506
train	00311560
train	00311607
train	00311641
train	00311672
train	00311960
train	00311978
train	00312007
train	00312038
train	00312051
train	00312080
train	00312109
train	00312114
train	00312117
train	00312122
train	00312123
train	00312180
train	00312188
train	00312214
train	00312239
train	00312240
train	00312241
train	00312291
train	00312298
train	00312332
train	00312334
train	00312335
train	00312350
train	00312354
train	00312355
train	00312366
train	00312370
train	00312371
train	00312374
train	00312382
train	00312427
train	00312428
train	00312433
train	00312496
train	00312517
train	00312533
train	00312538
train	00312577
train	00312650
train	00312661
train	00312662
train	00312664
train	00312665
train	00312674
train	00312707
train	00312710
train	00312714
train	00312723
train	00312725
train	00312727
train	00312729
train	00312730
train	00312731
train	00312732
train	00312734
train	00312739
train	00312740
train	00312741
train	00312761
train	00312788
train	00312815
train	00312867
train	00312870
train	00312896
train	00312940
train	00312951
train	00312953
train	00312960
train	00312961
train	00312980
train	00312982
train	00312983
train	00312984
train	00312999
train	00313006
train	00313010
train	00313011
train	00313013
train	00313014
train	00313031
train	00313032
train	00313068
train	00313099
train	00313106
train	00313107
train	00313114
train	00313115
train	00313118
train	00313128
train	00313129
train	00313185
train	00313188
train	00313251
train	00313252
train	00313254
train	00313308
train	00313309
train	00313311
train	00313317
train	00313323
train	00313327
train	00313330
train	00313331
train	00313337
train	00313343
train	00313347
train	00313353
train	00313354
train	00313358
train	00313361
train	00313366
train	00313373
train	00313375
train	00313385
train	00313386
train	00313393
train	00313403
train	00313404
train	00313405
train	00313406
train	00313408
train	00313409
train	00313414
train	00313417
train	00313430
train	00313452
train	00313459
train	00313462
train	00313470
train	00313471
train	00313476
train	00313477
train	00313478
train	00313490
train	00313491
train	00313492
train	00313495
train	00313497
train	00313502
train	00313503
train	00313505
train	00313510
train	00313514
train	00313517
train	00313519
train	00313520
train	00313521
train	00313529
train	00313534
train	00313535
train	00313538
train	00313544
train	00313555
train	00313559
train	00313563
train	00313574
train	00313579
train	00313583
train	00313588
train	00313591
train	00313598
train	00313599
train	00313604
train	00313610
train	00313614
train	00313617
train	00313620
train	00313623
train	00313628
train	00313629
train	00313635
train	00313646
train	00313652
train	00313693
train	00313771
train	00313817
train	00313852
train	00313871
train	00313874
train	00313886
train	00313893
train	00313937
train	00313938
train	00313942
train	00313950
train	00313959
train	00313973
train	00313981
train	00313985
train	00313986
train	00313996
train	00314004
train	00314005
train	00314009
train	00314011
train	00314012
train	00314019
train	00314020
train	00314021
train	00314022
train	00314036
train	00314037
train	00314043
train	00314044
train	00314129
train	00314147
train	00314177
train	00314211
train	00314222
train	00314263
train	00314272
train	00314288
train	00314297
train	00314349
train	00314353
train	00314431
train	00314472
train	00314488
train	00314543
train	00314557
train	00314577
train	00314589
train	00314611
train	00314629
train	00314632
train	00314756
train	00314766
train	00314778
train	00314780
train	00314781
train	00314782
train	00314786
train	00314787
train	00314789
train	00314790
train	00314791
train	00314825
train	00314861
train	00314892
train	00314922
train	00314923
train	00314925
train	00314927
train	00315008
train	00315036
train	00315072
train	00315188
train	00315199
train	00315204
train	00315259
train	00315287
train	00315289
train	00315293
train	00315306
train	00315338
train	00315340
train	00315341
train	00315351
train	00315385
train	00315449
train	00315542
train	00315590
train	00315591
train	00315764
train	00315793
train	00315810
train	00315832
train	00315858
train	00315860
train	00315861
train	00316021
train	00316043
train	00316054
train	00316055
train	00316062
train	00316155
train	00316206
train	00316273
train	00316284
train	00316337
train	00316374
train	00316375
train	00316387
train	00316443
train	00316444
train	00316466
train	00316467
train	00316468
train	00316469
train	00316470
train	00316525
train	00316582
train	00316593
train	00316606
train	00316607
train	00316615
train	00316703
train	00316726
train	00316727
train	00316820
train	00316835
train	00316845
train	00316854
train	00316861
train	00316868
train	00316890
train	00316892
train	00316903
train	00316980
train	00317013
train	00317071
train	00317103
train	00317114
train	00317152
train	00317154
train	00317156
train	00317163
train	00317164
train	00317165
train	00317171
train	00317174
train	00317184
train	00317187
train	00317193
train	00317196
train	00317200
train	00317201
train	00317284
train	00317314
train	00317348
train	00317371
train	00317377
train	00317380
train	00317461
train	00317465
train	00317489
train	00317525
train	00317526
train	00317568
train	00317579
train	00317587
train	00317616
train	00317627
train	00317630
train	00317631
train	00317640
train	00317661
train	00317677
train	00317682
train	00317684
train	00317691
train	00317692
train	00317695
train	00317722
train	00317725
train	00317727
train	00317728
train	00317737
train	00317750
train	00317754
train	00317765
train	00317771
train	00317775
train	00317787
train	00317800
train	00317804
train	00317810
train	00317824
train	00317825
train	00317830
train	00317846
train	00317847
train	00317848
train	00317909
train	00317964
train	00318021
train	00318072
train	00318077
train	00318108
train	00318109
train	00318110
train	00318111
train	00318197
train	00318204
train	00318214
train	00318452
train	00318455
train	00318475
train	00318487
train	00318509
train	00318535
train	00318601
train	00318603
train	00318604
train	00318605
train	00318608
train	00318626
train	00318629
train	00318650
train	00318657
train	00318728
train	00318729
train	00318735
train	00318743
train	00318748
train	00318768
train	00318775
train	00318791
train	00318864
train	00318916
train	00318973
train	00318976
train	00319003
train	00319045
train	00319072
train	00319073
train	00319075
train	00319076
train	00319085
train	00319093
train	00319095
train	00319143
train	00319155
train	00319177
train	00319257
train	00319300
train	00319302
train	00319303
train	00319305
train	00319318
train	00319320
train	00319322
train	00319326
train	00319327
train	00319331
train	00319335
train	00319339
train	00319342
train	00319349
train	00319351
train	00319353
train	00319354
train	00319366
train	00319372
train	00319373
train	00319374
train	00319378
train	00319388
train	00319393
train	00319401
train	00319411
train	00319413
train	00319414
train	00319424
train	00319425
train	00319441
train	00319444
train	00319457
train	00319462
train	00319464
train	00319465
train	00319467
train	00319468
train	00319505
train	00319506
train	00319508
train	00319509
train	00319525
train	00319529
train	00319539
train	00319549
train	00319561
train	00319564
train	00319566
train	00319569
train	00319570
train	00319582
train	00319583
train	00319589
train	00319590
train	00319599
train	00319605
train	00319638
train	00319656
train	00319675
train	00319676
train	00319685
train	00319696
train	00319703
train	00319717
train	00319719
train	00319725
train	00319734
train	00319739
train	00319743
train	00319744
train	00319746
train	00319747
train	00319750
train	00319761
train	00319762
train	00319763
train	00319768
train	00319771
train	00319775
train	00319783
train	00319789
train	00319799
train	00319806
train	00319808
train	00319813
train	00319817
train	00319866
train	00319877
train	00319888
train	00319891
train	00319901
train	00319906
train	00319949
train	00319957
train	00319961
train	00319973
train	00319980
train	00319981
train	00319982
train	00320008
train	00320036
train	00320037
train	00320111
train	00320112
train	00320159
train	00320164
train	00320186
train	00320198
train	00320202
train	00320211
train	00320212
train	00320223
train	00320225
train	00320241
train	00320286
train	00320299
train	00320307
train	00320362
train	00320381
train	00320387
train	00320393
train	00320409
train	00320424
train	00320429
train	00320436
train	00320490
train	00320493
train	00320506
train	00320569
train	00320603
train	00320613
train	00320622
train	00320703
train	00320771
train	00320773
train	00320779
train	00320780
train	00320785
train	00320787
train	00320788
train	00320789
train	00320796
train	00320801
train	00320802
train	00320803
train	00320805
train	00320806
train	00320808
train	00320820
train	00320821
train	00320822
train	00320824
train	00320826
train	00320829
train	00320879
train	00320891
train	00320921
train	00320925
train	00320938
train	00320954
train	00320974
train	00321021
train	00321025
train	00321026
train	00321028
train	00321029
train	00321031
train	00321035
train	00321036
train	00321043
train	00321044
train	00321047
train	00321056
train	00321062
train	00321063
train	00321066
train	00321068
train	00321070
train	00321076
train	00321080
train	00321081
train	00321082
train	00321086
train	00321089
train	00321093
train	00321095
train	00321098
train	00321105
train	00321120
train	00321165
train	00321171
train	00321172
train	00321173
train	00321175
train	00321176
train	00321177
train	00321178
train	00321179
train	00321196
train	00321236
train	00321237
train	00321246
train	00321270
train	00321278
train	00321285
train	00321303
train	00321304
train	00321305
train	00321341
train	00321349
train	00321360
train	00321365
train	00321366
train	00321373
train	00321374
train	00321375
train	00321379
train	00321388
train	00321401
train	00321408
train	00321416
train	00321417
train	00321433
train	00321439
train	00321443
train	00321447
train	00321465
train	00321477
train	00321478
train	00321479
train	00321488
train	00321491
train	00321492
train	00321493
train	00321499
train	00321500
train	00321504
train	00321505
train	00321507
train	00321510
train	00321513
train	00321514
train	00321515
train	00321524
train	00321532
train	00321535
train	00321537
train	00321550
train	00321551
train	00321554
train	00321559
train	00321563
train	00321564
train	00321575
train	00321576
train	00321579
train	00321580
train	00321583
train	00321585
train	00321587
train	00321644
train	00321661
train	00321672
train	00321719
train	00321720
train	00321787
train	00321806
train	00321828
train	00321856
train	00321857
train	00321867
train	00321870
train	00321873
train	00321881
train	00321884
train	00321895
train	00321896
train	00321900
train	00321931
train	00321992
train	00322014
train	00322016
train	00322022
train	00322023
train	00322034
train	00322036
train	00322037
train	00322039
train	00322040
train	00322046
train	00322078
train	00322079
train	00322081
train	00322082
train	00322083
train	00322086
train	00322089
train	00322091
train	00322137
train	00322166
train	00322186
train	00322269
train	00322278
train	00322288
train	00322290
train	00322291
train	00322302
train	00322303
train	00322304
train	00322307
train	00322312
train	00322321
train	00322347
train	00322358
train	00322359
train	00322365
train	00322390
train	00322408
train	00322481
train	00322510
train	00322514
train	00322517
train	00322527
train	00322550
train	00322570
train	00322574
train	00322613
train	00322620
train	00322640
train	00322685
train	00322815
train	00322819
train	00322825
train	00322829
train	00322843
train	00322849
train	00322853
train	00322855
train	00322860
train	00322875
train	00322885
train	00322887
train	00322905
train	00322910
train	00322919
train	00322945
train	00323019
train	00323020
train	00323025
train	00323026
train	00323039
train	00323040
train	00323060
train	00323071
train	00323074
train	00323076
train	00323160
train	00323165
train	00323183
train	00323184
train	00323186
train	00323189
train	00323192
train	00323193
train	00323194
train	00323195
train	00323200
train	00323254
train	00323259
train	00323260
train	00323262
train	00323263
train	00323264
train	00323297
train	00323310
train	00323311
train	00323313
train	00323317
train	00323331
train	00323357
train	00323359
train	00323360
train	00323361
train	00323362
train	00323382
train	00323385
train	00323388
train	00323395
train	00323396
train	00323400
train	00323413
train	00323416
train	00323427
train	00323436
train	00323498
train	00323507
train	00323511
train	00323513
train	00323515
train	00323521
train	00323523
train	00323525
train	00323529
train	00323536
train	00323540
train	00323541
train	00323545
train	00323546
train	00323547
train	00323549
train	00323570
train	00323584
train	00323587
train	00323594
train	00323603
train	00323611
train	00323669
train	00323832
train	00323834
train	00323860
train	00323872
train	00323907
train	00323920
train	00323923
train	00323925
train	00323926
train	00323930
train	00323933
train	00323942
train	00323988
train	00324001
train	00324037
train	00324041
train	00324053
train	00324072
train	00324097
train	00324154
train	00324160
train	00324214
train	00324215
train	00324226
train	00324230
train	00324267
train	00324452
train	00324454
train	00324457
train	00324458
train	00324459
train	00324463
train	00324464
train	00324501
train	00324525
train	00324550
train	00324561
train	00324681
train	00324684
train	00324703
train	00324744
train	00324747
train	00324770
train	00324779
train	00324783
train	00324850
train	00324865
train	00324874
train	00324877
train	00324904
train	00324944
train	00324972
train	00325094
train	00325147
train	00325237
train	00325239
train	00325336
train	00325363
train	00325364
train	00325371
train	00325441
train	00325448
train	00325513
train	00325521
train	00325531
train	00325562
train	00325658
train	00325671
train	00325672
train	00325702
train	00325721
train	00325725
train	00325741
train	00325742
train	00325770
train	00325796
train	00325798
train	00325845
train	00325850
train	00325851
train	00325854
train	00325858
train	00325859
train	00325907
train	00325920
train	00325946
train	00325948
train	00325975
train	00326006
train	00326021
train	00326032
train	00326140
train	00326143
train	00326165
train	00326171
train	00326312
train	00326313
train	00326349
train	00326351
train	00326355
train	00326356
train	00326357
train	00326360
train	00326399
train	00326419
train	00326427
train	00326437
train	00326440
train	00326505
train	00326507
train	00326515
train	00326516
train	00326517
train	00326519
train	00326537
train	00326635
train	00326646
train	00326650
train	00326712
train	00326720
train	00326742
train	00326745
train	00326748
train	00326756
train	00326758
train	00326855
train	00326870
train	00326871
train	00326895
train	00326927
train	00326959
train	00326961
train	00326981
train	00326986
train	00327209
train	00327210
train	00327306
train	00327326
train	00327339
train	00327344
train	00327345
train	00327421
train	00327423
train	00327434
train	00327435
train	00327436
train	00327437
train	00327438
train	00327485
train	00327502
train	00327520
train	00327528
train	00327530
train	00327540
train	00327543
train	00327549
train	00327551
train	00327554
train	00327622
train	00327669
train	00327671
train	00327672
train	00327681
train	00327682
train	00327686
train	00327687
train	00327688
train	00327709
train	00327712
train	00327713
train	00327714
train	00327726
train	00327727
train	00327729
train	00327730
train	00327734
train	00327737
train	00327811
train	00327827
train	00327859
train	00327878
train	00327891
train	00327905
train	00327907
train	00327940
train	00327970
train	00327980
train	00327990
train	00328020
train	00328041
train	00328051
train	00328052
train	00328053
train	00328070
train	00328071
train	00328074
train	00328078
train	00328108
train	00328166
train	00328167
train	00328168
train	00328170
train	00328184
train	00328231
train	00328270
train	00328271
train	00328276
train	00328348
train	00328354
train	00328356
train	00328387
train	00328397
train	00328403
train	00328429
train	00328476
train	00328483
train	00328516
train	00328556
train	00328567
train	00328591
train	00328594
train	00328624
train	00328637
train	00328654
train	00328682
train	00328700
train	00328704
train	00328723
train	00328733
train	00328739
train	00328746
train	00328813
train	00328826
train	00328888
train	00328920
train	00328923
train	00329107
train	00329166
train	00329172
train	00329185
train	00329194
train	00329220
train	00329241
train	00329242
train	00329253
train	00329276
train	00329277
train	00329282
train	00329284
train	00329285
train	00329286
train	00329287
train	00329288
train	00329289
train	00329291
train	00329297
train	00329340
train	00329343
train	00329358
train	00329381
train	00329420
train	00329425
train	00329444
train	00329522
train	00329535
train	00329711
train	00329712
train	00329755
train	00329756
train	00329781
train	00329819
train	00329880
train	00329976
train	00330021
train	00330054
train	00330063
train	00330071
train	00330072
train	00330075
train	00330210
train	00330213
train	00330245
train	00330249
train	00330250
train	00330275
train	00330280
train	00330303
train	00330326
train	00330330
train	00330341
train	00330343
train	00330375
train	00330416
train	00330448
train	00330473
train	00330498
train	00330561
train	00330615
train	00330630
train	00330678
train	00330756
train	00330770
train	00330772
train	00330784
train	00330796
train	00330798
train	00330812
train	00330827
train	00330837
train	00330838
train	00330840
train	00330842
train	00330848
train	00330849
train	00330884
train	00330905
train	00330910
train	00330911
train	00330913
train	00330945
train	00330972
train	00330984
train	00330988
train	00330993
train	00331000
train	00331001
train	00331007
train	00331034
train	00331037
train	00331044
train	00331060
train	00331113
train	00331114
train	00331118
train	00331120
train	00331163
train	00331168
train	00331184
train	00331185
train	00331186
train	00331237
train	00331250
train	00331268
train	00331280
train	00331290
train	00331511
train	00331527
train	00331539
train	00331540
train	00331542
train	00331568
train	00331578
train	00331586
train	00331590
train	00331686
train	00331688
train	00331729
train	00331737
train	00331743
train	00331864
train	00331897
train	00331903
train	00331915
train	00331944
train	00331965
train	00332063
train	00332070
train	00332120
train	00332139
train	00332161
train	00332165
train	00332166
train	00332167
train	00332168
train	00332169
train	00332170
train	00332172
train	00332173
train	00332176
train	00332230
train	00332231
train	00332269
train	00332300
train	00332310
train	00332328
train	00332353
train	00332387
train	00332390
train	00332405
train	00332413
train	00332415
train	00332421
train	00332422
train	00332433
train	00332451
train	00332452
train	00332492
train	00332514
train	00332517
train	00332534
train	00332535
train	00332536
train	00332543
train	00332546
train	00332549
train	00332550
train	00332551
train	00332557
train	00332740
train	00332758
train	00332759
train	00332836
train	00332847
train	00332848
train	00332851
train	00332875
train	00332877
train	00332878
train	00332993
train	00333015
train	00333033
train	00333058
train	00333061
train	00333066
train	00333068
train	00333099
train	00333148
train	00333149
train	00333154
train	00333167
train	00333424
train	00333426
train	00333430
train	00333434
train	00333441
train	00333474
train	00333477
train	00333478
train	00333481
train	00333487
train	00333489
train	00333491
train	00333492
train	00333494
train	00333514
train	00333515
train	00333518
train	00333519
train	00333533
train	00333542
train	00333543
train	00333576
train	00333653
train	00333667
train	00333668
train	00333739
train	00333761
train	00333766
train	00333800
train	00333801
train	00333802
train	00333807
train	00333834
train	00333872
train	00333969
train	00334025
train	00334042
train	00334046
train	00334059
train	00334095
train	00334110
train	00334180
train	00334202
train	00334212
train	00334215
train	00334230
train	00334290
train	00334294
train	00334302
train	00334359
train	00334360
train	00334393
train	00334404
train	00334445
train	00334462
train	00334488
train	00334531
train	00334597
train	00334598
train	00334599
train	00334600
train	00334601
train	00334603
train	00334604
train	00334746
train	00334765
train	00334783
train	00334789
train	00334803
train	00334843
train	00334936
train	00335020
train	00335021
train	00335022
train	00335138
train	00335139
train	00335142
train	00335143
train	00335146
train	00335157
train	00335176
train	00335177
train	00335180
train	00335192
train	00335215
train	00335226
train	00335264
train	00335272
train	00335279
train	00335300
train	00335301
train	00335302
train	00335303
train	00335304
train	00335373
train	00335436
train	00335444
train	00335446
train	00335455
train	00335480
train	00335481
train	00335531
train	00335532
train	00335534
train	00335561
train	00335621
train	00335644
train	00335704
train	00335726
train	00335763
train	00335771
train	00335873
train	00335890
train	00335894
train	00335895
train	00335896
train	00335897
train	00335946
train	00335953
train	00335964
train	00335966
train	00335967
train	00335974
train	00335975
train	00335977
train	00335978
train	00335983
train	00336005
train	00336006
train	00336007
train	00336012
train	00336022
train	00336024
train	00336026
train	00336081
train	00336188
train	00336206
train	00336277
train	00336324
train	00336334
train	00336336
train	00336344
train	00336359
train	00336361
train	00336371
train	00336392
train	00336404
train	00336410
train	00336411
train	00336423
train	00336430
train	00336445
train	00336447
train	00336453
train	00336454
train	00336459
train	00336461
train	00336468
train	00336469
train	00336499
train	00336501
train	00336546
train	00336568
train	00336601
train	00336604
train	00336605
train	00336658
train	00336677
train	00336690
train	00336723
train	00336758
train	00336760
train	00336776
train	00336789
train	00336795
train	00336799
train	00336819
train	00336823
train	00336824
train	00336826
train	00336830
train	00336832
train	00336833
train	00336834
train	00336867
train	00336874
train	00336881
train	00336913
train	00336944
train	00336987
train	00337006
train	00337029
train	00337032
train	00337033
train	00337041
train	00337098
train	00337196
train	00337202
train	00337239
train	00337259
train	00337290
train	00337326
train	00337343
train	00337350
train	00337379
train	00337463
train	00337489
train	00337574
train	00337576
train	00337620
train	00337639
train	00337641
train	00337656
train	00337657
train	00337658
train	00337754
train	00337794
train	00337931
train	00337966
train	00337969
train	00337989
train	00337996
train	00338020
train	00338030
train	00338033
train	00338072
train	00338082
train	00338096
train	00338101
train	00338139
train	00338140
train	00338162
train	00338186
train	00338199
train	00338215
train	00338220
train	00338275
train	00338365
train	00338368
train	00338422
train	00338426
train	00338437
train	00338446
train	00338448
train	00338451
train	00338453
train	00338476
train	00338532
train	00338626
train	00338638
train	00338641
train	00338665
train	00338672
train	00338674
train	00338681
train	00338748
train	00338822
train	00338838
train	00338860
train	00338861
train	00338862
train	00338863
train	00338871
train	00338919
train	00338935
train	00339016
train	00339029
train	00339067
train	00339083
train	00339095
train	00339181
train	00339189
train	00339206
train	00339226
train	00339259
train	00339297
train	00339340
train	00339379
train	00339450
train	00339457
train	00339459
train	00339460
train	00339488
train	00339508
train	00339527
train	00339528
train	00339531
train	00339536
train	00339537
train	00339587
train	00339662
train	00339669
train	00339682
train	00339691
train	00339692
train	00339693
train	00339694
train	00339731
train	00339735
train	00339777
train	00339788
train	00339791
train	00339792
train	00339793
train	00339803
train	00339805
train	00339829
train	00339830
train	00339860
train	00339861
train	00339862
train	00339863
train	00339872
train	00339875
train	00339876
train	00339877
train	00339898
train	00339899
train	00339951
train	00339972
train	00340066
train	00340147
train	00340158
train	00340165
train	00340168
train	00340169
train	00340172
train	00340173
train	00340175
train	00340176
train	00340180
train	00340182
train	00340243
train	00340244
train	00340265
train	00340274
train	00340278
train	00340280
train	00340303
train	00340309
train	00340333
train	00340368
train	00340410
train	00340446
train	00340495
train	00340558
train	00340598
train	00340599
train	00340609
train	00340615
train	00340636
train	00340648
train	00340653
train	00340676
train	00340708
train	00340709
train	00340764
train	00340791
train	00340796
train	00340810
train	00340842
train	00340883
train	00340907
train	00341186
train	00341207
train	00341208
train	00341209
train	00341223
train	00341224
train	00341226
train	00341239
train	00341304
train	00341305
train	00341314
train	00341315
train	00341316
train	00341317
train	00341320
train	00341340
train	00341412
train	00341425
train	00341465
train	00341466
train	00341520
train	00341567
train	00341578
train	00341601
train	00341603
train	00341633
train	00341645
train	00341686
train	00341695
train	00341699
train	00341729
train	00341750
train	00341767
train	00341800
train	00341816
train	00341825
train	00341913
train	00341917
train	00341953
train	00341995
train	00342001
train	00342002
train	00342016
train	00342032
train	00342143
train	00342155
train	00342219
train	00342266
train	00342267
train	00342277
train	00342284
train	00342286
train	00342293
train	00342295
train	00342296
train	00342298
train	00342315
train	00342341
train	00342376
train	00342517
train	00342669
train	00342684
train	00342685
train	00342687
train	00342688
train	00342689
train	00342690
train	00342692
train	00342694
train	00342735
train	00342736
train	00342741
train	00342751
train	00342752
train	00342753
train	00342763
train	00342770
train	00342773
train	00342819
train	00342825
train	00342827
train	00342829
train	00342830
train	00342831
train	00342838
train	00342839
train	00342843
train	00342846
train	00342850
train	00342851
train	00342877
train	00342882
train	00342883
train	00342884
train	00342887
train	00342893
train	00342894
train	00342899
train	00342932
train	00342934
train	00342937
train	00342939
train	00342940
train	00342941
train	00342942
train	00342943
train	00342944
train	00342950
train	00342951
train	00342952
train	00342956
train	00342958
train	00342960
train	00342963
train	00342964
train	00342965
train	00342970
train	00342971
train	00342972
train	00342974
train	00342976
train	00342977
train	00342979
train	00342980
train	00342983
train	00342985
train	00342986
train	00342987
train	00342989
train	00342991
train	00342997
train	00343002
train	00343003
train	00343004
train	00343005
train	00343006
train	00343008
train	00343011
train	00343013
train	00343014
train	00343015
train	00343024
train	00343057
train	00343059
train	00343063
train	00343070
train	00343073
train	00343076
train	00343078
train	00343103
train	00343137
train	00343197
train	00343198
train	00343199
train	00343225
train	00343239
train	00343291
train	00343293
train	00343320
train	00343337
train	00343338
train	00343339
train	00343343
train	00343349
train	00343362
train	00343398
train	00343409
train	00343414
train	00343485
train	00343632
train	00343697
train	00343746
train	00343791
train	00343843
train	00343845
train	00343893
train	00343931
train	00343981
train	00343994
train	00343995
train	00344011
train	00344012
train	00344021
train	00344024
train	00344025
train	00344026
train	00344063
train	00344066
train	00344184
train	00344187
train	00344188
train	00344194
train	00344196
train	00344245
train	00344270
train	00344289
train	00344330
train	00344344
train	00344396
train	00344415
train	00344448
train	00344461
train	00344481
train	00344513
train	00344550
train	00344609
train	00344623
train	00344664
train	00344673
train	00344754
train	00344780
train	00344809
train	00344853
train	00344862
train	00344929
train	00344930
train	00344957
train	00344968
train	00344987
train	00344988
train	00344990
train	00344991
train	00344994
train	00344997
train	00345015
train	00345027
train	00345065
train	00345100
train	00345101
train	00345103
train	00345105
train	00345106
train	00345107
train	00345113
train	00345114
train	00345129
train	00345140
train	00345185
train	00345190
train	00345193
train	00345194
train	00345198
train	00345221
train	00345225
train	00345226
train	00345229
train	00345232
train	00345233
train	00345234
train	00345292
train	00345293
train	00345388
train	00345393
train	00345395
train	00345396
train	00345397
train	00345399
train	00345402
train	00345403
train	00345472
train	00345478
train	00345481
train	00345484
train	00345504
train	00345508
train	00345667
train	00345686
train	00345717
train	00345740
train	00345758
train	00345901
train	00345902
train	00345966
train	00345989
train	00346028
train	00346055
train	00346063
train	00346113
train	00346135
train	00346145
train	00346175
train	00346189
train	00346257
train	00346280
train	00346281
train	00346285
train	00346295
train	00346318
train	00346335
train	00346386
train	00346422
train	00346442
train	00346444
train	00346447
train	00346519
train	00346536
train	00346549
train	00346564
train	00346611
train	00346614
train	00346615
train	00346648
train	00346709
train	00346799
train	00346805
train	00346806
train	00346811
train	00346841
train	00346879
train	00346910
train	00347011
train	00347107
train	00347123
train	00347127
train	00347128
train	00347146
train	00347157
train	00347201
train	00347241
train	00347256
train	00347270
train	00347279
train	00347282
train	00347341
train	00347348
train	00347375
train	00347376
train	00347386
train	00347412
train	00347437
train	00347474
train	00347484
train	00347487
train	00347517
train	00347533
train	00347538
train	00347539
train	00347573
train	00347584
train	00347585
train	00347600
train	00347619
train	00347625
train	00347630
train	00347658
train	00347665
train	00347683
train	00347716
train	00347722
train	00347738
train	00347834
train	00347994
train	00347995
train	00347996
train	00347997
train	00348056
train	00348109
train	00348115
train	00348116
train	00348124
train	00348163
train	00348210
train	00348293
train	00348314
train	00348338
train	00348379
train	00348415
train	00348591
train	00348599
train	00348601
train	00348602
train	00348603
train	00348604
train	00348612
train	00348682
train	00348772
train	00348789
train	00348790
train	00348820
train	00348822
train	00348829
train	00348834
train	00348837
train	00348907
train	00348910
train	00348912
train	00348933
train	00348989
train	00349012
train	00349029
train	00349034
train	00349036
train	00349042
train	00349043
train	00349050
train	00349051
train	00349059
train	00349119
train	00349120
train	00349123
train	00349142
train	00349144
train	00349151
train	00349236
train	00349242
train	00349320
train	00349333
train	00349447
train	00349451
train	00349576
train	00349592
train	00349708
train	00349709
train	00349733
train	00349840
train	00349841
train	00349861
train	00349892
train	00349895
train	00349898
train	00349918
train	00349921
train	00349924
train	00349926
train	00349929
train	00349934
train	00349945
train	00349948
train	00349956
train	00349959
train	00349960
train	00349962
train	00349968
train	00349972
train	00349975
train	00349977
train	00349979
train	00349982
train	00350024
train	00350043
train	00350075
train	00350089
train	00350092
train	00350123
train	00350155
train	00350157
train	00350192
train	00350226
train	00350232
train	00350242
train	00350268
train	00350273
train	00350282
train	00350299
train	00350300
train	00350305
train	00350371
train	00350412
train	00350449
train	00350450
train	00350488
train	00350517
train	00350520
train	00350524
train	00350529
train	00350546
train	00350557
train	00350584
train	00350585
train	00350591
train	00350652
train	00350694
train	00350695
train	00350790
train	00350793
train	00350818
train	00350820
train	00350891
train	00350945
train	00350950
train	00350963
train	00350969
train	00350975
train	00351000
train	00351005
train	00351020
train	00351043
train	00351044
train	00351056
train	00351067
train	00351108
train	00351228
train	00351230
train	00351286
train	00351287
train	00351289
train	00351291
train	00351312
train	00351313
train	00351362
train	00351387
train	00351389
train	00351399
train	00351404
train	00351405
train	00351407
train	00351409
train	00351410
train	00351414
train	00351415
train	00351453
train	00351455
train	00351466
train	00351486
train	00351493
train	00351508
train	00351523
train	00351525
train	00351527
train	00351528
train	00351573
train	00351574
train	00351575
train	00351576
train	00351594
train	00351608
train	00351655
train	00351656
train	00351673
train	00351675
train	00351685
train	00351703
train	00351741
train	00351774
train	00351786
train	00351853
train	00351854
train	00351856
train	00351857
train	00351858
train	00351859
train	00351862
train	00351863
train	00351864
train	00351865
train	00351867
train	00351868
train	00351871
train	00351873
train	00351900
train	00351932
train	00351935
train	00351936
train	00351943
train	00351944
train	00351947
train	00352033
train	00352038
train	00352048
train	00352051
train	00352073
train	00352075
train	00352088
train	00352100
train	00352101
train	00352121
train	00352134
train	00352139
train	00352141
train	00352147
train	00352153
train	00352155
train	00352158
train	00352161
train	00352163
train	00352166
train	00352172
train	00352173
train	00352174
train	00352178
train	00352181
train	00352184
train	00352186
train	00352194
train	00352197
train	00352208
train	00352211
train	00352215
train	00352332
train	00352333
train	00352334
train	00352335
train	00352340
train	00352356
train	00352368
train	00352370
train	00352400
train	00352409
train	00352412
train	00352440
train	00352447
train	00352459
train	00352460
train	00352461
train	00352544
train	00352545
train	00352546
train	00352548
train	00352565
train	00352566
train	00352579
train	00352595
train	00352603
train	00352614
train	00352615
train	00352623
train	00352624
train	00352628
train	00352635
train	00352640
train	00352641
train	00352644
train	00352663
train	00352680
train	00352683
train	00352701
train	00352708
train	00352754
train	00352765
train	00352787
train	00352801
train	00352809
train	00352863
train	00352927
train	00352930
train	00352945
train	00352957
train	00352980
train	00353043
train	00353044
train	00353174
train	00353189
train	00353191
train	00353192
train	00353193
train	00353195
train	00353293
train	00353376
train	00353427
train	00353441
train	00353445
train	00353448
train	00353451
train	00353454
train	00353547
train	00353549
train	00353552
train	00353562
train	00353563
train	00353564
train	00353588
train	00353590
train	00353591
train	00353593
train	00353595
train	00353596
train	00353598
train	00353599
train	00353600
train	00353601
train	00353602
train	00353603
train	00353604
train	00353605
train	00353606
train	00353607
train	00353608
train	00353609
train	00353610
train	00353612
train	00353613
train	00353614
train	00353615
train	00353616
train	00353617
train	00353619
train	00353620
train	00353621
train	00353622
train	00353623
train	00353631
train	00353632
train	00353634
train	00353635
train	00353636
train	00353638
train	00353640
train	00353642
train	00353643
train	00353644
train	00353649
train	00353650
train	00353651
train	00353657
train	00353658
train	00353660
train	00353665
train	00353666
train	00353667
train	00353669
train	00353672
train	00353675
train	00353676
train	00353679
train	00353681
train	00353684
train	00353685
train	00353690
train	00353691
train	00353693
train	00353695
train	00353696
train	00353701
train	00353705
train	00353706
train	00353715
train	00353718
train	00353720
train	00353732
train	00353769
train	00353859
train	00353865
train	00353874
train	00353878
train	00353890
train	00353892
train	00353896
train	00353900
train	00353902
train	00353908
train	00353910
train	00353939
train	00353942
train	00353953
train	00353955
train	00353961
train	00353971
train	00353993
train	00353998
train	00354028
train	00354048
train	00354052
train	00354117
train	00354127
train	00354128
train	00354129
train	00354130
train	00354372
train	00354374
train	00354387
train	00354431
train	00354464
train	00354482
train	00354533
train	00354548
train	00354574
train	00354746
train	00354748
train	00354754
train	00354757
train	00354780
train	00354800
train	00354823
train	00354824
train	00354841
train	00354845
train	00354863
train	00354866
train	00354900
train	00354903
train	00354905
train	00354924
train	00354978
train	00355082
train	00355148
train	00355149
train	00355150
train	00355151
train	00355152
train	00355155
train	00355156
train	00355157
train	00355160
train	00355171
train	00355183
train	00355207
train	00355226
train	00355227
train	00355228
train	00355233
train	00355240
train	00355245
train	00355296
train	00355325
train	00355430
train	00355488
train	00355499
train	00355521
train	00355525
train	00355526
train	00355556
train	00355735
train	00355736
train	00355758
train	00355784
train	00355850
train	00355856
train	00355859
train	00355863
train	00356025
train	00356119
train	00356121
train	00356123
train	00356124
train	00356127
train	00356130
train	00356180
train	00356195
train	00356197
train	00356199
train	00356236
train	00356237
train	00356253
train	00356271
train	00356319
train	00356320
train	00356330
train	00356332
train	00356343
train	00356345
train	00356347
train	00356353
train	00356358
train	00356359
train	00356361
train	00356363
train	00356417
train	00356418
train	00356420
train	00356423
train	00356424
train	00356426
train	00356427
train	00356429
train	00356439
train	00356441
train	00356469
train	00356473
train	00356480
train	00356484
train	00356486
train	00356490
train	00356506
train	00356514
train	00356557
train	00356571
train	00356572
train	00356580
train	00356582
train	00356595
train	00356633
train	00356637
train	00356639
train	00356646
train	00356647
train	00356648
train	00356658
train	00356659
train	00356660
train	00356662
train	00356666
train	00356667
train	00356668
train	00356671
train	00356674
train	00356675
train	00356728
train	00356729
train	00356730
train	00356732
train	00356787
train	00356803
train	00356837
train	00356890
train	00356891
train	00356892
train	00356894
train	00356904
train	00356907
train	00356918
train	00356922
train	00356923
train	00356926
train	00356928
train	00356930
train	00356932
train	00356953
train	00356962
train	00356963
train	00356970
train	00356972
train	00356973
train	00356974
train	00356975
train	00356994
train	00356999
train	00357021
train	00357030
train	00357038
train	00357045
train	00357047
train	00357100
train	00357115
train	00357136
train	00357151
train	00357181
train	00357182
train	00357213
train	00357270
train	00357287
train	00357343
train	00357381
train	00357388
train	00357394
train	00357415
train	00357525
train	00357526
train	00357528
train	00357530
train	00357531
train	00357534
train	00357536
train	00357539
train	00357542
train	00357543
train	00357544
train	00357557
train	00357599
train	00357728
train	00357775
train	00357866
train	00357907
train	00357967
train	00357971
train	00357975
train	00357978
train	00358134
train	00358247
train	00358261
train	00358262
train	00358269
train	00358286
train	00358288
train	00358299
train	00358333
train	00358336
train	00358337
train	00358367
train	00358470
train	00358501
train	00358507
train	00358548
train	00358552
train	00358570
train	00358572
train	00358591
train	00358602
train	00358607
train	00358620
train	00358633
train	00358695
train	00358725
train	00358811
train	00358850
train	00358859
train	00358978
train	00358982
train	00359009
train	00359024
train	00359039
train	00359057
train	00359089
train	00359095
train	00359100
train	00359101
train	00359103
train	00359104
train	00359106
train	00359107
train	00359108
train	00359109
train	00359111
train	00359112
train	00359113
train	00359114
train	00359118
train	00359123
train	00359124
train	00359125
train	00359126
train	00359136
train	00359137
train	00359140
train	00359141
train	00359143
train	00359144
train	00359145
train	00359146
train	00359147
train	00359150
train	00359154
train	00359156
train	00359166
train	00359176
train	00359177
train	00359178
train	00359179
train	00359185
train	00359187
train	00359189
train	00359190
train	00359197
train	00359199
train	00359202
train	00359290
train	00359295
train	00359302
train	00359337
train	00359413
train	00359417
train	00359419
train	00359420
train	00359423
train	00359424
train	00359426
train	00359427
train	00359429
train	00359434
train	00359438
train	00359444
train	00359447
train	00359454
train	00359458
train	00359472
train	00359474
train	00359475
train	00359482
train	00359484
train	00359485
train	00359488
train	00359599
train	00359688
train	00359689
train	00359690
train	00359691
train	00359692
train	00359693
train	00359694
train	00359695
train	00359696
train	00359697
train	00359698
train	00359700
train	00359709
train	00359723
train	00359726
train	00359728
train	00359729
train	00359737
train	00359780
train	00359783
train	00359794
train	00359806
train	00359807
train	00359810
train	00359823
train	00359824
train	00359825
train	00359826
train	00359830
train	00359833
train	00359835
train	00359837
train	00359838
train	00359840
train	00359843
train	00359844
train	00359845
train	00359848
train	00359849
train	00359850
train	00359853
train	00359855
train	00359857
train	00359858
train	00359859
train	00359864
train	00359865
train	00359868
train	00359869
train	00359871
train	00359873
train	00359875
train	00359876
train	00359879
train	00359881
train	00359885
train	00359887
train	00359888
train	00359889
train	00359891
train	00359895
train	00359896
train	00359897
train	00359900
train	00359901
train	00359903
train	00359913
train	00359918
train	00359919
train	00359932
train	00359955
train	00359966
train	00359967
train	00359968
train	00359969
train	00359979
train	00359993
train	00360017
train	00360097
train	00360099
train	00360100
train	00360132
train	00360145
train	00360146
train	00360191
train	00360192
train	00360335
train	00360340
train	00360341
train	00360342
train	00360369
train	00360384
train	00360406
train	00360412
train	00360414
train	00360416
train	00360456
train	00360458
train	00360459
train	00360489
train	00360490
train	00360496
train	00360573
train	00360576
train	00360593
train	00360596
train	00360599
train	00360619
train	00360620
train	00360625
train	00360626
train	00360655
train	00360697
train	00360698
train	00360741
train	00360775
train	00360780
train	00360784
train	00360785
train	00360786
train	00360788
train	00360790
train	00360810
train	00360894
train	00360899
train	00360900
train	00360922
train	00361029
train	00361034
train	00361070
train	00361112
train	00361122
train	00361128
train	00361145
train	00361162
train	00361210
train	00361238
train	00361257
train	00361277
train	00361281
train	00361285
train	00361286
train	00361293
train	00361310
train	00361314
train	00361332
train	00361348
train	00361349
train	00361350
train	00361352
train	00361359
train	00361360
train	00361367
train	00361372
train	00361376
train	00361377
train	00361378
train	00361380
train	00361384
train	00361385
train	00361386
train	00361389
train	00361390
train	00361391
train	00361392
train	00361408
train	00361421
train	00361422
train	00361426
train	00361476
train	00361511
train	00361534
train	00361536
train	00361537
train	00361538
train	00361539
train	00361540
train	00361542
train	00361545
train	00361546
train	00361547
train	00361548
train	00361549
train	00361553
train	00361571
train	00361574
train	00361579
train	00361580
train	00361581
train	00361582
train	00361583
train	00361584
train	00361585
train	00361586
train	00361587
train	00361633
train	00361652
train	00361663
train	00361680
train	00361733
train	00361740
train	00361779
train	00361784
train	00361795
train	00361845
train	00361846
train	00361881
train	00361887
train	00361891
train	00361892
train	00361893
train	00361895
train	00361896
train	00361897
train	00361898
train	00361899
train	00361925
train	00361934
train	00361953
train	00361956
train	00361971
train	00361974
train	00361999
train	00362060
train	00362061
train	00362076
train	00362077
train	00362125
train	00362127
train	00362195
train	00362231
train	00362238
train	00362239
train	00362242
train	00362253
train	00362292
train	00362303
train	00362306
train	00362336
train	00362339
train	00362367
train	00362374
train	00362384
train	00362395
train	00362517
train	00362521
train	00362523
train	00362525
train	00362608
train	00362620
train	00362719
train	00362720
train	00362767
train	00362774
train	00362784
train	00362863
train	00362921
train	00362922
train	00362943
train	00362944
train	00362992
train	00363022
train	00363043
train	00363076
train	00363095
train	00363105
train	00363106
train	00363122
train	00363154
train	00363234
train	00363235
train	00363264
train	00363304
train	00363343
train	00363356
train	00363359
train	00363360
train	00363369
train	00363394
train	00363415
train	00363708
train	00363741
train	00363742
train	00363743
train	00363756
train	00363786
train	00363800
train	00363805
train	00363846
train	00364022
train	00364093
train	00364204
train	00364205
train	00364206
train	00364207
train	00364208
train	00364210
train	00364212
train	00364218
train	00364220
train	00364225
train	00364238
train	00364244
train	00364284
train	00364287
train	00364331
train	00364340
train	00364351
train	00364392
train	00364396
train	00364425
train	00364446
train	00364455
train	00364487
train	00364489
train	00364492
train	00364493
train	00364494
train	00364495
train	00364505
train	00364541
train	00364545
train	00364679
train	00364712
train	00364713
train	00364736
train	00364737
train	00364760
train	00364765
train	00364791
train	00364796
train	00364866
train	00364874
train	00365040
train	00365054
train	00365099
train	00365105
train	00365115
train	00365153
train	00365214
train	00365218
train	00365219
train	00365222
train	00365225
train	00365231
train	00365245
train	00365308
train	00365342
train	00365348
train	00365353
train	00365452
train	00365453
train	00365465
train	00365466
train	00365470
train	00365471
train	00365481
train	00365484
train	00365496
train	00365498
train	00365503
train	00365507
train	00365511
train	00365538
train	00365583
train	00365586
train	00365588
train	00365592
train	00365593
train	00365616
train	00365620
train	00365626
train	00365631
train	00365644
train	00365668
train	00365673
train	00365763
train	00365773
train	00366011
train	00366099
train	00366101
train	00366119
train	00366182
train	00366184
train	00366206
train	00366207
train	00366221
train	00366230
train	00366231
train	00366232
train	00366234
train	00366236
train	00366260
train	00366263
train	00366297
train	00366303
train	00366310
train	00366324
train	00366327
train	00366329
train	00366335
train	00366336
train	00366337
train	00366340
train	00366342
train	00366343
train	00366372
train	00366378
train	00366455
train	00366459
train	00366464
train	00366465
train	00366466
train	00366467
train	00366476
train	00366477
train	00366481
train	00366486
train	00366494
train	00366495
train	00366520
train	00366524
train	00366526
train	00366528
train	00366530
train	00366538
train	00366655
train	00366663
train	00366667
train	00366676
train	00366678
train	00366680
train	00366735
train	00366778
train	00366821
train	00366900
train	00366913
train	00366980
train	00366998
train	00367002
train	00367018
train	00367021
train	00367026
train	00367027
train	00367034
train	00367035
train	00367049
train	00367051
train	00367052
train	00367057
train	00367062
train	00367063
train	00367070
train	00367071
train	00367074
train	00367078
train	00367079
train	00367081
train	00367082
train	00367138
train	00367193
train	00367207
train	00367212
train	00367221
train	00367239
train	00367324
train	00367353
train	00367383
train	00367396
train	00367402
train	00367407
train	00367408
train	00367409
train	00367410
train	00367415
train	00367428
train	00367485
train	00367757
train	00367758
train	00367759
train	00367832
train	00367890
train	00367892
train	00367893
train	00367917
train	00367921
train	00367922
train	00367926
train	00367964
train	00367975
train	00367979
train	00367980
train	00367981
train	00368021
train	00368068
train	00368073
train	00368100
train	00368120
train	00368140
train	00368143
train	00368191
train	00368204
train	00368205
train	00368208
train	00368235
train	00368400
train	00368421
train	00368444
train	00368469
train	00368482
train	00368488
train	00368489
train	00368491
train	00368604
train	00368643
train	00368647
train	00368648
train	00368721
train	00368727
train	00368735
train	00368754
train	00368757
train	00368758
train	00368759
train	00368767
train	00368768
train	00368772
train	00368775
train	00368784
train	00368787
train	00368790
train	00368793
train	00368795
train	00368797
train	00368926
train	00368935
train	00368936
train	00368937
train	00368967
train	00368977
train	00368991
train	00368999
train	00369000
train	00369001
train	00369003
train	00369020
train	00369026
train	00369029
train	00369036
train	00369038
train	00369075
train	00369079
train	00369086
train	00369087
train	00369093
train	00369102
train	00369125
train	00369200
train	00369236
train	00369242
train	00369259
train	00369279
train	00369321
train	00369458
train	00369487
train	00369491
train	00369497
train	00369539
train	00369544
train	00369683
train	00369779
train	00369810
train	00369854
train	00369858
train	00369859
train	00369868
train	00369883
train	00369886
train	00369891
train	00369926
train	00369936
train	00369960
train	00369973
train	00370000
train	00370005
train	00370068
train	00370260
train	00370261
train	00370278
train	00370341
train	00370345
train	00370347
train	00370396
train	00370478
train	00370479
train	00370496
train	00370657
train	00370661
train	00370672
train	00370681
train	00370697
train	00370702
train	00370755
train	00370760
train	00370791
train	00370798
train	00370805
train	00370806
train	00370822
train	00370823
train	00370952
train	00370959
train	00370960
train	00370970
train	00371000
train	00371005
train	00371006
train	00371010
train	00371035
train	00371063
train	00371069
train	00371080
train	00371273
train	00371297
train	00371311
train	00371346
train	00371410
train	00371422
train	00371438
train	00371444
train	00371453
train	00371464
train	00371468
train	00371496
train	00371509
train	00371511
train	00371519
train	00371539
train	00371540
train	00371541
train	00371542
train	00371543
train	00371552
train	00371554
train	00371566
train	00371568
train	00371569
train	00371570
train	00371571
train	00371590
train	00371593
train	00371595
train	00371596
train	00371597
train	00371598
train	00371599
train	00371600
train	00371615
train	00371624
train	00371626
train	00371648
train	00371653
train	00371657
train	00371669
train	00371716
train	00371733
train	00371734
train	00371737
train	00371746
train	00371783
train	00371911
train	00371932
train	00371954
train	00372054
train	00372059
train	00372104
train	00372278
train	00372294
train	00372343
train	00372347
train	00372348
train	00372356
train	00372363
train	00372426
train	00372464
train	00372497
train	00372629
train	00372717
train	00372789
train	00372792
train	00372813
train	00372855
train	00372859
train	00372861
train	00372875
train	00372881
train	00372888
train	00372889
train	00372962
train	00372973
train	00372980
train	00372985
train	00372986
train	00373058
train	00373080
train	00373098
train	00373113
train	00373114
train	00373115
train	00373142
train	00373157
train	00373160
train	00373161
train	00373163
train	00373166
train	00373167
train	00373172
train	00373174
train	00373193
train	00373194
train	00373204
train	00373207
train	00373216
train	00373260
train	00373272
train	00373300
train	00373312
train	00373330
train	00373335
train	00373336
train	00373337
train	00373342
train	00373363
train	00373393
train	00373394
train	00373400
train	00373413
train	00373456
train	00373457
train	00373467
train	00373492
train	00373502
train	00373504
train	00373518
train	00373543
train	00373549
train	00373552
train	00373553
train	00373602
train	00373686
train	00373688
train	00373689
train	00373690
train	00373715
train	00373725
train	00373726
train	00373727
train	00373728
train	00373729
train	00374127
train	00374173
train	00374192
train	00374202
train	00374228
train	00374251
train	00374274
train	00374285
train	00374286
train	00374299
train	00374368
train	00374389
train	00374402
train	00374497
train	00374498
train	00374499
train	00374537
train	00374540
train	00374545
train	00374555
train	00374556
train	00374624
train	00374726
train	00374749
train	00374813
train	00374817
train	00374850
train	00374879
train	00374958
train	00374997
train	00375004
train	00375103
train	00375112
train	00375113
train	00375225
train	00375258
train	00375261
train	00375302
train	00375337
train	00375341
train	00375342
train	00375344
train	00375353
train	00375354
train	00375370
train	00375441
train	00375459
train	00375484
train	00375499
train	00375513
train	00375542
train	00375557
train	00375588
train	00375590
train	00375611
train	00375612
train	00375637
train	00375638
train	00375653
train	00375685
train	00375697
train	00375698
train	00375704
train	00375705
train	00375706
train	00375709
train	00375719
train	00375722
train	00375768
train	00375772
train	00375773
train	00375776
train	00375782
train	00375783
train	00375784
train	00375786
train	00375790
train	00375801
train	00375803
train	00375804
train	00375805
train	00375866
train	00375890
train	00375891
train	00375899
train	00375903
train	00375939
train	00375944
train	00375958
train	00375967
train	00375994
train	00375996
train	00375997
train	00375998
train	00376021
train	00376076
train	00376078
train	00376146
train	00376158
train	00376232
train	00377485
train	00377488
train	00377535
train	00377580
train	00377595
train	00377596
train	00377617
train	00377644
train	00377693
train	00377695
train	00377716
train	00377727
train	00377869
train	00377870
train	00377893
train	00378029
train	00378074
train	00378098
train	00378166
train	00378289
train	00378290
train	00378302
train	00378308
train	00378347
train	00378348
train	00378355
train	00378358
train	00378359
train	00378362
train	00378363
train	00378376
train	00378378
train	00378379
train	00378381
train	00378386
train	00378387
train	00378388
train	00378390
train	00378392
train	00378407
train	00378408
train	00378409
train	00378411
train	00378412
train	00378418
train	00378422
train	00378430
train	00378452
train	00378460
train	00378470
train	00378475
train	00378483
train	00378484
train	00378629
train	00378636
train	00378783
train	00378785
train	00378798
train	00378815
train	00378816
train	00378817
train	00378825
train	00378826
train	00378907
train	00378921
train	00378961
train	00378972
train	00379076
train	00379121
train	00379122
train	00379129
train	00379131
train	00379181
train	00379194
train	00379195
train	00379197
train	00379251
train	00379252
train	00379254
train	00379361
train	00379363
train	00379364
train	00379390
train	00379422
train	00379456
train	00379575
train	00379576
train	00379741
train	00379749
train	00379763
train	00379776
train	00379782
train	00379783
train	00379805
train	00379809
train	00379818
train	00379840
train	00379842
train	00379848
train	00379849
train	00379856
train	00379863
train	00379919
train	00379946
train	00380052
train	00380053
train	00380054
train	00380055
train	00380056
train	00380057
train	00380058
train	00380059
train	00380069
train	00380070
train	00380099
train	00380463
train	00380493
train	00380497
train	00380498
train	00380499
train	00380500
train	00380501
train	00380581
train	00380582
train	00380583
train	00380588
train	00380589
train	00380591
train	00380615
train	00380616
train	00380617
train	00380648
train	00380671
train	00380790
train	00380799
train	00380802
train	00380918
train	00380941
train	00380943
train	00380944
train	00380950
train	00380994
train	00381024
train	00381029
train	00381054
train	00381068
train	00381070
train	00381075
train	00381081
train	00381089
train	00381090
train	00381125
train	00381134
train	00381145
train	00381168
train	00381230
train	00381245
train	00381246
train	00381290
train	00381291
train	00381584
train	00381622
train	00381630
train	00381638
train	00381656
train	00381666
train	00381668
train	00381678
train	00381714
train	00381762
train	00381885
train	00381891
train	00381905
train	00381922
train	00381947
train	00381951
train	00381954
train	00381956
train	00381958
train	00381966
train	00381979
train	00381981
train	00381993
train	00382002
train	00382060
train	00382061
train	00382083
train	00382085
train	00382117
train	00382138
train	00382142
train	00382145
train	00382184
train	00382259
train	00382274
train	00382307
train	00382395
train	00382403
train	00382405
train	00382406
train	00382412
train	00382416
train	00382417
train	00382418
train	00382419
train	00382425
train	00382428
train	00382430
train	00382433
train	00382435
train	00382436
train	00382437
train	00382438
train	00382446
train	00382450
train	00382451
train	00382453
train	00382465
train	00382474
train	00382477
train	00382526
train	00382548
train	00382681
train	00382683
train	00382687
train	00382693
train	00382706
train	00382716
train	00382738
train	00382739
train	00382740
train	00382741
train	00382754
train	00382755
train	00382757
train	00382768
train	00382819
train	00382821
train	00382822
train	00382836
train	00382837
train	00382840
train	00382841
train	00382842
train	00382844
train	00382938
train	00382951
train	00382958
train	00382962
train	00382965
train	00383020
train	00383614
train	00383616
train	00383617
train	00383715
train	00383720
train	00383738
train	00383764
train	00383765
train	00383768
train	00383777
train	00383787
train	00383797
train	00383874
train	00383902
train	00383934
train	00383935
train	00383936
train	00383967
train	00384007
train	00384040
train	00384054
train	00384105
train	00384123
train	00384128
train	00384129
train	00384130
train	00384134
train	00384152
train	00384154
train	00384186
train	00384192
train	00384225
train	00384338
train	00384353
train	00384417
train	00384423
train	00384430
train	00384472
train	00384512
train	00384532
train	00384534
train	00384539
train	00384547
train	00384555
train	00384567
train	00384584
train	00384586
train	00384587
train	00384590
train	00384591
train	00384612
train	00384614
train	00384640
train	00384644
train	00384645
train	00384646
train	00384647
train	00384660
train	00384664
train	00384665
train	00384667
train	00384683
train	00384730
train	00384760
train	00384768
train	00384945
train	00384960
train	00384992
train	00385003
train	00385075
train	00385114
train	00385115
train	00385139
train	00385140
train	00385141
train	00385152
train	00385153
train	00385154
train	00385155
train	00385177
train	00385237
train	00385263
train	00385267
train	00385270
train	00385271
train	00385274
train	00385275
train	00385285
train	00385288
train	00385289
train	00385314
train	00385337
train	00385338
train	00385370
train	00385388
train	00385394
train	00385402
train	00385403
train	00385405
train	00385424
train	00385436
train	00385438
train	00385440
train	00385452
train	00385462
train	00385470
train	00385481
train	00385531
train	00385532
train	00385542
train	00385588
train	00385599
train	00385656
train	00385657
train	00385667
train	00385692
train	00385696
train	00385699
train	00385711
train	00385798
train	00385800
train	00385901
train	00385906
train	00385921
train	00385929
train	00385931
train	00385954
train	00386028
train	00386100
train	00386103
train	00386108
train	00386197
train	00386259
train	00386261
train	00386280
train	00386283
train	00386285
train	00386287
train	00386301
train	00386363
train	00386515
train	00386518
train	00386522
train	00386524
train	00386525
train	00386528
train	00386541
train	00386555
train	00386557
train	00386566
train	00386582
train	00386587
train	00386686
train	00386688
train	00386692
train	00386693
train	00386696
train	00386792
train	00386801
train	00386813
train	00386817
train	00386820
train	00386822
train	00386823
train	00386837
train	00386841
train	00386842
train	00386854
train	00386872
train	00386880
train	00386886
train	00386900
train	00386925
train	00386968
train	00386972
train	00386973
train	00387023
train	00387024
train	00387035
train	00387062
train	00387063
train	00387072
train	00387080
train	00387091
train	00387174
train	00387175
train	00387176
train	00387185
train	00387186
train	00387189
train	00387190
train	00387193
train	00387194
train	00387197
train	00387211
train	00387284
train	00387294
train	00387301
train	00387305
train	00387318
train	00387343
train	00387359
train	00387360
train	00387361
train	00387483
train	00387611
train	00387612
train	00387616
train	00387617
train	00387618
train	00387630
train	00387641
train	00387648
train	00387657
train	00387679
train	00387682
train	00387728
train	00387766
train	00387767
train	00387768
train	00387874
train	00387906
train	00388016
train	00388027
train	00388042
train	00388122
train	00388144
train	00388157
train	00388213
train	00388326
train	00388344
train	00388346
train	00388347
train	00388351
train	00388367
train	00388379
train	00388433
train	00388661
train	00388700
train	00388705
train	00388713
train	00388714
train	00388717
train	00388719
train	00388734
train	00388737
train	00388796
train	00388798
train	00388808
train	00388831
train	00388852
train	00388853
train	00388855
train	00388856
train	00388857
train	00388860
train	00388863
train	00388887
train	00388956
train	00388963
train	00388966
train	00388998
train	00389050
train	00389051
train	00389121
train	00389139
train	00389166
train	00389218
train	00389221
train	00389277
train	00389333
train	00389340
train	00389341
train	00389346
train	00389347
train	00389348
train	00389357
train	00389358
train	00389359
train	00389362
train	00389367
train	00389371
train	00389373
train	00389375
train	00389385
train	00389386
train	00389387
train	00389389
train	00389393
train	00389394
train	00389395
train	00389420
train	00389466
train	00389468
train	00389469
train	00389487
train	00389492
train	00389553
train	00389568
train	00389576
train	00389592
train	00389593
train	00389614
train	00389623
train	00389624
train	00389722
train	00389723
train	00389757
train	00389769
train	00389800
train	00389910
train	00389930
train	00389933
train	00389937
train	00389950
train	00389974
train	00390037
train	00390055
train	00390067
train	00390070
train	00390071
train	00390073
train	00390076
train	00390077
train	00390078
train	00390081
train	00390091
train	00390114
train	00390116
train	00390117
train	00390125
train	00390147
train	00390154
train	00390176
train	00390205
train	00390240
train	00390275
train	00390277
train	00390280
train	00390310
train	00390312
train	00390321
train	00390341
train	00390383
train	00390385
train	00390399
train	00390406
train	00390418
train	00390420
train	00390421
train	00390428
train	00390442
train	00390501
train	00390527
train	00390554
train	00390555
train	00390556
train	00390557
train	00390564
train	00390570
train	00390571
train	00390803
train	00390809
train	00390863
train	00390879
train	00391003
train	00391110
train	00391125
train	00391171
train	00391184
train	00391222
train	00391276
train	00391310
train	00391312
train	00391315
train	00391316
train	00391340
train	00391348
train	00391371
train	00391450
train	00391453
train	00391517
train	00391533
train	00391608
train	00391609
train	00391760
train	00391778
train	00391796
train	00391923
train	00392010
train	00392073
train	00392131
train	00392180
train	00392263
train	00392269
train	00392332
train	00392357
train	00392358
train	00392360
train	00392361
train	00392368
train	00392386
train	00392393
train	00392397
train	00392428
train	00392431
train	00392433
train	00392434
train	00392435
train	00392436
train	00392497
train	00392535
train	00392577
train	00392597
train	00392621
train	00392636
train	00392648
train	00392653
train	00392677
train	00392682
train	00392764
train	00392803
train	00392804
train	00392872
train	00392898
train	00393001
train	00393002
train	00393009
train	00393012
train	00393038
train	00393101
train	00393144
train	00393150
train	00393195
train	00393216
train	00393290
train	00393298
train	00393322
train	00393353
train	00393384
train	00393385
train	00393389
train	00393392
train	00393409
train	00393411
train	00393439
train	00393440
train	00393763
train	00393764
train	00393774
train	00393801
train	00393826
train	00393866
train	00393940
train	00393969
train	00393972
train	00394005
train	00394008
train	00394012
train	00394058
train	00394075
train	00394079
train	00394114
train	00394140
train	00394172
train	00394180
train	00394249
train	00394250
train	00394252
train	00394253
train	00394267
train	00394417
train	00394427
train	00394458
train	00394473
train	00394477
train	00394478
train	00394492
train	00394524
train	00394525
train	00394561
train	00394665
train	00394672
train	00394678
train	00394712
train	00394742
train	00394750
train	00394774
train	00394788
train	00394801
train	00394817
train	00394833
train	00394853
train	00394997
train	00395025
train	00395032
train	00395033
train	00395034
train	00395122
train	00395123
train	00395124
train	00395128
train	00395227
train	00395230
train	00395293
train	00395294
train	00395295
train	00395296
train	00395298
train	00395319
train	00395359
train	00395360
train	00395389
train	00395404
train	00395463
train	00395492
train	00395918
train	00395924
train	00395933
train	00395995
train	00396019
train	00396021
train	00396051
train	00396055
train	00396056
train	00396060
train	00396061
train	00396062
train	00396064
train	00396065
train	00396070
train	00396072
train	00396074
train	00396076
train	00396078
train	00396099
train	00396104
train	00396124
train	00396163
train	00396461
train	00396481
train	00396499
train	00396510
train	00396524
train	00396528
train	00396529
train	00396595
train	00396598
train	00396600
train	00396615
train	00396621
train	00396625
train	00396629
train	00396639
train	00396661
train	00396681
train	00396703
train	00396755
train	00396758
train	00396762
train	00396764
train	00396766
train	00396769
train	00396773
train	00396777
train	00396778
train	00396779
train	00396785
train	00396788
train	00396790
train	00396808
train	00396820
train	00396826
train	00396861
train	00396915
train	00396919
train	00396924
train	00396926
train	00396928
train	00396933
train	00396936
train	00396942
train	00396969
train	00397022
train	00397029
train	00397133
train	00397184
train	00397265
train	00397325
train	00397362
train	00397381
train	00397400
train	00397421
train	00397422
train	00397519
train	00397520
train	00397522
train	00397551
train	00397599
train	00397624
train	00397628
train	00397629
train	00397631
train	00397722
train	00397724
train	00397759
train	00397760
train	00397794
train	00397796
train	00397809
train	00397825
train	00397847
train	00397855
train	00397899
train	00397942
train	00397943
train	00397966
train	00397970
train	00398039
train	00398155
train	00398278
train	00398343
train	00398358
train	00398380
train	00398389
train	00398399
train	00398426
train	00398431
train	00398592
train	00398644
train	00398674
train	00398679
train	00398753
train	00398755
train	00398786
train	00398833
train	00398856
train	00398885
train	00398890
train	00398964
train	00398968
train	00398969
train	00398992
train	00398993
train	00399050
train	00399103
train	00399104
train	00399105
train	00399106
train	00399113
train	00399179
train	00399189
train	00399194
train	00399227
train	00399246
train	00399276
train	00399321
train	00399404
train	00399423
train	00399436
train	00399499
train	00399503
train	00399525
train	00399535
train	00399574
train	00399578
train	00399628
train	00399642
train	00399645
train	00399668
train	00399669
train	00399686
train	00399689
train	00399690
train	00399692
train	00399696
train	00399697
train	00399703
train	00399714
train	00399724
train	00399729
train	00399762
train	00399800
train	00399804
train	00399846
train	00399980
train	00400039
train	00400048
train	00400049
train	00400053
train	00400094
train	00400167
train	00400268
train	00400283
train	00400285
train	00400317
train	00400318
train	00400331
train	00400424
train	00400468
train	00400488
train	00400522
train	00400527
train	00400565
train	00400583
train	00400607
train	00400664
train	00400665
train	00400667
train	00400694
train	00400703
train	00400855
train	00400991
train	00401013
train	00401057
train	00401134
train	00401190
train	00401193
train	00401255
train	00401323
train	00401354
train	00401355
train	00401373
train	00401377
train	00401378
train	00401413
train	00401452
train	00401479
train	00401563
train	00401566
train	00401597
train	00401610
train	00401801
train	00401806
train	00401808
train	00401814
train	00401828
train	00401830
train	00401860
train	00401875
train	00402006
train	00402012
train	00402013
train	00402014
train	00402030
train	00402042
train	00402050
train	00402051
train	00402103
train	00402140
train	00402177
train	00402273
train	00402303
train	00402326
train	00402327
train	00402328
train	00402329
train	00402330
train	00402414
train	00402580
train	00402615
train	00402640
train	00402696
train	00402718
train	00402744
train	00402778
train	00402804
train	00402809
train	00402818
train	00402820
train	00402826
train	00402828
train	00402830
train	00402832
train	00402834
train	00402838
train	00402839
train	00402842
train	00402843
train	00402845
train	00402849
train	00402878
train	00402894
train	00402915
train	00402948
train	00403026
train	00403065
train	00403066
train	00403073
train	00403075
train	00403102
train	00403103
train	00403151
train	00403152
train	00403163
train	00403168
train	00403209
train	00403210
train	00403243
train	00403284
train	00403340
train	00403374
train	00403406
train	00403415
train	00403429
train	00403486
train	00403528
train	00403533
train	00403538
train	00403547
train	00403584
train	00403626
train	00403808
train	00403849
train	00403855
train	00403872
train	00403886
train	00403939
train	00403941
train	00404008
train	00404043
train	00404068
train	00404073
train	00404105
train	00404154
train	00404205
train	00404343
train	00404373
train	00404394
train	00404508
train	00404523
train	00404530
train	00404534
train	00404543
train	00404562
train	00404564
train	00404570
train	00404573
train	00404574
train	00404577
train	00404578
train	00404579
train	00404628
train	00404629
train	00404674
train	00404711
train	00404714
train	00404728
train	00404759
train	00404771
train	00404790
train	00404812
train	00404833
train	00404840
train	00404870
train	00404878
train	00404883
train	00404948
train	00404983
train	00405020
train	00405043
train	00405055
train	00405179
train	00405182
train	00405198
train	00405221
train	00405224
train	00405245
train	00405257
train	00405274
train	00405313
train	00405374
train	00405376
train	00405390
train	00405484
train	00405486
train	00405487
train	00405497
train	00405515
train	00405516
train	00405518
train	00405525
train	00405538
train	00405608
train	00405634
train	00405652
train	00405666
train	00405682
train	00405706
train	00405712
train	00405728
train	00405732
train	00405752
train	00405812
train	00405841
train	00405844
train	00405845
train	00405846
train	00405847
train	00405865
train	00405870
train	00405889
train	00405892
train	00405893
train	00405894
train	00406018
train	00406035
train	00406040
train	00406041
train	00406149
train	00406171
train	00406184
train	00406210
train	00406214
train	00406337
train	00406380
train	00406394
train	00406520
train	00406547
train	00406560
train	00406636
train	00406669
train	00406674
train	00406680
train	00406689
train	00406710
train	00406711
train	00406745
train	00406763
train	00406786
train	00406795
train	00406796
train	00406839
train	00406866
train	00406880
train	00406883
train	00406924
train	00406959
train	00406971
train	00406995
train	00407169
train	00407171
train	00407172
train	00407182
train	00407185
train	00407195
train	00407196
train	00407199
train	00407200
train	00407323
train	00407335
train	00407359
train	00407362
train	00407403
train	00407426
train	00407445
train	00407524
train	00407545
train	00407637
train	00407641
train	00407661
train	00407685
train	00407739
train	00407824
train	00407829
train	00407903
train	00408001
train	00408031
train	00408033
train	00408036
train	00408140
train	00408166
train	00408217
train	00408264
train	00408266
train	00408267
train	00408288
train	00408298
train	00408331
train	00408337
train	00408338
train	00408339
train	00408375
train	00408510
train	00408546
train	00408561
train	00408573
train	00408577
train	00408579
train	00408580
train	00408581
train	00408583
train	00408593
train	00408759
train	00408763
train	00408776
train	00408805
train	00408876
train	00409004
train	00409009
train	00409111
train	00409117
train	00409126
train	00409196
train	00409373
train	00409385
train	00409425
train	00409429
train	00409465
train	00409468
train	00409474
train	00409476
train	00409557
train	00409563
train	00409580
train	00409623
train	00409635
train	00409666
train	00409680
train	00409685
train	00409707
train	00409718
train	00409724
train	00409754
train	00409756
train	00409764
train	00409821
train	00409836
train	00409841
train	00409855
train	00409927
train	00409942
train	00409943
train	00409964
train	00409975
train	00409979
train	00409980
train	00409981
train	00409987
train	00409991
train	00409997
train	00409998
train	00410032
train	00410042
train	00410063
train	00410065
train	00410088
train	00410100
train	00410115
train	00410119
train	00410131
train	00410133
train	00410164
train	00410178
train	00410263
train	00410275
train	00410276
train	00410288
train	00410311
train	00410373
train	00410435
train	00410448
train	00410466
train	00410473
train	00410474
train	00410475
train	00410530
train	00410540
train	00410561
train	00410571
train	00410583
train	00410596
train	00410605
train	00410607
train	00410643
train	00410714
train	00410743
train	00410757
train	00410758
train	00410802
train	00410829
train	00410836
train	00410885
train	00410912
train	00410921
train	00410951
train	00410962
train	00410981
train	00411040
train	00411048
train	00411068
train	00411069
train	00411070
train	00411076
train	00411077
train	00411079
train	00411094
train	00411096
train	00411102
train	00411116
train	00411151
train	00411153
train	00411198
train	00411199
train	00411229
train	00411242
train	00411244
train	00411289
train	00411293
train	00411299
train	00411300
train	00411410
train	00411423
train	00411434
train	00411448
train	00411449
train	00411502
train	00411517
train	00411521
train	00411530
train	00411573
train	00411586
train	00411621
train	00411631
train	00411664
train	00411668
train	00411670
train	00411801
train	00411804
train	00411817
train	00411821
train	00411830
train	00411846
train	00411893
train	00411896
train	00411897
train	00411902
train	00411905
train	00411907
train	00411953
train	00411977
train	00411984
train	00412037
train	00412191
train	00412280
train	00412283
train	00412301
train	00412306
train	00412307
train	00412308
train	00412321
train	00412322
train	00412339
train	00412396
train	00412397
train	00412402
train	00412414
train	00412459
train	00412469
train	00412564
train	00412565
train	00412569
train	00412576
train	00412688
train	00412697
train	00412747
train	00412767
train	00412768
train	00412814
train	00412919
train	00412930
train	00412934
train	00412991
train	00412992
train	00412993
train	00412994
train	00413007
train	00413008
train	00413025
train	00413033
train	00413038
train	00413050
train	00413052
train	00413053
train	00413185
train	00413460
train	00413478
train	00413499
train	00413517
train	00413520
train	00413537
train	00413560
train	00413580
train	00413628
train	00413652
train	00413653
train	00413665
train	00413670
train	00413671
train	00413673
train	00413680
train	00413687
train	00413790
train	00413805
train	00413842
train	00413856
train	00414049
train	00414053
train	00414058
train	00414073
train	00414074
train	00414112
train	00414149
train	00414167
train	00414207
train	00414273
train	00414296
train	00414306
train	00414309
train	00414328
train	00414330
train	00414357
train	00414409
train	00414440
train	00414496
train	00414543
train	00414592
train	00414661
train	00414824
train	00414881
train	00414904
train	00414909
train	00414919
train	00414957
train	00414979
train	00414994
train	00415050
train	00415051
train	00415307
train	00415333
train	00415339
train	00415370
train	00415417
train	00415421
train	00415472
train	00415481
train	00415507
train	00415510
train	00415511
train	00415549
train	00415550
train	00415575
train	00415576
train	00415619
train	00415637
train	00415666
train	00415668
train	00415681
train	00415727
train	00415742
train	00415784
train	00415786
train	00415811
train	00415830
train	00415886
train	00415895
train	00415902
train	00415973
train	00416112
train	00416113
train	00416184
train	00416215
train	00416228
train	00416229
train	00416275
train	00416320
train	00416332
train	00416342
train	00416357
train	00416394
train	00416399
train	00416405
train	00416420
train	00416421
train	00416437
train	00416474
train	00416590
train	00416600
train	00416641
train	00416642
train	00416669
train	00416670
train	00416673
train	00416732
train	00416745
train	00416746
train	00416749
train	00416773
train	00416775
train	00416830
train	00416831
train	00416877
train	00416928
train	00416966
train	00416969
train	00416991
train	00417022
train	00417039
train	00417040
train	00417059
train	00417124
train	00417146
train	00417169
train	00417174
train	00417175
train	00417179
train	00417182
train	00417186
train	00417200
train	00417234
train	00417245
train	00417425
train	00417436
train	00417450
train	00417467
train	00417524
train	00417548
train	00417576
train	00417577
train	00417578
train	00417579
train	00417610
train	00417618
train	00417643
train	00417687
train	00417759
train	00417787
train	00417794
train	00417808
train	00417823
train	00417848
train	00417855
train	00417879
train	00417941
train	00417943
train	00418017
train	00418044
train	00418052
train	00418053
train	00418061
train	00418062
train	00418064
train	00418066
train	00418085
train	00418184
train	00418233
train	00418281
train	00418338
train	00418414
train	00418429
train	00418430
train	00418436
train	00418448
train	00418471
train	00418472
train	00418569
train	00418603
train	00418605
train	00418613
train	00418636
train	00418652
train	00418661
train	00418672
train	00418701
train	00418702
train	00418706
train	00418721
train	00418745
train	00418748
train	00418749
train	00418752
train	00418754
train	00418761
train	00418765
train	00418768
train	00418779
train	00418787
train	00418788
train	00418789
train	00418792
train	00418797
train	00418803
train	00418804
train	00418809
train	00418813
train	00418815
train	00418816
train	00418819
train	00418820
train	00418821
train	00418825
train	00418833
train	00418834
train	00418835
train	00418838
train	00418845
train	00418849
train	00418854
train	00418855
train	00418856
train	00418858
train	00418860
train	00418861
train	00418866
train	00418867
train	00418871
train	00418875
train	00418876
train	00418880
train	00418881
train	00418885
train	00418889
train	00418892
train	00418895
train	00418896
train	00418903
train	00418904
train	00418916
train	00418920
train	00418960
train	00418961
train	00418965
train	00418966
train	00418969
train	00418970
train	00418976
train	00418979
train	00418982
train	00418985
train	00418992
train	00418994
train	00418999
train	00419004
train	00419013
train	00419016
train	00419026
train	00419027
train	00419034
train	00419035
train	00419036
train	00419037
train	00419038
train	00419041
train	00419042
train	00419053
train	00419062
train	00419083
train	00419085
train	00419086
train	00419104
train	00419113
train	00419120
train	00419124
train	00419142
train	00419145
train	00419154
train	00419175
train	00419191
train	00419210
train	00419222
train	00419241
train	00419256
train	00419257
train	00419264
train	00419268
train	00419269
train	00419272
train	00419273
train	00419274
train	00419279
train	00419280
train	00419293
train	00419306
train	00419331
train	00419337
train	00419339
train	00419340
train	00419343
train	00419344
train	00419345
train	00419352
train	00419357
train	00419361
train	00419362
train	00419366
train	00419370
train	00419377
train	00419379
train	00419388
train	00419392
train	00419393
train	00419395
train	00419401
train	00419403
train	00419405
train	00419406
train	00419409
train	00419412
train	00419415
train	00419416
train	00419419
train	00419420
train	00419424
train	00419429
train	00419432
train	00419437
train	00419440
train	00419452
train	00419578
train	00419581
train	00419584
train	00419622
train	00419625
train	00419627
train	00419634
train	00419635
train	00419663
train	00419681
train	00419691
train	00419701
train	00419704
train	00419706
train	00419707
train	00419714
train	00419762
train	00419767
train	00419769
train	00419787
train	00419856
train	00419858
train	00419915
train	00419926
train	00419934
train	00419952
train	00419994
train	00419996
train	00420014
train	00420016
train	00420019
train	00420125
train	00420160
train	00420161
train	00420165
train	00420196
train	00420197
train	00420251
train	00420310
train	00420323
train	00420336
train	00420338
train	00420348
train	00420418
train	00420424
train	00420459
train	00420463
train	00420482
train	00420531
train	00420576
train	00420621
train	00420708
train	00420709
train	00420711
train	00420714
train	00420715
train	00420739
train	00420770
train	00420781
train	00420891
train	00420898
train	00420930
train	00420932
train	00420941
train	00420988
train	00421056
train	00421082
train	00421083
train	00421116
train	00421119
train	00421124
train	00421185
train	00421218
train	00421230
train	00421251
train	00421253
train	00421271
train	00421274
train	00421280
train	00421282
train	00421299
train	00421308
train	00421309
train	00421311
train	00421323
train	00421361
train	00421365
train	00421371
train	00421387
train	00421431
train	00421433
train	00421458
train	00421490
train	00421491
train	00421516
train	00421528
train	00421550
train	00421554
train	00421572
train	00421583
train	00421592
train	00421593
train	00421609
train	00421619
train	00421620
train	00421638
train	00421651
train	00421663
train	00421666
train	00421684
train	00421688
train	00421689
train	00421694
train	00421700
train	00421705
train	00421707
train	00421708
train	00421710
train	00421711
train	00421716
train	00421717
train	00421726
train	00421730
train	00421737
train	00421757
train	00421762
train	00421768
train	00421773
train	00421785
train	00421786
train	00421797
train	00421817
train	00421819
train	00421822
train	00421824
train	00421826
train	00421833
train	00421835
train	00421838
train	00421842
train	00421846
train	00421858
train	00421863
train	00421864
train	00421868
train	00421876
train	00421889
train	00421891
train	00421893
train	00421894
train	00421895
train	00421914
train	00421916
train	00421917
train	00421918
train	00421919
train	00421920
train	00421921
train	00421923
train	00421924
train	00421925
train	00421932
train	00421944
train	00421959
train	00421961
train	00421970
train	00421975
train	00421976
train	00421979
train	00421980
train	00421992
train	00421996
train	00421997
train	00422014
train	00422016
train	00422021
train	00422026
train	00422059
train	00422072
train	00422105
train	00422116
train	00422127
train	00422128
train	00422133
train	00422135
train	00422142
train	00422151
train	00422152
train	00422161
train	00422171
train	00422172
train	00422173
train	00422174
train	00422175
train	00422179
train	00422181
train	00422182
train	00422183
train	00422184
train	00422192
train	00422193
train	00422195
train	00422198
train	00422203
train	00422209
train	00422210
train	00422211
train	00422215
train	00422220
train	00422222
train	00422223
train	00422234
train	00422243
train	00422252
train	00422259
train	00422260
train	00422264
train	00422273
train	00422277
train	00422278
train	00422285
train	00422288
train	00422293
train	00422295
train	00422296
train	00422303
train	00422304
train	00422306
train	00422307
train	00422317
train	00422319
train	00422320
train	00422323
train	00422324
train	00422325
train	00422327
train	00422336
train	00422338
train	00422342
train	00422344
train	00422345
train	00422347
train	00422348
train	00422351
train	00422352
train	00422355
train	00422360
train	00422363
train	00422378
train	00422391
train	00422392
train	00422398
train	00422420
train	00422429
train	00422432
train	00422442
train	00422443
train	00422520
train	00422522
train	00422527
train	00422559
train	00422565
train	00422571
train	00422606
train	00422619
train	00422625
train	00422635
train	00422646
train	00422660
train	00422679
train	00422687
train	00422728
train	00422816
train	00422817
train	00422823
train	00422866
train	00422870
train	00422884
train	00422894
train	00422896
train	00422900
train	00422928
train	00422935
train	00422953
train	00422954
train	00422955
train	00422956
train	00423016
train	00423093
train	00423118
train	00423208
train	00423282
train	00423287
train	00423291
train	00423368
train	00423388
train	00423429
train	00423461
train	00423621
train	00423632
train	00423647
train	00423677
train	00423698
train	00423701
train	00423702
train	00423710
train	00423715
train	00423716
train	00423718
train	00423719
train	00423720
train	00423722
train	00423725
train	00423726
train	00423728
train	00423811
train	00423812
train	00423816
train	00423827
train	00423877
train	00424102
train	00424104
train	00424126
train	00424154
train	00424197
train	00424226
train	00424252
train	00424253
train	00424265
train	00424286
train	00424295
train	00424303
train	00424333
train	00424335
train	00424347
train	00424353
train	00424362
train	00424367
train	00424369
train	00424375
train	00424399
train	00424424
train	00424435
train	00424439
train	00424445
train	00424449
train	00424472
train	00424474
train	00424485
train	00424494
train	00424495
train	00424501
train	00424511
train	00424515
train	00424655
train	00424667
train	00424678
train	00424693
train	00424694
train	00424774
train	00424776
train	00424777
train	00424778
train	00424779
train	00424832
train	00424843
train	00424850
train	00424863
train	00424891
train	00424943
train	00424946
train	00424965
train	00424966
train	00424968
train	00424977
train	00424994
train	00424997
train	00425004
train	00425010
train	00425028
train	00425080
train	00425083
train	00425084
train	00425089
train	00425093
train	00425094
train	00425117
train	00425119
train	00425127
train	00425142
train	00425149
train	00425155
train	00425157
train	00425163
train	00425239
train	00425242
train	00425261
train	00425264
train	00425269
train	00425276
train	00425277
train	00425280
train	00425297
train	00425384
train	00425385
train	00425387
train	00425388
train	00425389
train	00425391
train	00425406
train	00425407
train	00425480
train	00425481
train	00425496
train	00425499
train	00425500
train	00425501
train	00425516
train	00425523
train	00425546
train	00425567
train	00425574
train	00425583
train	00425602
train	00425640
train	00425650
train	00425684
train	00426033
train	00426034
train	00426041
train	00426042
train	00426043
train	00426048
train	00426054
train	00426056
train	00426059
train	00426096
train	00426194
train	00426197
train	00426201
train	00426202
train	00426205
train	00426218
train	00426226
train	00426248
train	00426291
train	00426440
train	00426656
train	00426764
train	00426768
train	00426772
train	00426773
train	00426778
train	00426779
train	00426785
train	00426856
train	00426895
train	00426906
train	00426930
train	00426931
train	00426932
train	00426933
train	00426935
train	00426940
train	00426941
train	00426942
train	00426943
train	00426965
train	00427017
train	00427110
train	00427128
train	00427131
train	00427132
train	00427137
train	00427141
train	00427145
train	00427146
train	00427151
train	00427161
train	00427208
train	00427212
train	00427224
train	00427253
train	00427348
train	00427350
train	00427397
train	00427402
train	00427412
train	00427416
train	00427442
train	00427453
train	00427458
train	00427459
train	00427473
train	00427475
train	00427476
train	00427478
train	00427484
train	00427485
train	00427509
train	00427528
train	00427541
train	00427549
train	00427559
train	00427564
train	00427632
train	00427676
train	00427677
train	00427693
train	00427702
train	00427704
train	00427862
train	00427928
train	00427929
train	00427930
train	00427950
train	00427960
train	00428006
train	00428007
train	00428016
train	00428017
train	00428023
train	00428031
train	00428032
train	00428043
train	00428044
train	00428047
train	00428050
train	00428058
train	00428060
train	00428066
train	00428118
train	00428160
train	00428184
train	00428241
train	00428634
train	00428635
train	00428646
train	00428647
train	00428679
train	00428681
train	00428730
train	00428741
train	00428745
train	00428760
train	00428818
train	00428821
train	00428822
train	00428823
train	00428833
train	00428835
train	00428837
train	00428858
train	00428941
train	00428955
train	00428979
train	00428981
train	00428992
train	00429028
train	00429036
train	00429072
train	00429081
train	00429259
train	00429425
train	00429426
train	00429427
train	00429469
train	00429521
train	00429523
train	00429551
train	00429552
train	00429553
train	00429554
train	00429558
train	00429620
train	00429621
train	00429652
train	00429680
train	00429709
train	00429721
train	00429765
train	00429803
train	00429850
train	00430015
train	00430048
train	00430049
train	00430067
train	00430070
train	00430151
train	00430338
train	00430372
train	00430421
train	00430430
train	00430440
train	00430442
train	00430453
train	00430476
train	00430484
train	00430486
train	00430501
train	00430507
train	00430530
train	00430575
train	00430585
train	00430593
train	00430701
train	00430710
train	00430712
train	00430725
train	00430729
train	00430738
train	00430745
train	00430748
train	00430749
train	00430755
train	00430759
train	00430761
train	00430790
train	00430791
train	00430793
train	00430795
train	00430920
train	00430947
train	00430949
train	00430950
train	00430955
train	00430982
train	00431027
train	00431056
train	00431103
train	00431131
train	00431177
train	00431192
train	00431286
train	00431287
train	00431348
train	00431349
train	00431642
train	00431643
train	00431645
train	00431648
train	00431654
train	00431687
train	00431724
train	00431726
train	00431727
train	00431849
train	00431933
train	00431937
train	00431941
train	00431943
train	00431949
train	00431954
train	00431957
train	00431961
train	00431964
train	00431965
train	00431967
train	00431968
train	00431973
train	00431974
train	00431984
train	00431985
train	00431986
train	00431993
train	00431994
train	00431996
train	00432056
train	00432118
train	00432139
train	00432164
train	00432170
train	00432174
train	00432175
train	00432239
train	00432243
train	00432259
train	00432265
train	00432308
train	00432356
train	00432357
train	00432358
train	00432369
train	00432376
train	00432383
train	00432388
train	00432393
train	00432405
train	00432456
train	00432544
train	00432551
train	00432567
train	00432584
train	00432590
train	00432600
train	00432607
train	00432608
train	00432610
train	00432612
train	00432825
train	00432847
train	00432857
train	00432913
train	00432934
train	00432952
train	00432969
train	00432989
train	00432990
train	00433038
train	00433053
train	00433080
train	00433111
train	00433178
train	00433233
train	00433238
train	00433244
train	00433284
train	00433289
train	00433294
train	00433332
train	00433409
train	00433426
train	00433530
train	00433558
train	00433569
train	00433594
train	00433693
train	00433694
train	00433720
train	00433723
train	00433724
train	00433760
train	00433761
train	00433762
train	00433765
train	00433766
train	00433767
train	00433770
train	00433771
train	00433775
train	00433790
train	00433836
train	00433843
train	00433968
train	00434025
train	00434047
train	00434049
train	00434085
train	00434190
train	00434203
train	00434207
train	00434221
train	00434250
train	00434251
train	00434274
train	00434275
train	00434277
train	00434352
train	00434356
train	00434358
train	00434368
train	00434375
train	00434392
train	00434431
train	00434438
train	00434439
train	00434442
train	00434512
train	00434513
train	00434520
train	00434522
train	00434531
train	00434540
train	00434548
train	00434549
train	00434583
train	00434584
train	00434590
train	00434594
train	00434596
train	00434624
train	00434784
train	00434816
train	00434822
train	00434823
train	00434824
train	00434825
train	00434826
train	00434846
train	00434862
train	00434879
train	00434901
train	00434906
train	00434916
train	00434921
train	00434931
train	00434932
train	00434939
train	00434947
train	00434948
train	00434949
train	00434951
train	00434954
train	00434960
train	00434972
train	00434975
train	00434977
train	00434982
train	00435019
train	00435031
train	00435067
train	00435068
train	00435077
train	00435084
train	00435099
train	00435100
train	00435104
train	00435105
train	00435136
train	00435142
train	00435145
train	00435172
train	00435235
train	00435319
train	00435397
train	00435588
train	00435599
train	00435626
train	00435640
train	00435644
train	00435647
train	00435648
train	00435655
train	00435671
train	00435672
train	00435756
train	00435767
train	00435816
train	00435817
train	00435876
train	00435882
train	00435883
train	00435892
train	00435894
train	00435906
train	00435970
train	00435973
train	00435974
train	00436292
train	00436305
train	00436334
train	00436343
train	00436462
train	00436464
train	00436465
train	00436535
train	00436538
train	00436541
train	00436556
train	00436558
train	00436560
train	00436575
train	00436576
train	00436638
train	00436653
train	00436659
train	00436664
train	00436665
train	00436666
train	00436667
train	00436675
train	00436676
train	00436677
train	00436680
train	00436685
train	00436689
train	00436691
train	00436692
train	00436693
train	00436694
train	00436695
train	00436696
train	00436697
train	00436701
train	00436766
train	00436774
train	00436782
train	00436784
train	00436792
train	00436793
train	00436803
train	00436839
train	00436840
train	00436842
train	00436857
train	00436888
train	00436893
train	00436896
train	00436913
train	00436916
train	00436926
train	00436954
train	00436960
train	00436974
train	00437008
train	00437009
train	00437013
train	00437014
train	00437015
train	00437017
train	00437025
train	00437144
train	00437151
train	00437155
train	00437164
train	00437180
train	00437238
train	00437252
train	00437269
train	00437272
train	00437327
train	00437348
train	00437361
train	00437436
train	00437474
train	00437475
train	00437536
train	00437537
train	00437566
train	00437569
train	00437575
train	00437578
train	00437617
train	00437619
train	00437629
train	00437683
train	00437702
train	00437739
train	00437747
train	00437765
train	00437825
train	00437831
train	00437832
train	00437837
train	00437841
train	00437844
train	00437863
train	00437887
train	00437890
train	00437891
train	00437907
train	00437919
train	00437932
train	00437957
train	00438002
train	00438037
train	00438038
train	00438046
train	00438067
train	00438096
train	00438098
train	00438103
train	00438109
train	00438125
train	00438132
train	00438136
train	00438221
train	00438228
train	00438236
train	00438237
train	00438251
train	00438256
train	00438345
train	00438351
train	00438362
train	00438407
train	00438432
train	00438448
train	00438474
train	00438489
train	00438491
train	00438499
train	00438505
train	00438601
train	00438628
train	00438633
train	00438636
train	00438638
train	00438688
train	00438701
train	00438710
train	00438724
train	00438725
train	00438738
train	00438750
train	00438763
train	00438764
train	00438801
train	00438869
train	00438879
train	00438880
train	00438886
train	00438893
train	00438894
train	00438913
train	00438944
train	00438970
train	00439002
train	00439003
train	00439004
train	00439051
train	00439096
train	00439120
train	00439160
train	00439250
train	00439273
train	00439281
train	00439312
train	00439314
train	00439317
train	00439339
train	00439346
train	00439394
train	00439399
train	00439436
train	00439523
train	00439537
train	00439558
train	00439575
train	00439604
train	00439616
train	00439632
train	00439704
train	00439749
train	00439767
train	00439829
train	00439834
train	00439835
train	00439838
train	00439855
train	00439905
train	00439993
train	00440001
train	00440002
train	00440037
train	00440052
train	00440054
train	00440072
train	00440075
train	00440112
train	00440162
train	00440223
train	00440227
train	00440268
train	00440269
train	00440272
train	00440296
train	00440313
train	00440314
train	00440329
train	00440347
train	00440348
train	00440354
train	00440358
train	00440364
train	00440366
train	00440368
train	00440370
train	00440374
train	00440380
train	00440383
train	00440384
train	00440392
train	00440393
train	00440437
train	00440439
train	00440440
train	00440448
train	00440456
train	00440490
train	00440494
train	00440495
train	00440496
train	00440508
train	00440520
train	00440543
train	00440580
train	00440586
train	00440588
train	00440589
train	00440595
train	00440637
train	00440653
train	00440682
train	00440683
train	00440687
train	00440698
train	00440706
train	00440711
train	00440735
train	00440737
train	00440742
train	00440752
train	00440756
train	00440773
train	00440788
train	00440805
train	00440806
train	00440807
train	00440921
train	00440923
train	00440988
train	00440996
train	00441004
train	00441096
train	00441097
train	00441372
train	00441378
train	00441380
train	00441399
train	00441427
train	00441442
train	00441490
train	00441492
train	00441505
train	00441539
train	00441548
train	00441627
train	00441692
train	00441707
train	00441722
train	00441737
train	00441744
train	00441780
train	00441805
train	00441812
train	00441890
train	00441929
train	00441956
train	00442095
train	00442096
train	00442128
train	00442175
train	00442190
train	00442191
train	00442200
train	00442207
train	00442219
train	00442246
train	00442267
train	00442331
train	00442346
train	00442365
train	00442374
train	00442435
train	00442453
train	00442456
train	00442466
train	00442469
train	00442473
train	00442476
train	00442479
train	00442491
train	00442519
train	00442559
train	00442561
train	00442578
train	00442579
train	00442582
train	00442584
train	00442643
train	00442655
train	00442658
train	00442659
train	00442660
train	00442661
train	00442670
train	00442687
train	00442705
train	00442709
train	00442764
train	00442807
train	00442809
train	00442815
train	00442817
train	00442818
train	00442820
train	00442821
train	00442868
train	00442875
train	00442899
train	00442901
train	00442904
train	00442934
train	00442936
train	00443070
train	00443073
train	00443108
train	00443125
train	00443129
train	00443153
train	00443157
train	00443177
train	00443182
train	00443184
train	00443187
train	00443194
train	00443195
train	00443201
train	00443203
train	00443204
train	00443223
train	00443245
train	00443254
train	00443262
train	00443372
train	00443389
train	00443397
train	00443400
train	00443401
train	00443404
train	00443408
train	00443409
train	00443410
train	00443411
train	00443465
train	00443484
train	00443502
train	00443522
train	00443529
train	00443581
train	00443583
train	00443585
train	00443587
train	00443600
train	00443658
train	00443671
train	00443895
train	00443994
train	00443996
train	00443997
train	00444019
train	00444020
train	00444185
train	00444211
train	00444258
train	00444285
train	00444365
train	00444397
train	00444398
train	00444399
train	00444430
train	00444433
train	00444448
train	00444533
train	00444551
train	00444552
train	00444558
train	00444576
train	00444578
train	00444604
train	00444612
train	00444630
train	00444640
train	00444660
train	00444662
train	00444667
train	00444668
train	00444670
train	00444676
train	00444677
train	00444764
train	00444792
train	00444923
train	00444942
train	00444973
train	00444976
train	00444978
train	00444979
train	00444981
train	00445022
train	00445025
train	00445032
train	00445033
train	00445041
train	00445056
train	00445065
train	00445085
train	00445144
train	00445163
train	00445164
train	00445180
train	00445269
train	00445342
train	00445360
train	00445378
train	00445401
train	00445423
train	00445441
train	00445448
train	00445450
train	00445456
train	00445469
train	00445585
train	00445603
train	00445633
train	00445726
train	00445754
train	00445759
train	00445770
train	00445817
train	00445845
train	00445864
train	00445874
train	00445925
train	00445965
train	00445995
train	00446097
train	00446109
train	00446149
train	00446167
train	00446185
train	00446291
train	00446323
train	00446326
train	00446487
train	00446499
train	00446502
train	00446565
train	00446566
train	00446567
train	00446571
train	00446575
train	00446586
train	00446588
train	00446617
train	00446619
train	00446638
train	00446641
train	00446650
train	00446657
train	00446661
train	00446666
train	00446668
train	00446669
train	00446690
train	00446745
train	00446804
train	00446806
train	00446807
train	00446813
train	00446891
train	00446970
train	00446988
train	00446989
train	00447084
train	00447100
train	00447311
train	00447370
train	00447425
train	00447455
train	00447506
train	00447615
train	00447639
train	00447640
train	00447643
train	00447644
train	00447646
train	00447647
train	00447678
train	00447685
train	00447688
train	00447692
train	00447694
train	00447708
train	00447723
train	00447735
train	00447742
train	00447743
train	00447768
train	00447787
train	00447788
train	00447794
train	00447803
train	00447808
train	00447810
train	00447813
train	00447827
train	00447828
train	00447829
train	00447835
train	00447841
train	00447844
train	00447850
train	00447852
train	00447857
train	00447875
train	00447876
train	00447887
train	00447890
train	00447891
train	00447909
train	00447910
train	00447957
train	00448005
train	00448064
train	00448065
train	00448079
train	00448085
train	00448094
train	00448107
train	00448123
train	00448181
train	00448183
train	00448256
train	00448257
train	00448265
train	00448280
train	00448302
train	00448304
train	00448361
train	00448401
train	00448403
train	00448405
train	00448420
train	00448424
train	00448468
train	00448474
train	00448479
train	00448481
train	00448513
train	00448537
train	00448568
train	00448641
train	00448642
train	00448643
train	00448651
train	00448655
train	00448669
train	00448731
train	00448738
train	00448739
train	00448798
train	00448836
train	00448843
train	00448849
train	00448861
train	00448876
train	00448879
train	00448903
train	00448912
train	00448923
train	00448931
train	00448934
train	00448973
train	00449009
train	00449080
train	00449097
train	00449103
train	00449177
train	00449240
train	00449506
train	00449521
train	00449523
train	00449526
train	00449538
train	00449703
train	00449753
train	00449772
train	00449897
train	00449918
train	00449924
train	00449946
train	00450047
train	00450054
train	00450066
train	00450068
train	00450073
train	00450074
train	00450121
train	00450124
train	00450192
train	00450198
train	00450213
train	00450548
train	00450578
train	00450583
train	00450596
train	00450620
train	00450625
train	00450650
train	00450653
train	00450662
train	00450663
train	00450664
train	00450665
train	00450670
train	00450680
train	00450685
train	00450705
train	00450707
train	00450743
train	00450865
train	00450968
train	00451109
train	00451169
train	00451243
train	00451255
train	00451280
train	00451283
train	00451288
train	00451296
train	00451407
train	00451534
train	00451543
train	00451556
train	00451560
train	00451585
train	00451627
train	00451685
train	00451732
train	00451778
train	00451808
train	00451915
train	00451998
train	00452000
train	00452006
train	00452008
train	00452047
train	00452048
train	00452152
train	00452171
train	00452217
train	00452286
train	00452423
train	00452439
train	00452448
train	00452449
train	00452542
train	00452543
train	00452589
train	00452597
train	00452599
train	00452600
train	00452635
train	00452689
train	00452697
train	00452715
train	00452741
train	00452820
train	00452831
train	00452837
train	00452847
train	00452936
train	00452961
train	00452964
train	00452965
train	00453008
train	00453076
train	00453091
train	00453101
train	00453186
train	00453242
train	00453297
train	00453299
train	00453324
train	00453331
train	00453336
train	00453337
train	00453355
train	00453523
train	00453529
train	00453534
train	00453677
train	00453762
train	00453793
train	00453833
train	00453919
train	00453920
train	00453923
train	00453946
train	00453963
train	00453969
train	00453982
train	00454014
train	00454015
train	00454024
train	00454027
train	00454049
train	00454055
train	00454082
train	00454227
train	00454272
train	00454296
train	00454365
train	00454371
train	00454473
train	00454490
train	00454495
train	00454507
train	00454526
train	00454534
train	00454546
train	00454551
train	00454581
train	00454630
train	00454634
train	00454636
train	00454637
train	00454648
train	00454649
train	00454677
train	00454685
train	00454686
train	00454689
train	00454691
train	00454693
train	00454733
train	00454735
train	00454745
train	00454750
train	00454792
train	00454802
train	00454804
train	00454808
train	00454813
train	00454830
train	00454883
train	00454884
train	00454893
train	00454937
train	00454954
train	00454964
train	00454965
train	00454980
train	00455021
train	00455052
train	00455164
train	00455176
train	00455182
train	00455194
train	00455209
train	00455237
train	00455284
train	00455288
train	00455383
train	00455384
train	00455402
train	00455423
train	00455435
train	00455436
train	00455437
train	00455439
train	00455441
train	00455442
train	00455446
train	00455453
train	00455455
train	00455457
train	00455461
train	00455470
train	00455480
train	00455516
train	00455558
train	00455559
train	00455560
train	00455570
train	00455571
train	00455579
train	00455582
train	00455593
train	00455622
train	00455643
train	00455649
train	00455650
train	00455664
train	00455693
train	00455717
train	00455753
train	00455818
train	00455828
train	00455910
train	00455945
train	00456015
train	00456028
train	00456030
train	00456071
train	00456108
train	00456111
train	00456159
train	00456161
train	00456284
train	00456285
train	00456286
train	00456287
train	00456289
train	00456294
train	00456308
train	00456309
train	00456332
train	00456363
train	00456415
train	00456445
train	00456447
train	00456448
train	00456452
train	00456458
train	00456484
train	00456488
train	00456494
train	00456506
train	00456541
train	00456542
train	00456543
train	00456544
train	00456545
train	00456560
train	00456574
train	00456575
train	00456576
train	00456579
train	00456585
train	00456592
train	00456596
train	00456598
train	00456601
train	00456602
train	00456616
train	00456663
train	00456675
train	00456677
train	00456706
train	00456725
train	00456727
train	00456754
train	00456769
train	00456829
train	00456878
train	00456882
train	00456885
train	00456946
train	00456956
train	00456982
train	00457068
train	00457175
train	00457178
train	00457179
train	00457180
train	00457227
train	00457335
train	00457338
train	00457367
train	00457381
train	00457436
train	00457490
train	00457553
train	00457557
train	00457558
train	00457560
train	00457562
train	00457565
train	00457576
train	00457577
train	00457578
train	00457580
train	00457584
train	00457585
train	00457601
train	00457605
train	00457606
train	00457622
train	00457629
train	00457630
train	00457634
train	00457640
train	00457808
train	00457817
train	00457820
train	00457866
train	00457891
train	00457892
train	00457895
train	00457897
train	00457907
train	00457909
train	00457912
train	00457913
train	00457920
train	00457933
train	00457943
train	00457944
train	00457945
train	00457968
train	00457976
train	00458096
train	00458098
train	00458099
train	00458158
train	00458246
train	00458299
train	00458351
train	00458352
train	00458460
train	00458474
train	00458482
train	00458570
train	00458612
train	00458624
train	00458625
train	00458730
train	00458749
train	00458813
train	00458815
train	00458851
train	00458901
train	00458905
train	00458906
train	00458915
train	00458918
train	00458923
train	00459104
train	00459237
train	00459269
train	00459306
train	00459318
train	00459321
train	00459327
train	00459328
train	00459338
train	00459347
train	00459348
train	00459349
train	00459351
train	00459389
train	00459401
train	00459402
train	00459431
train	00459440
train	00459469
train	00459481
train	00459482
train	00459501
train	00459618
train	00459698
train	00459705
train	00459804
train	00459835
train	00459866
train	00459898
train	00459899
train	00459900
train	00459917
train	00459919
train	00459944
train	00459951
train	00459959
train	00459968
train	00460044
train	00460060
train	00460061
train	00460062
train	00460063
train	00460066
train	00460118
train	00460123
train	00460134
train	00460139
train	00460140
train	00460145
train	00460163
train	00460260
train	00460278
train	00460300
train	00460304
train	00460311
train	00460326
train	00460332
train	00460334
train	00460343
train	00460351
train	00460358
train	00460375
train	00460378
train	00460379
train	00460390
train	00460395
train	00460411
train	00460510
train	00460512
train	00460526
train	00460538
train	00460639
train	00460641
train	00460657
train	00460667
train	00460734
train	00460735
train	00460736
train	00460778
train	00460808
train	00460809
train	00460829
train	00460841
train	00460874
train	00460896
train	00460905
train	00460906
train	00460933
train	00461003
train	00461016
train	00461051
train	00461068
train	00461085
train	00461105
train	00461130
train	00461132
train	00461135
train	00461189
train	00461212
train	00461213
train	00461218
train	00461277
train	00461279
train	00461346
train	00461398
train	00461421
train	00461497
train	00461498
train	00461532
train	00461547
train	00461581
train	00461584
train	00461589
train	00461591
train	00461593
train	00461600
train	00461612
train	00461625
train	00461647
train	00461671
train	00461701
train	00461717
train	00461725
train	00461729
train	00461740
train	00461744
train	00461746
train	00461747
train	00461748
train	00461749
train	00461760
train	00461768
train	00461803
train	00461804
train	00461805
train	00461812
train	00461844
train	00461848
train	00461849
train	00461850
train	00461851
train	00461853
train	00461860
train	00461862
train	00461880
train	00461882
train	00461886
train	00461906
train	00461927
train	00461944
train	00461945
train	00461959
train	00461970
train	00461978
train	00462078
train	00462156
train	00462162
train	00462167
train	00462168
train	00462186
train	00462201
train	00462208
train	00462210
train	00462235
train	00462247
train	00462260
train	00462308
train	00462327
train	00462630
train	00462633
train	00462644
train	00462648
train	00462656
train	00462732
train	00462757
train	00462789
train	00462876
train	00462988
train	00462991
train	00463021
train	00463087
train	00463098
train	00463110
train	00463137
train	00463155
train	00463156
train	00463190
train	00463219
train	00463289
train	00463296
train	00463301
train	00463307
train	00463334
train	00463338
train	00463393
train	00463394
train	00463396
train	00463411
train	00463428
train	00463493
train	00463498
train	00463530
train	00463531
train	00463535
train	00463536
train	00463547
train	00463555
train	00463557
train	00463561
train	00463575
train	00463599
train	00463629
train	00463635
train	00463688
train	00463691
train	00463700
train	00463717
train	00463756
train	00463759
train	00463800
train	00463802
train	00463803
train	00463811
train	00463851
train	00463868
train	00463877
train	00463883
train	00463889
train	00463896
train	00463953
train	00464019
train	00464048
train	00464060
train	00464099
train	00464102
train	00464155
train	00464162
train	00464164
train	00464237
train	00464311
train	00464327
train	00464334
train	00464346
train	00464366
train	00464367
train	00464372
train	00464408
train	00464413
train	00464433
train	00464434
train	00464435
train	00464445
train	00464451
train	00464461
train	00464479
train	00464513
train	00464529
train	00464543
train	00464559
train	00464598
train	00464614
train	00464636
train	00464686
train	00464739
train	00464742
train	00464753
train	00464780
train	00464796
train	00464797
train	00464849
train	00464850
train	00464851
train	00464885
train	00464907
train	00464908
train	00464931
train	00464990
train	00465126
train	00465139
train	00465159
train	00465180
train	00465194
train	00465199
train	00465213
train	00465215
train	00465291
train	00465330
train	00465387
train	00465427
train	00465428
train	00465601
train	00465632
train	00465658
train	00465663
train	00465677
train	00465678
train	00465679
train	00465686
train	00465727
train	00465753
train	00465811
train	00465815
train	00465836
train	00465902
train	00465903
train	00465905
train	00465908
train	00465914
train	00465917
train	00465921
train	00465924
train	00465963
train	00465987
train	00465994
train	00465995
train	00466005
train	00466151
train	00466154
train	00466165
train	00466176
train	00466183
train	00466214
train	00466216
train	00466218
train	00466221
train	00466246
train	00466251
train	00466264
train	00466277
train	00466314
train	00466339
train	00466382
train	00466393
train	00466394
train	00466432
train	00466455
train	00466495
train	00466507
train	00466508
train	00466523
train	00466548
train	00466553
train	00466576
train	00466592
train	00466632
train	00466640
train	00466680
train	00466706
train	00466735
train	00466736
train	00466754
train	00466759
train	00466760
train	00466845
train	00466875
train	00466887
train	00466900
train	00466907
train	00466967
train	00466990
train	00467004
train	00467015
train	00467021
train	00467023
train	00467028
train	00467029
train	00467126
train	00467150
train	00467262
train	00467264
train	00467321
train	00467327
train	00467328
train	00467329
train	00467341
train	00467369
train	00467389
train	00467395
train	00467396
train	00467426
train	00467465
train	00467466
train	00467480
train	00467493
train	00467615
train	00467617
train	00467621
train	00467627
train	00467637
train	00467650
train	00467730
train	00467827
train	00467829
train	00467833
train	00467834
train	00467841
train	00467845
train	00467853
train	00467854
train	00467855
train	00467857
train	00467858
train	00467880
train	00467900
train	00467904
train	00467984
train	00468070
train	00468088
train	00468194
train	00468243
train	00468244
train	00468259
train	00468379
train	00468392
train	00468404
train	00468423
train	00468450
train	00468471
train	00468481
train	00468485
train	00468539
train	00468541
train	00468547
train	00468549
train	00468552
train	00468685
train	00468704
train	00468705
train	00468709
train	00468713
train	00468714
train	00468717
train	00468741
train	00468745
train	00468755
train	00468756
train	00468902
train	00468914
train	00468916
train	00468956
train	00468957
train	00468962
train	00468993
train	00468998
train	00469002
train	00469174
train	00469178
train	00469181
train	00469185
train	00469191
train	00469347
train	00469351
train	00469414
train	00469480
train	00469481
train	00469482
train	00469485
train	00469509
train	00469515
train	00469520
train	00469538
train	00469547
train	00469570
train	00469571
train	00469572
train	00469603
train	00469626
train	00469636
train	00469650
train	00469665
train	00469675
train	00469705
train	00469714
train	00469726
train	00469767
train	00469772
train	00469839
train	00469849
train	00469890
train	00469986
train	00469989
train	00469991
train	00469992
train	00470010
train	00470012
train	00470035
train	00470042
train	00470043
train	00470046
train	00470050
train	00470054
train	00470055
train	00470056
train	00470057
train	00470058
train	00470059
train	00470060
train	00470061
train	00470062
train	00470064
train	00470065
train	00470067
train	00470074
train	00470079
train	00470086
train	00470093
train	00470232
train	00470242
train	00470261
train	00470268
train	00470286
train	00470378
train	00470396
train	00470407
train	00470426
train	00470471
train	00470477
train	00470503
train	00470505
train	00470507
train	00470513
train	00470534
train	00470581
train	00470640
train	00470642
train	00470646
train	00470648
train	00470649
train	00470701
train	00470707
train	00470708
train	00470716
train	00470734
train	00470746
train	00470766
train	00470779
train	00470788
train	00470872
train	00470898
train	00470933
train	00470959
train	00470961
train	00470962
train	00470970
train	00470976
train	00471021
train	00471030
train	00471040
train	00471047
train	00471048
train	00471050
train	00471055
train	00471058
train	00471061
train	00471066
train	00471076
train	00471103
train	00471107
train	00471109
train	00471110
train	00471140
train	00471142
train	00471161
train	00471368
train	00471384
train	00471387
train	00471390
train	00471396
train	00471425
train	00471441
train	00471469
train	00471493
train	00471601
train	00471624
train	00471646
train	00471654
train	00471681
train	00471683
train	00471687
train	00471821
train	00471866
train	00471868
train	00471902
train	00471928
train	00471929
train	00472156
train	00472251
train	00472277
train	00472278
train	00472332
train	00472336
train	00472365
train	00472367
train	00472369
train	00472493
train	00472505
train	00472512
train	00472523
train	00472541
train	00472557
train	00472559
train	00472567
train	00472601
train	00472605
train	00472620
train	00472621
train	00472623
train	00472624
train	00472626
train	00472633
train	00472639
train	00472644
train	00472646
train	00472648
train	00472655
train	00472656
train	00472657
train	00472669
train	00472677
train	00472727
train	00472737
train	00472756
train	00472769
train	00472788
train	00472805
train	00472838
train	00472840
train	00472841
train	00472842
train	00472865
train	00472878
train	00472885
train	00472889
train	00472892
train	00472997
train	00473023
train	00473026
train	00473030
train	00473032
train	00473033
train	00473035
train	00473036
train	00473038
train	00473041
train	00473044
train	00473060
train	00473070
train	00473089
train	00473090
train	00473103
train	00473150
train	00473187
train	00473224
train	00473257
train	00473260
train	00473261
train	00473266
train	00473331
train	00473332
train	00473359
train	00473360
train	00473374
train	00473376
train	00473380
train	00473384
train	00473391
train	00473396
train	00473415
train	00473425
train	00473426
train	00473429
train	00473442
train	00473449
train	00473452
train	00473455
train	00473481
train	00473501
train	00473506
train	00473507
train	00473565
train	00473575
train	00473595
train	00473626
train	00473652
train	00473674
train	00473687
train	00473690
train	00473692
train	00473693
train	00473714
train	00473725
train	00473764
train	00473765
train	00473775
train	00473779
train	00473780
train	00473783
train	00473935
train	00473948
train	00473961
train	00473967
train	00474047
train	00474049
train	00474050
train	00474071
train	00474130
train	00474148
train	00474179
train	00474237
train	00474267
train	00474277
train	00474278
train	00474315
train	00474316
train	00474317
train	00474370
train	00474371
train	00474372
train	00474384
train	00474386
train	00474419
train	00474441
train	00474464
train	00474487
train	00474572
train	00474663
train	00474664
train	00474667
train	00474741
train	00474750
train	00474766
train	00474777
train	00474779
train	00474786
train	00474787
train	00474790
train	00474800
train	00474842
train	00474854
train	00474876
train	00474879
train	00474881
train	00474916
train	00474917
train	00474919
train	00474984
train	00474996
train	00475039
train	00475054
train	00475084
train	00475085
train	00475112
train	00475136
train	00475163
train	00475189
train	00475190
train	00475205
train	00475208
train	00475294
train	00475298
train	00475326
train	00475329
train	00475335
train	00475371
train	00475374
train	00475383
train	00475387
train	00475411
train	00475415
train	00475448
train	00475453
train	00475480
train	00475498
train	00475505
train	00475511
train	00475513
train	00475553
train	00475558
train	00475559
train	00475562
train	00475596
train	00475598
train	00475602
train	00475635
train	00475655
train	00475705
train	00475719
train	00475729
train	00475730
train	00475738
train	00475780
train	00476055
train	00476093
train	00476099
train	00476137
train	00476146
train	00476152
train	00476172
train	00476257
train	00476272
train	00476275
train	00476320
train	00476323
train	00476363
train	00476497
train	00476527
train	00476572
train	00476603
train	00476605
train	00476614
train	00476615
train	00476701
train	00476716
train	00476753
train	00476760
train	00476778
train	00476782
train	00476798
train	00476827
train	00476896
train	00476942
train	00476950
train	00477110
train	00477116
train	00477133
train	00477154
train	00477156
train	00477157
train	00477160
train	00477180
train	00477183
train	00477184
train	00477185
train	00477187
train	00477206
train	00477217
train	00477237
train	00477259
train	00477260
train	00477261
train	00477340
train	00477407
train	00477414
train	00477441
train	00477460
train	00477461
train	00477643
train	00477644
train	00477700
train	00477701
train	00477798
train	00477802
train	00477803
train	00477804
train	00477805
train	00477851
train	00477894
train	00477909
train	00477912
train	00477917
train	00477940
train	00477953
train	00477957
train	00477986
train	00477987
train	00478019
train	00478020
train	00478048
train	00478092
train	00478093
train	00478096
train	00478117
train	00478118
train	00478125
train	00478126
train	00478131
train	00478132
train	00478149
train	00478158
train	00478159
train	00478160
train	00478202
train	00478205
train	00478206
train	00478215
train	00478222
train	00478224
train	00478225
train	00478226
train	00478239
train	00478246
train	00478248
train	00478265
train	00478268
train	00478272
train	00478274
train	00478276
train	00478278
train	00478279
train	00478291
train	00478317
train	00478319
train	00478353
train	00478356
train	00478378
train	00478385
train	00478403
train	00478417
train	00478423
train	00478428
train	00478430
train	00478462
train	00478464
train	00478553
train	00478606
train	00478608
train	00478631
train	00478636
train	00478638
train	00478639
train	00478640
train	00478645
train	00478679
train	00478687
train	00478701
train	00478705
train	00478706
train	00478721
train	00478723
train	00478732
train	00478739
train	00478752
train	00478764
train	00478781
train	00478783
train	00478877
train	00478897
train	00478925
train	00478936
train	00478959
train	00478978
train	00478982
train	00478986
train	00478987
train	00479028
train	00479068
train	00479301
train	00479309
train	00479310
train	00479331
train	00479380
train	00479386
train	00479387
train	00479400
train	00479410
train	00479411
train	00479415
train	00479418
train	00479422
train	00479427
train	00479430
train	00479433
train	00479435
train	00479437
train	00479445
train	00479454
train	00479466
train	00479476
train	00479569
train	00479584
train	00479591
train	00479596
train	00479655
train	00479674
train	00479685
train	00479686
train	00479695
train	00479701
train	00479702
train	00479711
train	00479722
train	00479737
train	00479738
train	00479739
train	00479768
train	00479786
train	00479811
train	00479814
train	00479823
train	00479857
train	00479865
train	00479870
train	00479890
train	00479923
train	00479943
train	00480008
train	00480079
train	00480111
train	00480117
train	00480136
train	00480175
train	00480184
train	00480231
train	00480241
train	00480243
train	00480244
train	00480248
train	00480249
train	00480259
train	00480306
train	00480314
train	00480316
train	00480366
train	00480369
train	00480381
train	00480424
train	00480464
train	00480469
train	00480471
train	00480603
train	00480615
train	00480617
train	00480663
train	00480686
train	00480691
train	00480698
train	00480745
train	00480746
train	00480765
train	00480770
train	00480784
train	00480817
train	00480824
train	00480827
train	00480829
train	00480841
train	00480868
train	00480873
train	00480874
train	00480990
train	00481022
train	00481096
train	00481118
train	00481128
train	00481131
train	00481132
train	00481174
train	00481185
train	00481192
train	00481216
train	00481217
train	00481240
train	00481258
train	00481261
train	00481264
train	00481266
train	00481268
train	00481274
train	00481276
train	00481277
train	00481281
train	00481282
train	00481292
train	00481294
train	00481299
train	00481305
train	00481307
train	00481350
train	00481377
train	00481379
train	00481383
train	00481450
train	00481456
train	00481458
train	00481484
train	00481485
train	00481576
train	00481599
train	00481608
train	00481627
train	00481628
train	00481651
train	00481670
train	00481671
train	00481672
train	00481675
train	00481677
train	00481858
train	00481954
train	00481955
train	00481979
train	00481986
train	00481997
train	00482035
train	00482039
train	00482041
train	00482065
train	00482072
train	00482078
train	00482080
train	00482099
train	00482129
train	00482151
train	00482161
train	00482198
train	00482224
train	00482229
train	00482232
train	00482257
train	00482270
train	00482279
train	00482334
train	00482336
train	00482376
train	00482398
train	00482425
train	00482478
train	00482483
train	00482487
train	00482490
train	00482502
train	00482522
train	00482527
train	00482536
train	00482550
train	00482567
train	00482570
train	00482580
train	00482601
train	00482610
train	00482618
train	00482621
train	00482732
train	00482746
train	00482747
train	00482754
train	00482755
train	00482776
train	00482789
train	00482865
train	00482898
train	00482902
train	00482918
train	00482925
train	00482952
train	00483115
train	00483235
train	00483237
train	00483238
train	00483246
train	00483248
train	00483258
train	00483285
train	00483286
train	00483287
train	00483302
train	00483321
train	00483383
train	00483388
train	00483396
train	00483525
train	00483543
train	00483551
train	00483569
train	00483590
train	00483806
train	00483849
train	00483853
train	00483858
train	00483900
train	00483902
train	00483903
train	00483904
train	00483905
train	00483906
train	00483947
train	00483958
train	00484057
train	00484062
train	00484063
train	00484065
train	00484140
train	00484181
train	00484185
train	00484189
train	00484207
train	00484247
train	00484258
train	00484260
train	00484294
train	00484393
train	00484394
train	00484395
train	00484396
train	00484445
train	00484451
train	00484480
train	00484505
train	00484521
train	00484533
train	00484536
train	00484537
train	00484570
train	00484619
train	00484634
train	00484804
train	00484815
train	00484817
train	00484820
train	00484821
train	00484823
train	00484824
train	00484829
train	00484942
train	00484947
train	00485039
train	00485060
train	00485098
train	00485121
train	00485154
train	00485202
train	00485231
train	00485238
train	00485240
train	00485245
train	00485246
train	00485328
train	00485394
train	00485503
train	00485520
train	00485528
train	00485552
train	00485727
train	00485728
train	00485765
train	00485771
train	00485789
train	00485792
train	00485793
train	00485803
train	00485814
train	00485815
train	00485816
train	00485890
train	00485911
train	00485930
train	00486022
train	00486023
train	00486026
train	00486030
train	00486032
train	00486035
train	00486036
train	00486038
train	00486043
train	00486050
train	00486102
train	00486159
train	00486163
train	00486167
train	00486178
train	00486181
train	00486187
train	00486241
train	00486246
train	00486270
train	00486272
train	00486276
train	00486278
train	00486281
train	00486289
train	00486291
train	00486298
train	00486316
train	00486319
train	00486336
train	00486337
train	00486342
train	00486351
train	00486356
train	00486398
train	00486416
train	00486449
train	00486455
train	00486456
train	00486457
train	00486505
train	00486518
train	00486519
train	00486538
train	00486548
train	00486550
train	00486552
train	00486553
train	00486554
train	00486558
train	00486583
train	00486584
train	00486585
train	00486590
train	00486591
train	00486594
train	00486599
train	00486606
train	00486611
train	00486612
train	00486614
train	00486624
train	00486642
train	00486650
train	00486656
train	00486658
train	00486662
train	00486663
train	00486664
train	00486667
train	00486684
train	00486689
train	00486709
train	00486718
train	00486744
train	00486751
train	00486761
train	00486763
train	00486800
train	00486846
train	00486853
train	00486855
train	00486858
train	00486938
train	00486945
train	00486954
train	00486961
train	00486965
train	00486971
train	00486972
train	00486977
train	00486985
train	00486990
train	00486992
train	00487035
train	00487041
train	00487062
train	00487073
train	00487074
train	00487086
train	00487091
train	00487093
train	00487094
train	00487098
train	00487100
train	00487116
train	00487117
train	00487131
train	00487153
train	00487168
train	00487174
train	00487181
train	00487182
train	00487201
train	00487207
train	00487225
train	00487265
train	00487282
train	00487290
train	00487296
train	00487314
train	00487370
train	00487383
train	00487384
train	00487408
train	00487410
train	00487417
train	00487418
train	00487421
train	00487426
train	00487429
train	00487446
train	00487469
train	00487506
train	00487568
train	00487586
train	00487590
train	00487593
train	00487598
train	00487627
train	00487645
train	00487646
train	00487654
train	00487655
train	00487656
train	00487661
train	00487742
train	00487757
train	00487769
train	00487771
train	00487790
train	00487809
train	00487841
train	00487864
train	00487869
train	00488050
train	00488116
train	00488119
train	00488122
train	00488125
train	00488168
train	00488174
train	00488180
train	00488239
train	00488281
train	00488285
train	00488286
train	00488338
train	00488340
train	00488353
train	00488354
train	00488414
train	00488416
train	00488424
train	00488427
train	00488437
train	00488449
train	00488526
train	00488554
train	00488566
train	00488709
train	00488721
train	00488766
train	00488790
train	00488791
train	00488818
train	00488828
train	00488833
train	00488861
train	00488870
train	00488893
train	00488895
train	00488897
train	00488917
train	00488942
train	00488961
train	00488974
train	00488975
train	00488976
train	00488977
train	00488978
train	00488985
train	00488992
train	00488998
train	00489002
train	00489009
train	00489016
train	00489101
train	00489117
train	00489118
train	00489122
train	00489139
train	00489161
train	00489164
train	00489166
train	00489168
train	00489170
train	00489171
train	00489174
train	00489175
train	00489180
train	00489181
train	00489183
train	00489185
train	00489187
train	00489188
train	00489190
train	00489198
train	00489204
train	00489287
train	00489288
train	00489289
train	00489317
train	00489320
train	00489327
train	00489345
train	00489353
train	00489355
train	00489423
train	00489448
train	00489493
train	00489503
train	00489505
train	00489506
train	00489536
train	00489554
train	00489594
train	00489595
train	00489596
train	00489597
train	00489610
train	00489620
train	00489630
train	00489646
train	00489647
train	00489679
train	00489693
train	00489698
train	00489699
train	00489700
train	00489703
train	00489704
train	00489705
train	00489706
train	00489707
train	00489711
train	00489712
train	00489713
train	00489720
train	00489721
train	00489722
train	00489724
train	00489729
train	00489733
train	00489735
train	00489761
train	00489795
train	00489847
train	00489859
train	00489988
train	00490011
train	00490116
train	00490123
train	00490265
train	00490300
train	00490308
train	00490350
train	00490351
train	00490377
train	00490388
train	00490389
train	00490403
train	00490462
train	00490564
train	00490603
train	00490610
train	00490637
train	00490687
train	00490815
train	00490903
train	00490920
train	00491064
train	00491170
train	00491183
train	00491191
train	00491192
train	00491320
train	00491344
train	00491462
train	00491464
train	00491508
train	00491533
train	00491540
train	00491541
train	00491576
train	00491587
train	00491600
train	00491616
train	00491617
train	00491620
train	00491621
train	00491623
train	00491685
train	00491740
train	00491777
train	00491828
train	00491907
train	00491951
train	00492121
train	00492213
train	00492334
train	00492338
train	00492356
train	00492358
train	00492369
train	00492376
train	00492382
train	00492385
train	00492454
train	00492455
train	00492474
train	00492478
train	00492510
train	00492533
train	00492536
train	00492539
train	00492543
train	00492563
train	00492591
train	00492593
train	00492603
train	00492620
train	00492633
train	00492641
train	00492644
train	00492645
train	00492666
train	00492684
train	00492692
train	00492709
train	00492733
train	00492753
train	00492760
train	00492763
train	00492770
train	00492794
train	00492802
train	00492805
train	00492820
train	00492856
train	00492876
train	00492891
train	00492901
train	00492918
train	00492921
train	00492922
train	00492941
train	00492947
train	00492963
train	00492972
train	00492976
train	00492978
train	00492979
train	00492983
train	00492985
train	00492998
train	00493008
train	00493021
train	00493028
train	00493029
train	00493050
train	00493083
train	00493091
train	00493092
train	00493129
train	00493153
train	00493154
train	00493156
train	00493159
train	00493163
train	00493164
train	00493216
train	00493260
train	00493268
train	00493303
train	00493309
train	00493311
train	00493314
train	00493315
train	00493316
train	00493318
train	00493319
train	00493338
train	00493345
train	00493352
train	00493353
train	00493354
train	00493361
train	00493388
train	00493397
train	00493411
train	00493425
train	00493437
train	00493438
train	00493442
train	00493444
train	00493446
train	00493449
train	00493483
train	00493485
train	00493568
train	00493577
train	00493588
train	00493589
train	00493619
train	00493633
train	00493650
train	00493673
train	00493675
train	00493704
train	00493706
train	00493708
train	00493710
train	00493713
train	00493716
train	00493725
train	00493726
train	00493734
train	00493776
train	00493803
train	00493806
train	00493827
train	00493837
train	00493838
train	00493841
train	00493853
train	00493855
train	00493859
train	00493860
train	00493861
train	00493955
train	00493956
train	00493957
train	00493981
train	00493984
train	00493988
train	00494021
train	00494024
train	00494072
train	00494073
train	00494074
train	00494075
train	00494098
train	00494099
train	00494100
train	00494152
train	00494153
train	00494154
train	00494159
train	00494161
train	00494196
train	00494197
train	00494205
train	00494207
train	00494220
train	00494254
train	00494273
train	00494284
train	00494286
train	00494328
train	00494342
train	00494343
train	00494359
train	00494369
train	00494395
train	00494401
train	00494414
train	00494423
train	00494446
train	00494447
train	00494480
train	00494495
train	00494516
train	00494524
train	00494534
train	00494559
train	00494577
train	00494591
train	00494609
train	00494614
train	00494646
train	00494681
train	00494702
train	00494740
train	00494746
train	00494786
train	00494792
train	00494888
train	00494941
train	00494991
train	00494995
train	00495064
train	00495067
train	00495075
train	00495083
train	00495089
train	00495090
train	00495105
train	00495106
train	00495107
train	00495149
train	00495203
train	00495234
train	00495246
train	00495285
train	00495310
train	00495314
train	00495362
train	00495365
train	00495370
train	00495371
train	00495377
train	00495389
train	00495456
train	00495461
train	00495463
train	00495525
train	00495607
train	00495623
train	00495628
train	00495670
train	00495682
train	00495753
train	00495788
train	00495809
train	00495820
train	00495829
train	00495844
train	00495848
train	00495856
train	00495866
train	00495870
train	00495876
train	00495894
train	00496116
train	00496123
train	00496131
train	00496135
train	00496150
train	00496152
train	00496158
train	00496159
train	00496177
train	00496189
train	00496190
train	00496196
train	00496220
train	00496269
train	00496278
train	00496295
train	00496301
train	00496302
train	00496320
train	00496324
train	00496329
train	00496336
train	00496352
train	00496445
train	00496448
train	00496454
train	00496455
train	00496458
train	00496459
train	00496461
train	00496462
train	00496464
train	00496465
train	00496466
train	00496467
train	00496468
train	00496470
train	00496481
train	00496482
train	00496483
train	00496486
train	00496487
train	00496488
train	00496489
train	00496493
train	00496494
train	00496496
train	00496510
train	00496516
train	00496522
train	00496541
train	00496552
train	00496573
train	00496578
train	00496587
train	00496604
train	00496623
train	00496625
train	00496627
train	00496629
train	00496633
train	00496648
train	00496649
train	00496650
train	00496654
train	00496659
train	00496660
train	00496712
train	00496719
train	00496726
train	00496835
train	00496853
train	00496861
train	00496864
train	00496868
train	00496946
train	00496963
train	00496979
train	00496980
train	00496981
train	00496982
train	00496996
train	00497002
train	00497013
train	00497021
train	00497025
train	00497029
train	00497031
train	00497037
train	00497051
train	00497052
train	00497060
train	00497063
train	00497105
train	00497106
train	00497110
train	00497130
train	00497141
train	00497150
train	00497155
train	00497187
train	00497201
train	00497220
train	00497343
train	00497347
train	00497349
train	00497362
train	00497418
train	00497442
train	00497451
train	00497465
train	00497542
train	00497545
train	00497548
train	00497560
train	00497605
train	00497642
train	00497645
train	00497704
train	00497706
train	00497708
train	00497936
train	00497948
train	00497981
train	00497982
train	00497983
train	00498101
train	00498105
train	00498109
train	00498112
train	00498142
train	00498226
train	00498290
train	00498302
train	00498305
train	00498317
train	00498319
train	00498320
train	00498342
train	00498429
train	00498431
train	00498506
train	00498561
train	00498569
train	00498571
train	00498720
train	00498726
train	00498765
train	00498775
train	00498816
train	00498836
train	00498848
train	00498849
train	00498857
train	00498859
train	00498878
train	00498886
train	00498887
train	00498939
train	00498949
train	00498953
train	00498966
train	00498980
train	00498981
train	00498988
train	00498990
train	00499053
train	00499060
train	00499070
train	00499113
train	00499163
train	00499175
train	00499182
train	00499211
train	00499235
train	00499261
train	00499305
train	00499313
train	00499338
train	00499341
train	00499363
train	00499373
train	00499390
train	00499397
train	00499398
train	00499399
train	00499409
train	00499426
train	00499543
train	00499544
train	00499545
train	00499546
train	00499547
train	00499744
train	00499785
train	00499786
train	00499816
train	00499829
train	00499830
train	00499831
train	00499837
train	00499853
train	00499854
train	00499859
train	00499862
train	00499865
train	00499867
train	00499868
train	00499870
train	00499873
train	00499874
train	00499877
train	00499885
train	00499893
train	00499898
train	00499940
train	00499941
train	00499942
train	00499993
train	00499994
train	00499995
train	00500003
train	00500020
train	00500021
train	00500028
train	00500063
train	00500064
train	00500065
train	00500073
train	00500077
train	00500078
train	00500079
train	00500108
train	00500113
train	00500121
train	00500123
train	00500129
train	00500137
train	00500144
train	00500148
train	00500150
train	00500228
train	00500229
train	00500231
train	00500250
train	00500258
train	00500259
train	00500260
train	00500265
train	00500270
train	00500271
train	00500296
train	00500297
train	00500298
train	00500301
train	00500325
train	00500326
train	00500331
train	00500338
train	00500339
train	00500340
train	00500341
train	00500353
train	00500358
train	00500360
train	00500382
train	00500386
train	00500409
train	00500432
train	00500452
train	00500457
train	00500467
train	00500532
train	00500539
train	00500540
train	00500541
train	00500549
train	00500550
train	00500565
train	00500568
train	00500569
train	00500572
train	00500592
train	00500596
train	00500602
train	00500603
train	00500606
train	00500618
train	00500621
train	00500623
train	00500629
train	00500633
train	00500634
train	00500641
train	00500642
train	00500643
train	00500654
train	00500655
train	00500659
train	00500661
train	00500690
train	00500714
train	00500715
train	00500748
train	00500760
train	00500761
train	00500784
train	00500794
train	00500799
train	00500834
train	00500835
train	00500837
train	00500838
train	00500839
train	00500842
train	00500845
train	00500906
train	00500925
train	00500929
train	00500930
train	00500931
train	00500933
train	00500934
train	00500935
train	00500936
train	00500938
train	00500939
train	00500947
train	00501002
train	00501013
train	00501095
train	00501131
train	00501133
train	00501159
train	00501194
train	00501195
train	00501199
train	00501377
train	00501399
train	00501403
train	00501425
train	00501506
train	00501509
train	00501524
train	00501540
train	00501599
train	00501622
train	00501623
train	00501625
train	00501628
train	00501636
train	00501673
train	00501687
train	00501721
train	00501722
train	00501736
train	00501740
train	00501742
train	00501762
train	00501770
train	00501780
train	00501829
train	00501943
train	00501954
train	00501982
train	00501986
train	00502009
train	00502045
train	00502106
train	00502309
train	00502557
train	00502635
train	00502639
train	00502652
train	00502697
train	00502701
train	00502703
train	00502861
train	00502890
train	00502909
train	00502941
train	00502960
train	00502988
train	00502991
train	00503024
train	00503045
train	00503093
train	00503124
train	00503161
train	00503185
train	00503193
train	00503218
train	00503315
train	00503339
train	00503340
train	00503370
train	00503379
train	00503396
train	00503415
train	00503416
train	00503499
train	00503503
train	00503547
train	00503558
train	00503621
train	00503624
train	00503674
train	00503675
train	00503685
train	00503686
train	00503687
train	00503697
train	00503736
train	00503739
train	00503749
train	00503751
train	00503766
train	00503768
train	00503894
train	00503908
train	00503923
train	00503925
train	00503927
train	00503929
train	00503931
train	00503932
train	00503933
train	00503944
train	00504040
train	00504060
train	00504084
train	00504087
train	00504089
train	00504102
train	00504115
train	00504157
train	00504258
train	00504260
train	00504263
train	00504268
train	00504269
train	00504320
train	00504327
train	00504366
train	00504402
train	00504459
train	00504462
train	00504552
train	00504569
train	00504621
train	00504622
train	00504635
train	00504687
train	00504857
train	00504893
train	00504918
train	00504938
train	00504969
train	00504989
train	00504998
train	00505005
train	00505047
train	00505048
train	00505049
train	00505050
train	00505066
train	00505093
train	00505126
train	00505127
train	00505128
train	00505138
train	00505215
train	00505322
train	00505368
train	00505419
train	00505429
train	00505458
train	00505459
train	00505460
train	00505461
train	00505463
train	00505559
train	00505567
train	00505568
train	00505592
train	00505685
train	00505703
train	00505735
train	00505736
train	00505737
train	00505747
train	00505779
train	00505794
train	00505816
train	00505821
train	00505822
train	00505823
train	00505842
train	00505881
train	00505884
train	00505912
train	00505920
train	00505937
train	00505956
train	00505963
train	00505974
train	00506011
train	00506025
train	00506080
train	00506086
train	00506087
train	00506120
train	00506128
train	00506153
train	00506187
train	00506193
train	00506252
train	00506413
train	00506595
train	00506650
train	00506679
train	00506687
train	00506716
train	00506728
train	00506743
train	00506755
train	00506814
train	00506825
train	00506833
train	00506842
train	00506848
train	00506930
train	00506932
train	00506937
train	00506938
train	00506943
train	00506946
train	00506947
train	00506950
train	00507006
train	00507023
train	00507029
train	00507086
train	00507103
train	00507110
train	00507113
train	00507119
train	00507120
train	00507124
train	00507125
train	00507132
train	00507133
train	00507140
train	00507143
train	00507161
train	00507164
train	00507172
train	00507174
train	00507177
train	00507208
train	00507213
train	00507215
train	00507235
train	00507347
train	00507352
train	00507383
train	00507414
train	00507415
train	00507436
train	00507441
train	00507443
train	00507449
train	00507468
train	00507499
train	00507501
train	00507516
train	00507536
train	00507553
train	00507563
train	00507564
train	00507574
train	00507575
train	00507611
train	00507613
train	00507627
train	00507629
train	00507630
train	00507637
train	00507676
train	00507690
train	00507691
train	00507693
train	00507706
train	00507727
train	00507728
train	00507729
train	00507741
train	00507742
train	00507743
train	00507745
train	00507757
train	00507759
train	00507763
train	00507765
train	00507787
train	00507820
train	00507827
train	00507900
train	00507901
train	00507902
train	00507912
train	00507913
train	00507914
train	00507942
train	00507943
train	00507944
train	00507977
train	00507980
train	00507982
train	00507995
train	00508004
train	00508006
train	00508024
train	00508056
train	00508061
train	00508062
train	00508063
train	00508064
train	00508075
train	00508080
train	00508166
train	00508167
train	00508220
train	00508222
train	00508229
train	00508233
train	00508242
train	00508244
train	00508245
train	00508250
train	00508277
train	00508361
train	00508379
train	00508380
train	00508385
train	00508398
train	00508400
train	00508407
train	00508420
train	00508439
train	00508458
train	00508465
train	00508512
train	00508517
train	00508519
train	00508521
train	00508522
train	00508525
train	00508537
train	00508576
train	00508602
train	00508698
train	00508709
train	00508721
train	00508738
train	00508739
train	00508742
train	00508743
train	00508763
train	00508765
train	00508795
train	00508799
train	00508839
train	00508845
train	00508848
train	00508874
train	00508927
train	00508946
train	00508954
train	00508968
train	00509000
train	00509003
train	00509004
train	00509020
train	00509166
train	00509189
train	00509437
train	00509530
train	00509531
train	00509556
train	00509561
train	00509564
train	00509575
train	00509613
train	00509718
train	00509719
train	00509766
train	00509788
train	00509789
train	00509809
train	00509839
train	00509840
train	00509864
train	00509880
train	00509899
train	00509964
train	00509965
train	00509997
train	00510013
train	00510036
train	00510043
train	00510047
train	00510116
train	00510117
train	00510118
train	00510119
train	00510120
train	00510270
train	00510278
train	00510279
train	00510345
train	00510350
train	00510380
train	00510382
train	00510384
train	00510386
train	00510396
train	00510416
train	00510453
train	00510462
train	00510478
train	00510498
train	00510559
train	00510574
train	00510591
train	00510594
train	00510636
train	00510637
train	00510640
train	00510647
train	00510648
train	00510650
train	00510654
train	00510655
train	00510659
train	00510662
train	00510664
train	00510673
train	00510680
train	00510697
train	00510700
train	00510730
train	00510786
train	00510789
train	00510793
train	00510797
train	00510818
train	00510820
train	00510844
train	00510876
train	00510886
train	00510890
train	00510891
train	00510894
train	00510898
train	00510900
train	00510903
train	00510937
train	00510938
train	00510940
train	00510941
train	00510948
train	00510965
train	00510973
train	00511005
train	00511019
train	00511026
train	00511027
train	00511028
train	00511032
train	00511033
train	00511039
train	00511047
train	00511051
train	00511058
train	00511072
train	00511076
train	00511095
train	00511100
train	00511106
train	00511108
train	00511112
train	00511113
train	00511114
train	00511116
train	00511143
train	00511146
train	00511150
train	00511151
train	00511155
train	00511159
train	00511162
train	00511168
train	00511190
train	00511200
train	00511220
train	00511221
train	00511244
train	00511280
train	00511312
train	00511324
train	00511348
train	00511400
train	00511470
train	00511471
train	00511482
train	00511507
train	00511508
train	00511512
train	00511531
train	00511554
train	00511577
train	00511578
train	00511605
train	00511614
train	00511615
train	00511655
train	00511656
train	00511657
train	00511658
train	00511659
train	00511660
train	00511672
train	00511759
train	00511821
train	00511838
train	00511839
train	00511845
train	00511853
train	00511854
train	00511896
train	00511922
train	00511930
train	00511963
train	00512013
train	00512019
train	00512020
train	00512021
train	00512030
train	00512033
train	00512037
train	00512038
train	00512142
train	00512275
train	00512280
train	00512285
train	00512293
train	00512301
train	00512421
train	00512425
train	00512428
train	00512449
train	00512458
train	00512462
train	00512490
train	00512491
train	00512492
train	00512494
train	00512496
train	00512501
train	00512502
train	00512503
train	00512506
train	00512507
train	00512643
train	00512709
train	00512719
train	00512731
train	00512823
train	00512858
train	00512864
train	00512867
train	00512904
train	00512905
train	00512955
train	00512959
train	00512962
train	00512964
train	00512965
train	00512989
train	00513043
train	00513054
train	00513064
train	00513091
train	00513102
train	00513107
train	00513108
train	00513148
train	00513295
train	00513298
train	00513319
train	00513320
train	00513346
train	00513425
train	00513481
train	00513498
train	00513644
train	00513649
train	00513677
train	00513790
train	00513792
train	00513809
train	00513813
train	00513814
train	00513829
train	00513847
train	00513884
train	00513887
train	00513888
train	00513895
train	00513897
train	00513916
train	00513987
train	00513991
train	00513996
train	00514002
train	00514008
train	00514009
train	00514012
train	00514048
train	00514065
train	00514105
train	00514137
train	00514254
train	00514280
train	00514285
train	00514324
train	00514339
train	00514405
train	00514422
train	00514425
train	00514444
train	00514450
train	00514452
train	00514480
train	00514482
train	00514483
train	00514485
train	00514490
train	00514512
train	00514539
train	00514541
train	00514543
train	00514544
train	00514565
train	00514656
train	00514658
train	00514669
train	00514670
train	00514680
train	00514688
train	00514697
train	00514698
train	00514702
train	00514705
train	00514707
train	00514708
train	00514712
train	00514723
train	00514731
train	00514738
train	00514739
train	00514740
train	00514744
train	00514746
train	00514748
train	00514749
train	00514750
train	00514768
train	00514774
train	00514792
train	00514793
train	00514800
train	00514818
train	00514819
train	00514823
train	00514825
train	00514833
train	00514843
train	00514882
train	00514888
train	00514891
train	00514932
train	00514933
train	00514959
train	00514965
train	00514990
train	00514991
train	00515002
train	00515039
train	00515045
train	00515138
train	00515209
train	00515250
train	00515269
train	00515273
train	00515276
train	00515286
train	00515295
train	00515325
train	00515330
train	00515340
train	00515341
train	00515361
train	00515385
train	00515400
train	00515414
train	00515423
train	00515435
train	00515479
train	00515505
train	00515606
train	00515654
train	00515657
train	00515662
train	00515683
train	00515689
train	00515704
train	00515718
train	00515727
train	00515750
train	00515918
train	00515970
train	00515991
train	00516035
train	00516036
train	00516060
train	00516074
train	00516078
train	00516092
train	00516109
train	00516113
train	00516121
train	00516122
train	00516161
train	00516164
train	00516165
train	00516183
train	00516190
train	00516196
train	00516200
train	00516204
train	00516205
train	00516214
train	00516225
train	00516253
train	00516254
train	00516256
train	00516258
train	00516340
train	00516365
train	00516382
train	00516441
train	00516442
train	00516443
train	00516444
train	00516460
train	00516485
train	00516495
train	00516496
train	00516521
train	00516527
train	00516628
train	00516638
train	00516647
train	00516650
train	00516669
train	00516674
train	00516675
train	00516751
train	00516770
train	00516803
train	00516804
train	00516819
train	00516830
train	00516858
train	00516861
train	00516862
train	00516954
train	00516972
train	00516979
train	00517013
train	00517069
train	00517070
train	00517092
train	00517103
train	00517106
train	00517113
train	00517147
train	00517150
train	00517156
train	00517175
train	00517176
train	00517188
train	00517204
train	00517205
train	00517206
train	00517207
train	00517208
train	00517211
train	00517264
train	00517271
train	00517272
train	00517273
train	00517274
train	00517287
train	00517303
train	00517307
train	00517312
train	00517313
train	00517330
train	00517380
train	00517395
train	00517397
train	00517398
train	00517399
train	00517400
train	00517403
train	00517417
train	00517418
train	00517422
train	00517426
train	00517427
train	00517439
train	00517440
train	00517472
train	00517548
train	00517569
train	00517684
train	00517713
train	00517715
train	00517747
train	00517748
train	00517749
train	00517750
train	00517751
train	00517753
train	00517824
train	00517851
train	00517852
train	00517853
train	00517854
train	00517874
train	00517884
train	00517885
train	00517897
train	00517902
train	00517905
train	00517925
train	00517926
train	00517928
train	00517931
train	00517932
train	00517933
train	00517935
train	00517951
train	00517952
train	00518121
train	00518207
train	00518233
train	00518244
train	00518255
train	00518267
train	00518275
train	00518283
train	00518293
train	00518295
train	00518319
train	00518336
train	00518365
train	00518393
train	00518411
train	00518412
train	00518431
train	00518438
train	00518445
train	00518498
train	00518525
train	00518526
train	00518530
train	00518533
train	00518612
train	00518618
train	00518639
train	00518746
train	00518765
train	00518766
train	00518784
train	00518788
train	00518790
train	00518797
train	00518803
train	00518810
train	00518815
train	00518822
train	00518824
train	00518831
train	00518834
train	00518840
train	00518842
train	00518871
train	00518882
train	00518883
train	00518904
train	00518905
train	00518909
train	00518916
train	00518921
train	00518944
train	00518952
train	00518956
train	00518964
train	00518969
train	00518970
train	00518977
train	00518983
train	00518995
train	00518996
train	00518997
train	00519016
train	00519020
train	00519022
train	00519023
train	00519024
train	00519025
train	00519027
train	00519049
train	00519067
train	00519077
train	00519078
train	00519079
train	00519082
train	00519091
train	00519092
train	00519098
train	00519099
train	00519106
train	00519111
train	00519116
train	00519124
train	00519128
train	00519135
train	00519136
train	00519143
train	00519144
train	00519207
train	00519245
train	00519257
train	00519259
train	00519274
train	00519278
train	00519281
train	00519285
train	00519287
train	00519288
train	00519289
train	00519291
train	00519293
train	00519297
train	00519299
train	00519311
train	00519313
train	00519315
train	00519341
train	00519359
train	00519381
train	00519382
train	00519417
train	00519418
train	00519419
train	00519420
train	00519425
train	00519436
train	00519438
train	00519478
train	00519479
train	00519480
train	00519482
train	00519484
train	00519514
train	00519518
train	00519526
train	00519546
train	00519565
train	00519566
train	00519569
train	00519578
train	00519591
train	00519605
train	00519607
train	00519608
train	00519609
train	00519610
train	00519615
train	00519617
train	00519622
train	00519623
train	00519624
train	00519625
train	00519650
train	00519654
train	00519676
train	00519783
train	00519789
train	00519792
train	00519861
train	00519867
train	00519873
train	00519879
train	00519888
train	00519939
train	00519980
train	00519990
train	00520000
train	00520003
train	00520010
train	00520087
train	00520121
train	00520123
train	00520150
train	00520177
train	00520190
train	00520200
train	00520207
train	00520215
train	00520226
train	00520227
train	00520229
train	00520235
train	00520237
train	00520250
train	00520263
train	00520271
train	00520276
train	00520291
train	00520298
train	00520321
train	00520331
train	00520340
train	00520405
train	00520420
train	00520426
train	00520438
train	00520459
train	00520469
train	00520476
train	00520482
train	00520489
train	00520506
train	00520534
train	00520566
train	00520615
train	00520619
train	00520620
train	00520638
train	00520640
train	00520671
train	00520676
train	00520677
train	00520681
train	00520685
train	00520718
train	00520727
train	00520732
train	00520733
train	00520735
train	00520766
train	00520767
train	00520773
train	00520784
train	00520789
train	00520861
train	00520870
train	00520873
train	00520880
train	00520896
train	00520912
train	00520915
train	00520920
train	00520922
train	00520939
train	00520941
train	00520945
train	00520949
train	00520952
train	00520956
train	00520961
train	00520968
train	00520974
train	00520976
train	00520997
train	00521025
train	00521026
train	00521078
train	00521080
train	00521082
train	00521083
train	00521089
train	00521104
train	00521106
train	00521163
train	00521183
train	00521284
train	00521301
train	00521338
train	00521339
train	00521340
train	00521362
train	00521363
train	00521469
train	00521479
train	00521538
train	00521594
train	00521621
train	00521622
train	00521623
train	00521625
train	00521729
train	00521745
train	00521749
train	00521756
train	00521767
train	00521817
train	00521827
train	00521890
train	00521892
train	00521895
train	00521904
train	00521912
train	00521969
train	00521981
train	00521994
train	00521995
train	00522005
train	00522008
train	00522012
train	00522016
train	00522027
train	00522028
train	00522046
train	00522047
train	00522048
train	00522066
train	00522069
train	00522070
train	00522097
train	00522129
train	00522137
train	00522166
train	00522179
train	00522202
train	00522239
train	00522328
train	00522336
train	00522357
train	00522364
train	00522372
train	00522405
train	00522436
train	00522442
train	00522451
train	00522452
train	00522456
train	00522485
train	00522488
train	00522489
train	00522502
train	00522527
train	00522576
train	00522638
train	00522666
train	00522677
train	00522680
train	00522681
train	00522688
train	00522690
train	00522699
train	00522700
train	00522774
train	00522775
train	00522803
train	00522807
train	00522808
train	00522821
train	00522871
train	00522872
train	00522874
train	00522889
train	00522929
train	00522951
train	00522979
train	00522982
train	00522991
train	00522999
train	00523031
train	00523041
train	00523058
train	00523068
train	00523071
train	00523081
train	00523087
train	00523129
train	00523137
train	00523143
train	00523144
train	00523160
train	00523207
train	00523223
train	00523253
train	00523265
train	00523344
train	00523348
train	00523373
train	00523377
train	00523384
train	00523423
train	00523424
train	00523435
train	00523518
train	00523576
train	00523592
train	00523594
train	00523686
train	00523687
train	00523717
train	00523754
train	00523762
train	00523769
train	00523780
train	00523784
train	00523788
train	00523791
train	00523818
train	00523819
train	00523830
train	00523832
train	00523833
train	00523835
train	00523873
train	00523882
train	00523892
train	00523894
train	00523900
train	00523901
train	00523909
train	00523910
train	00523913
train	00523960
train	00523968
train	00523991
train	00524004
train	00524067
train	00524114
train	00524123
train	00524127
train	00524133
train	00524184
train	00524199
train	00524325
train	00524328
train	00524476
train	00524480
train	00524502
train	00524510
train	00524653
train	00524656
train	00524658
train	00524659
train	00524694
train	00524703
train	00524704
train	00524706
train	00524710
train	00524733
train	00524742
train	00524743
train	00524803
train	00524817
train	00524871
train	00524944
train	00524964
train	00524968
train	00524969
train	00524987
train	00524996
train	00525016
train	00525017
train	00525024
train	00525240
train	00525252
train	00525269
train	00525304
train	00525354
train	00525367
train	00525413
train	00525414
train	00525415
train	00525449
train	00525476
train	00525483
train	00525533
train	00525534
train	00525535
train	00525586
train	00525643
train	00525691
train	00525696
train	00525708
train	00525709
train	00525713
train	00525714
train	00525728
train	00525762
train	00525814
train	00525825
train	00525883
train	00525903
train	00525919
train	00525971
train	00525983
train	00525984
train	00526043
train	00526044
train	00526046
train	00526075
train	00526077
train	00526082
train	00526084
train	00526102
train	00526104
train	00526129
train	00526130
train	00526232
train	00526261
train	00526287
train	00526316
train	00526325
train	00526371
train	00526436
train	00526437
train	00526454
train	00526460
train	00526463
train	00526469
train	00526545
train	00526546
train	00526555
train	00526560
train	00526617
train	00526646
train	00526689
train	00526695
train	00526713
train	00526734
train	00526851
train	00526889
train	00526898
train	00526925
train	00526930
train	00526934
train	00526976
train	00527088
train	00527111
train	00527117
train	00527133
train	00527136
train	00527147
train	00527157
train	00527159
train	00527160
train	00527183
train	00527234
train	00527237
train	00527244
train	00527248
train	00527279
train	00527284
train	00527285
train	00527287
train	00527289
train	00527319
train	00527340
train	00527350
train	00527356
train	00527365
train	00527366
train	00527367
train	00527370
train	00527374
train	00527379
train	00527381
train	00527386
train	00527417
train	00527440
train	00527443
train	00527444
train	00527452
train	00527473
train	00527474
train	00527480
train	00527482
train	00527495
train	00527497
train	00527508
train	00527509
train	00527510
train	00527512
train	00527518
train	00527520
train	00527523
train	00527533
train	00527535
train	00527539
train	00527547
train	00527550
train	00527557
train	00527568
train	00527570
train	00527572
train	00527575
train	00527577
train	00527582
train	00527584
train	00527585
train	00527587
train	00527592
train	00527598
train	00527599
train	00527606
train	00527607
train	00527608
train	00527612
train	00527613
train	00527618
train	00527619
train	00527620
train	00527621
train	00527622
train	00527629
train	00527637
train	00527655
train	00527659
train	00527665
train	00527688
train	00527724
train	00527725
train	00527728
train	00527732
train	00527763
train	00527764
train	00527776
train	00527777
train	00527789
train	00527803
train	00527881
train	00527929
train	00527950
train	00528135
train	00528138
train	00528146
train	00528163
train	00528204
train	00528211
train	00528244
train	00528283
train	00528284
train	00528332
train	00528335
train	00528360
train	00528412
train	00528592
train	00528647
train	00528688
train	00528693
train	00528754
train	00528787
train	00528891
train	00528911
train	00528919
train	00528937
train	00528943
train	00528995
train	00528997
train	00529004
train	00529014
train	00529020
train	00529041
train	00529043
train	00529131
train	00529134
train	00529137
train	00529139
train	00529152
train	00529155
train	00529157
train	00529159
train	00529167
train	00529175
train	00529178
train	00529206
train	00529209
train	00529223
train	00529249
train	00529375
train	00529385
train	00529409
train	00529410
train	00529411
train	00529412
train	00529430
train	00529470
train	00529480
train	00529481
train	00529483
train	00529485
train	00529503
train	00529573
train	00529582
train	00529597
train	00529599
train	00529690
train	00529703
train	00529704
train	00529705
train	00529816
train	00529838
train	00529841
train	00529853
train	00529855
train	00529869
train	00529873
train	00529874
train	00529875
train	00529880
train	00529881
train	00529890
train	00529899
train	00529908
train	00529911
train	00529912
train	00529914
train	00529925
train	00529926
train	00529927
train	00529928
train	00529930
train	00529938
train	00529940
train	00529942
train	00529943
train	00529946
train	00529948
train	00529949
train	00529951
train	00529956
train	00529962
train	00529966
train	00529968
train	00529969
train	00529974
train	00529975
train	00530009
train	00530013
train	00530016
train	00530017
train	00530020
train	00530024
train	00530025
train	00530026
train	00530027
train	00530049
train	00530050
train	00530051
train	00530052
train	00530053
train	00530059
train	00530062
train	00530071
train	00530077
train	00530083
train	00530136
train	00530146
train	00530173
train	00530193
train	00530195
train	00530211
train	00530213
train	00530218
train	00530219
train	00530220
train	00530221
train	00530225
train	00530227
train	00530230
train	00530231
train	00530234
train	00530237
train	00530238
train	00530239
train	00530243
train	00530251
train	00530252
train	00530254
train	00530256
train	00530272
train	00530276
train	00530278
train	00530281
train	00530290
train	00530298
train	00530303
train	00530305
train	00530309
train	00530314
train	00530316
train	00530321
train	00530322
train	00530324
train	00530325
train	00530326
train	00530327
train	00530341
train	00530343
train	00530348
train	00530353
train	00530357
train	00530364
train	00530368
train	00530373
train	00530376
train	00530378
train	00530384
train	00530385
train	00530387
train	00530388
train	00530389
train	00530391
train	00530394
train	00530395
train	00530400
train	00530408
train	00530412
train	00530419
train	00530420
train	00530421
train	00530425
train	00530428
train	00530439
train	00530449
train	00530451
train	00530454
train	00530457
train	00530459
train	00530460
train	00530468
train	00530469
train	00530474
train	00530475
train	00530477
train	00530478
train	00530479
train	00530484
train	00530493
train	00530496
train	00530497
train	00530498
train	00530500
train	00530511
train	00530516
train	00530517
train	00530519
train	00530521
train	00530522
train	00530523
train	00530525
train	00530528
train	00530533
train	00530540
train	00530543
train	00530545
train	00530554
train	00530563
train	00530564
train	00530565
train	00530569
train	00530570
train	00530571
train	00530578
train	00530581
train	00530586
train	00530588
train	00530590
train	00530591
train	00530592
train	00530593
train	00530595
train	00530596
train	00530605
train	00530613
train	00530616
train	00530617
train	00530621
train	00530651
train	00530658
train	00530660
train	00530663
train	00530664
train	00530674
train	00530675
train	00530676
train	00530689
train	00530701
train	00530759
train	00530794
train	00530800
train	00530808
train	00530821
train	00530843
train	00530918
train	00530919
train	00530936
train	00530938
train	00530976
train	00531006
train	00531061
train	00531084
train	00531136
train	00531140
train	00531151
train	00531158
train	00531201
train	00531203
train	00531206
train	00531207
train	00531218
train	00531220
train	00531231
train	00531236
train	00531237
train	00531243
train	00531244
train	00531255
train	00531260
train	00531324
train	00531338
train	00531352
train	00531363
train	00531378
train	00531384
train	00531389
train	00531399
train	00531413
train	00531417
train	00531422
train	00531426
train	00531448
train	00531452
train	00531453
train	00531456
train	00531467
train	00531475
train	00531522
train	00531540
train	00531575
train	00531592
train	00531603
train	00531644
train	00531680
train	00531713
train	00531735
train	00531741
train	00531743
train	00531746
train	00531755
train	00531758
train	00531759
train	00531762
train	00531771
train	00531776
train	00531791
train	00531799
train	00531818
train	00531836
train	00531844
train	00531868
train	00531886
train	00531888
train	00531889
train	00531895
train	00531896
train	00531943
train	00531945
train	00531961
train	00532106
train	00532122
train	00532125
train	00532130
train	00532146
train	00532157
train	00532179
train	00532192
train	00532204
train	00532214
train	00532317
train	00532336
train	00532341
train	00532347
train	00532348
train	00532355
train	00532437
train	00532449
train	00532530
train	00532531
train	00532558
train	00532561
train	00532563
train	00532662
train	00532663
train	00532664
train	00532667
train	00532678
train	00532688
train	00532694
train	00532702
train	00532715
train	00532716
train	00532717
train	00532720
train	00532737
train	00532768
train	00532794
train	00532834
train	00532944
train	00532971
train	00532974
train	00532976
train	00532978
train	00532979
train	00532981
train	00532985
train	00532999
train	00533015
train	00533065
train	00533066
train	00533104
train	00533169
train	00533170
train	00533214
train	00533231
train	00533237
train	00533238
train	00533241
train	00533242
train	00533245
train	00533248
train	00533250
train	00533255
train	00533260
train	00533266
train	00533270
train	00533280
train	00533284
train	00533292
train	00533293
train	00533308
train	00533318
train	00533368
train	00533373
train	00533411
train	00533454
train	00533467
train	00533480
train	00533481
train	00533482
train	00533485
train	00533489
train	00533496
train	00533507
train	00533508
train	00533511
train	00533514
train	00533619
train	00533620
train	00533621
train	00533622
train	00533630
train	00533779
train	00533814
train	00533865
train	00533891
train	00533894
train	00533905
train	00533922
train	00533924
train	00533959
train	00533968
train	00533978
train	00534027
train	00534035
train	00534116
train	00534117
train	00534162
train	00534167
train	00534191
train	00534201
train	00534228
train	00534229
train	00534240
train	00534251
train	00534254
train	00534340
train	00534358
train	00534391
train	00534456
train	00534489
train	00534491
train	00534492
train	00534496
train	00534563
train	00534586
train	00534587
train	00534591
train	00534622
train	00534628
train	00534631
train	00534638
train	00534643
train	00534650
train	00534651
train	00534652
train	00534658
train	00534711
train	00534717
train	00534730
train	00534773
train	00534789
train	00534827
train	00534833
train	00534850
train	00534851
train	00534852
train	00534882
train	00534888
train	00534895
train	00534896
train	00534897
train	00534899
train	00534911
train	00534915
train	00534916
train	00534961
train	00534994
train	00535013
train	00535049
train	00535184
train	00535215
train	00535234
train	00535248
train	00535256
train	00535287
train	00535292
train	00535298
train	00535302
train	00535305
train	00535322
train	00535336
train	00535364
train	00535365
train	00535366
train	00535367
train	00535368
train	00535388
train	00535405
train	00535433
train	00535434
train	00535451
train	00535452
train	00535453
train	00535463
train	00535472
train	00535485
train	00535499
train	00535560
train	00535566
train	00535569
train	00535579
train	00535611
train	00535691
train	00535699
train	00535704
train	00535709
train	00535749
train	00535750
train	00535753
train	00535756
train	00535757
train	00535758
train	00535760
train	00535763
train	00535764
train	00535767
train	00535773
train	00535780
train	00535786
train	00535791
train	00535792
train	00535804
train	00535806
train	00535809
train	00535819
train	00535899
train	00535919
train	00535926
train	00535987
train	00536029
train	00536040
train	00536048
train	00536103
train	00536106
train	00536169
train	00536195
train	00536211
train	00536268
train	00536269
train	00536279
train	00536284
train	00536286
train	00536297
train	00536334
train	00536372
train	00536409
train	00536450
train	00536451
train	00536454
train	00536588
train	00536621
train	00536633
train	00536663
train	00536711
train	00536717
train	00536754
train	00536758
train	00536762
train	00536770
train	00536771
train	00536774
train	00536776
train	00536785
train	00536787
train	00536788
train	00536806
train	00536808
train	00536823
train	00536825
train	00536849
train	00536891
train	00536931
train	00536934
train	00536935
train	00536936
train	00536937
train	00536939
train	00536940
train	00536942
train	00536943
train	00536946
train	00536975
train	00536980
train	00536982
train	00536989
train	00536990
train	00536998
train	00537011
train	00537012
train	00537020
train	00537030
train	00537036
train	00537051
train	00537054
train	00537162
train	00537175
train	00537190
train	00537194
train	00537209
train	00537210
train	00537221
train	00537247
train	00537319
train	00537330
train	00537394
train	00537413
train	00537414
train	00537415
train	00537418
train	00537422
train	00537423
train	00537424
train	00537426
train	00537427
train	00537455
train	00537456
train	00537458
train	00537459
train	00537462
train	00537463
train	00537464
train	00537477
train	00537478
train	00537484
train	00537505
train	00537516
train	00537519
train	00537523
train	00537524
train	00537525
train	00537526
train	00537528
train	00537529
train	00537530
train	00537531
train	00537532
train	00537533
train	00537537
train	00537553
train	00537555
train	00537567
train	00537582
train	00537587
train	00537663
train	00537669
train	00537687
train	00537688
train	00537694
train	00537699
train	00537703
train	00537714
train	00537791
train	00537806
train	00537807
train	00537809
train	00537847
train	00537848
train	00537878
train	00537942
train	00538011
train	00538162
train	00538175
train	00538220
train	00538223
train	00538225
train	00538234
train	00538260
train	00538270
train	00538271
train	00538300
train	00538307
train	00538308
train	00538315
train	00538316
train	00538348
train	00538361
train	00538362
train	00538442
train	00538458
train	00538469
train	00538485
train	00538508
train	00538510
train	00538533
train	00538536
train	00538543
train	00538548
train	00538567
train	00538571
train	00538575
train	00538577
train	00538578
train	00538579
train	00538583
train	00538627
train	00538654
train	00538662
train	00538673
train	00538675
train	00538720
train	00538740
train	00538743
train	00538753
train	00538754
train	00538757
train	00538769
train	00538836
train	00538837
train	00538889
train	00538910
train	00539064
train	00539074
train	00539116
train	00539118
train	00539132
train	00539160
train	00539186
train	00539216
train	00539226
train	00539243
train	00539262
train	00539321
train	00539339
train	00539346
train	00539351
train	00539355
train	00539428
train	00539442
train	00539443
train	00539447
train	00539454
train	00539455
train	00539483
train	00539492
train	00539525
train	00539526
train	00539567
train	00539603
train	00539761
train	00539784
train	00539789
train	00539832
train	00539873
train	00539874
train	00539876
train	00539889
train	00539905
train	00539906
train	00539920
train	00539937
train	00539941
train	00539944
train	00539977
train	00539980
train	00539998
train	00540009
train	00540011
train	00540012
train	00540024
train	00540032
train	00540049
train	00540052
train	00540151
train	00540181
train	00540183
train	00540184
train	00540186
train	00540239
train	00540241
train	00540259
train	00540263
train	00540265
train	00540270
train	00540275
train	00540277
train	00540312
train	00540313
train	00540314
train	00540315
train	00540317
train	00540327
train	00540328
train	00540331
train	00540332
train	00540338
train	00540339
train	00540370
train	00540381
train	00540385
train	00540394
train	00540400
train	00540415
train	00540418
train	00540440
train	00540463
train	00540467
train	00540483
train	00540490
train	00540491
train	00540519
train	00540522
train	00540525
train	00540527
train	00540538
train	00540551
train	00540552
train	00540559
train	00540568
train	00540597
train	00540600
train	00540602
train	00540628
train	00540638
train	00540643
train	00540655
train	00540669
train	00540681
train	00540685
train	00540686
train	00540706
train	00540708
train	00540737
train	00540747
train	00540756
train	00540758
train	00540760
train	00540762
train	00540763
train	00540765
train	00540769
train	00540771
train	00540772
train	00540775
train	00540776
train	00540778
train	00540779
train	00540780
train	00540781
train	00540787
train	00540788
train	00540792
train	00540795
train	00540797
train	00540802
train	00540805
train	00540806
train	00540809
train	00540810
train	00540813
train	00540814
train	00540815
train	00540816
train	00540823
train	00540825
train	00540836
train	00540837
train	00540883
train	00541104
train	00541119
train	00541120
train	00541131
train	00541142
train	00541156
train	00541174
train	00541341
train	00541394
train	00541396
train	00541415
train	00541428
train	00541454
train	00541475
train	00541486
train	00541488
train	00541490
train	00541501
train	00541601
train	00541610
train	00541613
train	00541620
train	00541657
train	00541695
train	00541713
train	00541716
train	00541718
train	00541720
train	00541770
train	00541814
train	00541865
train	00541886
train	00541929
train	00541968
train	00541974
train	00541992
train	00542045
train	00542052
train	00542064
train	00542071
train	00542076
train	00542077
train	00542092
train	00542098
train	00542103
train	00542113
train	00542119
train	00542162
train	00542172
train	00542190
train	00542215
train	00542230
train	00542236
train	00542274
train	00542286
train	00542300
train	00542365
train	00542368
train	00542384
train	00542391
train	00542395
train	00542527
train	00542549
train	00542578
train	00542624
train	00542652
train	00542657
train	00542733
train	00542734
train	00542736
train	00542739
train	00542747
train	00542764
train	00542770
train	00542771
train	00542782
train	00542802
train	00542806
train	00542866
train	00542896
train	00542914
train	00542922
train	00542926
train	00542938
train	00542939
train	00542940
train	00543039
train	00543055
train	00543066
train	00543094
train	00543100
train	00543114
train	00543115
train	00543251
train	00543273
train	00543397
train	00543417
train	00543418
train	00543420
train	00543421
train	00543431
train	00543476
train	00543538
train	00543545
train	00543919
train	00543947
train	00543956
train	00543973
train	00543976
train	00543994
train	00544204
train	00544209
train	00544231
train	00544283
train	00544313
train	00544430
train	00544431
train	00544450
train	00544451
train	00544477
train	00544481
train	00544487
train	00544516
train	00544518
train	00544578
train	00544581
train	00544589
train	00544604
train	00544610
train	00544627
train	00544636
train	00544683
train	00544750
train	00544773
train	00544820
train	00544821
train	00544832
train	00544850
train	00545009
train	00545021
train	00545053
train	00545057
train	00545114
train	00545127
train	00545132
train	00545134
train	00545147
train	00545152
train	00545155
train	00545174
train	00545222
train	00545229
train	00545262
train	00545266
train	00545282
train	00545288
train	00545478
train	00545593
train	00545594
train	00545611
train	00545643
train	00545658
train	00545668
train	00545671
train	00545718
train	00545768
train	00545787
train	00545813
train	00545818
train	00545823
train	00545840
train	00545843
train	00545847
train	00545849
train	00545859
train	00545895
train	00545905
train	00545917
train	00545952
train	00545980
train	00546078
train	00546135
train	00546153
train	00546173
train	00546177
train	00546181
train	00546191
train	00546198
train	00546199
train	00546204
train	00546235
train	00546253
train	00546298
train	00546336
train	00546342
train	00546345
train	00546346
train	00546355
train	00546358
train	00546363
train	00546366
train	00546374
train	00546507
train	00546521
train	00546570
train	00546583
train	00546586
train	00546603
train	00546655
train	00546656
train	00546664
train	00546667
train	00546692
train	00546768
train	00546819
train	00546838
train	00546842
train	00546869
train	00546875
train	00546946
train	00546992
train	00546995
train	00546996
train	00547025
train	00547036
train	00547042
train	00547045
train	00547184
train	00547189
train	00547322
train	00547328
train	00547333
train	00547338
train	00547339
train	00547342
train	00547399
train	00547414
train	00547415
train	00547574
train	00547634
train	00547636
train	00547709
train	00547728
train	00547729
train	00547730
train	00547732
train	00547733
train	00547734
train	00547766
train	00547876
train	00547878
train	00547881
train	00548039
train	00548056
train	00548187
train	00548201
train	00548221
train	00548222
train	00548236
train	00548250
train	00548254
train	00548270
train	00548281
train	00548289
train	00548290
train	00548330
train	00548331
train	00548351
train	00548373
train	00548407
train	00548434
train	00548435
train	00548436
train	00548552
train	00548595
train	00548668
train	00548746
train	00548770
train	00548785
train	00548786
train	00548791
train	00548793
train	00548820
train	00548821
train	00548840
train	00548871
train	00548880
train	00548910
train	00548946
train	00548947
train	00548948
train	00548951
train	00548967
train	00548971
train	00548992
train	00548995
train	00549005
train	00549021
train	00549048
train	00549053
train	00549055
train	00549173
train	00549236
train	00549237
train	00549245
train	00549246
train	00549250
train	00549252
train	00549255
train	00549274
train	00549303
train	00549416
train	00549417
train	00549484
train	00549485
train	00549565
train	00549566
train	00549578
train	00549589
train	00549590
train	00549592
train	00549593
train	00549643
train	00549673
train	00549694
train	00549709
train	00549715
train	00549719
train	00549726
train	00549729
train	00549733
train	00549736
train	00549876
train	00549941
train	00549954
train	00549972
train	00549985
train	00549991
train	00549998
train	00550005
train	00550009
train	00550010
train	00550021
train	00550065
train	00550066
train	00550742
train	00550754
train	00550781
train	00550796
train	00550798
train	00550803
train	00550804
train	00550805
train	00550806
train	00550808
train	00550821
train	00550831
train	00550844
train	00550851
train	00550864
train	00550884
train	00550896
train	00550905
train	00550935
train	00550943
train	00551009
train	00551015
train	00551055
train	00551107
train	00551109
train	00551112
train	00551141
train	00551169
train	00551219
train	00551233
train	00551249
train	00551251
train	00551339
train	00551343
train	00551346
train	00551347
train	00551348
train	00551354
train	00551357
train	00551359
train	00551362
train	00551364
train	00551430
train	00551445
train	00551456
train	00551477
train	00551485
train	00551717
train	00551781
train	00551807
train	00551808
train	00551810
train	00551861
train	00552072
train	00552079
train	00552096
train	00552124
train	00552150
train	00552156
train	00552159
train	00552162
train	00552185
train	00552222
train	00552226
train	00552252
train	00552253
train	00552254
train	00552256
train	00552257
train	00552272
train	00552312
train	00552319
train	00552332
train	00552425
train	00552452
train	00552517
train	00552524
train	00552541
train	00552542
train	00552604
train	00552665
train	00552681
train	00552759
train	00552761
train	00552763
train	00552789
train	00552820
train	00552822
train	00552830
train	00552835
train	00552855
train	00552874
train	00552882
train	00553086
train	00553105
train	00553106
train	00553167
train	00553182
train	00553184
train	00553185
train	00553221
train	00553245
train	00553247
train	00553360
train	00553361
train	00553369
train	00553441
train	00553497
train	00553512
train	00553523
train	00553537
train	00553543
train	00553600
train	00553679
train	00553692
train	00553703
train	00553704
train	00553740
train	00553857
train	00553862
train	00553882
train	00553929
train	00553930
train	00553991
train	00553999
train	00554000
train	00554001
train	00554005
train	00554007
train	00554015
train	00554016
train	00554022
train	00554032
train	00554037
train	00554132
train	00554147
train	00554151
train	00554162
train	00554177
train	00554185
train	00554190
train	00554211
train	00554240
train	00554253
train	00554270
train	00554315
train	00554383
train	00554395
train	00554404
train	00554406
train	00554441
train	00554444
train	00554454
train	00554473
train	00554514
train	00554521
train	00554526
train	00554531
train	00554569
train	00554573
train	00554578
train	00554580
train	00554581
train	00554585
train	00554586
train	00554589
train	00554590
train	00554593
train	00554594
train	00554712
train	00554729
train	00554731
train	00554737
train	00554738
train	00554741
train	00554743
train	00554744
train	00554745
train	00554746
train	00554750
train	00554766
train	00554845
train	00554848
train	00554853
train	00554854
train	00554868
train	00554880
train	00554893
train	00554917
train	00554952
train	00554956
train	00554959
train	00554967
train	00554983
train	00554996
train	00555236
train	00555296
train	00555300
train	00555349
train	00555369
train	00555400
train	00555402
train	00555411
train	00555427
train	00555434
train	00555457
train	00555499
train	00555501
train	00555520
train	00555527
train	00555528
train	00555529
train	00555602
train	00555605
train	00555618
train	00555651
train	00555653
train	00555743
train	00555744
train	00555745
train	00555750
train	00555756
train	00555757
train	00555760
train	00555761
train	00555763
train	00555779
train	00555785
train	00555786
train	00555793
train	00555816
train	00555877
train	00555898
train	00555949
train	00555950
train	00555964
train	00555998
train	00556045
train	00556069
train	00556074
train	00556076
train	00556081
train	00556106
train	00556146
train	00556196
train	00556203
train	00556205
train	00556212
train	00556245
train	00556259
train	00556260
train	00556275
train	00556330
train	00556376
train	00556389
train	00556465
train	00556501
train	00556536
train	00556583
train	00556613
train	00556619
train	00556621
train	00556622
train	00556625
train	00556637
train	00556643
train	00556646
train	00556666
train	00556670
train	00556673
train	00556681
train	00556739
train	00556755
train	00556763
train	00556797
train	00557019
train	00557231
train	00557318
train	00557359
train	00557402
train	00557427
train	00557457
train	00557469
train	00557470
train	00557472
train	00557483
train	00557506
train	00557508
train	00557511
train	00557516
train	00557519
train	00557520
train	00557527
train	00557541
train	00557542
train	00557543
train	00557597
train	00557627
train	00557643
train	00557644
train	00557660
train	00557672
train	00557688
train	00557746
train	00557752
train	00557754
train	00557757
train	00557758
train	00557762
train	00557765
train	00557772
train	00557774
train	00557776
train	00557780
train	00557785
train	00557793
train	00557794
train	00557798
train	00557799
train	00557853
train	00557877
train	00557887
train	00557892
train	00557895
train	00557930
train	00557941
train	00557952
train	00557972
train	00557994
train	00558017
train	00558032
train	00558058
train	00558060
train	00558064
train	00558076
train	00558085
train	00558097
train	00558115
train	00558163
train	00558173
train	00558247
train	00558252
train	00558261
train	00558274
train	00558287
train	00558291
train	00558292
train	00558314
train	00558355
train	00558356
train	00558366
train	00558436
train	00558445
train	00558458
train	00558536
train	00558614
train	00558639
train	00558640
train	00558647
train	00558648
train	00558659
train	00558664
train	00558665
train	00558668
train	00558675
train	00558680
train	00558693
train	00558697
train	00558712
train	00558716
train	00558732
train	00558793
train	00558806
train	00558807
train	00558842
train	00558857
train	00558876
train	00558897
train	00558898
train	00558917
train	00558935
train	00558943
train	00558944
train	00559025
train	00559039
train	00559051
train	00559154
train	00559168
train	00559180
train	00559194
train	00559236
train	00559239
train	00559254
train	00559265
train	00559358
train	00559376
train	00559388
train	00559389
train	00559407
train	00559627
train	00559629
train	00559672
train	00559928
train	00559957
train	00560009
train	00560015
train	00560025
train	00560187
train	00560203
train	00560211
train	00560293
train	00560306
train	00560307
train	00560323
train	00560363
train	00560370
train	00560374
train	00560375
train	00560388
train	00560411
train	00560444
train	00560452
train	00560461
train	00560482
train	00560515
train	00560522
train	00560545
train	00560582
train	00560587
train	00560595
train	00560596
train	00560605
train	00560630
train	00560634
train	00560636
train	00560647
train	00560651
train	00560676
train	00560684
train	00560685
train	00560687
train	00560693
train	00560715
train	00560717
train	00560734
train	00560778
train	00560779
train	00560802
train	00560813
train	00560838
train	00560847
train	00560848
train	00560860
train	00560861
train	00560873
train	00560927
train	00560937
train	00560940
train	00560952
train	00560994
train	00560995
train	00560996
train	00561009
train	00561012
train	00561061
train	00561115
train	00561137
train	00561149
train	00561152
train	00561156
train	00561163
train	00561164
train	00561167
train	00561170
train	00561171
train	00561179
train	00561182
train	00561208
train	00561238
train	00561239
train	00561240
train	00561254
train	00561263
train	00561267
train	00561278
train	00561282
train	00561293
train	00561301
train	00561312
train	00561314
train	00561325
train	00561329
train	00561332
train	00561334
train	00561341
train	00561352
train	00561365
train	00561381
train	00561388
train	00561405
train	00561414
train	00561454
train	00561465
train	00561481
train	00561506
train	00561519
train	00561522
train	00561533
train	00561686
train	00561732
train	00561761
train	00561799
train	00561814
train	00561815
train	00561817
train	00561819
train	00561820
train	00561822
train	00561825
train	00561826
train	00561827
train	00561828
train	00561903
train	00561933
train	00562001
train	00562013
train	00562030
train	00562033
train	00562034
train	00562035
train	00562036
train	00562037
train	00562038
train	00562039
train	00562045
train	00562122
train	00562134
train	00562142
train	00562148
train	00562165
train	00562174
train	00562188
train	00562191
train	00562192
train	00562226
train	00562233
train	00562235
train	00562248
train	00562256
train	00562257
train	00562287
train	00562397
train	00562419
train	00562440
train	00562450
train	00562495
train	00562507
train	00562520
train	00562529
train	00562548
train	00562559
train	00562580
train	00562644
train	00562648
train	00562684
train	00562728
train	00562749
train	00562751
train	00562760
train	00562764
train	00563366
train	00563441
train	00563442
train	00563444
train	00563447
train	00563490
train	00563497
train	00563563
train	00563692
train	00563693
train	00563716
train	00563756
train	00563757
train	00563801
train	00563819
train	00563830
train	00563843
train	00563852
train	00563866
train	00563867
train	00563875
train	00563933
train	00564019
train	00564040
train	00564077
train	00564125
train	00564134
train	00564147
train	00564150
train	00564159
train	00564243
train	00564273
train	00564283
train	00564287
train	00564297
train	00564300
train	00564314
train	00564316
train	00564319
train	00564320
train	00564326
train	00564331
train	00564332
train	00564336
train	00564340
train	00564383
train	00564509
train	00564566
train	00564583
train	00564585
train	00564597
train	00564629
train	00564631
train	00564702
train	00564777
train	00564794
train	00564795
train	00564796
train	00564804
train	00564805
train	00564871
train	00564891
train	00564966
train	00564974
train	00564984
train	00565013
train	00565043
train	00565054
train	00565092
train	00565093
train	00565127
train	00565143
train	00565229
train	00565377
train	00565381
train	00565390
train	00565393
train	00565405
train	00565441
train	00565468
train	00565554
train	00565558
train	00565609
train	00565611
train	00565613
train	00565614
train	00565628
train	00565639
train	00565718
train	00565745
train	00565747
train	00565804
train	00565840
train	00565844
train	00565861
train	00565864
train	00565887
train	00565931
train	00565962
train	00565979
train	00565982
train	00565983
train	00566022
train	00566048
train	00566117
train	00566119
train	00566124
train	00566126
train	00566127
train	00566128
train	00566130
train	00566132
train	00566133
train	00566145
train	00566161
train	00566288
train	00566302
train	00566303
train	00566418
train	00566495
train	00566497
train	00566546
train	00566547
train	00566548
train	00566583
train	00566611
train	00566617
train	00566677
train	00566715
train	00566717
train	00566719
train	00566724
train	00566725
train	00566726
train	00566729
train	00566733
train	00566737
train	00566759
train	00566763
train	00566765
train	00566898
train	00566900
train	00566901
train	00566906
train	00566917
train	00566921
train	00566936
train	00566937
train	00566938
train	00567030
train	00567045
train	00567107
train	00567263
train	00567268
train	00567269
train	00567285
train	00567288
train	00567314
train	00567316
train	00567325
train	00567328
train	00567341
train	00567356
train	00567364
train	00567501
train	00567532
train	00567542
train	00567543
train	00567559
train	00567584
train	00567588
train	00567606
train	00567617
train	00567622
train	00567624
train	00567625
train	00567626
train	00567627
train	00567628
train	00567632
train	00567648
train	00567661
train	00567713
train	00567728
train	00567729
train	00567731
train	00567780
train	00567789
train	00567790
train	00567800
train	00567804
train	00567807
train	00567859
train	00567871
train	00567897
train	00567972
train	00567974
train	00567975
train	00568042
train	00568045
train	00568077
train	00568095
train	00568112
train	00568114
train	00568119
train	00568121
train	00568146
train	00568164
train	00568186
train	00568187
train	00568193
train	00568195
train	00568208
train	00568234
train	00568267
train	00568273
train	00568298
train	00568334
train	00568365
train	00568370
train	00568379
train	00568407
train	00568410
train	00568424
train	00568426
train	00568429
train	00568482
train	00568495
train	00568496
train	00568497
train	00568500
train	00568501
train	00568502
train	00568505
train	00568506
train	00568509
train	00568515
train	00568535
train	00568553
train	00568584
train	00568588
train	00568593
train	00568609
train	00568620
train	00568621
train	00568626
train	00568628
train	00568629
train	00568634
train	00568699
train	00568704
train	00568707
train	00568734
train	00568778
train	00568781
train	00568783
train	00568811
train	00568820
train	00568826
train	00568859
train	00568919
train	00568934
train	00568940
train	00568941
train	00568949
train	00568958
train	00568976
train	00568978
train	00568981
train	00568983
train	00568994
train	00569034
train	00569037
train	00569038
train	00569043
train	00569045
train	00569046
train	00569047
train	00569048
train	00569049
train	00569051
train	00569053
train	00569058
train	00569066
train	00569076
train	00569081
train	00569101
train	00569120
train	00569127
train	00569143
train	00569153
train	00569205
train	00569222
train	00569225
train	00569315
train	00569348
train	00569359
train	00569444
train	00569475
train	00569478
train	00569480
train	00569481
train	00569488
train	00569491
train	00569496
train	00569497
train	00569535
train	00569539
train	00569540
train	00569570
train	00569571
train	00569599
train	00569602
train	00569604
train	00569605
train	00569621
train	00569622
train	00569623
train	00569624
train	00569627
train	00569629
train	00569630
train	00569632
train	00569634
train	00569643
train	00569646
train	00569666
train	00569701
train	00569705
train	00569712
train	00569745
train	00569747
train	00569849
train	00569856
train	00569864
train	00569868
train	00569871
train	00569874
train	00569875
train	00569883
train	00569887
train	00569902
train	00570074
train	00570085
train	00570086
train	00570146
train	00570170
train	00570172
train	00570173
train	00570189
train	00570207
train	00570208
train	00570222
train	00570261
train	00570262
train	00570263
train	00570292
train	00570318
train	00570342
train	00570402
train	00570471
train	00570482
train	00570484
train	00570504
train	00570506
train	00570515
train	00570516
train	00570523
train	00570538
train	00570564
train	00570565
train	00570567
train	00570581
train	00570618
train	00570627
train	00570720
train	00570763
train	00570778
train	00570850
train	00570870
train	00570897
train	00570901
train	00570902
train	00570917
train	00570921
train	00570930
train	00570935
train	00570949
train	00571052
train	00571085
train	00571193
train	00571216
train	00571230
train	00571231
train	00571233
train	00571234
train	00571236
train	00571238
train	00571239
train	00571309
train	00571354
train	00571356
train	00571364
train	00571369
train	00571372
train	00571378
train	00571379
train	00571395
train	00571396
train	00571418
train	00571422
train	00571443
train	00571476
train	00571485
train	00571491
train	00571492
train	00571494
train	00571499
train	00571500
train	00571538
train	00571546
train	00571548
train	00571557
train	00571566
train	00571577
train	00571581
train	00571582
train	00571584
train	00571585
train	00571586
train	00571595
train	00571596
train	00571612
train	00571618
train	00571673
train	00571679
train	00571680
train	00571681
train	00571687
train	00571722
train	00571729
train	00571757
train	00571867
train	00571868
train	00571869
train	00571890
train	00571891
train	00571892
train	00571898
train	00571907
train	00571917
train	00571926
train	00571927
train	00571929
train	00571937
train	00571938
train	00571939
train	00571941
train	00571950
train	00571951
train	00571952
train	00571985
train	00572024
train	00572077
train	00572117
train	00572120
train	00572128
train	00572131
train	00572164
train	00572199
train	00572201
train	00572207
train	00572208
train	00572215
train	00572223
train	00572224
train	00572229
train	00572230
train	00572232
train	00572233
train	00572242
train	00572256
train	00572309
train	00572320
train	00572329
train	00572330
train	00572349
train	00572382
train	00572403
train	00572424
train	00572426
train	00572427
train	00572428
train	00572437
train	00572441
train	00572444
train	00572492
train	00572497
train	00572523
train	00572534
train	00572560
train	00572576
train	00572632
train	00572633
train	00572635
train	00572672
train	00572690
train	00572691
train	00572701
train	00572713
train	00572717
train	00572722
train	00572728
train	00572730
train	00572738
train	00572784
train	00572791
train	00572804
train	00572807
train	00572815
train	00572816
train	00572823
train	00572826
train	00573021
train	00573028
train	00573081
train	00573084
train	00573167
train	00573171
train	00573225
train	00573273
train	00573328
train	00573331
train	00573338
train	00573345
train	00573352
train	00573354
train	00573358
train	00573385
train	00573386
train	00573397
train	00573407
train	00573414
train	00573442
train	00573457
train	00573458
train	00573459
train	00573460
train	00573461
train	00573463
train	00573464
train	00573465
train	00573466
train	00573468
train	00573557
train	00573574
train	00573614
train	00573623
train	00573625
train	00573656
train	00573657
train	00573658
train	00573664
train	00573683
train	00573732
train	00573752
train	00573791
train	00573896
train	00573903
train	00573907
train	00573908
train	00573910
train	00573911
train	00573912
train	00573920
train	00573921
train	00573931
train	00573936
train	00573942
train	00573960
train	00573981
train	00573995
train	00574010
train	00574016
train	00574078
train	00574079
train	00574090
train	00574120
train	00574128
train	00574131
train	00574156
train	00574158
train	00574174
train	00574200
train	00574209
train	00574217
train	00574227
train	00574351
train	00574357
train	00574374
train	00574384
train	00574385
train	00574396
train	00574440
train	00574459
train	00574495
train	00574508
train	00574512
train	00574521
train	00574602
train	00574615
train	00574641
train	00574657
train	00574841
train	00574847
train	00574849
train	00574987
train	00575000
train	00575014
train	00575043
train	00575055
train	00575072
train	00575077
train	00575085
train	00575160
train	00575183
train	00575357
train	00575400
train	00575435
train	00575450
train	00575455
train	00575459
train	00575475
train	00575494
train	00575496
train	00575497
train	00575502
train	00575504
train	00575515
train	00575528
train	00575543
train	00575545
train	00575546
train	00575577
train	00575592
train	00575618
train	00575620
train	00575621
train	00575639
train	00575640
train	00575650
train	00575651
train	00575654
train	00575661
train	00575696
train	00575700
train	00575746
train	00575778
train	00575779
train	00575793
train	00575794
train	00575808
train	00575811
train	00575814
train	00575819
train	00575822
train	00575830
train	00575835
train	00575852
train	00575858
train	00575950
train	00575983
train	00576060
train	00576062
train	00576076
train	00576122
train	00576135
train	00576148
train	00576153
train	00576156
train	00576158
train	00576237
train	00576257
train	00576308
train	00576409
train	00576429
train	00576460
train	00576484
train	00576504
train	00576505
train	00576512
train	00576522
train	00576564
train	00576700
train	00576709
train	00576726
train	00576736
train	00576738
train	00576739
train	00576746
train	00576753
train	00576758
train	00576766
train	00576768
train	00576769
train	00576773
train	00576799
train	00576824
train	00576825
train	00576928
train	00576946
train	00577019
train	00577043
train	00577049
train	00577050
train	00577055
train	00577112
train	00577163
train	00577191
train	00577194
train	00577204
train	00577206
train	00577208
train	00577210
train	00577222
train	00577251
train	00577261
train	00577266
train	00577301
train	00577303
train	00577304
train	00577309
train	00577312
train	00577319
train	00577326
train	00577328
train	00577375
train	00577379
train	00577400
train	00577458
train	00577469
train	00577471
train	00577472
train	00577473
train	00577480
train	00577483
train	00577597
train	00577644
train	00577728
train	00577747
train	00577759
train	00577763
train	00577885
train	00577902
train	00577927
train	00577928
train	00578007
train	00578031
train	00578038
train	00578111
train	00578121
train	00578145
train	00578177
train	00578190
train	00578196
train	00578211
train	00578246
train	00578258
train	00578261
train	00578264
train	00578265
train	00578266
train	00578267
train	00578272
train	00578273
train	00578275
train	00578278
train	00578293
train	00578526
train	00578548
train	00578635
train	00578650
train	00578790
train	00578791
train	00578805
train	00578806
train	00578814
train	00578820
train	00578821
train	00578904
train	00578906
train	00578907
train	00578932
train	00578933
train	00578941
train	00578942
train	00578972
train	00578977
train	00578978
train	00578980
train	00578981
train	00579001
train	00579006
train	00579037
train	00579054
train	00579062
train	00579101
train	00579195
train	00579196
train	00579197
train	00579199
train	00579200
train	00579201
train	00579231
train	00579244
train	00579261
train	00579262
train	00579272
train	00579276
train	00579277
train	00579278
train	00579383
train	00579397
train	00579432
train	00579451
train	00579454
train	00579455
train	00579466
train	00579470
train	00579494
train	00579504
train	00579572
train	00579592
train	00579674
train	00579702
train	00579722
train	00579756
train	00579808
train	00579812
train	00579817
train	00579845
train	00579875
train	00579897
train	00579910
train	00579911
train	00579917
train	00579919
train	00579928
train	00579929
train	00579930
train	00579932
train	00579933
train	00579942
train	00579943
train	00579951
train	00579952
train	00579955
train	00579959
train	00579967
train	00579980
train	00579987
train	00579991
train	00580034
train	00580037
train	00580038
train	00580041
train	00580045
train	00580047
train	00580052
train	00580053
train	00580082
train	00580149
train	00580175
train	00580180
train	00580212
train	00580219
train	00580235
train	00580243
train	00580265
train	00580267
train	00580270
train	00580286
train	00580288
train	00580334
train	00580367
train	00580368
train	00580371
train	00580372
train	00580415
train	00580466
train	00580476
train	00580485
train	00580513
train	00580517
train	00580518
train	00580522
train	00580524
train	00580531
train	00580533
train	00580545
train	00580556
train	00580669
train	00580695
train	00580696
train	00580711
train	00580722
train	00580732
train	00580759
train	00580840
train	00580841
train	00580848
train	00580849
train	00580872
train	00580877
train	00580883
train	00580889
train	00580980
train	00581039
train	00581069
train	00581082
train	00581117
train	00581122
train	00581130
train	00581147
train	00581160
train	00581162
train	00581212
train	00581218
train	00581220
train	00581221
train	00581222
train	00581223
train	00581225
train	00581228
train	00581231
train	00581234
train	00581235
train	00581237
train	00581238
train	00581245
train	00581291
train	00581294
train	00581332
train	00581335
train	00581336
train	00581337
train	00581340
train	00581342
train	00581348
train	00581350
train	00581358
train	00581365
train	00581381
train	00581385
train	00581392
train	00581432
train	00581440
train	00581529
train	00581548
train	00581549
train	00581553
train	00581559
train	00581593
train	00581617
train	00581629
train	00581640
train	00581669
train	00581671
train	00581695
train	00581705
train	00581711
train	00581718
train	00581723
train	00581733
train	00581734
train	00581737
train	00581742
train	00581743
train	00581795
train	00581908
train	00582049
train	00582082
train	00582091
train	00582092
train	00582094
train	00582099
train	00582187
train	00582189
train	00582196
train	00582198
train	00582203
train	00582207
train	00582212
train	00582229
train	00582231
train	00582232
train	00582234
train	00582270
train	00582344
train	00582353
train	00582354
train	00582358
train	00582364
train	00582415
train	00582434
train	00582436
train	00582438
train	00582463
train	00582466
train	00582476
train	00582477
train	00582506
train	00582512
train	00582522
train	00582536
train	00582574
train	00582583
train	00582603
train	00582699
train	00582700
train	00582701
train	00582709
train	00582710
train	00582712
train	00582714
train	00582749
train	00582756
train	00582773
train	00582785
train	00582788
train	00582793
train	00582796
train	00582804
train	00582813
train	00582842
train	00582845
train	00582848
train	00582853
train	00582857
train	00582860
train	00582864
train	00582869
train	00582879
train	00583048
train	00583065
train	00583091
train	00583099
train	00583101
train	00583115
train	00583147
train	00583155
train	00583175
train	00583176
train	00583179
train	00583180
train	00583181
train	00583182
train	00583190
train	00583202
train	00583207
train	00583214
train	00583258
train	00583279
train	00583335
train	00583386
train	00583431
train	00583434
train	00583493
train	00583494
train	00583505
train	00583513
train	00583516
train	00583517
train	00583518
train	00583548
train	00583556
train	00583566
train	00583668
train	00583671
train	00583682
train	00583692
train	00583743
train	00583759
train	00583762
train	00583768
train	00583769
train	00583772
train	00583773
train	00583786
train	00583791
train	00583792
train	00583839
train	00583865
train	00583878
train	00583902
train	00583935
train	00583950
train	00583966
train	00583982
train	00583993
train	00584002
train	00584003
train	00584004
train	00584057
train	00584122
train	00584126
train	00584128
train	00584142
train	00584197
train	00584215
train	00584216
train	00584236
train	00584262
train	00584268
train	00584271
train	00584273
train	00584274
train	00584294
train	00584334
train	00584338
train	00584340
train	00584344
train	00584361
train	00584428
train	00584441
train	00584442
train	00584462
train	00584464
train	00584484
train	00584530
train	00584672
train	00584689
train	00584732
train	00584764
train	00584909
train	00584941
train	00584948
train	00584961
train	00584968
train	00584974
train	00584993
train	00584995
train	00585052
train	00585071
train	00585102
train	00585122
train	00585127
train	00585182
train	00585196
train	00585235
train	00585249
train	00585253
train	00585260
train	00585262
train	00585264
train	00585289
train	00585411
train	00585457
train	00585458
train	00585517
train	00585529
train	00585546
train	00585586
train	00585606
train	00585644
train	00585659
train	00585689
train	00585692
train	00585694
train	00585695
train	00585700
train	00585715
train	00585750
train	00585937
train	00585963
train	00585994
train	00586144
train	00586150
train	00586151
train	00586168
train	00586254
train	00586261
train	00586262
train	00586269
train	00586287
train	00586303
train	00586307
train	00586364
train	00586388
train	00586469
train	00586482
train	00586549
train	00586550
train	00586551
train	00586553
train	00586555
train	00586557
train	00586560
train	00586562
train	00586620
train	00586632
train	00586637
train	00586683
train	00586684
train	00586685
train	00586715
train	00586716
train	00586731
train	00586766
train	00586790
train	00586794
train	00586809
train	00586810
train	00586853
train	00586886
train	00586899
train	00586914
train	00586958
train	00586976
train	00587048
train	00587052
train	00587055
train	00587056
train	00587069
train	00587079
train	00587153
train	00587247
train	00587249
train	00587278
train	00587287
train	00587381
train	00587387
train	00587397
train	00587432
train	00587455
train	00587456
train	00587460
train	00587462
train	00587479
train	00587482
train	00587492
train	00587495
train	00587497
train	00587553
train	00587693
train	00587729
train	00587730
train	00587732
train	00587733
train	00587747
train	00587780
train	00587788
train	00587800
train	00587859
train	00587863
train	00587867
train	00587889
train	00587899
train	00587901
train	00587975
train	00587985
train	00587995
train	00588020
train	00588021
train	00588055
train	00588058
train	00588061
train	00588079
train	00588116
train	00588164
train	00588292
train	00588298
train	00588300
train	00588301
train	00588305
train	00588306
train	00588316
train	00588322
train	00588325
train	00588326
train	00588327
train	00588330
train	00588340
train	00588346
train	00588353
train	00588367
train	00588420
train	00588425
train	00588430
train	00588438
train	00588444
train	00588450
train	00588482
train	00588483
train	00588509
train	00588510
train	00588513
train	00588550
train	00588553
train	00588554
train	00588555
train	00588564
train	00588584
train	00588587
train	00588609
train	00588620
train	00588661
train	00588719
train	00588787
train	00588830
train	00588841
train	00588892
train	00588913
train	00588918
train	00588931
train	00588936
train	00588939
train	00588948
train	00588950
train	00588959
train	00588962
train	00588966
train	00588974
train	00588976
train	00588993
train	00588996
train	00589002
train	00589010
train	00589080
train	00589081
train	00589084
train	00589208
train	00589266
train	00589268
train	00589272
train	00589427
train	00589455
train	00589483
train	00589491
train	00589533
train	00589550
train	00589605
train	00589617
train	00589642
train	00589644
train	00589666
train	00589671
train	00589737
train	00589761
train	00589766
train	00589769
train	00589794
train	00589837
train	00589873
train	00589885
train	00589895
train	00589907
train	00589914
train	00589919
train	00589937
train	00589968
train	00589975
train	00589999
train	00590009
train	00590033
train	00590046
train	00590051
train	00590059
train	00590065
train	00590070
train	00590071
train	00590074
train	00590076
train	00590085
train	00590086
train	00590121
train	00590128
train	00590176
train	00590209
train	00590220
train	00590263
train	00590266
train	00590267
train	00590268
train	00590269
train	00590271
train	00590273
train	00590342
train	00590359
train	00590378
train	00590381
train	00590385
train	00590386
train	00590401
train	00590414
train	00590479
train	00590481
train	00590484
train	00590554
train	00590555
train	00590564
train	00590565
train	00590566
train	00590574
train	00590575
train	00590615
train	00590668
train	00590670
train	00590671
train	00590680
train	00590685
train	00590693
train	00590703
train	00590771
train	00590772
train	00590785
train	00590833
train	00590838
train	00590843
train	00590845
train	00590847
train	00590871
train	00590873
train	00590913
train	00590986
train	00590987
train	00590988
train	00590995
train	00591035
train	00591045
train	00591117
train	00591120
train	00591125
train	00591134
train	00591141
train	00591183
train	00591184
train	00591276
train	00591455
train	00591467
train	00591556
train	00591599
train	00591819
train	00591864
train	00591865
train	00591897
train	00591931
train	00591975
train	00592018
train	00592048
train	00592049
train	00592063
train	00592090
train	00592104
train	00592150
train	00592155
train	00592169
train	00592173
train	00592200
train	00592222
train	00592225
train	00592253
train	00592258
train	00592264
train	00592266
train	00592291
train	00592308
train	00592317
train	00592337
train	00592338
train	00592360
train	00592370
train	00592373
train	00592377
train	00592397
train	00592433
train	00592478
train	00592508
train	00592510
train	00592516
train	00592524
train	00592526
train	00592591
train	00592597
train	00592670
train	00592695
train	00592696
train	00592702
train	00592703
train	00592715
train	00592722
train	00592731
train	00592738
train	00592739
train	00592915
train	00592941
train	00592951
train	00592952
train	00592958
train	00592960
train	00592963
train	00592967
train	00593023
train	00593065
train	00593077
train	00593084
train	00593097
train	00593098
train	00593099
train	00593103
train	00593104
train	00593110
train	00593111
train	00593150
train	00593169
train	00593170
train	00593214
train	00593215
train	00593217
train	00593221
train	00593229
train	00593247
train	00593248
train	00593255
train	00593337
train	00593381
train	00593382
train	00593387
train	00593471
train	00593502
train	00593658
train	00593682
train	00593691
train	00593693
train	00593694
train	00593695
train	00593696
train	00593702
train	00593722
train	00593797
train	00593842
train	00593847
train	00593848
train	00593849
train	00593854
train	00593867
train	00593876
train	00593892
train	00593893
train	00593903
train	00593925
train	00593931
train	00593944
train	00593974
train	00594050
train	00594062
train	00594070
train	00594075
train	00594087
train	00594088
train	00594118
train	00594122
train	00594136
train	00594137
train	00594138
train	00594141
train	00594146
train	00594151
train	00594160
train	00594174
train	00594181
train	00594191
train	00594196
train	00594207
train	00594223
train	00594285
train	00594302
train	00594329
train	00594330
train	00594361
train	00594368
train	00594446
train	00594449
train	00594450
train	00594456
train	00594461
train	00594484
train	00594486
train	00594490
train	00594593
train	00594604
train	00594610
train	00594620
train	00594739
train	00594759
train	00594764
train	00594776
train	00594789
train	00594795
train	00594917
train	00594918
train	00594948
train	00594992
train	00594995
train	00595009
train	00595018
train	00595067
train	00595086
train	00595091
train	00595103
train	00595108
train	00595147
train	00595150
train	00595151
train	00595152
train	00595153
train	00595154
train	00595161
train	00595167
train	00595168
train	00595186
train	00595192
train	00595236
train	00595245
train	00595294
train	00595313
train	00595317
train	00595320
train	00595325
train	00595359
train	00595408
train	00595411
train	00595416
train	00595417
train	00595492
train	00595553
train	00595647
train	00595674
train	00595677
train	00595705
train	00595769
train	00595781
train	00595789
train	00595822
train	00595834
train	00595841
train	00595868
train	00595894
train	00595901
train	00595902
train	00595904
train	00595919
train	00595922
train	00595923
train	00595931
train	00595978
train	00596007
train	00596036
train	00596040
train	00596044
train	00596086
train	00596092
train	00596093
train	00596157
train	00596192
train	00596206
train	00596223
train	00596231
train	00596255
train	00596297
train	00596343
train	00596364
train	00596365
train	00596367
train	00596368
train	00596375
train	00596421
train	00596422
train	00596517
train	00596529
train	00596530
train	00596547
train	00596550
train	00596553
train	00596554
train	00596568
train	00596572
train	00596579
train	00596586
train	00596590
train	00596656
train	00596662
train	00596676
train	00596716
train	00596720
train	00596731
train	00596733
train	00596738
train	00596739
train	00596740
train	00596741
train	00596749
train	00596750
train	00596751
train	00596756
train	00596779
train	00596781
train	00596800
train	00596801
train	00596809
train	00596810
train	00596812
train	00596813
train	00596822
train	00596823
train	00596845
train	00596857
train	00596865
train	00596869
train	00596892
train	00596901
train	00596983
train	00596987
train	00597020
train	00597044
train	00597089
train	00597093
train	00597099
train	00597143
train	00597162
train	00597301
train	00597414
train	00597422
train	00597428
train	00597727
train	00597731
train	00597863
train	00597866
train	00597880
train	00597931
train	00597936
train	00597970
train	00597976
train	00597977
train	00597993
train	00597998
train	00598027
train	00598079
train	00598174
train	00598184
train	00598187
train	00598190
train	00598200
train	00598231
train	00598340
train	00598371
train	00598407
train	00598413
train	00598414
train	00598581
train	00598588
train	00598613
train	00598616
train	00598617
train	00598635
train	00598637
train	00598665
train	00598666
train	00598705
train	00598764
train	00598785
train	00598822
train	00598842
train	00598867
train	00598997
train	00599238
train	00599318
train	00599343
train	00599359
train	00599360
train	00599399
train	00599421
train	00599434
train	00599466
train	00599467
train	00599532
train	00599575
train	00599596
train	00599599
train	00599602
train	00599643
train	00599644
train	00599710
train	00599747
train	00599748
train	00599750
train	00599751
train	00599774
train	00599776
train	00599777
train	00599779
train	00599780
train	00599781
train	00599808
train	00599809
train	00599852
train	00599853
train	00599854
train	00599856
train	00600150
train	00600154
train	00600173
train	00600186
train	00600206
train	00600244
train	00600245
train	00600259
train	00600260
train	00600261
train	00600262
train	00600264
train	00600266
train	00600268
train	00600271
train	00600272
train	00600297
train	00600348
train	00600395
train	00600417
train	00600455
train	00600456
train	00600457
train	00600458
train	00600468
train	00600514
train	00600520
train	00600525
train	00600534
train	00600549
train	00600560
train	00600561
train	00600571
train	00600609
train	00600620
train	00600701
train	00600703
train	00600722
train	00600735
train	00600787
train	00600791
train	00600796
train	00600798
train	00600805
train	00600848
train	00600865
train	00600945
train	00600961
train	00600966
train	00600994
train	00600995
train	00600996
train	00600997
train	00601004
train	00601006
train	00601040
train	00601043
train	00601047
train	00601056
train	00601059
train	00601089
train	00601101
train	00601136
train	00601138
train	00601150
train	00601211
train	00601220
train	00601221
train	00601222
train	00601226
train	00601230
train	00601233
train	00601242
train	00601248
train	00601250
train	00601263
train	00601272
train	00601274
train	00601279
train	00601321
train	00601322
train	00601347
train	00601354
train	00601371
train	00601377
train	00601378
train	00601379
train	00601380
train	00601381
train	00601384
train	00601385
train	00601391
train	00601395
train	00601407
train	00601409
train	00601421
train	00601423
train	00601425
train	00601430
train	00601441
train	00601444
train	00601486
train	00601644
train	00601706
train	00601707
train	00601713
train	00601799
train	00601937
train	00601938
train	00601939
train	00601940
train	00601941
train	00601955
train	00601966
train	00601967
train	00601970
train	00601992
train	00601994
train	00602071
train	00602072
train	00602098
train	00602099
train	00602100
train	00602101
train	00602111
train	00602149
train	00602165
train	00602183
train	00602184
train	00602194
train	00602200
train	00602214
train	00602216
train	00602220
train	00602223
train	00602224
train	00602231
train	00602237
train	00602241
train	00602269
train	00602270
train	00602272
train	00602273
train	00602324
train	00602325
train	00602363
train	00602379
train	00602380
train	00602386
train	00602387
train	00602393
train	00602441
train	00602556
train	00602558
train	00602567
train	00602598
train	00602621
train	00602622
train	00602642
train	00602716
train	00602718
train	00602719
train	00602720
train	00602766
train	00602768
train	00602778
train	00602783
train	00602786
train	00602789
train	00602790
train	00602804
train	00602806
train	00602807
train	00602825
train	00602828
train	00602833
train	00602838
train	00602881
train	00602888
train	00602895
train	00602900
train	00602912
train	00602917
train	00602919
train	00602950
train	00602952
train	00603003
train	00603011
train	00603027
train	00603046
train	00603090
train	00603097
train	00603128
train	00603133
train	00603146
train	00603198
train	00603199
train	00603301
train	00603303
train	00603324
train	00603325
train	00603347
train	00603361
train	00603467
train	00603471
train	00603538
train	00603582
train	00603604
train	00603678
train	00603834
train	00603900
train	00603909
train	00603912
train	00603930
train	00603935
train	00603937
train	00603973
train	00603976
train	00603977
train	00603978
train	00603987
train	00603989
train	00604008
train	00604010
train	00604031
train	00604041
train	00604068
train	00604076
train	00604077
train	00604102
train	00604130
train	00604157
train	00604160
train	00604188
train	00604235
train	00604236
train	00604246
train	00604274
train	00604278
train	00604279
train	00604287
train	00604294
train	00604316
train	00604327
train	00604339
train	00604343
train	00604395
train	00604412
train	00604478
train	00604526
train	00604539
train	00604580
train	00604581
train	00604589
train	00604590
train	00604591
train	00604596
train	00604597
train	00604598
train	00604599
train	00604655
train	00604698
train	00604775
train	00604798
train	00604841
train	00604850
train	00604869
train	00604885
train	00604888
train	00604898
train	00604901
train	00604934
train	00604937
train	00605013
train	00605148
train	00605205
train	00605254
train	00605257
train	00605261
train	00605386
train	00605435
train	00605436
train	00605440
train	00605477
train	00605498
train	00605523
train	00605561
train	00605590
train	00605737
train	00605744
train	00605745
train	00605769
train	00605791
train	00605862
train	00605872
train	00605878
train	00605879
train	00605884
train	00605885
train	00605927
train	00605936
train	00605938
train	00605940
train	00605941
train	00605942
train	00605945
train	00605947
train	00605953
train	00605954
train	00605968
train	00605983
train	00606034
train	00606035
train	00606047
train	00606059
train	00606078
train	00606089
train	00606102
train	00606126
train	00606128
train	00606164
train	00606191
train	00606194
train	00606200
train	00606202
train	00606207
train	00606268
train	00606274
train	00606513
train	00606514
train	00606515
train	00606516
train	00606517
train	00606531
train	00606535
train	00606536
train	00606541
train	00606542
train	00606543
train	00606552
train	00606605
train	00606628
train	00606663
train	00606680
train	00606685
train	00606687
train	00606688
train	00606702
train	00606783
train	00606784
train	00606785
train	00606788
train	00606789
train	00606790
train	00606795
train	00606797
train	00606798
train	00606810
train	00606811
train	00606854
train	00607093
train	00607115
train	00607133
train	00607137
train	00607143
train	00607150
train	00607160
train	00607161
train	00607181
train	00607185
train	00607186
train	00607193
train	00607231
train	00607235
train	00607236
train	00607301
train	00607302
train	00607303
train	00607305
train	00607312
train	00607317
train	00607357
train	00607377
train	00607389
train	00607390
train	00607397
train	00607399
train	00607401
train	00607411
train	00607502
train	00607503
train	00607509
train	00607612
train	00607671
train	00607672
train	00607673
train	00607697
train	00607715
train	00607741
train	00607765
train	00607793
train	00607795
train	00607799
train	00607800
train	00607801
train	00607802
train	00607804
train	00607805
train	00607809
train	00607829
train	00607830
train	00607865
train	00607872
train	00607903
train	00607904
train	00607918
train	00607925
train	00607929
train	00607930
train	00607937
train	00607968
train	00608017
train	00608024
train	00608026
train	00608027
train	00608028
train	00608035
train	00608065
train	00608067
train	00608075
train	00608081
train	00608121
train	00608182
train	00608216
train	00608343
train	00608353
train	00608356
train	00608358
train	00608360
train	00608362
train	00608428
train	00608451
train	00608452
train	00608494
train	00608553
train	00608585
train	00608595
train	00608614
train	00608615
train	00608619
train	00608638
train	00608645
train	00608646
train	00608647
train	00608651
train	00608662
train	00608664
train	00608675
train	00608712
train	00608714
train	00608751
train	00608753
train	00608757
train	00608776
train	00608778
train	00608781
train	00608793
train	00608831
train	00608841
train	00608867
train	00608875
train	00608881
train	00608887
train	00608935
train	00609107
train	00609127
train	00609150
train	00609166
train	00609168
train	00609176
train	00609288
train	00609341
train	00609372
train	00609408
train	00609443
train	00609490
train	00609532
train	00609533
train	00609593
train	00609606
train	00609747
train	00609828
train	00609829
train	00609882
train	00610033
train	00610084
train	00610097
train	00610223
train	00610227
train	00610232
train	00610262
train	00610270
train	00610289
train	00610304
train	00610321
train	00610331
train	00610344
train	00610466
train	00610470
train	00610471
train	00610508
train	00610542
train	00610543
train	00610544
train	00610545
train	00610550
train	00610558
train	00610601
train	00610602
train	00610606
train	00610618
train	00610655
train	00610656
train	00610668
train	00610669
train	00610686
train	00610693
train	00610697
train	00610700
train	00610701
train	00610704
train	00610705
train	00610760
train	00610767
train	00610789
train	00610790
train	00610791
train	00610883
train	00610899
train	00610910
train	00610969
train	00611077
train	00611098
train	00611109
train	00611126
train	00611149
train	00611162
train	00611209
train	00611212
train	00611216
train	00611218
train	00611222
train	00611234
train	00611247
train	00611250
train	00611251
train	00611274
train	00611295
train	00611318
train	00611333
train	00611337
train	00611368
train	00611392
train	00611412
train	00611414
train	00611436
train	00611437
train	00611524
train	00611526
train	00611528
train	00611532
train	00611564
train	00611593
train	00611597
train	00611602
train	00611623
train	00611688
train	00611690
train	00611691
train	00611723
train	00611746
train	00611749
train	00611772
train	00611783
train	00611806
train	00611807
train	00611809
train	00611810
train	00611829
train	00611831
train	00611832
train	00611835
train	00611836
train	00611837
train	00611844
train	00611845
train	00611860
train	00611861
train	00611862
train	00611871
train	00611872
train	00611889
train	00611890
train	00611891
train	00611892
train	00611893
train	00611895
train	00611898
train	00611902
train	00611913
train	00611914
train	00611921
train	00611924
train	00611925
train	00611926
train	00611933
train	00611934
train	00611938
train	00611939
train	00611940
train	00611941
train	00611942
train	00611943
train	00612005
train	00612034
train	00612038
train	00612049
train	00612118
train	00612119
train	00612138
train	00612141
train	00612152
train	00612154
train	00612173
train	00612174
train	00612175
train	00612176
train	00612177
train	00612377
train	00612381
train	00612433
train	00612439
train	00612440
train	00612441
train	00612444
train	00612446
train	00612458
train	00612469
train	00612499
train	00612554
train	00612626
train	00612731
train	00612750
train	00612751
train	00612765
train	00612766
train	00612773
train	00612778
train	00612803
train	00612884
train	00612893
train	00612894
train	00612927
train	00612955
train	00612979
train	00613027
train	00613047
train	00613125
train	00613156
train	00613157
train	00613163
train	00613170
train	00613173
train	00613181
train	00613183
train	00613233
train	00613270
train	00613276
train	00613279
train	00613290
train	00613291
train	00613292
train	00613295
train	00613316
train	00613336
train	00613337
train	00613342
train	00613346
train	00613349
train	00613362
train	00613364
train	00613369
train	00613376
train	00613383
train	00613384
train	00613404
train	00613410
train	00613438
train	00613441
train	00613443
train	00613453
train	00613464
train	00613481
train	00613542
train	00613545
train	00613557
train	00613561
train	00613576
train	00613585
train	00613591
train	00613596
train	00613666
train	00613668
train	00613670
train	00613715
train	00613723
train	00613724
train	00613727
train	00613728
train	00613729
train	00613736
train	00613748
train	00613786
train	00613820
train	00613821
train	00613822
train	00613829
train	00613830
train	00613831
train	00613832
train	00613833
train	00613835
train	00613840
train	00613844
train	00613850
train	00613853
train	00613855
train	00613862
train	00613864
train	00613874
train	00613875
train	00613877
train	00613881
train	00613884
train	00613887
train	00613889
train	00613903
train	00613904
train	00613905
train	00613906
train	00613907
train	00613908
train	00613909
train	00613910
train	00613925
train	00613933
train	00613947
train	00613949
train	00613951
train	00613962
train	00613966
train	00613968
train	00613972
train	00613981
train	00613982
train	00613987
train	00613988
train	00613990
train	00613992
train	00613996
train	00613997
train	00614013
train	00614040
train	00614076
train	00614077
train	00614078
train	00614081
train	00614085
train	00614098
train	00614103
train	00614104
train	00614129
train	00614134
train	00614149
train	00614160
train	00614173
train	00614174
train	00614196
train	00614289
train	00614297
train	00614370
train	00614415
train	00614429
train	00614435
train	00614439
train	00614442
train	00614455
train	00614548
train	00614553
train	00614559
train	00614588
train	00614616
train	00614623
train	00614638
train	00614652
train	00614660
train	00614664
train	00614692
train	00614706
train	00614712
train	00614719
train	00614721
train	00614722
train	00614723
train	00614724
train	00614725
train	00614730
train	00614731
train	00614732
train	00614733
train	00614736
train	00614737
train	00614741
train	00614743
train	00614744
train	00614745
train	00614747
train	00614748
train	00614764
train	00614801
train	00614829
train	00614840
train	00614889
train	00614920
train	00614921
train	00614925
train	00614926
train	00614930
train	00614973
train	00614976
train	00614988
train	00614999
train	00615004
train	00615007
train	00615008
train	00615052
train	00615062
train	00615104
train	00615117
train	00615123
train	00615124
train	00615125
train	00615131
train	00615170
train	00615179
train	00615203
train	00615235
train	00615240
train	00615256
train	00615270
train	00615276
train	00615300
train	00615301
train	00615304
train	00615305
train	00615308
train	00615309
train	00615310
train	00615311
train	00615312
train	00615314
train	00615336
train	00615337
train	00615341
train	00615342
train	00615344
train	00615592
train	00615679
train	00615704
train	00615723
train	00615732
train	00615733
train	00615755
train	00615761
train	00615762
train	00615861
train	00615862
train	00615864
train	00615877
train	00615878
train	00615904
train	00615962
train	00615974
train	00615985
train	00616003
train	00616009
train	00616030
train	00616042
train	00616059
train	00616060
train	00616062
train	00616089
train	00616098
train	00616116
train	00616118
train	00616121
train	00616168
train	00616170
train	00616175
train	00616186
train	00616240
train	00616273
train	00616294
train	00616309
train	00616328
train	00616336
train	00616356
train	00616362
train	00616377
train	00616447
train	00616449
train	00616618
train	00616637
train	00616638
train	00616649
train	00616661
train	00616775
train	00616777
train	00616793
train	00616794
train	00616834
train	00616921
train	00616926
train	00616948
train	00616949
train	00616953
train	00616954
train	00616959
train	00616967
train	00616982
train	00616985
train	00616986
train	00616987
train	00616997
train	00617082
train	00617083
train	00617090
train	00617093
train	00617141
train	00617156
train	00617161
train	00617173
train	00617174
train	00617175
train	00617176
train	00617246
train	00617255
train	00617257
train	00617275
train	00617295
train	00617312
train	00617324
train	00617343
train	00617352
train	00617353
train	00617354
train	00617356
train	00617360
train	00617367
train	00617369
train	00617447
train	00617471
train	00617479
train	00617481
train	00617482
train	00617483
train	00617484
train	00617488
train	00617492
train	00617530
train	00617532
train	00617543
train	00617544
train	00617545
train	00617573
train	00617580
train	00617586
train	00617593
train	00617704
train	00617713
train	00617721
train	00617762
train	00617771
train	00617774
train	00617775
train	00617776
train	00617809
train	00617852
train	00617875
train	00617886
train	00617889
train	00617908
train	00617919
train	00617946
train	00617967
train	00618040
train	00618102
train	00618123
train	00618128
train	00618137
train	00618142
train	00618145
train	00618147
train	00618148
train	00618150
train	00618153
train	00618155
train	00618156
train	00618157
train	00618314
train	00618330
train	00618333
train	00618371
train	00618393
train	00618405
train	00618406
train	00618471
train	00618488
train	00618489
train	00618498
train	00618501
train	00618507
train	00618534
train	00618576
train	00618577
train	00618612
train	00618630
train	00618670
train	00618671
train	00618673
train	00618674
train	00618678
train	00618679
train	00618686
train	00618714
train	00618734
train	00618736
train	00618752
train	00618774
train	00618792
train	00618799
train	00618800
train	00618801
train	00618802
train	00618809
train	00618811
train	00618812
train	00618826
train	00618835
train	00618836
train	00618938
train	00619073
train	00619135
train	00619238
train	00619239
train	00619260
train	00619262
train	00619279
train	00619326
train	00619328
train	00619355
train	00619370
train	00619377
train	00619380
train	00619381
train	00619383
train	00619394
train	00619395
train	00619400
train	00619401
train	00619413
train	00619414
train	00619415
train	00619430
train	00619438
train	00619441
train	00619462
train	00619463
train	00619478
train	00619520
train	00619570
train	00619583
train	00619612
train	00619613
train	00619625
train	00619632
train	00619633
train	00619661
train	00619662
train	00619686
train	00619704
train	00619744
train	00619745
train	00619749
train	00619750
train	00619751
train	00619764
train	00619774
train	00619776
train	00619779
train	00619786
train	00619935
train	00619973
train	00620103
train	00620114
train	00620147
train	00620149
train	00620156
train	00620157
train	00620158
train	00620165
train	00620169
train	00620182
train	00620186
train	00620188
train	00620189
train	00620218
train	00620225
train	00620229
train	00620275
train	00620276
train	00620277
train	00620278
train	00620282
train	00620283
train	00620284
train	00620285
train	00620305
train	00620306
train	00620308
train	00620320
train	00620321
train	00620344
train	00620393
train	00620394
train	00620419
train	00620425
train	00620475
train	00620488
train	00620492
train	00620493
train	00620494
train	00620519
train	00620576
train	00620610
train	00620632
train	00620642
train	00620645
train	00620674
train	00620713
train	00620734
train	00620738
train	00620753
train	00620762
train	00620763
train	00620791
train	00620807
train	00620873
train	00620909
train	00620919
train	00620922
train	00620923
train	00620929
train	00621004
train	00621005
train	00621065
train	00621074
train	00621078
train	00621093
train	00621133
train	00621192
train	00621193
train	00621225
train	00621271
train	00621275
train	00621290
train	00621311
train	00621336
train	00621345
train	00621347
train	00621348
train	00621361
train	00621368
train	00621377
train	00621378
train	00621380
train	00621384
train	00621472
train	00621509
train	00621524
train	00621526
train	00621529
train	00621549
train	00621555
train	00621567
train	00621573
train	00621612
train	00621627
train	00621633
train	00621654
train	00621656
train	00621681
train	00621779
train	00621780
train	00621784
train	00621786
train	00621921
train	00621940
train	00622080
train	00622137
train	00622138
train	00622156
train	00622160
train	00622162
train	00622256
train	00622260
train	00622268
train	00622269
train	00622270
train	00622271
train	00622274
train	00622289
train	00622306
train	00622311
train	00622316
train	00622338
train	00622342
train	00622343
train	00622345
train	00622351
train	00622352
train	00622358
train	00622359
train	00622387
train	00622396
train	00622424
train	00622425
train	00622428
train	00622555
train	00622663
train	00622664
train	00622711
train	00622801
train	00622805
train	00622874
train	00622876
train	00622906
train	00623017
train	00623018
train	00623023
train	00623024
train	00623030
train	00623117
train	00623168
train	00623295
train	00623308
train	00623310
train	00623312
train	00623415
train	00623527
train	00623528
train	00623530
train	00623548
train	00623596
train	00623647
train	00623649
train	00623656
train	00623696
train	00623720
train	00623728
train	00623811
train	00623813
train	00623831
train	00623864
train	00623884
train	00623888
train	00623897
train	00623899
train	00623901
train	00623921
train	00623954
train	00623955
train	00623958
train	00623967
train	00624069
train	00624070
train	00624080
train	00624097
train	00624100
train	00624103
train	00624113
train	00624114
train	00624120
train	00624134
train	00624148
train	00624157
train	00624211
train	00624220
train	00624228
train	00624235
train	00624251
train	00624270
train	00624283
train	00624290
train	00624295
train	00624297
train	00624306
train	00624352
train	00624393
train	00624426
train	00624464
train	00624465
train	00624490
train	00624513
train	00624515
train	00624638
train	00624666
train	00624688
train	00624689
train	00624700
train	00624702
train	00624705
train	00624717
train	00624718
train	00624719
train	00624721
train	00624728
train	00624738
train	00624744
train	00624747
train	00624793
train	00624794
train	00624851
train	00624852
train	00624855
train	00624872
train	00624876
train	00624878
train	00624963
train	00624990
train	00624995
train	00625026
train	00625029
train	00625036
train	00625093
train	00625102
train	00625117
train	00625124
train	00625126
train	00625132
train	00625143
train	00625155
train	00625184
train	00625221
train	00625230
train	00625238
train	00625241
train	00625242
train	00625245
train	00625251
train	00625261
train	00625280
train	00625289
train	00625294
train	00625298
train	00625305
train	00625353
train	00625392
train	00625393
train	00625472
train	00625516
train	00625522
train	00625534
train	00625537
train	00625542
train	00625543
train	00625544
train	00625545
train	00625547
train	00625554
train	00625555
train	00625556
train	00625564
train	00625581
train	00625602
train	00625603
train	00625621
train	00625646
train	00625684
train	00625686
train	00625688
train	00625726
train	00625749
train	00625763
train	00625825
train	00625901
train	00625904
train	00625967
train	00625977
train	00625983
train	00625993
train	00625994
train	00626089
train	00626101
train	00626123
train	00626180
train	00626182
train	00626194
train	00626229
train	00626326
train	00626368
train	00626373
train	00626440
train	00626448
train	00626537
train	00626541
train	00626650
train	00626651
train	00626660
train	00626661
train	00626707
train	00626727
train	00626738
train	00626757
train	00626821
train	00626977
train	00626987
train	00627033
train	00627075
train	00627079
train	00627183
train	00627184
train	00627221
train	00627235
train	00627243
train	00627325
train	00627326
train	00627329
train	00627380
train	00627391
train	00627416
train	00627488
train	00627489
train	00627490
train	00627571
train	00627573
train	00627581
train	00627616
train	00627620
train	00627628
train	00627669
train	00627674
train	00627677
train	00627741
train	00627761
train	00627763
train	00627778
train	00627807
train	00627808
train	00627823
train	00627908
train	00628039
train	00628173
train	00628218
train	00628219
train	00628231
train	00628232
train	00628250
train	00628314
train	00628351
train	00628354
train	00628404
train	00628424
train	00628549
train	00628564
train	00628600
train	00628620
train	00628647
train	00628648
train	00628659
train	00628674
train	00628690
train	00628691
train	00628705
train	00628715
train	00628729
train	00628812
train	00628819
train	00628820
train	00628995
train	00629023
train	00629063
train	00629065
train	00629068
train	00629084
train	00629086
train	00629096
train	00629114
train	00629170
train	00629196
train	00629221
train	00629262
train	00629266
train	00629331
train	00629392
train	00629394
train	00629425
train	00629430
train	00629439
train	00629452
train	00629455
train	00629515
train	00629531
train	00629543
train	00629600
train	00629604
train	00629642
train	00629648
train	00629651
train	00629665
train	00629690
train	00629733
train	00629809
train	00629842
train	00629863
train	00629871
train	00629878
train	00629896
train	00629900
train	00629903
train	00629909
train	00629923
train	00629929
train	00629965
train	00630015
train	00630019
train	00630101
train	00630106
train	00630127
train	00630164
train	00630199
train	00630200
train	00630273
train	00630319
train	00630323
train	00630355
train	00630476
train	00630479
train	00630498
train	00630526
train	00630528
train	00630532
train	00630619
train	00630620
train	00630650
train	00630678
train	00630682
train	00630683
train	00630721
train	00630729
train	00630764
train	00630776
train	00630778
train	00630784
train	00630797
train	00630803
train	00630854
train	00630884
train	00630920
train	00630921
train	00630923
train	00630924
train	00630953
train	00630954
train	00631015
train	00631022
train	00631045
train	00631099
train	00631152
train	00631154
train	00631180
train	00631195
train	00631235
train	00631251
train	00631263
train	00631298
train	00631300
train	00631326
train	00631335
train	00631338
train	00631483
train	00631503
train	00631542
train	00631566
train	00631764
train	00631883
train	00631899
train	00631909
train	00631928
train	00632011
train	00632027
train	00632039
train	00632040
train	00632044
train	00632046
train	00632047
train	00632048
train	00632049
train	00632050
train	00632054
train	00632055
train	00632056
train	00632068
train	00632147
train	00632149
train	00632154
train	00632197
train	00632209
train	00632217
train	00632236
train	00632243
train	00632245
train	00632246
train	00632248
train	00632251
train	00632253
train	00632278
train	00632280
train	00632283
train	00632397
train	00632404
train	00632426
train	00632441
train	00632492
train	00632512
train	00632563
train	00632582
train	00632628
train	00632629
train	00632631
train	00632723
train	00632738
train	00632753
train	00632777
train	00632816
train	00632821
train	00632826
train	00632896
train	00632909
train	00632916
train	00632918
train	00632947
train	00633060
train	00633068
train	00633114
train	00633169
train	00633175
train	00633300
train	00633306
train	00633310
train	00633334
train	00633342
train	00633346
train	00633373
train	00633380
train	00633382
train	00633394
train	00633413
train	00633454
train	00633455
train	00633461
train	00633463
train	00633522
train	00633550
train	00633614
train	00633664
train	00633679
train	00633686
train	00633713
train	00633730
train	00633760
train	00633771
train	00633781
train	00633786
train	00633836
train	00633844
train	00633846
train	00633847
train	00633848
train	00633883
train	00633884
train	00633897
train	00633900
train	00633919
train	00633927
train	00634141
train	00634167
train	00634183
train	00634190
train	00634195
train	00634197
train	00634199
train	00634224
train	00634233
train	00634260
train	00634315
train	00634331
train	00634344
train	00634346
train	00634379
train	00634395
train	00634494
train	00634504
train	00634508
train	00634517
train	00634519
train	00634521
train	00634535
train	00634583
train	00634584
train	00634599
train	00634604
train	00634610
train	00634611
train	00634658
train	00634696
train	00634703
train	00634713
train	00634717
train	00634762
train	00634763
train	00634765
train	00634767
train	00634777
train	00634779
train	00634788
train	00634789
train	00634790
train	00634792
train	00634795
train	00634796
train	00634797
train	00634800
train	00634802
train	00634803
train	00634818
train	00634821
train	00634825
train	00634835
train	00634840
train	00634886
train	00634894
train	00634895
train	00634912
train	00634920
train	00634921
train	00634926
train	00634934
train	00634968
train	00634992
train	00635124
train	00635126
train	00635140
train	00635151
train	00635199
train	00635207
train	00635247
train	00635259
train	00635260
train	00635265
train	00635281
train	00635348
train	00635351
train	00635374
train	00635400
train	00635530
train	00635532
train	00635536
train	00635560
train	00635564
train	00635565
train	00635576
train	00635592
train	00635595
train	00635596
train	00635604
train	00635605
train	00635606
train	00635607
train	00635608
train	00635609
train	00635611
train	00635624
train	00635636
train	00635638
train	00635674
train	00635703
train	00635712
train	00635713
train	00635715
train	00635717
train	00635721
train	00635724
train	00635742
train	00635771
train	00635819
train	00635820
train	00635821
train	00635822
train	00635860
train	00635861
train	00635882
train	00635924
train	00635933
train	00635948
train	00635954
train	00635957
train	00636048
train	00636049
train	00636051
train	00636068
train	00636079
train	00636100
train	00636125
train	00636350
train	00636413
train	00636418
train	00636419
train	00636420
train	00636423
train	00636439
train	00636442
train	00636462
train	00636499
train	00636500
train	00636552
train	00636658
train	00636659
train	00636679
train	00636682
train	00636683
train	00636688
train	00636689
train	00636696
train	00636703
train	00636711
train	00636777
train	00636787
train	00636804
train	00636810
train	00636811
train	00636817
train	00636871
train	00636874
train	00636944
train	00636947
train	00636955
train	00636974
train	00636990
train	00636994
train	00636995
train	00637024
train	00637029
train	00637072
train	00637073
train	00637078
train	00637132
train	00637145
train	00637146
train	00637147
train	00637154
train	00637201
train	00637203
train	00637205
train	00637227
train	00637239
train	00637348
train	00637406
train	00637424
train	00637426
train	00637427
train	00637432
train	00637435
train	00637439
train	00637440
train	00637450
train	00637451
train	00637453
train	00637456
train	00637471
train	00637473
train	00637474
train	00637475
train	00637476
train	00637485
train	00637486
train	00637488
train	00637493
train	00637501
train	00637506
train	00637534
train	00637535
train	00637554
train	00637563
train	00637567
train	00637580
train	00637585
train	00637595
train	00637604
train	00637615
train	00637620
train	00637621
train	00637625
train	00637647
train	00637657
train	00637679
train	00637684
train	00637711
train	00637728
train	00637738
train	00637755
train	00637768
train	00637820
train	00637851
train	00637852
train	00637881
train	00637906
train	00637920
train	00637935
train	00637938
train	00637942
train	00638000
train	00638024
train	00638031
train	00638050
train	00638095
train	00638096
train	00638106
train	00638126
train	00638127
train	00638174
train	00638179
train	00638182
train	00638187
train	00638191
train	00638205
train	00638239
train	00638265
train	00638266
train	00638267
train	00638268
train	00638294
train	00638312
train	00638317
train	00638353
train	00638391
train	00638410
train	00638419
train	00638425
train	00638432
train	00638487
train	00638489
train	00638514
train	00638561
train	00638562
train	00638570
train	00638635
train	00638682
train	00638688
train	00638693
train	00638699
train	00638701
train	00638717
train	00638720
train	00638721
train	00638724
train	00638727
train	00638733
train	00638741
train	00638749
train	00638757
train	00638763
train	00638772
train	00638861
train	00638867
train	00638890
train	00638891
train	00638893
train	00638911
train	00638915
train	00638920
train	00638956
train	00639020
train	00639126
train	00639141
train	00639154
train	00639195
train	00639333
train	00639334
train	00639335
train	00639386
train	00639393
train	00639409
train	00639427
train	00639429
train	00639430
train	00639483
train	00639596
train	00639617
train	00639625
train	00639629
train	00639642
train	00639664
train	00639699
train	00639807
train	00639842
train	00639866
train	00639876
train	00639888
train	00639916
train	00639931
train	00639951
train	00639965
train	00640010
train	00640013
train	00640014
train	00640016
train	00640018
train	00640036
train	00640038
train	00640042
train	00640043
train	00640058
train	00640131
train	00640132
train	00640379
train	00640385
train	00640386
train	00640388
train	00640392
train	00640409
train	00640437
train	00640518
train	00640536
train	00640541
train	00640545
train	00640547
train	00640548
train	00640556
train	00640557
train	00640558
train	00640559
train	00640577
train	00640579
train	00640585
train	00640613
train	00640639
train	00640641
train	00640692
train	00640701
train	00640705
train	00640707
train	00640708
train	00640712
train	00640748
train	00640818
train	00640824
train	00640826
train	00640828
train	00640835
train	00640850
train	00640907
train	00640920
train	00640938
train	00640951
train	00640970
train	00641025
train	00641104
train	00641142
train	00641154
train	00641170
train	00641171
train	00641181
train	00641215
train	00641216
train	00641223
train	00641248
train	00641251
train	00641261
train	00641291
train	00641307
train	00641328
train	00641406
train	00641521
train	00641534
train	00641535
train	00641537
train	00641540
train	00641551
train	00641567
train	00641672
train	00641685
train	00641704
train	00641708
train	00641716
train	00641734
train	00641828
train	00641830
train	00641858
train	00641890
train	00641912
train	00641918
train	00641967
train	00641979
train	00641984
train	00641989
train	00642001
train	00642036
train	00642046
train	00642047
train	00642083
train	00642105
train	00642180
train	00642183
train	00642192
train	00642244
train	00642286
train	00642289
train	00642297
train	00642299
train	00642321
train	00642353
train	00642364
train	00642407
train	00642408
train	00642411
train	00642421
train	00642455
train	00642460
train	00642503
train	00642528
train	00642593
train	00642597
train	00642617
train	00642625
train	00642630
train	00642716
train	00642717
train	00642718
train	00642719
train	00642720
train	00642722
train	00642753
train	00642760
train	00642786
train	00642843
train	00642844
train	00642880
train	00642956
train	00642990
train	00643012
train	00643013
train	00643033
train	00643098
train	00643124
train	00643137
train	00643159
train	00643173
train	00643205
train	00643214
train	00643227
train	00643236
train	00643240
train	00643252
train	00643324
train	00643349
train	00643360
train	00643361
train	00643371
train	00643387
train	00643415
train	00643428
train	00643435
train	00643437
train	00643455
train	00643459
train	00643460
train	00643464
train	00643466
train	00643472
train	00643478
train	00643479
train	00643526
train	00643527
train	00643528
train	00643529
train	00643530
train	00643531
train	00643536
train	00643632
train	00643643
train	00643660
train	00643667
train	00643748
train	00643766
train	00643795
train	00643802
train	00643826
train	00643842
train	00643880
train	00643886
train	00643905
train	00643945
train	00643961
train	00643966
train	00644141
train	00644146
train	00644218
train	00644284
train	00644330
train	00644332
train	00644401
train	00644447
train	00644476
train	00644506
train	00644546
train	00644552
train	00644640
train	00644660
train	00644685
train	00644686
train	00644737
train	00644836
train	00644963
train	00644982
train	00644985
train	00644989
train	00644997
train	00645012
train	00645050
train	00645095
train	00645121
train	00645127
train	00645137
train	00645156
train	00645159
train	00645160
train	00645162
train	00645249
train	00645318
train	00645456
train	00645458
train	00645485
train	00645486
train	00645487
train	00645488
train	00645517
train	00645611
train	00645622
train	00645654
train	00645660
train	00645661
train	00645682
train	00645700
train	00645735
train	00645742
train	00645745
train	00645755
train	00645770
train	00645772
train	00645779
train	00645848
train	00645849
train	00645854
train	00645859
train	00645861
train	00645878
train	00645932
train	00645941
train	00645997
train	00645998
train	00646001
train	00646002
train	00646003
train	00646129
train	00646179
train	00646182
train	00646237
train	00646245
train	00646262
train	00646270
train	00646271
train	00646308
train	00646340
train	00646341
train	00646343
train	00646344
train	00646394
train	00646408
train	00646415
train	00646417
train	00646419
train	00646420
train	00646421
train	00646434
train	00646522
train	00646542
train	00646550
train	00646625
train	00646699
train	00646727
train	00646748
train	00646754
train	00646818
train	00646840
train	00646917
train	00646919
train	00646923
train	00646930
train	00646959
train	00646963
train	00646991
train	00647008
train	00647014
train	00647017
train	00647036
train	00647073
train	00647081
train	00647099
train	00647153
train	00647203
train	00647212
train	00647223
train	00647268
train	00647293
train	00647545
train	00647550
train	00647825
train	00647901
train	00647913
train	00647940
train	00648051
train	00648054
train	00648078
train	00648096
train	00648099
train	00648120
train	00648238
train	00648240
train	00648241
train	00648273
train	00648287
train	00648317
train	00648321
train	00648368
train	00648387
train	00648397
train	00648407
train	00648408
train	00648418
train	00648429
train	00648432
train	00648443
train	00648475
train	00648503
train	00648504
train	00648684
train	00648784
train	00648791
train	00648896
train	00648967
train	00649053
train	00649058
train	00649067
train	00649072
train	00649104
train	00649169
train	00649289
train	00649302
train	00649352
train	00649354
train	00649355
train	00649359
train	00649362
train	00649438
train	00649455
train	00649468
train	00649503
train	00649523
train	00649540
train	00649541
train	00649595
train	00649601
train	00649621
train	00649623
train	00649627
train	00649631
train	00649633
train	00649651
train	00649755
train	00649796
train	00649891
train	00649895
train	00649995
train	00650175
train	00650214
train	00650535
train	00650549
train	00650550
train	00650552
train	00650555
train	00650556
train	00650557
train	00650558
train	00650559
train	00650562
train	00650575
train	00650582
train	00650599
train	00650623
train	00650680
train	00650681
train	00650682
train	00650692
train	00650700
train	00650717
train	00650730
train	00650795
train	00650880
train	00650914
train	00650915
train	00650971
train	00650989
train	00651066
train	00651087
train	00651088
train	00651138
train	00651139
train	00651155
train	00651167
train	00651192
train	00651204
train	00651208
train	00651237
train	00651378
train	00651382
train	00651423
train	00651424
train	00651425
train	00651495
train	00651517
train	00651569
train	00651578
train	00651585
train	00651586
train	00651591
train	00651592
train	00651624
train	00651626
train	00651630
train	00651665
train	00651690
train	00651711
train	00651712
train	00651780
train	00651781
train	00651812
train	00651813
train	00651814
train	00651952
train	00651964
train	00652108
train	00652259
train	00652302
train	00652317
train	00652457
train	00652476
train	00652528
train	00652530
train	00652531
train	00652543
train	00652574
train	00652629
train	00652631
train	00652653
train	00652663
train	00652664
train	00652671
train	00652686
train	00652705
train	00652724
train	00652739
train	00652740
train	00652742
train	00652753
train	00652759
train	00652762
train	00652763
train	00652764
train	00652765
train	00652768
train	00652780
train	00652784
train	00652786
train	00652788
train	00652790
train	00652802
train	00652845
train	00652914
train	00653027
train	00653029
train	00653034
train	00653043
train	00653046
train	00653050
train	00653108
train	00653110
train	00653123
train	00653164
train	00653166
train	00653185
train	00653186
train	00653208
train	00653222
train	00653298
train	00653330
train	00653334
train	00653344
train	00653350
train	00653362
train	00653363
train	00653373
train	00653501
train	00653612
train	00653650
train	00653652
train	00653656
train	00653657
train	00653715
train	00653753
train	00653755
train	00653783
train	00653795
train	00653824
train	00653828
train	00653845
train	00653954
train	00653968
train	00653971
train	00653979
train	00653987
train	00653997
train	00654002
train	00654017
train	00654018
train	00654042
train	00654047
train	00654048
train	00654067
train	00654104
train	00654127
train	00654137
train	00654154
train	00654180
train	00654193
train	00654204
train	00654292
train	00654383
train	00654516
train	00654597
train	00654605
train	00654607
train	00654608
train	00654616
train	00654618
train	00654624
train	00654701
train	00654723
train	00654724
train	00654725
train	00654731
train	00654734
train	00654741
train	00654848
train	00654853
train	00655006
train	00655007
train	00655051
train	00655052
train	00655053
train	00655056
train	00655057
train	00655058
train	00655064
train	00655067
train	00655074
train	00655090
train	00655095
train	00655097
train	00655099
train	00655101
train	00655104
train	00655170
train	00655171
train	00655172
train	00655173
train	00655177
train	00655178
train	00655188
train	00655287
train	00655331
train	00655433
train	00655491
train	00655506
train	00655542
train	00655567
train	00655642
train	00655697
train	00655698
train	00655699
train	00655702
train	00655705
train	00655710
train	00655718
train	00655719
train	00655720
train	00655743
train	00655744
train	00655748
train	00655754
train	00655756
train	00655782
train	00655792
train	00655793
train	00655794
train	00655798
train	00655847
train	00655858
train	00655905
train	00655907
train	00655908
train	00655913
train	00655925
train	00655929
train	00656011
train	00656012
train	00656020
train	00656152
train	00656170
train	00656205
train	00656207
train	00656239
train	00656240
train	00656241
train	00656262
train	00656309
train	00656320
train	00656323
train	00656329
train	00656330
train	00656352
train	00656400
train	00656564
train	00656567
train	00656569
train	00656574
train	00656593
train	00656613
train	00656615
train	00656620
train	00656646
train	00656666
train	00656674
train	00656759
train	00656774
train	00656834
train	00656841
train	00656863
train	00656880
train	00656885
train	00656906
train	00656927
train	00656938
train	00656942
train	00656957
train	00656965
train	00656989
train	00656992
train	00657013
train	00657039
train	00657048
train	00657068
train	00657070
train	00657100
train	00657115
train	00657116
train	00657120
train	00657123
train	00657129
train	00657143
train	00657149
train	00657167
train	00657223
train	00657226
train	00657234
train	00657248
train	00657256
train	00657284
train	00657292
train	00657298
train	00657334
train	00657347
train	00657372
train	00657416
train	00657470
train	00657472
train	00657486
train	00657506
train	00657518
train	00657527
train	00657537
train	00657554
train	00657555
train	00657559
train	00657591
train	00657599
train	00657601
train	00657602
train	00657605
train	00657614
train	00657616
train	00657629
train	00657636
train	00657637
train	00657644
train	00657665
train	00657668
train	00657669
train	00657671
train	00657676
train	00657678
train	00657707
train	00657708
train	00657719
train	00657765
train	00657771
train	00657772
train	00657774
train	00657775
train	00657776
train	00657777
train	00657798
train	00657802
train	00657804
train	00657805
train	00657816
train	00657925
train	00657932
train	00657936
train	00658034
train	00658041
train	00658167
train	00658168
train	00658170
train	00658235
train	00658239
train	00658243
train	00658244
train	00658247
train	00658255
train	00658260
train	00658266
train	00658270
train	00658303
train	00658310
train	00658326
train	00658333
train	00658365
train	00658394
train	00658431
train	00658494
train	00658509
train	00658511
train	00658562
train	00658631
train	00658672
train	00658674
train	00658706
train	00658736
train	00658740
train	00658910
train	00659035
train	00659039
train	00659060
train	00659076
train	00659091
train	00659126
train	00659139
train	00659161
train	00659162
train	00659163
train	00659175
train	00659180
train	00659232
train	00659233
train	00659283
train	00659308
train	00659323
train	00659338
train	00659360
train	00659525
train	00659530
train	00659545
train	00659581
train	00659583
train	00659602
train	00659631
train	00659680
train	00659683
train	00659686
train	00659703
train	00659711
train	00659712
train	00659751
train	00659769
train	00659771
train	00659774
train	00659804
train	00659805
train	00659808
train	00659812
train	00659817
train	00659827
train	00659847
train	00659956
train	00660007
train	00660009
train	00660011
train	00660207
train	00660208
train	00660209
train	00660216
train	00660217
train	00660221
train	00660231
train	00660241
train	00660285
train	00660287
train	00660300
train	00660341
train	00660353
train	00660393
train	00660394
train	00660395
train	00660398
train	00660399
train	00660506
train	00660515
train	00660529
train	00660559
train	00660571
train	00660591
train	00660617
train	00660618
train	00660638
train	00660675
train	00660687
train	00660693
train	00660733
train	00660757
train	00660809
train	00660810
train	00660869
train	00660923
train	00660972
train	00660988
train	00661014
train	00661069
train	00661077
train	00661095
train	00661097
train	00661110
train	00661137
train	00661138
train	00661143
train	00661172
train	00661199
train	00661200
train	00661204
train	00661360
train	00661385
train	00661388
train	00661389
train	00661433
train	00661436
train	00661445
train	00661468
train	00661480
train	00661492
train	00661521
train	00661570
train	00661595
train	00661596
train	00661599
train	00661600
train	00661613
train	00661616
train	00661617
train	00661624
train	00661631
train	00661634
train	00661646
train	00661656
train	00661708
train	00661717
train	00661722
train	00661724
train	00661733
train	00661734
train	00661780
train	00661803
train	00661804
train	00661821
train	00661843
train	00661846
train	00661862
train	00661899
train	00661906
train	00662011
train	00662023
train	00662052
train	00662256
train	00662264
train	00662265
train	00662283
train	00662286
train	00662291
train	00662294
train	00662312
train	00662570
train	00662572
train	00662575
train	00662634
train	00662635
train	00662664
train	00662665
train	00662682
train	00662684
train	00662705
train	00662708
train	00662709
train	00662731
train	00662745
train	00662768
train	00662799
train	00662817
train	00662857
train	00662882
train	00662884
train	00662885
train	00662888
train	00662892
train	00662919
train	00662968
train	00663009
train	00663015
train	00663074
train	00663093
train	00663097
train	00663099
train	00663120
train	00663124
train	00663125
train	00663139
train	00663158
train	00663159
train	00663165
train	00663166
train	00663201
train	00663202
train	00663203
train	00663204
train	00663207
train	00663208
train	00663209
train	00663210
train	00663216
train	00663231
train	00663246
train	00663257
train	00663258
train	00663262
train	00663280
train	00663281
train	00663284
train	00663365
train	00663366
train	00663368
train	00663399
train	00663546
train	00663549
train	00663559
train	00663573
train	00663637
train	00663639
train	00663640
train	00663648
train	00663651
train	00663761
train	00663780
train	00663815
train	00663816
train	00663826
train	00663885
train	00663896
train	00663922
train	00663956
train	00664036
train	00664075
train	00664078
train	00664150
train	00664159
train	00664167
train	00664168
train	00664179
train	00664205
train	00664252
train	00664254
train	00664261
train	00664340
train	00664343
train	00664397
train	00664420
train	00664431
train	00664506
train	00664507
train	00664517
train	00664522
train	00664529
train	00664554
train	00664573
train	00664602
train	00664661
train	00664671
train	00664672
train	00664673
train	00664680
train	00664682
train	00664698
train	00664728
train	00664729
train	00664738
train	00664748
train	00664786
train	00664788
train	00664789
train	00664795
train	00664798
train	00664801
train	00664805
train	00664819
train	00664888
train	00664899
train	00664944
train	00664952
train	00664956
train	00664957
train	00664958
train	00664960
train	00664961
train	00664966
train	00664975
train	00664977
train	00664995
train	00664998
train	00665000
train	00665024
train	00665027
train	00665028
train	00665033
train	00665037
train	00665038
train	00665039
train	00665040
train	00665051
train	00665052
train	00665053
train	00665121
train	00665130
train	00665138
train	00665162
train	00665168
train	00665171
train	00665181
train	00665182
train	00665207
train	00665243
train	00665249
train	00665274
train	00665275
train	00665324
train	00665361
train	00665364
train	00665365
train	00665375
train	00665550
train	00665628
train	00665631
train	00665633
train	00665644
train	00665655
train	00665658
train	00665660
train	00665662
train	00665663
train	00665665
train	00665666
train	00665677
train	00665701
train	00665712
train	00665718
train	00665751
train	00665806
train	00665807
train	00665818
train	00665944
train	00665974
train	00666010
train	00666016
train	00666033
train	00666037
train	00666039
train	00666077
train	00666083
train	00666089
train	00666098
train	00666105
train	00666187
train	00666214
train	00666216
train	00666228
train	00666255
train	00666316
train	00666345
train	00666364
train	00666380
train	00666589
train	00666596
train	00666600
train	00666616
train	00666617
train	00666641
train	00666643
train	00666672
train	00666727
train	00666739
train	00666767
train	00666768
train	00666770
train	00666774
train	00666785
train	00666801
train	00666807
train	00666829
train	00666861
train	00666893
train	00666894
train	00666971
train	00667076
train	00667077
train	00667106
train	00667120
train	00667130
train	00667156
train	00667177
train	00667478
train	00668022
train	00668207
train	00668368
train	00668369
train	00668398
train	00668426
train	00668429
train	00668458
train	00668473
train	00668491
train	00668500
train	00668501
train	00668534
train	00668545
train	00668569
train	00668602
train	00668661
train	00668678
train	00668778
train	00668779
train	00668792
train	00668811
train	00668818
train	00668832
train	00668854
train	00668871
train	00668879
train	00668880
train	00668882
train	00668886
train	00668889
train	00668898
train	00668931
train	00668932
train	00668947
train	00668953
train	00668982
train	00668984
train	00669233
train	00669241
train	00669246
train	00669266
train	00669274
train	00669290
train	00669437
train	00669448
train	00669449
train	00669455
train	00669462
train	00669463
train	00669466
train	00669468
train	00669471
train	00669473
train	00669568
train	00669569
train	00669575
train	00669576
train	00669588
train	00669589
train	00669602
train	00669619
train	00669662
train	00669791
train	00669824
train	00669833
train	00669908
train	00669914
train	00669932
train	00669965
train	00669977
train	00669978
train	00670034
train	00670105
train	00670136
train	00670226
train	00670231
train	00670266
train	00670267
train	00670268
train	00670274
train	00670288
train	00670334
train	00670368
train	00670369
train	00670371
train	00670408
train	00670417
train	00670421
train	00670422
train	00670423
train	00670424
train	00670425
train	00670426
train	00670434
train	00670441
train	00670444
train	00670447
train	00670454
train	00670457
train	00670460
train	00670461
train	00670475
train	00670478
train	00670496
train	00670502
train	00670543
train	00670561
train	00670563
train	00670709
train	00670717
train	00670762
train	00670787
train	00670788
train	00670789
train	00670791
train	00670792
train	00670793
train	00670818
train	00671034
train	00671038
train	00671089
train	00671090
train	00671091
train	00671092
train	00671093
train	00671126
train	00671183
train	00671184
train	00671198
train	00671201
train	00671241
train	00671249
train	00671250
train	00671278
train	00671458
train	00671618
train	00671872
train	00671894
train	00671936
train	00671943
train	00671986
train	00671988
train	00672007
train	00672098
train	00672102
train	00672126
train	00672133
train	00672264
train	00672273
train	00672274
train	00672291
train	00672309
train	00672352
train	00672355
train	00672359
train	00672362
train	00672363
train	00672394
train	00672424
train	00672429
train	00672433
train	00672487
train	00672530
train	00672536
train	00672537
train	00672546
train	00672563
train	00672569
train	00672577
train	00672623
train	00672654
train	00672657
train	00672698
train	00672802
train	00672804
train	00672805
train	00672901
train	00672902
train	00672903
train	00672904
train	00672925
train	00672966
train	00673038
train	00673167
train	00673240
train	00673261
train	00673267
train	00673276
train	00673277
train	00673283
train	00673303
train	00673304
train	00673316
train	00673344
train	00673385
train	00673390
train	00673396
train	00673500
train	00673524
train	00673528
train	00673530
train	00673533
train	00673551
train	00673563
train	00673665
train	00673667
train	00673727
train	00673732
train	00673776
train	00673788
train	00673798
train	00673799
train	00673836
train	00673862
train	00673868
train	00673871
train	00673909
train	00673932
train	00673939
train	00673940
train	00673947
train	00673969
train	00673971
train	00673973
train	00673974
train	00673977
train	00674085
train	00674102
train	00674106
train	00674110
train	00674114
train	00674153
train	00674168
train	00674191
train	00674193
train	00674196
train	00674204
train	00674214
train	00674221
train	00674236
train	00674237
train	00674238
train	00674239
train	00674240
train	00674241
train	00674253
train	00674268
train	00674293
train	00674295
train	00674317
train	00674332
train	00674355
train	00674391
train	00674392
train	00674393
train	00674407
train	00674417
train	00674457
train	00674465
train	00674468
train	00674478
train	00674493
train	00674516
train	00674518
train	00674519
train	00674520
train	00674521
train	00674522
train	00674523
train	00674525
train	00674543
train	00674549
train	00674556
train	00674559
train	00674560
train	00674578
train	00674580
train	00674583
train	00674601
train	00674603
train	00674680
train	00674698
train	00674705
train	00674717
train	00674764
train	00674792
train	00674798
train	00674808
train	00675106
train	00675170
train	00675231
train	00675248
train	00675250
train	00675296
train	00675325
train	00675359
train	00675375
train	00675391
train	00675426
train	00675463
train	00675470
train	00675474
train	00675482
train	00675493
train	00675498
train	00675500
train	00675501
train	00675502
train	00675503
train	00675506
train	00675530
train	00675531
train	00675534
train	00675535
train	00675538
train	00675539
train	00675543
train	00675556
train	00675557
train	00675558
train	00675561
train	00675576
train	00675601
train	00675602
train	00675609
train	00675613
train	00675618
train	00675619
train	00675644
train	00675668
train	00675685
train	00675794
train	00675846
train	00675864
train	00675870
train	00675872
train	00675873
train	00675878
train	00675885
train	00675900
train	00675902
train	00675957
train	00675960
train	00675992
train	00676005
train	00676006
train	00676007
train	00676034
train	00676037
train	00676043
train	00676059
train	00676061
train	00676067
train	00676070
train	00676073
train	00676094
train	00676101
train	00676102
train	00676118
train	00676152
train	00676155
train	00676156
train	00676157
train	00676186
train	00676199
train	00676207
train	00676218
train	00676234
train	00676237
train	00676283
train	00676301
train	00676366
train	00676380
train	00676381
train	00676410
train	00676415
train	00676583
train	00676587
train	00676591
train	00676641
train	00676678
train	00676692
train	00676695
train	00676724
train	00676758
train	00676769
train	00676794
train	00676823
train	00676841
train	00676850
train	00676852
train	00676870
train	00676876
train	00676877
train	00676887
train	00676938
train	00676966
train	00676987
train	00677033
train	00677035
train	00677058
train	00677059
train	00677064
train	00677067
train	00677152
train	00677199
train	00677218
train	00677220
train	00677225
train	00677248
train	00677253
train	00677276
train	00677281
train	00677288
train	00677289
train	00677314
train	00677332
train	00677350
train	00677355
train	00677409
train	00677411
train	00677419
train	00677465
train	00677470
train	00677610
train	00677612
train	00677621
train	00677662
train	00677694
train	00677712
train	00677729
train	00677783
train	00677793
train	00677834
train	00677856
train	00677889
train	00677973
train	00678036
train	00678053
train	00678097
train	00678100
train	00678128
train	00678157
train	00678169
train	00678170
train	00678190
train	00678198
train	00678223
train	00678227
train	00678354
train	00678384
train	00678385
train	00678440
train	00678445
train	00678476
train	00678509
train	00678515
train	00678518
train	00678521
train	00678523
train	00678530
train	00678539
train	00678546
train	00678561
train	00678581
train	00678583
train	00678584
train	00678654
train	00678661
train	00678712
train	00678736
train	00678746
train	00678756
train	00678767
train	00678768
train	00678777
train	00678824
train	00678845
train	00678850
train	00678854
train	00678858
train	00678873
train	00678880
train	00678892
train	00678955
train	00678962
train	00678984
train	00678987
train	00678999
train	00679014
train	00679016
train	00679019
train	00679022
train	00679066
train	00679083
train	00679098
train	00679105
train	00679111
train	00679112
train	00679114
train	00679120
train	00679121
train	00679238
train	00679260
train	00679261
train	00679285
train	00679303
train	00679361
train	00679378
train	00679523
train	00679524
train	00679525
train	00679526
train	00679584
train	00679585
train	00679606
train	00679692
train	00679700
train	00679852
train	00679854
train	00679855
train	00679858
train	00679890
train	00679891
train	00679909
train	00679918
train	00680053
train	00680065
train	00680069
train	00680131
train	00680159
train	00680209
train	00680214
train	00680229
train	00680237
train	00680239
train	00680286
train	00680291
train	00680312
train	00680403
train	00680413
train	00680418
train	00680429
train	00680464
train	00680470
train	00680475
train	00680514
train	00680557
train	00680600
train	00680610
train	00680612
train	00680620
train	00680671
train	00680695
train	00680696
train	00680697
train	00680748
train	00680785
train	00680918
train	00680919
train	00680920
train	00680921
train	00680925
train	00680931
train	00680932
train	00680971
train	00681027
train	00681049
train	00681051
train	00681052
train	00681053
train	00681054
train	00681056
train	00681061
train	00681114
train	00681116
train	00681175
train	00681178
train	00681190
train	00681211
train	00681227
train	00681273
train	00681323
train	00681463
train	00681476
train	00681493
train	00681529
train	00681530
train	00681532
train	00681547
train	00681550
train	00681551
train	00681552
train	00681553
train	00681554
train	00681556
train	00681581
train	00681587
train	00681589
train	00681593
train	00681596
train	00681597
train	00681602
train	00681603
train	00681617
train	00681621
train	00681630
train	00681684
train	00681735
train	00681754
train	00681755
train	00681758
train	00681776
train	00681780
train	00681795
train	00681800
train	00681806
train	00681809
train	00681811
train	00681822
train	00681829
train	00681830
train	00681835
train	00681836
train	00681839
train	00681864
train	00681870
train	00681872
train	00681889
train	00681891
train	00681898
train	00681902
train	00681939
train	00681945
train	00681982
train	00681989
train	00681990
train	00682000
train	00682001
train	00682010
train	00682022
train	00682023
train	00682025
train	00682040
train	00682042
train	00682047
train	00682059
train	00682060
train	00682061
train	00682063
train	00682072
train	00682098
train	00682099
train	00682105
train	00682108
train	00682109
train	00682110
train	00682112
train	00682113
train	00682116
train	00682119
train	00682120
train	00682123
train	00682124
train	00682125
train	00682131
train	00682132
train	00682135
train	00682136
train	00682138
train	00682157
train	00682160
train	00682165
train	00682170
train	00682172
train	00682176
train	00682181
train	00682184
train	00682185
train	00682186
train	00682187
train	00682196
train	00682199
train	00682202
train	00682203
train	00682206
train	00682232
train	00682233
train	00682235
train	00682237
train	00682238
train	00682241
train	00682243
train	00682244
train	00682246
train	00682249
train	00682250
train	00682253
train	00682254
train	00682277
train	00682281
train	00682318
train	00682326
train	00682327
train	00682372
train	00682389
train	00682442
train	00682464
train	00682478
train	00682502
train	00682513
train	00682532
train	00682542
train	00682615
train	00682658
train	00682769
train	00682823
train	00682891
train	00682956
train	00682958
train	00683073
train	00683080
train	00683082
train	00683084
train	00683089
train	00683102
train	00683128
train	00683142
train	00683204
train	00683213
train	00683215
train	00683228
train	00683243
train	00683257
train	00683265
train	00683298
train	00683309
train	00683310
train	00683313
train	00683321
train	00683332
train	00683368
train	00683502
train	00683503
train	00683512
train	00683522
train	00683527
train	00683528
train	00683587
train	00683588
train	00683605
train	00683606
train	00683612
train	00683639
train	00683649
train	00683651
train	00683659
train	00683674
train	00683679
train	00683687
train	00683688
train	00683712
train	00683755
train	00683785
train	00683790
train	00683794
train	00683843
train	00683846
train	00683862
train	00683876
train	00683924
train	00683932
train	00683940
train	00684008
train	00684009
train	00684014
train	00684016
train	00684048
train	00684049
train	00684064
train	00684086
train	00684087
train	00684088
train	00684089
train	00684090
train	00684091
train	00684096
train	00684123
train	00684128
train	00684222
train	00684313
train	00684353
train	00684381
train	00684428
train	00684436
train	00684439
train	00684488
train	00684512
train	00684524
train	00684563
train	00684575
train	00684579
train	00684618
train	00684621
train	00684667
train	00684690
train	00684703
train	00684753
train	00684754
train	00684763
train	00684804
train	00684810
train	00684838
train	00684839
train	00684884
train	00684927
train	00684935
train	00684937
train	00684938
train	00684939
train	00684940
train	00685096
train	00685194
train	00685203
train	00685212
train	00685245
train	00685248
train	00685250
train	00685251
train	00685263
train	00685270
train	00685277
train	00685278
train	00685279
train	00685280
train	00685287
train	00685293
train	00685299
train	00685321
train	00685332
train	00685346
train	00685350
train	00685359
train	00685392
train	00685402
train	00685403
train	00685404
train	00685415
train	00685416
train	00685417
train	00685428
train	00685434
train	00685440
train	00685442
train	00685444
train	00685449
train	00685450
train	00685455
train	00685462
train	00685476
train	00685480
train	00685481
train	00685497
train	00685498
train	00685506
train	00685510
train	00685511
train	00685513
train	00685519
train	00685541
train	00685560
train	00685572
train	00685573
train	00685576
train	00685582
train	00685586
train	00685597
train	00685598
train	00685606
train	00685607
train	00685608
train	00685616
train	00685620
train	00685625
train	00685632
train	00685648
train	00685661
train	00685665
train	00685673
train	00685675
train	00685677
train	00685680
train	00685688
train	00685689
train	00685697
train	00685698
train	00685719
train	00685726
train	00685769
train	00685822
train	00685823
train	00685836
train	00685837
train	00685839
train	00685840
train	00685841
train	00685858
train	00685859
train	00685865
train	00685868
train	00685870
train	00685871
train	00685875
train	00685877
train	00685878
train	00685879
train	00685886
train	00685887
train	00685888
train	00685889
train	00685891
train	00685892
train	00685893
train	00685896
train	00685897
train	00685898
train	00685900
train	00685901
train	00685902
train	00685903
train	00685904
train	00685905
train	00685911
train	00685912
train	00685914
train	00685915
train	00685916
train	00685918
train	00685921
train	00685922
train	00685934
train	00685938
train	00685943
train	00685955
train	00685956
train	00685965
train	00685993
train	00685998
train	00686005
train	00686017
train	00686018
train	00686032
train	00686129
train	00686134
train	00686155
train	00686183
train	00686214
train	00686215
train	00686257
train	00686280
train	00686307
train	00686319
train	00686355
train	00686401
train	00686453
train	00686467
train	00686541
train	00686555
train	00686556
train	00686557
train	00686577
train	00686579
train	00686581
train	00686684
train	00686688
train	00686690
train	00686692
train	00686694
train	00686713
train	00686715
train	00686725
train	00686729
train	00686750
train	00686793
train	00686846
train	00686934
train	00686966
train	00686985
train	00686990
train	00686992
train	00686994
train	00687012
train	00687013
train	00687022
train	00687026
train	00687027
train	00687055
train	00687065
train	00687066
train	00687067
train	00687068
train	00687073
train	00687079
train	00687081
train	00687082
train	00687093
train	00687122
train	00687158
train	00687208
train	00687216
train	00687565
train	00687677
train	00687701
train	00687773
train	00687780
train	00687803
train	00687808
train	00687857
train	00687858
train	00687859
train	00687863
train	00687866
train	00687870
train	00687880
train	00687898
train	00688094
train	00688097
train	00688098
train	00688106
train	00688116
train	00688120
train	00688121
train	00688123
train	00688332
train	00688340
train	00688351
train	00688471
train	00688516
train	00688518
train	00688535
train	00688536
train	00688550
train	00688552
train	00688567
train	00688574
train	00688640
train	00688645
train	00688674
train	00688675
train	00688676
train	00688692
train	00688693
train	00688694
train	00688695
train	00688698
train	00688708
train	00688711
train	00688712
train	00688722
train	00688723
train	00688730
train	00688742
train	00688792
train	00688800
train	00688801
train	00688805
train	00688813
train	00688831
train	00688880
train	00688888
train	00688901
train	00688905
train	00688922
train	00688923
train	00688924
train	00688925
train	00688926
train	00688956
train	00688958
train	00688961
train	00688968
train	00688972
train	00688973
train	00688974
train	00689030
train	00689042
train	00689046
train	00689048
train	00689074
train	00689083
train	00689084
train	00689106
train	00689109
train	00689273
train	00689308
train	00689347
train	00689352
train	00689374
train	00689419
train	00689434
train	00689523
train	00689542
train	00689548
train	00689553
train	00689603
train	00689604
train	00689607
train	00689610
train	00689612
train	00689614
train	00689618
train	00689621
train	00689625
train	00689630
train	00689633
train	00689639
train	00689654
train	00689691
train	00689692
train	00689694
train	00689774
train	00689777
train	00689799
train	00689828
train	00689852
train	00689864
train	00689870
train	00689878
train	00689921
train	00689939
train	00689950
train	00690063
train	00690070
train	00690115
train	00690203
train	00690448
train	00690482
train	00690545
train	00690550
train	00690558
train	00690591
train	00690593
train	00690594
train	00690634
train	00690653
train	00690898
train	00691102
train	00691115
train	00691117
train	00691118
train	00691136
train	00691138
train	00691140
train	00691166
train	00691169
train	00691175
train	00691195
train	00691244
train	00691264
train	00691269
train	00691270
train	00691358
train	00691359
train	00691365
train	00691454
train	00691475
train	00691483
train	00691585
train	00691671
train	00691672
train	00691709
train	00691830
train	00691853
train	00691894
train	00691905
train	00691906
train	00691912
train	00691921
train	00691926
train	00691936
train	00691993
train	00691994
train	00692001
train	00692028
train	00692029
train	00692032
train	00692038
train	00692039
train	00692040
train	00692045
train	00692052
train	00692121
train	00692126
train	00692129
train	00692213
train	00692268
train	00692350
train	00692413
train	00692453
train	00692460
train	00692462
train	00692495
train	00692496
train	00692501
train	00692512
train	00692518
train	00692524
train	00692531
train	00692559
train	00692617
train	00692628
train	00692644
train	00692645
train	00692648
train	00692654
train	00692749
train	00692760
train	00692876
train	00692913
train	00693044
train	00693069
train	00693071
train	00693080
train	00693088
train	00693139
train	00693166
train	00693170
train	00693269
train	00693270
train	00693324
train	00693351
train	00693354
train	00693355
train	00693379
train	00693407
train	00693514
train	00693515
train	00693519
train	00693534
train	00693541
train	00693542
train	00693559
train	00693560
train	00693578
train	00693660
train	00693683
train	00693788
train	00693806
train	00693861
train	00693866
train	00693900
train	00693914
train	00693934
train	00693935
train	00693968
train	00693971
train	00693974
train	00694001
train	00694010
train	00694022
train	00694024
train	00694031
train	00694067
train	00694094
train	00694167
train	00694185
train	00694218
train	00694262
train	00694311
train	00694546
train	00694843
train	00694852
train	00694883
train	00694884
train	00694899
train	00694937
train	00694955
train	00694957
train	00694959
train	00695007
train	00695031
train	00695047
train	00695069
train	00695070
train	00695071
train	00695090
train	00695096
train	00695138
train	00695146
train	00695149
train	00695152
train	00695161
train	00695176
train	00695177
train	00695186
train	00695194
train	00695195
train	00695198
train	00695201
train	00695207
train	00695235
train	00695297
train	00695302
train	00695312
train	00695319
train	00695345
train	00695358
train	00695359
train	00695380
train	00695382
train	00695414
train	00695438
train	00695442
train	00695458
train	00695466
train	00695494
train	00695503
train	00695539
train	00695677
train	00695687
train	00695696
train	00695697
train	00695699
train	00695701
train	00695707
train	00695714
train	00695720
train	00695721
train	00695724
train	00695730
train	00695737
train	00695742
train	00695747
train	00695751
train	00695768
train	00695789
train	00695919
train	00695920
train	00695950
train	00695953
train	00695954
train	00695955
train	00695963
train	00695976
train	00696000
train	00696012
train	00696143
train	00696145
train	00696148
train	00696154
train	00696177
train	00696179
train	00696225
train	00696252
train	00696253
train	00696258
train	00696263
train	00696272
train	00696376
train	00696380
train	00696388
train	00696405
train	00696423
train	00696428
train	00696431
train	00696443
train	00696455
train	00696456
train	00696479
train	00696481
train	00696482
train	00696484
train	00696485
train	00696491
train	00696523
train	00696532
train	00696547
train	00696549
train	00696620
train	00696624
train	00696651
train	00696741
train	00696781
train	00696801
train	00696806
train	00696820
train	00696845
train	00696846
train	00696863
train	00696865
train	00696874
train	00696881
train	00696887
train	00696889
train	00696921
train	00696923
train	00696929
train	00696930
train	00696931
train	00696933
train	00696940
train	00696948
train	00696953
train	00696976
train	00696992
train	00697074
train	00697118
train	00697123
train	00697169
train	00697172
train	00697185
train	00697197
train	00697212
train	00697284
train	00697291
train	00697308
train	00697315
train	00697344
train	00697357
train	00697366
train	00697410
train	00697433
train	00697438
train	00697444
train	00697457
train	00697484
train	00697491
train	00697496
train	00697498
train	00697501
train	00697504
train	00697506
train	00697507
train	00697521
train	00697546
train	00697550
train	00697554
train	00697659
train	00697706
train	00697707
train	00697797
train	00697801
train	00697881
train	00697902
train	00697918
train	00697945
train	00697972
train	00697981
train	00697983
train	00697998
train	00698014
train	00698015
train	00698017
train	00698018
train	00698043
train	00698058
train	00698059
train	00698092
train	00698193
train	00698266
train	00698325
train	00698327
train	00698353
train	00698368
train	00698378
train	00698397
train	00698398
train	00698428
train	00698442
train	00698467
train	00698525
train	00698580
train	00698582
train	00698850
train	00698852
train	00698863
train	00698866
train	00698871
train	00698876
train	00698886
train	00698892
train	00698899
train	00698928
train	00698951
train	00698956
train	00698966
train	00698989
train	00699003
train	00699026
train	00699027
train	00699032
train	00699050
train	00699218
train	00699227
train	00699246
train	00699256
train	00699257
train	00699258
train	00699259
train	00699314
train	00699315
train	00699319
train	00699332
train	00699359
train	00699367
train	00699407
train	00699429
train	00699442
train	00699443
train	00699444
train	00699445
train	00699751
train	00699753
train	00699755
train	00699759
train	00699777
train	00699797
train	00699805
train	00699815
train	00699879
train	00699895
train	00699903
train	00699904
train	00699906
train	00699908
train	00699909
train	00699911
train	00699912
train	00699933
train	00699938
train	00699940
train	00699941
train	00699974
train	00700002
train	00700005
train	00700011
train	00700022
train	00700027
train	00700030
train	00700034
train	00700073
train	00700108
train	00700110
train	00700117
train	00700159
train	00700161
train	00700228
train	00700357
train	00700552
train	00700617
train	00700642
train	00700669
train	00700681
train	00700691
train	00700702
train	00700710
train	00700721
train	00700751
train	00700752
train	00700759
train	00700770
train	00701050
train	00701108
train	00701214
train	00701216
train	00701232
train	00701273
train	00701347
train	00701351
train	00701525
train	00701544
train	00701572
train	00701587
train	00701666
train	00701677
train	00701760
train	00701786
train	00701839
train	00701846
train	00701873
train	00702068
train	00702070
train	00702079
train	00702096
train	00702108
train	00702134
train	00702138
train	00702139
train	00702140
train	00702143
train	00702152
train	00702191
train	00702192
train	00702193
train	00702198
train	00702205
train	00702219
train	00702227
train	00702315
train	00702355
train	00702359
train	00702363
train	00702366
train	00702471
train	00702480
train	00702482
train	00702484
train	00702489
train	00702490
train	00702550
train	00702568
train	00702574
train	00702575
train	00702628
train	00702635
train	00702676
train	00702682
train	00702728
train	00702741
train	00702762
train	00702765
train	00702767
train	00702768
train	00702770
train	00702772
train	00702774
train	00702779
train	00702784
train	00702786
train	00702801
train	00702804
train	00702805
train	00702814
train	00702818
train	00702820
train	00702833
train	00702834
train	00702841
train	00702842
train	00702855
train	00702867
train	00702874
train	00702877
train	00702881
train	00702882
train	00702885
train	00702892
train	00702894
train	00702895
train	00702897
train	00702899
train	00702903
train	00702908
train	00702928
train	00702943
train	00702979
train	00703027
train	00703045
train	00703046
train	00703047
train	00703048
train	00703077
train	00703101
train	00703105
train	00703106
train	00703180
train	00703181
train	00703203
train	00703230
train	00703239
train	00703257
train	00703261
train	00703268
train	00703289
train	00703301
train	00703309
train	00703351
train	00703402
train	00703427
train	00703444
train	00703445
train	00703492
train	00703501
train	00703563
train	00703600
train	00703612
train	00703658
train	00703679
train	00703694
train	00703708
train	00703710
train	00703757
train	00703762
train	00703763
train	00703785
train	00703786
train	00703787
train	00703799
train	00703921
train	00703932
train	00703933
train	00703937
train	00703942
train	00703975
train	00703983
train	00704001
train	00704040
train	00704087
train	00704158
train	00704162
train	00704163
train	00704166
train	00704237
train	00704243
train	00704256
train	00704258
train	00704414
train	00704415
train	00704422
train	00704423
train	00704457
train	00704462
train	00704463
train	00704464
train	00704465
train	00704466
train	00704467
train	00704490
train	00704501
train	00704543
train	00704628
train	00704631
train	00704700
train	00704749
train	00704755
train	00704765
train	00704772
train	00704780
train	00704796
train	00704800
train	00704879
train	00704880
train	00704924
train	00704944
train	00704947
train	00704954
train	00704959
train	00704969
train	00704972
train	00704974
train	00704979
train	00705006
train	00705063
train	00705080
train	00705081
train	00705106
train	00705121
train	00705124
train	00705125
train	00705152
train	00705215
train	00705240
train	00705241
train	00705245
train	00705248
train	00705249
train	00705250
train	00705254
train	00705256
train	00705266
train	00705289
train	00705292
train	00705295
train	00705297
train	00705308
train	00705323
train	00705329
train	00705340
train	00705377
train	00705402
train	00705416
train	00705418
train	00705420
train	00705433
train	00705520
train	00705528
train	00705529
train	00705655
train	00705673
train	00705678
train	00705692
train	00705715
train	00705724
train	00705738
train	00705760
train	00705806
train	00705822
train	00705845
train	00705847
train	00705853
train	00705867
train	00705883
train	00705905
train	00705936
train	00705953
train	00705954
train	00705956
train	00706069
train	00706083
train	00706085
train	00706187
train	00706468
train	00706494
train	00706563
train	00706566
train	00706570
train	00706577
train	00706580
train	00706581
train	00706591
train	00706594
train	00706681
train	00706790
train	00706791
train	00706794
train	00706827
train	00706871
train	00706883
train	00706892
train	00706893
train	00706909
train	00706910
train	00706964
train	00707006
train	00707013
train	00707014
train	00707045
train	00707059
train	00707338
train	00707341
train	00707345
train	00707354
train	00707363
train	00707500
train	00707546
train	00707577
train	00707618
train	00707621
train	00707647
train	00707676
train	00707677
train	00707732
train	00707733
train	00707859
train	00707901
train	00707975
train	00707985
train	00707992
train	00707993
train	00707994
train	00707995
train	00707997
train	00707998
train	00707999
train	00708000
train	00708001
train	00708003
train	00708018
train	00708025
train	00708026
train	00708033
train	00708036
train	00708048
train	00708052
train	00708053
train	00708054
train	00708057
train	00708192
train	00708206
train	00708214
train	00708218
train	00708245
train	00708249
train	00708361
train	00708366
train	00708431
train	00708437
train	00708438
train	00708475
train	00708484
train	00708497
train	00708499
train	00708500
train	00708503
train	00708581
train	00708608
train	00708629
train	00708655
train	00708745
train	00708757
train	00708762
train	00708769
train	00708793
train	00708820
train	00708821
train	00708932
train	00708933
train	00708961
train	00708962
train	00708963
train	00708971
train	00708980
train	00709004
train	00709014
train	00709055
train	00709056
train	00709210
train	00709229
train	00709284
train	00709285
train	00709311
train	00709323
train	00709325
train	00709451
train	00709453
train	00709465
train	00709482
train	00709485
train	00709495
train	00709503
train	00709504
train	00709505
train	00709550
train	00709573
train	00709600
train	00709613
train	00709670
train	00709740
train	00709758
train	00709782
train	00709786
train	00709797
train	00709809
train	00709867
train	00709870
train	00709957
train	00709979
train	00709980
train	00709981
train	00710043
train	00710091
train	00710156
train	00710171
train	00710175
train	00710249
train	00710421
train	00710436
train	00710462
train	00710463
train	00710469
train	00710470
train	00710478
train	00710499
train	00710500
train	00710584
train	00710587
train	00710626
train	00710645
train	00710669
train	00710671
train	00710681
train	00710693
train	00710694
train	00710714
train	00710725
train	00710732
train	00710756
train	00710757
train	00710773
train	00710837
train	00710863
train	00710928
train	00710948
train	00710953
train	00710974
train	00710995
train	00711002
train	00711005
train	00711007
train	00711129
train	00711150
train	00711172
train	00711186
train	00711200
train	00711227
train	00711240
train	00711258
train	00711260
train	00711262
train	00711289
train	00711320
train	00711330
train	00711331
train	00711334
train	00711348
train	00711368
train	00711390
train	00711410
train	00711430
train	00711452
train	00711509
train	00711550
train	00711577
train	00711602
train	00711606
train	00711631
train	00711719
train	00711798
train	00711809
train	00711841
train	00711874
train	00711877
train	00711885
train	00711948
train	00711951
train	00711988
train	00712009
train	00712018
train	00712019
train	00712034
train	00712042
train	00712051
train	00712056
train	00712087
train	00712100
train	00712101
train	00712110
train	00712112
train	00712138
train	00712140
train	00712157
train	00712175
train	00712176
train	00712184
train	00712192
train	00712195
train	00712236
train	00712238
train	00712268
train	00712273
train	00712310
train	00712379
train	00712425
train	00712426
train	00712528
train	00712542
train	00712545
train	00712547
train	00712590
train	00712591
train	00712592
train	00712593
train	00712596
train	00712600
train	00712629
train	00712640
train	00712676
train	00712680
train	00712699
train	00712711
train	00712733
train	00712747
train	00712806
train	00712816
train	00712817
train	00712832
train	00712857
train	00712881
train	00712904
train	00712918
train	00713004
train	00713048
train	00713071
train	00713072
train	00713097
train	00713108
train	00713121
train	00713122
train	00713155
train	00713156
train	00713166
train	00713190
train	00713290
train	00713308
train	00713309
train	00713316
train	00713320
train	00713368
train	00713376
train	00713377
train	00713396
train	00713424
train	00713448
train	00713542
train	00713547
train	00713556
train	00713564
train	00713587
train	00713593
train	00713664
train	00713679
train	00713690
train	00713705
train	00713750
train	00713757
train	00713761
train	00713764
train	00713798
train	00713889
train	00713922
train	00713983
train	00714239
train	00714252
train	00714263
train	00714290
train	00714291
train	00714295
train	00714313
train	00714332
train	00714335
train	00714346
train	00714363
train	00714376
train	00714428
train	00714437
train	00714455
train	00714479
train	00714488
train	00714498
train	00714503
train	00714507
train	00714511
train	00714512
train	00714515
train	00714516
train	00714520
train	00714521
train	00714523
train	00714525
train	00714533
train	00714563
train	00714566
train	00714568
train	00714572
train	00714579
train	00714583
train	00714589
train	00714593
train	00714594
train	00714623
train	00714635
train	00714645
train	00714650
train	00714651
train	00714652
train	00714653
train	00714658
train	00714668
train	00714679
train	00714680
train	00714691
train	00714714
train	00714756
train	00714759
train	00714770
train	00714771
train	00714855
train	00714860
train	00714882
train	00714899
train	00714902
train	00714907
train	00714909
train	00714935
train	00714936
train	00714947
train	00714950
train	00714956
train	00715007
train	00715020
train	00715039
train	00715041
train	00715118
train	00715138
train	00715143
train	00715179
train	00715180
train	00715202
train	00715203
train	00715215
train	00715216
train	00715224
train	00715234
train	00715300
train	00715320
train	00715398
train	00715412
train	00715487
train	00715491
train	00715504
train	00715511
train	00715519
train	00715528
train	00715529
train	00715539
train	00715563
train	00715572
train	00715573
train	00715598
train	00715619
train	00715703
train	00715716
train	00715740
train	00715745
train	00715754
train	00715755
train	00715786
train	00715788
train	00715789
train	00715790
train	00715795
train	00715869
train	00715907
train	00715911
train	00715920
train	00715952
train	00715957
train	00716012
train	00716014
train	00716018
train	00716034
train	00716051
train	00716052
train	00716068
train	00716069
train	00716074
train	00716084
train	00716106
train	00716111
train	00716130
train	00716168
train	00716263
train	00716264
train	00716265
train	00716296
train	00716314
train	00716369
train	00716388
train	00716657
train	00716661
train	00716677
train	00716679
train	00716689
train	00716691
train	00716721
train	00716722
train	00716723
train	00716756
train	00716772
train	00716846
train	00716848
train	00716866
train	00716891
train	00716992
train	00717015
train	00717025
train	00717026
train	00717027
train	00717093
train	00717108
train	00717167
train	00717209
train	00717331
train	00717344
train	00717353
train	00717366
train	00717369
train	00717407
train	00717408
train	00717409
train	00717411
train	00717412
train	00717432
train	00717469
train	00717484
train	00717489
train	00717558
train	00717565
train	00717572
train	00717583
train	00717601
train	00717620
train	00717680
train	00717717
train	00717739
train	00717767
train	00717798
train	00717827
train	00717841
train	00717861
train	00717901
train	00717907
train	00717908
train	00717909
train	00717912
train	00717916
train	00717934
train	00717944
train	00717951
train	00717967
train	00717977
train	00717980
train	00717983
train	00717991
train	00717993
train	00718016
train	00718029
train	00718031
train	00718032
train	00718078
train	00718091
train	00718093
train	00718094
train	00718099
train	00718138
train	00718148
train	00718155
train	00718156
train	00718161
train	00718172
train	00718215
train	00718221
train	00718245
train	00718319
train	00718332
train	00718352
train	00718355
train	00718358
train	00718359
train	00718363
train	00718367
train	00718368
train	00718373
train	00718395
train	00718412
train	00718414
train	00718422
train	00718425
train	00718432
train	00718434
train	00718459
train	00718460
train	00718523
train	00718530
train	00718533
train	00718536
train	00718547
train	00718568
train	00718600
train	00718601
train	00718622
train	00718631
train	00718683
train	00718744
train	00718745
train	00718748
train	00718766
train	00718768
train	00718770
train	00718800
train	00718822
train	00718823
train	00718827
train	00718879
train	00718913
train	00718985
train	00718992
train	00719018
train	00719063
train	00719074
train	00719078
train	00719146
train	00719198
train	00719199
train	00719201
train	00719225
train	00719230
train	00719261
train	00719271
train	00719274
train	00719278
train	00719282
train	00719297
train	00719298
train	00719310
train	00719328
train	00719332
train	00719334
train	00719337
train	00719345
train	00719353
train	00719357
train	00719390
train	00719403
train	00719415
train	00719482
train	00719483
train	00719511
train	00719570
train	00719604
train	00719607
train	00719609
train	00719616
train	00719630
train	00719705
train	00719706
train	00719721
train	00719722
train	00719723
train	00719758
train	00719763
train	00719771
train	00719773
train	00719774
train	00719775
train	00719799
train	00719816
train	00719861
train	00719899
train	00719915
train	00719924
train	00719956
train	00719970
train	00719972
train	00719975
train	00719988
train	00720021
train	00720026
train	00720027
train	00720029
train	00720032
train	00720047
train	00720049
train	00720070
train	00720111
train	00720112
train	00720118
train	00720121
train	00720122
train	00720128
train	00720131
train	00720147
train	00720165
train	00720211
train	00720258
train	00720262
train	00720282
train	00720285
train	00720295
train	00720357
train	00720469
train	00720639
train	00720778
train	00720782
train	00720788
train	00720791
train	00720810
train	00720828
train	00720865
train	00720911
train	00720920
train	00720950
train	00720975
train	00721041
train	00721071
train	00721072
train	00721084
train	00721085
train	00721099
train	00721114
train	00721115
train	00721119
train	00721126
train	00721142
train	00721152
train	00721163
train	00721167
train	00721183
train	00721186
train	00721188
train	00721191
train	00721193
train	00721203
train	00721227
train	00721228
train	00721229
train	00721232
train	00721252
train	00721262
train	00721271
train	00721293
train	00721306
train	00721358
train	00721371
train	00721428
train	00721450
train	00721530
train	00721531
train	00721541
train	00721542
train	00721543
train	00721545
train	00721567
train	00721583
train	00721585
train	00721628
train	00721629
train	00721633
train	00721637
train	00721639
train	00721642
train	00721661
train	00721689
train	00721691
train	00721699
train	00721706
train	00721707
train	00721726
train	00721746
train	00721793
train	00721798
train	00721802
train	00721864
train	00721902
train	00721986
train	00722007
train	00722008
train	00722058
train	00722071
train	00722072
train	00722073
train	00722077
train	00722078
train	00722111
train	00722157
train	00722172
train	00722173
train	00722174
train	00722175
train	00722190
train	00722191
train	00722206
train	00722207
train	00722242
train	00722269
train	00722271
train	00722274
train	00722316
train	00722319
train	00722362
train	00722365
train	00722372
train	00722411
train	00722505
train	00722532
train	00722547
train	00722600
train	00722688
train	00722689
train	00722693
train	00722706
train	00722721
train	00722733
train	00722741
train	00722742
train	00722772
train	00722784
train	00722793
train	00722794
train	00722819
train	00722826
train	00722834
train	00722841
train	00722865
train	00722866
train	00722870
train	00722900
train	00722902
train	00722906
train	00722916
train	00722918
train	00722919
train	00722920
train	00722925
train	00722952
train	00722956
train	00722957
train	00722993
train	00722999
train	00723016
train	00723116
train	00723149
train	00723159
train	00723164
train	00723165
train	00723226
train	00723231
train	00723246
train	00723253
train	00723272
train	00723285
train	00723290
train	00723330
train	00723334
train	00723339
train	00723340
train	00723351
train	00723352
train	00723358
train	00723373
train	00723389
train	00723478
train	00723479
train	00723481
train	00723486
train	00723520
train	00723525
train	00723650
train	00723658
train	00723683
train	00723685
train	00723752
train	00723775
train	00723776
train	00723787
train	00723843
train	00723844
train	00723915
train	00723955
train	00723978
train	00724003
train	00724009
train	00724011
train	00724014
train	00724021
train	00724037
train	00724039
train	00724048
train	00724078
train	00724083
train	00724143
train	00724164
train	00724169
train	00724170
train	00724171
train	00724217
train	00724222
train	00724224
train	00724237
train	00724243
train	00724247
train	00724248
train	00724258
train	00724260
train	00724262
train	00724264
train	00724311
train	00724378
train	00724390
train	00724393
train	00724405
train	00724407
train	00724443
train	00724446
train	00724467
train	00724536
train	00724538
train	00724546
train	00724620
train	00724636
train	00724699
train	00724700
train	00724702
train	00724708
train	00724723
train	00724750
train	00724803
train	00724809
train	00724841
train	00724844
train	00724845
train	00724846
train	00724923
train	00724925
train	00724949
train	00724968
train	00724975
train	00724980
train	00725159
train	00725223
train	00725240
train	00725244
train	00725468
train	00725473
train	00725475
train	00725477
train	00725479
train	00725480
train	00725522
train	00725533
train	00725537
train	00725541
train	00725553
train	00725554
train	00725557
train	00725577
train	00725609
train	00725618
train	00725640
train	00725738
train	00725742
train	00725743
train	00725745
train	00725752
train	00725786
train	00725806
train	00725844
train	00725849
train	00725981
train	00726044
train	00726109
train	00726130
train	00726136
train	00726137
train	00726141
train	00726146
train	00726152
train	00726153
train	00726154
train	00726161
train	00726171
train	00726175
train	00726177
train	00726191
train	00726229
train	00726237
train	00726271
train	00726274
train	00726298
train	00726319
train	00726320
train	00726322
train	00726327
train	00726350
train	00726359
train	00726360
train	00726431
train	00726446
train	00726447
train	00726466
train	00726469
train	00726470
train	00726471
train	00726507
train	00726511
train	00726534
train	00726907
train	00727052
train	00727117
train	00727120
train	00727134
train	00727138
train	00727145
train	00727209
train	00727220
train	00727245
train	00727301
train	00727315
train	00727332
train	00727434
train	00727447
train	00727450
train	00727483
train	00727484
train	00727489
train	00727506
train	00727507
train	00727545
train	00727569
train	00727601
train	00727612
train	00727629
train	00727646
train	00727655
train	00727692
train	00727695
train	00727698
train	00727737
train	00727742
train	00727748
train	00727766
train	00727791
train	00727807
train	00727822
train	00727823
train	00727834
train	00727844
train	00727846
train	00727847
train	00727851
train	00727853
train	00727854
train	00727855
train	00727857
train	00727858
train	00727860
train	00727866
train	00727877
train	00727887
train	00727890
train	00727897
train	00727900
train	00727901
train	00727906
train	00727909
train	00727910
train	00727912
train	00727913
train	00727915
train	00727916
train	00727917
train	00727918
train	00727919
train	00727920
train	00727921
train	00727922
train	00727923
train	00727926
train	00727939
train	00727953
train	00727960
train	00727977
train	00728003
train	00728010
train	00728052
train	00728054
train	00728055
train	00728092
train	00728109
train	00728118
train	00728120
train	00728131
train	00728137
train	00728138
train	00728139
train	00728141
train	00728155
train	00728159
train	00728163
train	00728167
train	00728196
train	00728292
train	00728298
train	00728304
train	00728364
train	00728466
train	00728514
train	00728520
train	00728537
train	00728617
train	00728632
train	00728634
train	00728638
train	00728646
train	00728686
train	00728687
train	00728714
train	00728718
train	00728733
train	00728754
train	00728818
train	00728829
train	00728836
train	00728848
train	00728859
train	00728885
train	00728899
train	00728923
train	00728928
train	00729003
train	00729008
train	00729034
train	00729107
train	00729161
train	00729167
train	00729336
train	00729337
train	00729340
train	00729388
train	00729391
train	00729407
train	00729434
train	00729445
train	00729493
train	00729523
train	00729528
train	00729546
train	00729614
train	00729617
train	00729622
train	00729624
train	00729628
train	00729637
train	00729642
train	00729658
train	00729688
train	00729703
train	00729704
train	00729705
train	00729707
train	00729793
train	00729803
train	00729823
train	00729845
train	00729851
train	00729858
train	00729864
train	00729884
train	00729934
train	00729935
train	00729936
train	00729937
train	00729939
train	00729940
train	00729996
train	00730008
train	00730010
train	00730024
train	00730030
train	00730031
train	00730061
train	00730109
train	00730148
train	00730321
train	00730346
train	00730353
train	00730371
train	00730399
train	00730438
train	00730439
train	00730442
train	00730620
train	00730629
train	00730636
train	00730640
train	00730690
train	00730714
train	00730750
train	00730854
train	00730856
train	00730958
train	00730967
train	00730975
train	00730977
train	00730979
train	00730995
train	00731046
train	00731057
train	00731059
train	00731060
train	00731061
train	00731153
train	00731155
train	00731158
train	00731213
train	00731216
train	00731224
train	00731281
train	00731294
train	00731296
train	00731318
train	00731374
train	00731375
train	00731407
train	00731420
train	00731448
train	00731482
train	00731495
train	00731500
train	00731533
train	00731536
train	00731554
train	00731629
train	00731640
train	00731646
train	00731647
train	00731668
train	00731706
train	00731751
train	00731755
train	00731763
train	00731766
train	00731778
train	00731779
train	00731787
train	00731793
train	00731797
train	00731810
train	00731860
train	00731865
train	00731868
train	00731993
train	00732149
train	00732158
train	00732159
train	00732164
train	00732165
train	00732186
train	00732193
train	00732216
train	00732221
train	00732223
train	00732231
train	00732248
train	00732271
train	00732284
train	00732285
train	00732287
train	00732299
train	00732300
train	00732316
train	00732319
train	00732323
train	00732336
train	00732338
train	00732383
train	00732411
train	00732412
train	00732414
train	00732417
train	00732423
train	00732426
train	00732430
train	00732448
train	00732450
train	00732505
train	00732533
train	00732544
train	00732595
train	00732597
train	00732632
train	00732649
train	00732650
train	00732698
train	00732735
train	00732737
train	00732739
train	00732740
train	00732769
train	00732784
train	00732787
train	00732813
train	00732815
train	00732816
train	00732818
train	00732819
train	00732820
train	00732925
train	00732928
train	00732960
train	00732987
train	00733041
train	00733074
train	00733124
train	00733140
train	00733223
train	00733236
train	00733240
train	00733373
train	00733386
train	00733393
train	00733394
train	00733427
train	00733434
train	00733449
train	00733457
train	00733492
train	00733579
train	00733613
train	00733734
train	00733747
train	00733770
train	00733786
train	00733881
train	00733939
train	00733940
train	00733950
train	00733955
train	00733958
train	00733967
train	00733986
train	00734017
train	00734018
train	00734024
train	00734026
train	00734029
train	00734051
train	00734055
train	00734091
train	00734100
train	00734158
train	00734178
train	00734181
train	00734193
train	00734203
train	00734246
train	00734248
train	00734262
train	00734268
train	00734294
train	00734306
train	00734318
train	00734364
train	00734365
train	00734371
train	00734441
train	00734454
train	00734464
train	00734496
train	00734497
train	00734505
train	00734511
train	00734515
train	00734516
train	00734517
train	00734520
train	00734523
train	00734628
train	00734864
train	00734963
train	00734986
train	00735012
train	00735029
train	00735034
train	00735037
train	00735086
train	00735092
train	00735103
train	00735113
train	00735137
train	00735147
train	00735148
train	00735150
train	00735152
train	00735153
train	00735154
train	00735155
train	00735165
train	00735168
train	00735170
train	00735174
train	00735186
train	00735196
train	00735214
train	00735219
train	00735232
train	00735233
train	00735248
train	00735255
train	00735263
train	00735276
train	00735277
train	00735293
train	00735295
train	00735307
train	00735360
train	00735365
train	00735381
train	00735410
train	00735414
train	00735415
train	00735430
train	00735431
train	00735437
train	00735473
train	00735475
train	00735479
train	00735480
train	00735484
train	00735508
train	00735578
train	00735598
train	00735600
train	00735612
train	00735641
train	00735642
train	00735652
train	00735654
train	00735656
train	00735679
train	00735681
train	00735697
train	00735699
train	00735700
train	00735703
train	00735713
train	00735726
train	00735727
train	00735732
train	00735733
train	00735734
train	00735735
train	00735759
train	00735778
train	00735781
train	00735789
train	00735795
train	00735798
train	00735799
train	00735802
train	00735805
train	00735806
train	00735807
train	00735808
train	00735809
train	00735813
train	00735814
train	00735833
train	00735841
train	00735843
train	00735848
train	00735851
train	00735852
train	00735864
train	00735878
train	00735881
train	00735892
train	00735954
train	00735985
train	00736035
train	00736039
train	00736042
train	00736102
train	00736106
train	00736128
train	00736151
train	00736232
train	00736308
train	00736323
train	00736359
train	00736360
train	00736382
train	00736393
train	00736422
train	00736499
train	00736509
train	00736553
train	00736556
train	00736562
train	00736572
train	00736586
train	00736589
train	00736807
train	00736810
train	00736812
train	00736813
train	00736838
train	00736843
train	00736845
train	00736846
train	00736868
train	00736872
train	00736879
train	00736892
train	00736902
train	00736951
train	00736973
train	00736975
train	00736976
train	00736980
train	00736997
train	00737072
train	00737090
train	00737107
train	00737110
train	00737133
train	00737145
train	00737178
train	00737201
train	00737231
train	00737264
train	00737266
train	00737268
train	00737270
train	00737298
train	00737299
train	00737300
train	00737313
train	00737332
train	00737333
train	00737336
train	00737339
train	00737362
train	00737371
train	00737377
train	00737378
train	00737382
train	00737386
train	00737389
train	00737395
train	00737399
train	00737423
train	00737474
train	00737475
train	00737476
train	00737484
train	00737514
train	00737536
train	00737539
train	00737540
train	00737541
train	00737555
train	00737559
train	00737595
train	00737644
train	00737652
train	00737673
train	00737741
train	00737742
train	00737759
train	00737787
train	00737956
train	00737958
train	00737967
train	00737971
train	00737988
train	00737994
train	00737999
train	00738007
train	00738009
train	00738010
train	00738012
train	00738021
train	00738053
train	00738107
train	00738137
train	00738237
train	00738251
train	00738252
train	00738253
train	00738254
train	00738255
train	00738256
train	00738257
train	00738258
train	00738261
train	00738262
train	00738279
train	00738285
train	00738292
train	00738298
train	00738301
train	00738302
train	00738303
train	00738304
train	00738306
train	00738314
train	00738323
train	00738333
train	00738334
train	00738335
train	00738336
train	00738337
train	00738338
train	00738340
train	00738343
train	00738347
train	00738349
train	00738351
train	00738359
train	00738361
train	00738363
train	00738366
train	00738367
train	00738369
train	00738370
train	00738371
train	00738373
train	00738374
train	00738397
train	00738403
train	00738408
train	00738409
train	00738410
train	00738416
train	00738417
train	00738418
train	00738419
train	00738420
train	00738455
train	00738456
train	00738460
train	00738461
train	00738475
train	00738495
train	00738498
train	00738499
train	00738502
train	00738503
train	00738508
train	00738509
train	00738531
train	00738546
train	00738564
train	00738573
train	00738583
train	00738605
train	00738607
train	00738608
train	00738620
train	00738623
train	00738628
train	00738641
train	00738644
train	00738645
train	00738653
train	00738655
train	00738661
train	00738674
train	00738679
train	00738682
train	00738683
train	00738704
train	00738708
train	00738710
train	00738714
train	00738716
train	00738719
train	00738723
train	00738728
train	00738737
train	00738738
train	00738740
train	00738741
train	00738744
train	00738753
train	00738754
train	00738755
train	00738759
train	00738761
train	00738763
train	00738764
train	00738767
train	00738768
train	00738772
train	00738774
train	00738778
train	00738780
train	00738781
train	00738782
train	00738783
train	00738785
train	00738787
train	00738790
train	00738795
train	00738796
train	00738802
train	00738806
train	00738809
train	00738813
train	00738815
train	00738817
train	00738819
train	00738823
train	00738825
train	00738827
train	00738830
train	00738835
train	00738838
train	00738839
train	00738840
train	00738841
train	00738843
train	00738845
train	00738846
train	00738847
train	00738848
train	00738849
train	00738852
train	00738859
train	00738866
train	00738867
train	00738869
train	00738870
train	00738871
train	00738872
train	00738873
train	00738877
train	00738879
train	00738886
train	00738887
train	00738912
train	00738923
train	00738967
train	00738971
train	00738997
train	00738999
train	00739001
train	00739025
train	00739027
train	00739050
train	00739051
train	00739054
train	00739064
train	00739065
train	00739068
train	00739071
train	00739074
train	00739077
train	00739093
train	00739106
train	00739116
train	00739117
train	00739118
train	00739124
train	00739129
train	00739136
train	00739138
train	00739142
train	00739153
train	00739155
train	00739157
train	00739161
train	00739172
train	00739176
train	00739177
train	00739179
train	00739180
train	00739195
train	00739197
train	00739240
train	00739247
train	00739271
train	00739274
train	00739277
train	00739288
train	00739296
train	00739297
train	00739307
train	00739309
train	00739340
train	00739363
train	00739394
train	00739402
train	00739444
train	00739457
train	00739459
train	00739460
train	00739461
train	00739465
train	00739466
train	00739480
train	00739481
train	00739487
train	00739488
train	00739527
train	00739534
train	00739535
train	00739545
train	00739551
train	00739555
train	00739586
train	00739684
train	00739695
train	00739749
train	00739754
train	00739760
train	00739763
train	00739772
train	00739789
train	00739791
train	00739792
train	00739794
train	00739795
train	00739829
train	00739864
train	00739940
train	00739948
train	00739981
train	00739985
train	00740004
train	00740011
train	00740021
train	00740025
train	00740071
train	00740074
train	00740096
train	00740102
train	00740120
train	00740154
train	00740203
train	00740297
train	00740298
train	00740299
train	00740300
train	00740302
train	00740303
train	00740308
train	00740309
train	00740312
train	00740393
train	00740412
train	00740539
train	00740545
train	00740551
train	00740556
train	00740557
train	00740558
train	00740560
train	00740561
train	00740563
train	00740627
train	00740696
train	00740700
train	00740709
train	00740732
train	00740759
train	00740762
train	00740769
train	00740856
train	00740875
train	00740876
train	00740877
train	00740878
train	00740880
train	00740882
train	00740895
train	00740902
train	00740910
train	00740940
train	00740947
train	00740952
train	00740978
train	00741017
train	00741085
train	00741118
train	00741120
train	00741142
train	00741164
train	00741225
train	00741337
train	00741340
train	00741344
train	00741345
train	00741359
train	00741364
train	00741366
train	00741375
train	00741377
train	00741378
train	00741381
train	00741382
train	00741387
train	00741417
train	00741439
train	00741466
train	00741569
train	00741583
train	00741587
train	00741591
train	00741603
train	00741606
train	00741615
train	00741617
train	00741701
train	00741703
train	00741727
train	00741750
train	00741755
train	00741773
train	00741788
train	00741800
train	00741846
train	00741849
train	00741855
train	00741872
train	00741899
train	00741900
train	00741904
train	00741906
train	00741909
train	00741913
train	00741915
train	00741928
train	00741933
train	00741935
train	00741945
train	00741953
train	00741986
train	00741997
train	00741999
train	00742016
train	00742132
train	00742158
train	00742160
train	00742161
train	00742165
train	00742167
train	00742169
train	00742170
train	00742177
train	00742179
train	00742183
train	00742188
train	00742192
train	00742194
train	00742195
train	00742224
train	00742252
train	00742260
train	00742324
train	00742325
train	00742328
train	00742329
train	00742331
train	00742333
train	00742336
train	00742340
train	00742344
train	00742349
train	00742350
train	00742355
train	00742356
train	00742364
train	00742365
train	00742366
train	00742367
train	00742370
train	00742371
train	00742374
train	00742379
train	00742389
train	00742395
train	00742403
train	00742404
train	00742406
train	00742409
train	00742411
train	00742415
train	00742418
train	00742424
train	00742429
train	00742430
train	00742447
train	00742468
train	00742488
train	00742489
train	00742490
train	00742492
train	00742493
train	00742530
train	00742531
train	00742540
train	00742580
train	00742604
train	00742672
train	00742682
train	00742683
train	00742691
train	00742693
train	00742741
train	00742742
train	00742744
train	00742746
train	00742747
train	00742750
train	00742753
train	00742754
train	00742755
train	00742757
train	00742758
train	00742759
train	00742761
train	00742762
train	00742774
train	00742775
train	00742857
train	00742867
train	00742878
train	00742882
train	00742907
train	00742910
train	00742945
train	00742974
train	00742982
train	00742985
train	00742986
train	00742987
train	00742995
train	00742996
train	00742998
train	00742999
train	00743010
train	00743011
train	00743014
train	00743032
train	00743035
train	00743043
train	00743049
train	00743053
train	00743081
train	00743085
train	00743108
train	00743114
train	00743160
train	00743209
train	00743219
train	00743230
train	00743277
train	00743313
train	00743314
train	00743344
train	00743367
train	00743377
train	00743378
train	00743417
train	00743426
train	00743437
train	00743457
train	00743483
train	00743574
train	00743608
train	00743615
train	00743616
train	00743632
train	00743659
train	00743705
train	00743708
train	00743712
train	00743744
train	00743839
train	00743858
train	00743871
train	00743921
train	00743969
train	00743978
train	00743987
train	00743991
train	00744002
train	00744007
train	00744013
train	00744055
train	00744102
train	00744139
train	00744144
train	00744200
train	00744204
train	00744228
train	00744269
train	00744294
train	00744295
train	00744338
train	00744352
train	00744353
train	00744354
train	00744533
train	00744553
train	00744554
train	00744566
train	00744568
train	00744574
train	00744747
train	00744790
train	00744792
train	00744828
train	00744883
train	00744884
train	00744885
train	00744891
train	00744904
train	00744917
train	00744951
train	00744952
train	00744956
train	00744958
train	00744979
train	00744989
train	00745003
train	00745007
train	00745075
train	00745120
train	00745123
train	00745130
train	00745131
train	00745133
train	00745134
train	00745156
train	00745163
train	00745177
train	00745262
train	00745307
train	00745319
train	00745342
train	00745355
train	00745376
train	00745380
train	00745541
train	00745594
train	00745599
train	00745601
train	00745602
train	00745603
train	00745615
train	00745620
train	00745621
train	00745625
train	00745626
train	00745628
train	00745631
train	00745641
train	00745654
train	00745673
train	00745693
train	00745696
train	00745728
train	00745798
train	00745876
train	00745892
train	00745902
train	00745903
train	00745905
train	00745920
train	00745923
train	00746033
train	00746085
train	00746088
train	00746107
train	00746108
train	00746126
train	00746130
train	00746173
train	00746174
train	00746179
train	00746186
train	00746215
train	00746217
train	00746228
train	00746275
train	00746290
train	00746303
train	00746443
train	00746452
train	00746463
train	00746478
train	00746482
train	00746486
train	00746491
train	00746497
train	00746499
train	00746502
train	00746507
train	00746523
train	00746584
train	00746585
train	00746588
train	00746589
train	00746594
train	00746602
train	00746603
train	00746605
train	00746606
train	00746607
train	00746621
train	00746637
train	00746721
train	00746735
train	00746741
train	00746743
train	00746765
train	00746793
train	00746796
train	00746824
train	00746837
train	00746850
train	00746854
train	00746862
train	00746875
train	00746897
train	00746903
train	00746910
train	00746911
train	00746912
train	00746938
train	00746954
train	00746959
train	00746984
train	00746986
train	00746987
train	00746991
train	00746993
train	00746997
train	00747000
train	00747047
train	00747063
train	00747087
train	00747088
train	00747095
train	00747096
train	00747100
train	00747124
train	00747214
train	00747222
train	00747234
train	00747318
train	00747327
train	00747384
train	00747394
train	00747413
train	00747446
train	00747551
train	00747592
train	00747630
train	00747633
train	00747635
train	00747645
train	00747653
train	00747694
train	00747730
train	00747737
train	00748117
train	00748174
train	00748175
train	00748211
train	00748270
train	00748275
train	00748276
train	00748277
train	00748279
train	00748280
train	00748282
train	00748285
train	00748286
train	00748287
train	00748288
train	00748289
train	00748295
train	00748297
train	00748298
train	00748299
train	00748300
train	00748301
train	00748302
train	00748305
train	00748307
train	00748308
train	00748309
train	00748310
train	00748314
train	00748332
train	00748333
train	00748337
train	00748338
train	00748351
train	00748437
train	00748440
train	00748442
train	00748445
train	00748446
train	00748499
train	00748515
train	00748527
train	00748535
train	00748543
train	00748570
train	00748615
train	00748635
train	00748645
train	00748652
train	00748653
train	00748663
train	00748829
train	00748840
train	00748875
train	00748886
train	00748894
train	00748923
train	00748925
train	00748930
train	00748934
train	00748935
train	00748974
train	00748993
train	00749029
train	00749123
train	00749131
train	00749134
train	00749135
train	00749141
train	00749143
train	00749146
train	00749148
train	00749150
train	00749151
train	00749152
train	00749153
train	00749155
train	00749163
train	00749164
train	00749165
train	00749179
train	00749181
train	00749248
train	00749250
train	00749257
train	00749281
train	00749289
train	00749310
train	00749311
train	00749312
train	00749351
train	00749357
train	00749413
train	00749414
train	00749415
train	00749454
train	00749500
train	00749501
train	00749519
train	00749521
train	00749533
train	00749541
train	00749542
train	00749550
train	00749551
train	00749561
train	00749565
train	00749579
train	00749587
train	00749590
train	00749668
train	00749677
train	00749702
train	00749716
train	00749740
train	00749742
train	00749749
train	00749754
train	00749765
train	00749766
train	00749768
train	00749769
train	00749770
train	00749771
train	00749781
train	00749786
train	00749789
train	00749792
train	00749804
train	00749806
train	00749817
train	00749822
train	00749841
train	00749958
train	00749973
train	00750001
train	00750008
train	00750011
train	00750025
train	00750034
train	00750035
train	00750082
train	00750105
train	00750132
train	00750224
train	00750239
train	00750244
train	00750276
train	00750295
train	00750301
train	00750304
train	00750309
train	00750349
train	00750359
train	00750377
train	00750395
train	00750544
train	00750551
train	00750602
train	00750603
train	00750614
train	00750616
train	00750620
train	00750625
train	00750656
train	00750698
train	00750727
train	00750728
train	00750729
train	00750730
train	00750732
train	00750736
train	00750767
train	00750790
train	00750930
train	00750935
train	00750937
train	00750993
train	00751000
train	00751028
train	00751032
train	00751049
train	00751050
train	00751067
train	00751103
train	00751208
train	00751234
train	00751287
train	00751321
train	00751409
train	00751415
train	00751424
train	00751426
train	00751444
train	00751451
train	00751453
train	00751477
train	00751525
train	00751526
train	00751629
train	00751645
train	00751662
train	00751799
train	00751811
train	00751862
train	00751880
train	00751935
train	00751937
train	00751938
train	00751943
train	00751947
train	00751966
train	00752185
train	00752186
train	00752187
train	00752250
train	00752401
train	00752407
train	00752410
train	00752417
train	00752456
train	00752475
train	00752698
train	00752793
train	00752797
train	00752801
train	00752803
train	00752816
train	00752851
train	00752941
train	00752943
train	00752953
train	00752964
train	00752969
train	00752970
train	00752992
train	00753039
train	00753094
train	00753109
train	00753118
train	00753127
train	00753177
train	00753200
train	00753223
train	00753394
train	00753396
train	00753419
train	00753442
train	00753445
train	00753506
train	00753507
train	00753618
train	00753676
train	00753726
train	00753906
train	00753916
train	00753990
train	00753994
train	00754052
train	00754134
train	00754143
train	00754144
train	00754147
train	00754152
train	00754181
train	00754191
train	00754323
train	00754336
train	00754356
train	00754383
train	00754387
train	00754499
train	00754500
train	00754504
train	00754525
train	00754561
train	00754588
train	00754601
train	00754654
train	00754701
train	00754711
train	00754734
train	00754759
train	00754835
train	00754842
train	00754856
train	00754898
train	00754956
train	00754957
train	00754983
train	00754988
train	00754995
train	00754999
train	00755123
train	00755134
train	00755135
train	00755136
train	00755182
train	00755183
train	00755206
train	00755208
train	00755248
train	00755279
train	00755306
train	00755315
train	00755316
train	00755351
train	00755358
train	00755385
train	00755410
train	00755418
train	00755434
train	00755460
train	00755493
train	00755494
train	00755502
train	00755524
train	00755560
train	00755567
train	00755630
train	00755703
train	00755751
train	00755828
train	00755859
train	00755982
train	00755984
train	00755991
train	00755994
train	00755995
train	00756012
train	00756014
train	00756132
train	00756213
train	00756215
train	00756218
train	00756232
train	00756235
train	00756236
train	00756237
train	00756244
train	00756245
train	00756252
train	00756260
train	00756275
train	00756279
train	00756281
train	00756282
train	00756322
train	00756328
train	00756498
train	00756499
train	00756500
train	00756501
train	00756502
train	00756512
train	00756572
train	00756574
train	00756588
train	00756602
train	00756609
train	00756611
train	00756645
train	00756674
train	00756681
train	00756689
train	00756691
train	00756729
train	00756791
train	00756797
train	00756803
train	00756839
train	00756840
train	00756879
train	00756939
train	00756968
train	00756978
train	00756993
train	00756994
train	00757091
train	00757126
train	00757135
train	00757156
train	00757158
train	00757177
train	00757212
train	00757219
train	00757234
train	00757250
train	00757359
train	00757370
train	00757372
train	00757418
train	00757467
train	00757475
train	00757517
train	00757518
train	00757521
train	00757525
train	00757526
train	00757527
train	00757532
train	00757542
train	00757563
train	00757581
train	00757590
train	00757591
train	00757624
train	00757625
train	00757650
train	00757654
train	00757671
train	00757676
train	00757737
train	00757761
train	00757774
train	00757775
train	00757776
train	00757777
train	00757778
train	00757785
train	00757803
train	00757805
train	00757821
train	00757827
train	00757828
train	00757833
train	00757835
train	00757855
train	00757872
train	00757895
train	00757902
train	00757905
train	00757916
train	00757920
train	00758055
train	00758056
train	00758058
train	00758098
train	00758123
train	00758147
train	00758182
train	00758183
train	00758184
train	00758197
train	00758233
train	00758238
train	00758242
train	00758251
train	00758275
train	00758332
train	00758333
train	00758506
train	00758507
train	00758510
train	00758518
train	00758526
train	00758528
train	00758540
train	00758576
train	00758580
train	00758581
train	00758593
train	00758614
train	00758724
train	00758798
train	00758810
train	00758920
train	00758943
train	00758944
train	00758989
train	00759007
train	00759008
train	00759009
train	00759139
train	00759165
train	00759183
train	00759187
train	00759192
train	00759194
train	00759293
train	00759300
train	00759302
train	00759308
train	00759312
train	00759313
train	00759322
train	00759326
train	00759341
train	00759344
train	00759350
train	00759359
train	00759363
train	00759366
train	00759367
train	00759379
train	00759386
train	00759391
train	00759392
train	00759395
train	00759404
train	00759405
train	00759414
train	00759423
train	00759431
train	00759436
train	00759437
train	00759449
train	00759450
train	00759451
train	00759456
train	00759462
train	00759466
train	00759470
train	00759472
train	00759478
train	00759482
train	00759488
train	00759493
train	00759502
train	00759508
train	00759512
train	00759513
train	00759515
train	00759526
train	00759527
train	00759534
train	00759535
train	00759539
train	00759542
train	00759578
train	00759630
train	00759750
train	00759752
train	00759753
train	00759785
train	00759807
train	00759809
train	00759866
train	00759867
train	00759868
train	00759873
train	00759973
train	00759975
train	00760025
train	00760301
train	00760308
train	00760336
train	00760413
train	00760414
train	00760427
train	00760441
train	00760443
train	00760475
train	00760507
train	00760557
train	00760584
train	00760621
train	00760623
train	00760624
train	00760632
train	00760703
train	00760844
train	00760961
train	00761021
train	00761036
train	00761048
train	00761069
train	00761110
train	00761114
train	00761115
train	00761117
train	00761118
train	00761119
train	00761131
train	00761169
train	00761197
train	00761198
train	00761202
train	00761217
train	00761218
train	00761233
train	00761290
train	00761301
train	00761434
train	00761507
train	00761553
train	00761554
train	00761568
train	00761576
train	00761601
train	00761603
train	00761605
train	00761607
train	00761611
train	00761613
train	00761629
train	00761673
train	00761696
train	00761700
train	00761722
train	00761736
train	00761790
train	00761797
train	00761806
train	00761834
train	00761929
train	00761930
train	00761931
train	00761980
train	00761986
train	00761994
train	00762012
train	00762013
train	00762016
train	00762022
train	00762024
train	00762078
train	00762088
train	00762092
train	00762104
train	00762129
train	00762131
train	00762141
train	00762157
train	00762177
train	00762201
train	00762204
train	00762225
train	00762262
train	00762279
train	00762289
train	00762329
train	00762349
train	00762359
train	00762361
train	00762384
train	00762400
train	00762493
train	00762496
train	00762515
train	00762637
train	00762678
train	00762702
train	00762721
train	00762725
train	00762730
train	00762781
train	00762792
train	00762814
train	00762816
train	00762819
train	00762835
train	00762842
train	00762847
train	00762893
train	00762909
train	00762918
train	00762942
train	00762943
train	00762969
train	00762992
train	00763047
train	00763048
train	00763049
train	00763070
train	00763096
train	00763111
train	00763205
train	00763210
train	00763231
train	00763241
train	00763261
train	00763266
train	00763282
train	00763288
train	00763293
train	00763302
train	00763305
train	00763306
train	00763317
train	00763321
train	00763346
train	00763366
train	00763452
train	00763453
train	00763475
train	00763570
train	00763571
train	00763572
train	00763578
train	00763582
train	00763587
train	00763588
train	00763592
train	00763621
train	00763638
train	00763642
train	00763654
train	00763657
train	00763666
train	00763674
train	00763711
train	00763716
train	00763717
train	00763736
train	00763754
train	00763774
train	00763788
train	00763820
train	00763862
train	00763877
train	00763958
train	00763959
train	00763963
train	00763998
train	00764003
train	00764020
train	00764024
train	00764025
train	00764056
train	00764126
train	00764139
train	00764217
train	00764220
train	00764254
train	00764257
train	00764258
train	00764295
train	00764316
train	00764361
train	00764364
train	00764371
train	00764376
train	00764393
train	00764399
train	00764471
train	00764472
train	00764485
train	00764508
train	00764540
train	00764558
train	00764559
train	00764562
train	00764564
train	00764637
train	00764638
train	00764639
train	00764652
train	00764656
train	00764672
train	00764681
train	00764683
train	00764684
train	00764880
train	00764891
train	00764892
train	00764893
train	00764894
train	00764905
train	00764918
train	00764943
train	00764948
train	00764998
train	00765002
train	00765003
train	00765004
train	00765050
train	00765054
train	00765057
train	00765060
train	00765064
train	00765095
train	00765108
train	00765122
train	00765157
train	00765160
train	00765179
train	00765220
train	00765221
train	00765222
train	00765271
train	00765286
train	00765293
train	00765407
train	00765492
train	00765502
train	00765515
train	00765522
train	00765523
train	00765541
train	00765543
train	00765544
train	00765555
train	00765583
train	00765590
train	00765596
train	00765622
train	00765635
train	00765645
train	00765651
train	00765659
train	00765690
train	00765706
train	00765707
train	00765708
train	00765727
train	00765732
train	00765740
train	00765746
train	00765825
train	00765867
train	00765884
train	00765889
train	00765902
train	00765908
train	00765911
train	00765919
train	00765925
train	00765934
train	00765947
train	00765948
train	00765976
train	00765981
train	00765985
train	00766039
train	00766044
train	00766085
train	00766086
train	00766102
train	00766104
train	00766120
train	00766134
train	00766140
train	00766164
train	00766198
train	00766218
train	00766221
train	00766235
train	00766248
train	00766291
train	00766292
train	00766307
train	00766318
train	00766322
train	00766351
train	00766433
train	00766484
train	00766491
train	00766498
train	00766499
train	00766541
train	00766580
train	00766581
train	00766627
train	00766628
train	00766644
train	00766647
train	00766715
train	00766721
train	00766727
train	00766739
train	00766749
train	00766754
train	00766846
train	00766875
train	00766882
train	00766979
train	00766985
train	00767217
train	00767233
train	00767244
train	00767251
train	00767265
train	00767266
train	00767267
train	00767268
train	00767269
train	00767277
train	00767380
train	00767384
train	00767399
train	00767411
train	00767433
train	00767449
train	00767468
train	00767534
train	00767545
train	00767575
train	00767592
train	00767615
train	00767622
train	00767656
train	00767657
train	00767820
train	00767827
train	00767831
train	00767881
train	00767910
train	00767912
train	00767913
train	00767914
train	00767920
train	00767922
train	00767923
train	00767926
train	00767979
train	00767980
train	00767990
train	00767993
train	00767994
train	00768022
train	00768119
train	00768229
train	00768274
train	00768301
train	00768302
train	00768303
train	00768316
train	00768317
train	00768323
train	00768351
train	00768371
train	00768372
train	00768374
train	00768381
train	00768403
train	00768408
train	00768409
train	00768410
train	00768423
train	00768482
train	00768485
train	00768517
train	00768568
train	00768579
train	00768582
train	00768583
train	00768586
train	00768631
train	00768682
train	00768710
train	00768738
train	00768774
train	00768783
train	00768810
train	00768892
train	00768974
train	00769021
train	00769060
train	00769124
train	00769292
train	00769295
train	00769314
train	00769338
train	00769347
train	00769357
train	00769434
train	00769439
train	00769466
train	00769472
train	00769491
train	00769531
train	00769532
train	00769556
train	00769606
train	00769614
train	00769657
train	00769659
train	00769663
train	00769666
train	00769678
train	00769690
train	00769717
train	00769733
train	00769778
train	00769782
train	00769787
train	00769811
train	00769825
train	00769877
train	00769888
train	00769914
train	00769916
train	00769922
train	00769923
train	00769948
train	00769966
train	00769974
train	00769995
train	00770009
train	00770041
train	00770081
train	00770152
train	00770153
train	00770154
train	00770155
train	00770176
train	00770198
train	00770200
train	00770324
train	00770336
train	00770353
train	00770354
train	00770383
train	00770397
train	00770422
train	00770424
train	00770503
train	00770517
train	00770539
train	00770552
train	00770554
train	00770655
train	00770679
train	00770727
train	00770761
train	00770810
train	00770811
train	00770813
train	00770853
train	00770872
train	00770883
train	00770924
train	00770974
train	00770975
train	00770977
train	00771003
train	00771056
train	00771060
train	00771062
train	00771065
train	00771129
train	00771131
train	00771132
train	00771142
train	00771145
train	00771174
train	00771175
train	00771193
train	00771220
train	00771221
train	00771223
train	00771259
train	00771268
train	00771451
train	00771555
train	00771584
train	00771599
train	00771638
train	00771649
train	00771650
train	00771665
train	00771707
train	00771802
train	00771817
train	00771863
train	00771983
train	00771986
train	00771995
train	00772010
train	00772019
train	00772058
train	00772080
train	00772094
train	00772095
train	00772110
train	00772111
train	00772126
train	00772130
train	00772140
train	00772141
train	00772142
train	00772156
train	00772184
train	00772191
train	00772197
train	00772200
train	00772209
train	00772351
train	00772354
train	00772357
train	00772361
train	00772373
train	00772377
train	00772383
train	00772385
train	00772389
train	00772425
train	00772433
train	00772453
train	00772463
train	00772478
train	00772538
train	00772557
train	00772574
train	00772575
train	00772582
train	00772601
train	00772616
train	00772617
train	00772623
train	00772625
train	00772636
train	00772637
train	00772645
train	00772702
train	00772758
train	00772857
train	00772859
train	00772860
train	00772865
train	00772880
train	00772914
train	00772917
train	00772950
train	00772962
train	00772968
train	00772979
train	00772992
train	00772996
train	00772997
train	00772998
train	00773000
train	00773002
train	00773007
train	00773008
train	00773010
train	00773016
train	00773060
train	00773071
train	00773093
train	00773099
train	00773117
train	00773155
train	00773161
train	00773191
train	00773212
train	00773238
train	00773275
train	00773372
train	00773387
train	00773398
train	00773410
train	00773413
train	00773423
train	00773432
train	00773469
train	00773475
train	00773478
train	00773480
train	00773534
train	00773536
train	00773548
train	00773562
train	00773568
train	00773597
train	00773639
train	00773701
train	00773715
train	00773716
train	00773740
train	00773744
train	00773867
train	00773870
train	00773886
train	00773901
train	00773919
train	00773942
train	00773978
train	00774016
train	00774044
train	00774216
train	00774224
train	00774234
train	00774251
train	00774260
train	00774261
train	00774337
train	00774343
train	00774407
train	00774550
train	00774561
train	00774617
train	00774652
train	00774655
train	00774667
train	00774714
train	00774719
train	00774723
train	00774745
train	00774769
train	00774902
train	00774904
train	00774936
train	00775082
train	00775127
train	00775128
train	00775138
train	00775205
train	00775272
train	00775277
train	00775316
train	00775486
train	00775504
train	00775545
train	00775547
train	00775591
train	00775609
train	00775633
train	00775636
train	00775650
train	00775671
train	00775672
train	00775683
train	00775694
train	00775698
train	00775699
train	00775772
train	00775788
train	00775805
train	00775806
train	00775860
train	00775892
train	00775916
train	00775928
train	00775929
train	00775964
train	00776027
train	00776069
train	00776071
train	00776211
train	00776331
train	00776358
train	00776504
train	00776826
train	00776828
train	00776830
train	00776832
train	00776833
train	00776836
train	00776842
train	00776843
train	00776845
train	00776850
train	00776851
train	00776853
train	00776854
train	00776856
train	00776858
train	00776860
train	00776896
train	00776906
train	00776907
train	00776909
train	00776912
train	00776915
train	00776916
train	00776980
train	00777023
train	00777032
train	00777046
train	00777047
train	00777093
train	00777116
train	00777120
train	00777124
train	00777193
train	00777232
train	00777236
train	00777256
train	00777257
train	00777276
train	00777283
train	00777309
train	00777312
train	00777313
train	00777316
train	00777385
train	00777387
train	00777406
train	00777424
train	00777427
train	00777451
train	00777504
train	00777506
train	00777558
train	00777559
train	00777565
train	00777566
train	00777567
train	00777596
train	00777620
train	00777622
train	00777623
train	00777660
train	00777858
train	00777865
train	00777901
train	00778037
train	00778116
train	00778146
train	00778154
train	00778284
train	00778358
train	00778368
train	00778370
train	00778406
train	00778426
train	00778442
train	00778447
train	00778493
train	00778536
train	00778537
train	00778539
train	00778546
train	00778556
train	00778711
train	00778758
train	00778767
train	00778808
train	00778809
train	00778811
train	00778812
train	00778820
train	00778834
train	00778856
train	00778860
train	00778863
train	00778892
train	00778899
train	00778900
train	00778905
train	00779051
train	00779058
train	00779075
train	00779098
train	00779106
train	00779109
train	00779117
train	00779134
train	00779148
train	00779171
train	00779190
train	00779195
train	00779200
train	00779201
train	00779235
train	00779243
train	00779254
train	00779266
train	00779273
train	00779280
train	00779281
train	00779285
train	00779292
train	00779297
train	00779298
train	00779301
train	00779305
train	00779307
train	00779312
train	00779314
train	00779316
train	00779322
train	00779331
train	00779333
train	00779365
train	00779366
train	00779367
train	00779368
train	00779370
train	00779376
train	00779384
train	00779394
train	00779395
train	00779399
train	00779400
train	00779402
train	00779403
train	00779405
train	00779407
train	00779409
train	00779410
train	00779411
train	00779412
train	00779413
train	00779415
train	00779417
train	00779419
train	00779433
train	00779439
train	00779451
train	00779539
train	00779566
train	00779739
train	00779766
train	00779767
train	00779784
train	00779785
train	00779836
train	00779863
train	00779871
train	00779875
train	00779937
train	00779942
train	00779947
train	00779973
train	00779974
train	00780005
train	00780007
train	00780080
train	00780103
train	00780105
train	00780106
train	00780135
train	00780252
train	00780289
train	00780350
train	00780366
train	00780367
train	00780368
train	00780370
train	00780387
train	00780388
train	00780399
train	00780411
train	00780435
train	00780440
train	00780525
train	00780533
train	00780560
train	00780575
train	00780582
train	00780590
train	00780592
train	00780641
train	00780648
train	00780649
train	00780650
train	00780651
train	00780654
train	00780656
train	00780663
train	00780676
train	00780734
train	00780750
train	00780774
train	00780805
train	00780838
train	00780840
train	00780859
train	00780860
train	00780863
train	00780865
train	00780867
train	00780878
train	00780967
train	00780976
train	00780979
train	00781022
train	00781090
train	00781091
train	00781115
train	00781141
train	00781333
train	00781345
train	00781375
train	00781376
train	00781382
train	00781386
train	00781393
train	00781396
train	00781419
train	00781480
train	00781481
train	00781502
train	00781504
train	00781505
train	00781516
train	00781517
train	00781590
train	00781610
train	00781623
train	00781627
train	00781631
train	00781657
train	00781734
train	00781759
train	00781768
train	00781786
train	00781804
train	00781824
train	00781869
train	00781987
train	00782071
train	00782073
train	00782089
train	00782109
train	00782112
train	00782156
train	00782270
train	00782275
train	00782307
train	00782308
train	00782322
train	00782323
train	00782325
train	00782339
train	00782570
train	00782571
train	00782577
train	00782579
train	00782582
train	00782589
train	00782726
train	00782737
train	00782864
train	00782866
train	00782888
train	00782922
train	00782937
train	00783007
train	00783035
train	00783036
train	00783058
train	00783096
train	00783147
train	00783181
train	00783216
train	00783220
train	00783221
train	00783237
train	00783298
train	00783304
train	00783306
train	00783307
train	00783310
train	00783311
train	00783312
train	00783317
train	00783339
train	00783351
train	00783425
train	00783426
train	00783443
train	00783446
train	00783450
train	00783481
train	00783497
train	00783499
train	00783506
train	00783507
train	00783517
train	00783520
train	00783522
train	00783537
train	00783561
train	00783563
train	00783573
train	00783574
train	00783578
train	00783586
train	00783613
train	00783628
train	00783645
train	00783651
train	00783653
train	00783660
train	00783702
train	00783705
train	00783730
train	00783740
train	00783804
train	00783806
train	00783810
train	00783817
train	00783818
train	00783822
train	00783833
train	00783852
train	00783864
train	00783928
train	00783940
train	00783945
train	00783952
train	00783954
train	00783955
train	00783956
train	00783993
train	00784029
train	00784117
train	00784197
train	00784214
train	00784227
train	00784245
train	00784246
train	00784247
train	00784263
train	00784291
train	00784329
train	00784342
train	00784381
train	00784395
train	00784419
train	00784452
train	00784464
train	00784472
train	00784485
train	00784510
train	00784520
train	00784566
train	00784571
train	00784721
train	00784780
train	00784786
train	00784788
train	00784790
train	00784791
train	00784792
train	00784793
train	00784795
train	00784797
train	00784799
train	00784802
train	00784809
train	00784813
train	00784835
train	00784837
train	00784838
train	00784839
train	00784841
train	00784842
train	00784843
train	00784850
train	00784870
train	00784889
train	00784920
train	00784925
train	00784969
train	00784970
train	00784978
train	00784988
train	00785010
train	00785013
train	00785019
train	00785078
train	00785098
train	00785102
train	00785106
train	00785107
train	00785108
train	00785119
train	00785124
train	00785125
train	00785129
train	00785214
train	00785215
train	00785285
train	00785296
train	00785298
train	00785353
train	00785360
train	00785361
train	00785363
train	00785370
train	00785507
train	00785514
train	00785517
train	00785521
train	00785524
train	00785562
train	00785579
train	00785580
train	00785581
train	00785683
train	00785706
train	00785715
train	00785728
train	00785739
train	00785767
train	00785795
train	00785817
train	00785824
train	00785847
train	00785850
train	00785858
train	00785870
train	00785871
train	00785900
train	00785915
train	00785916
train	00785919
train	00785926
train	00785992
train	00785995
train	00786089
train	00786103
train	00786107
train	00786130
train	00786145
train	00786198
train	00786244
train	00786248
train	00786269
train	00786274
train	00786291
train	00786313
train	00786354
train	00786373
train	00786381
train	00786399
train	00786474
train	00786481
train	00786491
train	00786506
train	00786507
train	00786513
train	00786527
train	00786542
train	00786553
train	00786679
train	00786726
train	00786759
train	00786760
train	00786866
train	00786876
train	00786987
train	00787050
train	00787075
train	00787086
train	00787111
train	00787117
train	00787129
train	00787131
train	00787174
train	00787175
train	00787176
train	00787181
train	00787204
train	00787211
train	00787214
train	00787215
train	00787216
train	00787239
train	00787240
train	00787268
train	00787269
train	00787272
train	00787293
train	00787296
train	00787306
train	00787320
train	00787321
train	00787327
train	00787361
train	00787363
train	00787366
train	00787395
train	00787401
train	00787413
train	00787414
train	00787419
train	00787458
train	00787459
train	00787464
train	00787465
train	00787473
train	00787531
train	00787568
train	00787581
train	00787585
train	00787586
train	00787597
train	00787599
train	00787602
train	00787604
train	00787610
train	00787612
train	00787614
train	00787616
train	00787617
train	00787623
train	00787626
train	00787633
train	00787634
train	00787635
train	00787646
train	00787654
train	00787655
train	00787694
train	00787727
train	00787751
train	00787756
train	00787784
train	00787804
train	00787822
train	00787848
train	00787872
train	00787874
train	00787876
train	00787895
train	00787896
train	00787937
train	00787940
train	00787960
train	00788014
train	00788025
train	00788026
train	00788027
train	00788050
train	00788089
train	00788118
train	00788125
train	00788127
train	00788128
train	00788144
train	00788146
train	00788147
train	00788170
train	00788217
train	00788223
train	00788254
train	00788266
train	00788274
train	00788276
train	00788277
train	00788281
train	00788285
train	00788286
train	00788299
train	00788312
train	00788313
train	00788314
train	00788320
train	00788399
train	00788402
train	00788425
train	00788445
train	00788447
train	00788570
train	00788576
train	00788577
train	00788606
train	00788648
train	00788673
train	00788676
train	00788677
train	00788680
train	00788753
train	00788785
train	00788791
train	00788796
train	00788859
train	00788870
train	00788900
train	00788905
train	00788928
train	00788930
train	00788936
train	00788957
train	00788959
train	00788970
train	00788990
train	00789027
train	00789028
train	00789070
train	00789075
train	00789138
train	00789139
train	00789140
train	00789141
train	00789158
train	00789251
train	00789254
train	00789256
train	00789257
train	00789263
train	00789315
train	00789326
train	00789342
train	00789351
train	00789357
train	00789381
train	00789412
train	00789437
train	00789488
train	00789499
train	00789510
train	00789511
train	00789517
train	00789565
train	00789668
train	00789669
train	00789670
train	00789687
train	00789690
train	00789692
train	00789694
train	00789725
train	00789726
train	00789730
train	00789754
train	00789779
train	00789787
train	00789805
train	00789807
train	00789808
train	00789814
train	00789850
train	00789912
train	00789917
train	00789974
train	00789977
train	00789979
train	00789980
train	00790045
train	00790049
train	00790060
train	00790075
train	00790100
train	00790116
train	00790126
train	00790176
train	00790177
train	00790201
train	00790224
train	00790225
train	00790228
train	00790229
train	00790250
train	00790251
train	00790268
train	00790270
train	00790291
train	00790303
train	00790324
train	00790331
train	00790332
train	00790335
train	00790336
train	00790342
train	00790346
train	00790347
train	00790352
train	00790354
train	00790390
train	00790414
train	00790417
train	00790425
train	00790426
train	00790429
train	00790546
train	00790590
train	00790597
train	00790599
train	00790606
train	00790609
train	00790621
train	00790622
train	00790623
train	00790626
train	00790627
train	00790633
train	00790634
train	00790655
train	00790659
train	00790667
train	00790669
train	00790674
train	00790678
train	00790680
train	00790697
train	00790700
train	00790701
train	00790707
train	00790763
train	00790766
train	00790767
train	00790770
train	00790771
train	00790772
train	00790793
train	00790810
train	00790827
train	00790862
train	00790876
train	00790898
train	00790957
train	00790964
train	00790979
train	00791002
train	00791019
train	00791020
train	00791051
train	00791052
train	00791053
train	00791062
train	00791067
train	00791071
train	00791072
train	00791073
train	00791084
train	00791089
train	00791101
train	00791105
train	00791121
train	00791135
train	00791142
train	00791158
train	00791166
train	00791171
train	00791184
train	00791191
train	00791193
train	00791197
train	00791200
train	00791211
train	00791234
train	00791253
train	00791258
train	00791259
train	00791266
train	00791268
train	00791269
train	00791270
train	00791277
train	00791278
train	00791280
train	00791282
train	00791303
train	00791311
train	00791313
train	00791316
train	00791319
train	00791320
train	00791325
train	00791326
train	00791327
train	00791353
train	00791380
train	00791382
train	00791387
train	00791394
train	00791419
train	00791420
train	00791423
train	00791430
train	00791450
train	00791504
train	00791542
train	00791545
train	00791550
train	00791607
train	00791611
train	00791612
train	00791613
train	00791618
train	00791623
train	00791661
train	00791761
train	00791778
train	00791780
train	00791782
train	00791783
train	00791786
train	00791791
train	00791799
train	00791826
train	00791835
train	00791889
train	00791908
train	00791952
train	00791956
train	00791957
train	00791963
train	00791977
train	00792045
train	00792077
train	00792137
train	00792159
train	00792167
train	00792170
train	00792204
train	00792220
train	00792223
train	00792224
train	00792245
train	00792254
train	00792270
train	00792305
train	00792343
train	00792435
train	00792490
train	00792559
train	00792577
train	00792593
train	00792597
train	00792672
train	00792692
train	00792795
train	00792816
train	00792836
train	00792840
train	00792846
train	00792849
train	00792850
train	00792852
train	00792853
train	00792857
train	00792889
train	00792893
train	00792894
train	00792896
train	00792931
train	00792993
train	00793062
train	00793086
train	00793126
train	00793127
train	00793144
train	00793145
train	00793147
train	00793209
train	00793214
train	00793250
train	00793280
train	00793313
train	00793370
train	00793374
train	00793432
train	00793452
train	00793458
train	00793516
train	00793522
train	00793535
train	00793538
train	00793539
train	00793555
train	00793569
train	00793588
train	00793612
train	00793613
train	00793623
train	00793651
train	00793696
train	00793716
train	00793722
train	00793725
train	00793727
train	00793729
train	00793732
train	00793742
train	00793744
train	00793746
train	00793760
train	00793792
train	00793822
train	00793903
train	00794012
train	00794027
train	00794032
train	00794048
train	00794050
train	00794076
train	00794077
train	00794097
train	00794111
train	00794116
train	00794154
train	00794172
train	00794178
train	00794179
train	00794180
train	00794192
train	00794197
train	00794198
train	00794239
train	00794241
train	00794279
train	00794331
train	00794347
train	00794363
train	00794364
train	00794365
train	00794366
train	00794374
train	00794375
train	00794410
train	00794453
train	00794479
train	00794513
train	00794532
train	00794566
train	00794575
train	00794585
train	00794592
train	00794596
train	00794607
train	00794641
train	00794649
train	00794667
train	00794686
train	00794704
train	00794713
train	00794757
train	00794782
train	00794866
train	00794872
train	00794915
train	00795033
train	00795035
train	00795043
train	00795063
train	00795064
train	00795065
train	00795088
train	00795097
train	00795102
train	00795113
train	00795115
train	00795134
train	00795142
train	00795147
train	00795148
train	00795149
train	00795151
train	00795180
train	00795232
train	00795246
train	00795260
train	00795275
train	00795278
train	00795297
train	00795328
train	00795330
train	00795391
train	00795445
train	00795447
train	00795452
train	00795453
train	00795455
train	00795460
train	00795479
train	00795658
train	00795685
train	00795738
train	00795739
train	00795741
train	00795746
train	00795751
train	00795757
train	00795781
train	00795805
train	00795846
train	00795860
train	00795885
train	00795923
train	00795934
train	00796077
train	00796199
train	00796202
train	00796203
train	00796204
train	00796212
train	00796226
train	00796227
train	00796286
train	00796290
train	00796363
train	00796372
train	00796391
train	00796392
train	00796456
train	00796460
train	00796481
train	00796498
train	00796499
train	00796573
train	00796579
train	00796581
train	00796708
train	00796732
train	00796747
train	00796753
train	00796754
train	00796778
train	00796787
train	00796833
train	00796835
train	00796836
train	00796837
train	00796838
train	00796839
train	00796840
train	00796858
train	00796859
train	00796872
train	00796910
train	00796915
train	00796919
train	00796939
train	00796947
train	00796970
train	00797000
train	00797024
train	00797142
train	00797184
train	00797243
train	00797264
train	00797290
train	00797333
train	00797375
train	00797426
train	00797433
train	00797436
train	00797437
train	00797440
train	00797446
train	00797447
train	00797457
train	00797476
train	00797478
train	00797481
train	00797494
train	00797500
train	00797505
train	00797512
train	00797515
train	00797524
train	00797526
train	00797612
train	00797643
train	00797696
train	00797722
train	00797730
train	00797732
train	00797751
train	00797755
train	00797781
train	00797787
train	00797803
train	00797809
train	00797852
train	00797853
train	00797869
train	00797872
train	00797880
train	00797883
train	00797884
train	00797886
train	00797898
train	00797899
train	00797901
train	00797913
train	00798035
train	00798215
train	00798216
train	00798349
train	00798398
train	00798475
train	00798485
train	00798501
train	00798502
train	00798503
train	00798506
train	00798507
train	00798508
train	00798509
train	00798510
train	00798567
train	00798620
train	00798624
train	00798638
train	00798685
train	00798691
train	00798695
train	00798702
train	00798759
train	00798810
train	00798845
train	00798873
train	00798925
train	00798928
train	00798931
train	00798950
train	00798990
train	00799006
train	00799012
train	00799016
train	00799023
train	00799025
train	00799050
train	00799142
train	00799161
train	00799169
train	00799170
train	00799214
train	00799225
train	00799260
train	00799266
train	00799297
train	00799299
train	00799346
train	00799348
train	00799362
train	00799408
train	00799428
train	00799464
train	00799470
train	00799586
train	00799596
train	00799597
train	00799620
train	00799761
train	00799763
train	00799805
train	00799809
train	00799818
train	00799824
train	00799847
train	00799853
train	00799854
train	00799900
train	00800012
train	00800020
train	00800094
train	00800167
train	00800209
train	00800212
train	00800292
train	00800306
train	00800312
train	00800377
train	00800380
train	00800381
train	00800383
train	00800388
train	00800392
train	00800393
train	00800396
train	00800406
train	00800408
train	00800423
train	00800465
train	00800484
train	00800486
train	00800487
train	00800560
train	00800580
train	00800605
train	00800609
train	00800634
train	00800650
train	00800653
train	00800657
train	00800662
train	00800737
train	00800745
train	00800789
train	00800807
train	00800811
train	00800816
train	00800826
train	00800843
train	00800856
train	00800942
train	00800943
train	00800954
train	00800957
train	00800975
train	00800980
train	00800983
train	00800986
train	00800992
train	00800995
train	00800998
train	00801007
train	00801010
train	00801022
train	00801032
train	00801073
train	00801077
train	00801081
train	00801097
train	00801102
train	00801106
train	00801154
train	00801176
train	00801180
train	00801196
train	00801201
train	00801205
train	00801214
train	00801224
train	00801239
train	00801258
train	00801268
train	00801274
train	00801282
train	00801284
train	00801287
train	00801322
train	00801328
train	00801334
train	00801356
train	00801377
train	00801379
train	00801382
train	00801392
train	00801398
train	00801406
train	00801430
train	00801432
train	00801518
train	00801725
train	00801750
train	00801754
train	00801770
train	00801781
train	00801797
train	00801799
train	00801826
train	00801876
train	00801901
train	00801925
train	00801944
train	00802052
train	00802061
train	00802062
train	00802063
train	00802187
train	00802266
train	00802283
train	00802307
train	00802316
train	00802350
train	00802365
train	00802388
train	00802401
train	00802408
train	00802456
train	00802465
train	00802466
train	00802475
train	00802510
train	00802516
train	00802547
train	00802550
train	00802555
train	00802561
train	00802562
train	00802568
train	00802651
train	00802696
train	00802746
train	00802748
train	00802753
train	00802762
train	00802807
train	00803066
train	00803077
train	00803092
train	00803103
train	00803107
train	00803133
train	00803145
train	00803156
train	00803196
train	00803282
train	00803294
train	00803295
train	00803325
train	00803327
train	00803339
train	00803350
train	00803351
train	00803354
train	00803359
train	00803372
train	00803386
train	00803390
train	00803393
train	00803394
train	00803403
train	00803406
train	00803421
train	00803457
train	00803459
train	00803463
train	00803464
train	00803473
train	00803499
train	00803501
train	00803505
train	00803518
train	00803527
train	00803528
train	00803532
train	00803542
train	00803593
train	00803605
train	00803624
train	00803656
train	00803666
train	00803683
train	00803788
train	00803789
train	00803939
train	00804008
train	00804010
train	00804025
train	00804054
train	00804059
train	00804067
train	00804069
train	00804077
train	00804079
train	00804081
train	00804087
train	00804209
train	00804226
train	00804229
train	00804231
train	00804236
train	00804238
train	00804286
train	00804305
train	00804325
train	00804427
train	00804471
train	00804472
train	00804516
train	00804531
train	00804592
train	00804597
train	00804620
train	00804647
train	00804657
train	00804674
train	00804696
train	00804945
train	00804957
train	00804973
train	00805024
train	00805055
train	00805088
train	00805100
train	00805101
train	00805102
train	00805106
train	00805111
train	00805268
train	00805333
train	00805339
train	00805369
train	00805419
train	00805420
train	00805421
train	00805422
train	00805423
train	00805460
train	00805462
train	00805464
train	00805598
train	00805600
train	00805614
train	00805618
train	00805689
train	00805761
train	00805783
train	00805848
train	00805859
train	00806145
train	00806147
train	00806189
train	00806281
train	00806359
train	00806360
train	00806396
train	00806399
train	00806415
train	00806593
train	00806600
train	00806602
train	00806604
train	00806608
train	00806643
train	00806677
train	00806746
train	00806751
train	00806791
train	00806795
train	00806799
train	00806800
train	00806802
train	00806832
train	00806858
train	00806867
train	00806877
train	00806882
train	00806888
train	00806889
train	00806890
train	00806905
train	00806917
train	00806920
train	00806921
train	00806922
train	00806923
train	00806947
train	00806984
train	00807026
train	00807100
train	00807109
train	00807130
train	00807163
train	00807187
train	00807206
train	00807207
train	00807219
train	00807277
train	00807288
train	00807306
train	00807335
train	00807358
train	00807367
train	00807421
train	00807454
train	00807455
train	00807458
train	00807468
train	00807602
train	00807621
train	00807633
train	00807634
train	00807672
train	00807676
train	00807678
train	00807680
train	00807684
train	00807685
train	00807735
train	00807743
train	00807761
train	00807846
train	00807878
train	00807891
train	00807894
train	00807897
train	00807911
train	00807915
train	00807951
train	00807956
train	00807962
train	00807967
train	00807969
train	00807972
train	00807990
train	00807994
train	00808025
train	00808026
train	00808027
train	00808052
train	00808073
train	00808098
train	00808111
train	00808121
train	00808213
train	00808248
train	00808254
train	00808272
train	00808280
train	00808291
train	00808320
train	00808333
train	00808335
train	00808344
train	00808345
train	00808346
train	00808356
train	00808368
train	00808369
train	00808381
train	00808389
train	00808498
train	00808508
train	00808519
train	00808521
train	00808549
train	00808570
train	00808585
train	00808589
train	00808596
train	00808603
train	00808616
train	00808629
train	00808636
train	00808652
train	00808665
train	00808765
train	00808801
train	00808816
train	00808826
train	00808828
train	00808837
train	00808840
train	00808850
train	00808856
train	00808865
train	00808866
train	00808910
train	00808976
train	00808998
train	00809004
train	00809160
train	00809175
train	00809195
train	00809200
train	00809201
train	00809217
train	00809224
train	00809236
train	00809325
train	00809394
train	00809488
train	00809514
train	00809558
train	00809580
train	00809581
train	00809585
train	00809671
train	00809674
train	00809678
train	00809679
train	00809688
train	00809699
train	00809702
train	00809708
train	00809734
train	00809743
train	00809799
train	00809801
train	00809810
train	00809816
train	00809829
train	00809834
train	00809838
train	00809845
train	00809945
train	00809964
train	00810140
train	00810142
train	00810170
train	00810171
train	00810174
train	00810203
train	00810243
train	00810395
train	00810398
train	00810419
train	00810521
train	00810555
train	00810558
train	00810666
train	00810672
train	00810676
train	00810677
train	00810678
train	00810683
train	00810689
train	00810723
train	00810757
train	00810813
train	00810819
train	00810824
train	00810852
train	00810856
train	00810857
train	00810875
train	00810923
train	00810979
train	00810993
train	00810999
train	00811013
train	00811072
train	00811093
train	00811116
train	00811122
train	00811123
train	00811125
train	00811181
train	00811188
train	00811222
train	00811234
train	00811250
train	00811255
train	00811256
train	00811270
train	00811281
train	00811303
train	00811306
train	00811314
train	00811318
train	00811331
train	00811354
train	00811357
train	00811363
train	00811374
train	00811376
train	00811460
train	00811473
train	00811475
train	00811499
train	00811509
train	00811514
train	00811528
train	00811529
train	00811559
train	00811570
train	00811613
train	00811614
train	00811625
train	00811648
train	00811655
train	00811731
train	00811732
train	00811733
train	00811751
train	00811767
train	00811776
train	00811785
train	00811786
train	00811809
train	00811826
train	00811870
train	00811874
train	00811924
train	00811935
train	00812027
train	00812028
train	00812032
train	00812040
train	00812141
train	00812225
train	00812293
train	00812318
train	00812323
train	00812324
train	00812329
train	00812372
train	00812383
train	00812386
train	00812441
train	00812476
train	00812483
train	00812502
train	00812512
train	00812528
train	00812533
train	00812558
train	00812583
train	00812594
train	00812650
train	00812659
train	00812685
train	00812737
train	00812738
train	00812756
train	00812759
train	00812768
train	00812815
train	00812829
train	00812836
train	00812855
train	00812902
train	00812960
train	00812963
train	00813026
train	00813093
train	00813391
train	00813394
train	00813396
train	00813456
train	00813503
train	00813594
train	00813603
train	00813605
train	00813620
train	00813688
train	00813697
train	00813717
train	00813725
train	00813922
train	00813959
train	00813964
train	00814041
train	00814043
train	00814049
train	00814065
train	00814078
train	00814082
train	00814107
train	00814108
train	00814168
train	00814171
train	00814178
train	00814185
train	00814222
train	00814224
train	00814225
train	00814226
train	00814234
train	00814237
train	00814261
train	00814303
train	00814304
train	00814305
train	00814306
train	00814307
train	00814366
train	00814375
train	00814407
train	00814411
train	00814422
train	00814426
train	00814429
train	00814462
train	00814463
train	00814464
train	00814465
train	00814466
train	00814467
train	00814488
train	00814514
train	00814634
train	00814636
train	00814658
train	00814670
train	00814672
train	00814679
train	00814682
train	00814693
train	00814698
train	00814714
train	00814718
train	00814724
train	00814747
train	00814752
train	00814760
train	00814826
train	00814831
train	00814837
train	00814838
train	00814839
train	00814841
train	00814845
train	00814849
train	00814892
train	00815043
train	00815067
train	00815101
train	00815148
train	00815192
train	00815204
train	00815218
train	00815224
train	00815264
train	00815312
train	00815323
train	00815337
train	00815340
train	00815403
train	00815405
train	00815433
train	00815497
train	00815513
train	00815780
train	00815793
train	00815797
train	00815829
train	00815855
train	00815868
train	00815870
train	00815879
train	00815911
train	00815920
train	00815956
train	00815966
train	00816009
train	00816050
train	00816063
train	00816088
train	00816125
train	00816176
train	00816182
train	00816250
train	00816426
train	00816432
train	00816433
train	00816434
train	00816454
train	00816459
train	00816460
train	00816518
train	00816519
train	00816529
train	00816548
train	00816595
train	00816606
train	00816607
train	00816619
train	00816633
train	00816637
train	00816640
train	00816662
train	00816703
train	00816714
train	00816715
train	00816762
train	00816766
train	00816767
train	00816769
train	00816787
train	00816807
train	00816808
train	00816826
train	00816829
train	00816872
train	00816874
train	00816876
train	00816898
train	00816925
train	00816979
train	00817026
train	00817043
train	00817073
train	00817081
train	00817219
train	00817221
train	00817291
train	00817301
train	00817335
train	00817348
train	00817349
train	00817353
train	00817364
train	00817426
train	00817427
train	00817493
train	00817494
train	00817513
train	00817522
train	00817523
train	00817532
train	00817561
train	00817585
train	00817809
train	00817810
train	00817880
train	00817987
train	00818087
train	00818091
train	00818103
train	00818150
train	00818153
train	00818186
train	00818189
train	00818192
train	00818279
train	00818298
train	00818347
train	00818350
train	00818354
train	00818382
train	00818386
train	00818390
train	00818419
train	00818526
train	00818528
train	00818560
train	00818567
train	00818598
train	00818643
train	00818665
train	00818690
train	00818693
train	00818694
train	00818718
train	00818759
train	00818814
train	00818857
train	00818881
train	00818929
train	00818931
train	00819049
train	00819052
train	00819073
train	00819166
train	00819185
train	00819206
train	00819248
train	00819251
train	00819313
train	00819318
train	00819322
train	00819328
train	00819356
train	00819392
train	00819449
train	00819490
train	00819492
train	00819601
train	00819746
train	00819754
train	00819755
train	00819756
train	00819759
train	00819760
train	00819784
train	00819805
train	00819829
train	00819831
train	00819838
train	00819903
train	00820170
train	00820186
train	00820207
train	00820232
train	00820258
train	00820266
train	00820322
train	00820325
train	00820342
train	00820353
train	00820478
train	00820557
train	00820592
train	00820602
train	00820603
train	00820615
train	00820616
train	00820618
train	00820642
train	00820644
train	00820672
train	00820673
train	00820682
train	00820830
train	00820860
train	00820883
train	00820888
train	00820905
train	00820922
train	00821009
train	00821014
train	00821042
train	00821201
train	00821205
train	00821206
train	00821325
train	00821364
train	00821376
train	00821384
train	00821429
train	00821440
train	00821449
train	00821472
train	00821523
train	00821587
train	00821590
train	00821598
train	00821599
train	00821600
train	00821601
train	00821602
train	00821603
train	00821606
train	00821608
train	00821613
train	00821617
train	00821621
train	00821628
train	00821631
train	00821660
train	00821663
train	00821677
train	00821680
train	00821681
train	00821814
train	00821815
train	00821864
train	00821870
train	00821935
train	00821981
train	00821992
train	00822007
train	00822020
train	00822047
train	00822068
train	00822127
train	00822136
train	00822249
train	00822298
train	00822304
train	00822359
train	00822461
train	00822473
train	00822475
train	00822530
train	00822600
train	00822603
train	00822651
train	00822654
train	00822655
train	00822680
train	00822707
train	00822722
train	00822777
train	00822781
train	00822786
train	00822795
train	00822917
train	00822918
train	00822978
train	00823038
train	00823130
train	00823143
train	00823144
train	00823148
train	00823151
train	00823170
train	00823423
train	00823439
train	00823482
train	00823531
train	00823546
train	00823550
train	00823713
train	00823749
train	00823762
train	00823775
train	00823780
train	00823781
train	00823783
train	00823784
train	00823788
train	00823791
train	00823792
train	00823793
train	00823798
train	00823800
train	00823838
train	00823839
train	00823841
train	00823877
train	00823882
train	00823897
train	00823898
train	00823934
train	00823955
train	00823963
train	00823976
train	00823980
train	00824000
train	00824001
train	00824003
train	00824004
train	00824041
train	00824049
train	00824051
train	00824070
train	00824076
train	00824078
train	00824079
train	00824098
train	00824101
train	00824176
train	00824242
train	00824264
train	00824304
train	00824321
train	00824329
train	00824333
train	00824341
train	00824349
train	00824364
train	00824366
train	00824397
train	00824471
train	00824503
train	00824531
train	00824538
train	00824585
train	00824592
train	00824595
train	00824631
train	00824646
train	00824723
train	00824757
train	00824776
train	00824778
train	00824845
train	00824852
train	00824860
train	00824878
train	00824933
train	00824934
train	00824952
train	00824965
train	00824972
train	00825001
train	00825025
train	00825049
train	00825051
train	00825054
train	00825055
train	00825064
train	00825089
train	00825099
train	00825100
train	00825115
train	00825120
train	00825171
train	00825208
train	00825213
train	00825242
train	00825270
train	00825350
train	00825383
train	00825395
train	00825455
train	00825465
train	00825467
train	00825474
train	00825484
train	00825535
train	00825536
train	00825541
train	00825552
train	00825554
train	00825594
train	00825613
train	00825615
train	00825638
train	00825644
train	00825650
train	00825803
train	00825805
train	00825843
train	00825864
train	00825868
train	00825896
train	00825897
train	00825905
train	00825907
train	00825912
train	00825915
train	00825921
train	00825923
train	00825926
train	00825932
train	00825934
train	00825972
train	00825973
train	00825974
train	00826017
train	00826059
train	00826060
train	00826133
train	00826154
train	00826159
train	00826163
train	00826183
train	00826203
train	00826205
train	00826219
train	00826221
train	00826224
train	00826232
train	00826233
train	00826235
train	00826282
train	00826299
train	00826316
train	00826340
train	00826342
train	00826355
train	00826358
train	00826373
train	00826377
train	00826474
train	00826481
train	00826489
train	00826491
train	00826494
train	00826495
train	00826499
train	00826502
train	00826556
train	00826563
train	00826602
train	00826731
train	00826732
train	00826879
train	00826901
train	00826917
train	00826943
train	00827028
train	00827057
train	00827060
train	00827163
train	00827177
train	00827230
train	00827233
train	00827264
train	00827292
train	00827294
train	00827331
train	00827394
train	00827399
train	00827411
train	00827460
train	00827466
train	00827482
train	00827519
train	00827523
train	00827534
train	00827538
train	00827558
train	00827569
train	00827601
train	00827665
train	00827690
train	00827704
train	00827754
train	00827796
train	00827872
train	00827873
train	00827874
train	00827875
train	00827947
train	00827973
train	00828000
train	00828023
train	00828038
train	00828043
train	00828065
train	00828068
train	00828088
train	00828091
train	00828147
train	00828148
train	00828149
train	00828338
train	00828347
train	00828356
train	00828358
train	00828400
train	00828426
train	00828472
train	00828494
train	00828495
train	00828496
train	00828609
train	00828610
train	00828613
train	00828623
train	00828673
train	00828675
train	00828691
train	00828705
train	00828716
train	00828717
train	00828743
train	00828752
train	00828902
train	00828904
train	00828908
train	00828909
train	00828911
train	00829097
train	00829127
train	00829131
train	00829132
train	00829179
train	00829200
train	00829205
train	00829221
train	00829232
train	00829234
train	00829308
train	00829490
train	00829521
train	00829525
train	00829528
train	00829529
train	00829531
train	00829532
train	00829534
train	00829537
train	00829576
train	00829679
train	00829767
train	00829809
train	00829917
train	00829985
train	00830002
train	00830297
train	00830310
train	00830360
train	00830378
train	00830399
train	00830416
train	00830565
train	00830570
train	00830571
train	00830572
train	00830769
train	00830770
train	00830899
train	00830934
train	00830956
train	00830969
train	00830977
train	00830994
train	00831050
train	00831061
train	00831105
train	00831167
train	00831236
train	00831254
train	00831261
train	00831265
train	00831272
train	00831277
train	00831311
train	00831330
train	00831349
train	00831397
train	00831430
train	00831470
train	00831475
train	00831497
train	00831519
train	00831551
train	00831596
train	00831617
train	00831623
train	00831627
train	00831646
train	00831703
train	00831712
train	00831717
train	00831760
train	00831767
train	00831769
train	00831770
train	00831773
train	00831775
train	00831784
train	00831801
train	00832028
train	00832099
train	00832101
train	00832147
train	00832153
train	00832162
train	00832172
train	00832188
train	00832252
train	00832256
train	00832355
train	00832359
train	00832460
train	00832469
train	00832474
train	00832475
train	00832497
train	00832505
train	00832511
train	00832518
train	00832534
train	00832536
train	00832546
train	00832571
train	00832575
train	00832576
train	00832579
train	00832695
train	00832704
train	00832731
train	00832777
train	00832816
train	00832817
train	00832889
train	00832966
train	00832978
train	00833004
train	00833018
train	00833043
train	00833356
train	00833422
train	00833441
train	00833451
train	00833454
train	00833592
train	00833636
train	00833641
train	00833673
train	00833680
train	00833736
train	00833792
train	00833818
train	00833993
train	00833996
train	00834022
train	00834027
train	00834063
train	00834078
train	00834097
train	00834098
train	00834122
train	00834157
train	00834211
train	00834218
train	00834219
train	00834225
train	00834236
train	00834262
train	00834328
train	00834376
train	00834379
train	00834381
train	00834399
train	00834476
train	00834555
train	00834592
train	00834615
train	00834670
train	00834674
train	00834684
train	00834720
train	00834731
train	00834756
train	00834760
train	00834796
train	00834802
train	00834870
train	00834900
train	00834912
train	00834942
train	00834946
train	00834949
train	00834953
train	00834985
train	00834987
train	00835242
train	00835259
train	00835268
train	00835286
train	00835346
train	00835354
train	00835379
train	00835438
train	00835706
train	00835723
train	00835746
train	00835778
train	00835779
train	00835782
train	00835784
train	00835789
train	00835815
train	00835824
train	00836078
train	00836106
train	00836109
train	00836123
train	00836151
train	00836157
train	00836206
train	00836258
train	00836273
train	00836431
train	00836485
train	00836490
train	00836491
train	00836498
train	00836531
train	00836684
train	00836689
train	00836693
train	00836698
train	00836713
train	00836781
train	00836794
train	00836797
train	00836869
train	00836873
train	00836874
train	00836878
train	00836879
train	00836880
train	00836881
train	00836886
train	00836887
train	00836899
train	00836911
train	00836912
train	00836975
train	00837018
train	00837089
train	00837148
train	00837168
train	00837182
train	00837194
train	00837199
train	00837213
train	00837216
train	00837223
train	00837234
train	00837235
train	00837268
train	00837323
train	00837329
train	00837351
train	00837352
train	00837356
train	00837394
train	00837407
train	00837409
train	00837410
train	00837482
train	00837484
train	00837504
train	00837507
train	00837541
train	00837562
train	00837579
train	00837591
train	00837608
train	00837619
train	00837622
train	00837623
train	00837638
train	00837660
train	00837811
train	00837822
train	00837844
train	00837847
train	00837927
train	00837935
train	00837958
train	00837971
train	00837974
train	00838016
train	00838045
train	00838049
train	00838054
train	00838056
train	00838088
train	00838089
train	00838095
train	00838110
train	00838185
train	00838186
train	00838187
train	00838207
train	00838231
train	00838242
train	00838243
train	00838246
train	00838265
train	00838306
train	00838422
train	00838457
train	00838491
train	00838583
train	00838619
train	00838638
train	00838680
train	00838702
train	00838736
train	00838753
train	00838834
train	00838863
train	00838876
train	00838912
train	00838922
train	00838923
train	00838926
train	00838931
train	00838933
train	00838944
train	00838970
train	00839090
train	00839106
train	00839131
train	00839190
train	00839232
train	00839346
train	00839347
train	00839377
train	00839466
train	00839476
train	00839605
train	00839619
train	00839626
train	00839656
train	00839657
train	00839682
train	00839684
train	00839694
train	00839723
train	00839729
train	00839858
train	00839859
train	00839861
train	00839868
train	00839989
train	00840036
train	00840039
train	00840057
train	00840060
train	00840076
train	00840097
train	00840099
train	00840101
train	00840115
train	00840121
train	00840127
train	00840128
train	00840129
train	00840263
train	00840287
train	00840413
train	00840553
train	00840659
train	00840702
train	00840710
train	00840728
train	00840745
train	00840755
train	00840760
train	00840792
train	00840800
train	00840825
train	00840834
train	00840844
train	00840886
train	00840917
train	00840924
train	00840939
train	00840942
train	00840943
train	00840951
train	00840952
train	00840955
train	00841001
train	00841005
train	00841062
train	00841073
train	00841085
train	00841112
train	00841117
train	00841159
train	00841160
train	00841194
train	00841197
train	00841271
train	00841272
train	00841296
train	00841344
train	00841369
train	00841397
train	00841406
train	00841428
train	00841437
train	00841438
train	00841448
train	00841491
train	00841507
train	00841509
train	00841512
train	00841513
train	00841514
train	00841561
train	00841607
train	00841674
train	00841837
train	00841852
train	00841866
train	00841877
train	00841905
train	00841918
train	00841956
train	00841958
train	00841968
train	00841978
train	00841980
train	00842021
train	00842066
train	00842134
train	00842180
train	00842295
train	00842511
train	00842518
train	00842525
train	00842531
train	00842782
train	00842799
train	00842825
train	00842856
train	00843033
train	00843299
train	00843300
train	00843360
train	00843375
train	00843400
train	00843414
train	00843446
train	00843499
train	00843529
train	00843532
train	00843554
train	00843558
train	00843598
train	00843638
train	00843713
train	00843776
train	00843821
train	00843845
train	00843864
train	00843877
train	00843960
train	00844095
train	00844130
train	00844143
train	00844146
train	00844172
train	00844187
train	00844220
train	00844442
train	00844524
train	00844566
train	00844583
train	00844629
train	00844640
train	00844664
train	00844665
train	00844666
train	00844667
train	00844794
train	00844795
train	00844796
train	00844805
train	00844849
train	00844901
train	00844916
train	00844951
train	00844955
train	00844956
train	00844970
train	00844975
train	00844976
train	00845021
train	00845029
train	00845052
train	00845086
train	00845088
train	00845090
train	00845091
train	00845092
train	00845094
train	00845096
train	00845144
train	00845150
train	00845176
train	00845181
train	00845220
train	00845370
train	00845374
train	00845382
train	00845395
train	00845432
train	00845433
train	00845484
train	00845515
train	00845517
train	00845519
train	00845543
train	00845566
train	00845569
train	00845574
train	00845651
train	00845703
train	00845827
train	00845855
train	00845917
train	00845918
train	00845935
train	00845943
train	00845994
train	00846086
train	00846151
train	00846155
train	00846194
train	00846199
train	00846307
train	00846398
train	00846409
train	00846416
train	00846426
train	00846470
train	00846481
train	00846490
train	00846543
train	00846556
train	00846560
train	00846577
train	00846592
train	00846594
train	00846653
train	00846673
train	00846700
train	00846710
train	00846738
train	00846766
train	00846775
train	00846780
train	00846822
train	00846825
train	00846839
train	00846874
train	00846900
train	00846947
train	00846983
train	00846984
train	00847000
train	00847033
train	00847037
train	00847063
train	00847102
train	00847105
train	00847148
train	00847260
train	00847261
train	00847267
train	00847304
train	00847307
train	00847311
train	00847337
train	00847341
train	00847342
train	00847358
train	00847360
train	00847378
train	00847386
train	00847398
train	00847428
train	00847440
train	00847459
train	00847461
train	00847497
train	00847525
train	00847549
train	00847610
train	00847614
train	00847630
train	00847668
train	00847670
train	00847677
train	00847682
train	00847687
train	00847706
train	00847849
train	00847857
train	00847861
train	00847925
train	00848016
train	00848024
train	00848060
train	00848091
train	00848103
train	00848144
train	00848174
train	00848195
train	00848217
train	00848241
train	00848274
train	00848275
train	00848290
train	00848314
train	00848319
train	00848343
train	00848346
train	00848347
train	00848348
train	00848349
train	00848425
train	00848490
train	00848504
train	00848511
train	00848566
train	00848568
train	00848574
train	00848582
train	00848701
train	00848705
train	00848726
train	00848755
train	00848772
train	00848817
train	00848855
train	00848869
train	00848920
train	00848964
train	00848980
train	00849049
train	00849316
train	00849506
train	00849550
train	00849618
train	00849627
train	00849662
train	00849731
train	00849804
train	00849809
train	00849871
train	00849907
train	00849950
train	00849993
train	00849995
train	00850002
train	00850039
train	00850082
train	00850098
train	00850099
train	00850101
train	00850106
train	00850119
train	00850129
train	00850148
train	00850156
train	00850167
train	00850229
train	00850249
train	00850275
train	00850283
train	00850335
train	00850397
train	00850515
train	00850526
train	00850559
train	00850609
train	00850611
train	00850618
train	00850627
train	00850660
train	00850661
train	00850807
train	00850808
train	00850833
train	00850835
train	00850894
train	00850921
train	00850929
train	00850962
train	00850969
train	00850977
train	00850984
train	00850998
train	00851021
train	00851032
train	00851033
train	00851039
train	00851042
train	00851078
train	00851118
train	00851129
train	00851134
train	00851144
train	00851164
train	00851206
train	00851213
train	00851232
train	00851263
train	00851267
train	00851268
train	00851311
train	00851314
train	00851327
train	00851330
train	00851336
train	00851342
train	00851365
train	00851388
train	00851395
train	00851422
train	00851433
train	00851437
train	00851476
train	00851483
train	00851489
train	00851494
train	00851530
train	00851534
train	00851566
train	00851572
train	00851596
train	00851602
train	00851605
train	00851609
train	00851615
train	00851636
train	00851648
train	00851652
train	00851665
train	00851681
train	00851683
train	00851688
train	00851735
train	00851743
train	00851799
train	00851822
train	00851830
train	00851833
train	00851909
train	00851920
train	00851936
train	00851964
train	00852000
train	00852016
train	00852069
train	00852070
train	00852074
train	00852160
train	00852161
train	00852167
train	00852171
train	00852172
train	00852173
train	00852174
train	00852175
train	00852210
train	00852228
train	00852266
train	00852421
train	00852442
train	00852452
train	00852465
train	00852475
train	00852493
train	00852523
train	00852526
train	00852528
train	00852551
train	00852573
train	00852626
train	00852628
train	00852644
train	00852647
train	00852649
train	00852671
train	00852685
train	00852728
train	00852731
train	00852747
train	00852766
train	00852767
train	00852791
train	00852793
train	00852819
train	00852841
train	00852901
train	00852924
train	00852938
train	00852946
train	00852958
train	00852960
train	00852987
train	00852992
train	00853049
train	00853057
train	00853062
train	00853065
train	00853066
train	00853105
train	00853110
train	00853111
train	00853167
train	00853182
train	00853186
train	00853187
train	00853264
train	00853309
train	00853342
train	00853343
train	00853345
train	00853363
train	00853365
train	00853373
train	00853393
train	00853401
train	00853402
train	00853406
train	00853530
train	00853555
train	00853728
train	00853760
train	00853761
train	00853764
train	00853803
train	00853810
train	00853891
train	00853954
train	00854034
train	00854035
train	00854067
train	00854100
train	00854103
train	00854145
train	00854209
train	00854216
train	00854228
train	00854232
train	00854240
train	00854247
train	00854255
train	00854280
train	00854288
train	00854295
train	00854296
train	00854333
train	00854347
train	00854359
train	00854365
train	00854367
train	00854379
train	00854394
train	00854434
train	00854446
train	00854450
train	00854452
train	00854885
train	00854904
train	00854945
train	00854956
train	00854989
train	00855064
train	00855085
train	00855144
train	00855146
train	00855172
train	00855190
train	00855308
train	00855310
train	00855315
train	00855341
train	00855371
train	00855393
train	00855427
train	00855465
train	00855514
train	00855524
train	00855525
train	00855528
train	00855533
train	00855536
train	00855589
train	00855590
train	00855592
train	00855599
train	00855638
train	00855654
train	00855655
train	00855730
train	00855743
train	00855744
train	00855745
train	00855819
train	00855828
train	00855856
train	00855860
train	00855867
train	00856042
train	00856060
train	00856128
train	00856139
train	00856189
train	00856193
train	00856250
train	00856271
train	00856350
train	00856351
train	00856371
train	00856373
train	00856378
train	00856391
train	00856424
train	00856436
train	00856446
train	00856455
train	00856474
train	00856483
train	00856488
train	00856576
train	00856589
train	00856610
train	00856684
train	00856704
train	00856719
train	00856729
train	00856803
train	00856819
train	00856848
train	00856858
train	00856874
train	00856899
train	00856961
train	00857007
train	00857024
train	00857105
train	00857250
train	00857255
train	00857311
train	00857322
train	00857332
train	00857344
train	00857358
train	00857393
train	00857587
train	00857592
train	00857593
train	00857606
train	00857650
train	00857654
train	00857670
train	00857711
train	00857755
train	00857756
train	00857787
train	00857802
train	00857810
train	00857828
train	00857838
train	00857846
train	00857877
train	00858007
train	00858023
train	00858109
train	00858357
train	00858401
train	00858561
train	00858780
train	00858797
train	00858834
train	00858844
train	00858910
train	00858946
train	00859110
train	00859114
train	00859150
train	00859157
train	00859166
train	00859180
train	00859193
train	00859240
train	00859245
train	00859251
train	00859252
train	00859253
train	00859255
train	00859260
train	00859312
train	00859316
train	00859317
train	00859351
train	00859376
train	00859395
train	00859400
train	00859401
train	00859427
train	00859480
train	00859488
train	00859524
train	00859566
train	00859589
train	00859610
train	00859612
train	00859618
train	00859646
train	00859656
train	00859657
train	00859682
train	00859728
train	00859882
train	00859933
train	00860014
train	00860028
train	00860029
train	00860034
train	00860060
train	00860145
train	00860171
train	00860186
train	00860195
train	00860215
train	00860245
train	00860247
train	00860255
train	00860304
train	00860316
train	00860338
train	00860373
train	00860380
train	00860384
train	00860429
train	00860450
train	00860451
train	00860465
train	00860489
train	00860537
train	00860571
train	00860573
train	00860583
train	00860586
train	00860589
train	00860596
train	00860599
train	00860638
train	00860639
train	00860640
train	00860643
train	00860690
train	00860692
train	00860693
train	00860694
train	00860695
train	00860706
train	00860730
train	00860739
train	00860769
train	00860840
train	00860841
train	00860844
train	00860865
train	00860943
train	00861020
train	00861022
train	00861131
train	00861227
train	00861325
train	00861389
train	00861390
train	00861393
train	00861467
train	00861468
train	00861469
train	00861470
train	00861484
train	00861497
train	00861521
train	00861531
train	00861559
train	00861579
train	00861639
train	00861700
train	00861792
train	00861804
train	00861809
train	00861810
train	00861815
train	00861819
train	00861820
train	00861823
train	00861824
train	00861832
train	00861837
train	00861854
train	00861871
train	00861883
train	00861894
train	00861896
train	00861920
train	00862004
train	00862005
train	00862012
train	00862015
train	00862016
train	00862021
train	00862035
train	00862044
train	00862045
train	00862080
train	00862081
train	00862083
train	00862100
train	00862109
train	00862121
train	00862144
train	00862154
train	00862169
train	00862179
train	00862191
train	00862335
train	00862355
train	00862366
train	00862481
train	00862513
train	00862536
train	00862568
train	00862569
train	00862577
train	00862694
train	00862695
train	00862697
train	00862706
train	00862746
train	00862747
train	00862748
train	00862806
train	00862819
train	00862820
train	00862855
train	00862870
train	00862998
train	00863085
train	00863102
train	00863134
train	00863144
train	00863165
train	00863181
train	00863184
train	00863191
train	00863197
train	00863213
train	00863232
train	00863251
train	00863280
train	00863296
train	00863382
train	00863411
train	00863516
train	00863519
train	00863559
train	00863576
train	00863585
train	00863596
train	00863597
train	00863614
train	00863629
train	00863684
train	00863750
train	00863751
train	00863763
train	00863792
train	00863797
train	00863804
train	00863828
train	00863881
train	00863909
train	00863910
train	00863915
train	00863929
train	00863974
train	00863985
train	00863986
train	00864059
train	00864062
train	00864071
train	00864109
train	00864125
train	00864170
train	00864239
train	00864240
train	00864244
train	00864279
train	00864287
train	00864295
train	00864307
train	00864343
train	00864349
train	00864371
train	00864414
train	00864492
train	00864501
train	00864522
train	00864523
train	00864526
train	00864537
train	00864542
train	00864562
train	00864564
train	00864566
train	00864573
train	00864601
train	00864610
train	00864612
train	00864621
train	00864622
train	00864628
train	00864673
train	00864710
train	00864711
train	00864755
train	00864764
train	00864774
train	00864777
train	00864810
train	00864821
train	00864849
train	00864851
train	00864870
train	00864881
train	00864907
train	00864914
train	00864915
train	00864920
train	00864938
train	00865001
train	00865053
train	00865165
train	00865176
train	00865274
train	00865403
train	00865423
train	00865453
train	00865465
train	00865477
train	00865553
train	00865554
train	00865555
train	00865592
train	00865601
train	00865612
train	00865614
train	00865615
train	00865704
train	00865715
train	00865725
train	00865738
train	00865790
train	00865816
train	00865826
train	00865931
train	00865986
train	00866006
train	00866024
train	00866148
train	00866162
train	00866164
train	00866177
train	00866202
train	00866216
train	00866240
train	00866261
train	00866272
train	00866331
train	00866332
train	00866333
train	00866353
train	00866390
train	00866420
train	00866421
train	00866422
train	00866425
train	00866426
train	00866427
train	00866466
train	00866474
train	00866475
train	00866477
train	00866501
train	00866506
train	00866507
train	00866508
train	00866510
train	00866513
train	00866515
train	00866516
train	00866519
train	00866532
train	00866551
train	00866576
train	00866619
train	00866627
train	00866633
train	00866674
train	00866678
train	00866762
train	00866819
train	00866864
train	00866880
train	00866922
train	00866940
train	00866943
train	00866950
train	00866984
train	00867003
train	00867016
train	00867017
train	00867026
train	00867040
train	00867058
train	00867095
train	00867144
train	00867175
train	00867348
train	00867351
train	00867365
train	00867376
train	00867425
train	00867469
train	00867476
train	00867578
train	00867579
train	00867588
train	00867605
train	00867623
train	00867631
train	00867633
train	00867665
train	00867684
train	00867710
train	00867741
train	00867746
train	00867753
train	00867773
train	00867796
train	00867829
train	00867971
train	00868124
train	00868127
train	00868129
train	00868134
train	00868156
train	00868158
train	00868162
train	00868182
train	00868233
train	00868298
train	00868304
train	00868321
train	00868327
train	00868329
train	00868330
train	00868338
train	00868353
train	00868399
train	00868400
train	00868401
train	00868435
train	00868467
train	00868473
train	00868506
train	00868528
train	00868559
train	00868569
train	00868580
train	00868583
train	00868595
train	00868642
train	00868661
train	00868682
train	00868752
train	00868759
train	00868762
train	00868772
train	00868776
train	00868805
train	00868831
train	00868832
train	00868834
train	00868881
train	00868906
train	00868907
train	00869058
train	00869074
train	00869116
train	00869121
train	00869138
train	00869172
train	00869174
train	00869339
train	00869345
train	00869393
train	00869395
train	00869404
train	00869414
train	00869422
train	00869474
train	00869475
train	00869530
train	00869552
train	00869557
train	00869624
train	00869626
train	00869627
train	00869632
train	00869636
train	00869663
train	00869812
train	00869964
train	00870003
train	00870042
train	00870047
train	00870055
train	00870088
train	00870191
train	00870193
train	00870319
train	00870366
train	00870377
train	00870391
train	00870455
train	00870519
train	00870529
train	00870555
train	00870716
train	00870885
train	00870886
train	00870887
train	00870889
train	00870892
train	00870899
train	00870900
train	00870901
train	00870905
train	00870914
train	00870981
train	00871040
train	00871085
train	00871112
train	00871113
train	00871114
train	00871136
train	00871140
train	00871184
train	00871351
train	00871374
train	00871449
train	00871559
train	00871663
train	00871664
train	00871675
train	00871695
train	00871742
train	00871860
train	00872020
train	00872051
train	00872068
train	00872157
train	00872172
train	00872184
train	00872186
train	00872202
train	00872206
train	00872230
train	00872266
train	00872344
train	00872433
train	00872456
train	00872514
train	00872518
train	00872532
train	00872607
train	00872667
train	00872668
train	00872677
train	00872730
train	00872731
train	00872732
train	00872736
train	00872738
train	00872764
train	00872783
train	00872803
train	00872832
train	00872849
train	00872850
train	00872915
train	00872942
train	00872944
train	00872952
train	00873014
train	00873015
train	00873073
train	00873104
train	00873119
train	00873129
train	00873130
train	00873163
train	00873165
train	00873209
train	00873238
train	00873260
train	00873270
train	00873271
train	00873272
train	00873289
train	00873290
train	00873295
train	00873296
train	00873318
train	00873348
train	00873361
train	00873364
train	00873372
train	00873400
train	00873411
train	00873412
train	00873529
train	00873545
train	00873596
train	00873602
train	00873615
train	00873653
train	00873670
train	00873683
train	00873736
train	00873797
train	00873808
train	00873841
train	00873847
train	00873857
train	00873864
train	00873921
train	00873978
train	00873981
train	00874015
train	00874017
train	00874271
train	00874353
train	00874354
train	00874382
train	00874388
train	00874395
train	00874418
train	00874435
train	00874455
train	00874473
train	00874475
train	00874482
train	00874485
train	00874532
train	00874550
train	00874565
train	00874566
train	00874569
train	00874587
train	00874595
train	00874600
train	00874605
train	00874620
train	00874626
train	00874681
train	00874686
train	00874799
train	00874802
train	00874810
train	00874814
train	00874849
train	00874852
train	00874871
train	00874885
train	00874894
train	00874905
train	00874914
train	00874966
train	00874979
train	00874981
train	00875101
train	00875113
train	00875114
train	00875116
train	00875150
train	00875176
train	00875178
train	00875183
train	00875217
train	00875228
train	00875250
train	00875251
train	00875252
train	00875283
train	00875351
train	00875362
train	00875371
train	00875380
train	00875403
train	00875430
train	00875498
train	00875573
train	00875593
train	00875594
train	00875715
train	00875755
train	00875782
train	00875804
train	00875900
train	00876162
train	00876241
train	00876351
train	00876354
train	00876440
train	00876441
train	00876443
train	00876444
train	00876557
train	00876559
train	00876588
train	00876618
train	00876657
train	00876671
train	00876686
train	00876698
train	00876705
train	00876725
train	00876751
train	00876753
train	00876770
train	00876776
train	00876784
train	00876798
train	00876853
train	00876902
train	00876907
train	00876961
train	00877005
train	00877041
train	00877057
train	00877059
train	00877071
train	00877126
train	00877141
train	00877147
train	00877227
train	00877228
train	00877230
train	00877258
train	00877270
train	00877280
train	00877281
train	00877286
train	00877291
train	00877302
train	00877322
train	00877325
train	00877331
train	00877359
train	00877375
train	00877385
train	00877389
train	00877391
train	00877392
train	00877409
train	00877488
train	00877532
train	00877577
train	00877594
train	00877596
train	00877617
train	00877624
train	00877637
train	00877674
train	00877682
train	00877684
train	00877685
train	00877687
train	00877724
train	00877759
train	00877766
train	00877768
train	00877769
train	00877790
train	00877818
train	00877823
train	00877873
train	00877946
train	00877995
train	00878051
train	00878074
train	00878121
train	00878124
train	00878129
train	00878132
train	00878145
train	00878189
train	00878216
train	00878222
train	00878229
train	00878233
train	00878234
train	00878236
train	00878253
train	00878279
train	00878314
train	00878338
train	00878344
train	00878348
train	00878363
train	00878367
train	00878401
train	00878403
train	00878419
train	00878438
train	00878441
train	00878459
train	00878460
train	00878499
train	00878510
train	00878518
train	00878520
train	00878640
train	00878648
train	00878662
train	00878730
train	00878752
train	00878814
train	00878837
train	00878848
train	00878852
train	00878879
train	00878901
train	00878914
train	00878956
train	00878957
train	00878958
train	00878969
train	00878970
train	00879113
train	00879119
train	00879220
train	00879265
train	00879288
train	00879296
train	00879303
train	00879324
train	00879331
train	00879332
train	00879427
train	00879452
train	00879481
train	00879487
train	00879536
train	00879687
train	00879693
train	00879695
train	00879704
train	00879718
train	00879726
train	00879751
train	00879807
train	00879817
train	00879823
train	00879826
train	00879834
train	00879843
train	00879844
train	00879845
train	00879864
train	00879866
train	00879868
train	00879872
train	00879878
train	00879882
train	00879884
train	00879943
train	00880017
train	00880024
train	00880099
train	00880124
train	00880163
train	00880211
train	00880241
train	00880280
train	00880284
train	00880347
train	00880353
train	00880355
train	00880373
train	00880416
train	00880428
train	00880434
train	00880460
train	00880493
train	00880518
train	00880531
train	00880598
train	00880604
train	00880619
train	00880634
train	00880647
train	00880648
train	00880658
train	00880659
train	00880761
train	00880762
train	00880763
train	00880766
train	00880773
train	00880809
train	00880823
train	00880859
train	00880860
train	00880863
train	00880864
train	00880867
train	00880876
train	00880878
train	00880900
train	00880912
train	00880914
train	00881086
train	00881104
train	00881120
train	00881138
train	00881144
train	00881147
train	00881148
train	00881154
train	00881155
train	00881219
train	00881220
train	00881224
train	00881252
train	00881265
train	00881269
train	00881280
train	00881337
train	00881366
train	00881369
train	00881392
train	00881428
train	00881480
train	00881497
train	00881498
train	00881517
train	00881521
train	00881574
train	00881585
train	00881613
train	00881662
train	00881726
train	00881772
train	00881774
train	00881788
train	00881789
train	00881790
train	00881794
train	00881804
train	00881857
train	00881860
train	00881869
train	00881871
train	00881872
train	00881873
train	00881909
train	00881914
train	00881957
train	00881975
train	00882194
train	00882212
train	00882256
train	00882263
train	00882296
train	00882297
train	00882308
train	00882332
train	00882333
train	00882501
train	00882511
train	00882517
train	00882536
train	00882568
train	00882578
train	00882631
train	00882651
train	00882662
train	00882709
train	00882752
train	00882758
train	00882761
train	00882764
train	00882817
train	00882819
train	00882848
train	00882881
train	00882891
train	00882960
train	00882966
train	00882976
train	00882978
train	00882988
train	00883002
train	00883006
train	00883016
train	00883018
train	00883058
train	00883073
train	00883082
train	00883169
train	00883196
train	00883198
train	00883204
train	00883216
train	00883221
train	00883228
train	00883284
train	00883310
train	00883476
train	00883477
train	00883479
train	00883480
train	00883505
train	00883576
train	00883667
train	00883763
train	00883765
train	00883784
train	00883785
train	00883856
train	00883885
train	00883968
train	00883987
train	00884001
train	00884022
train	00884045
train	00884052
train	00884055
train	00884074
train	00884103
train	00884178
train	00884183
train	00884216
train	00884217
train	00884218
train	00884219
train	00884429
train	00884432
train	00884508
train	00884537
train	00884561
train	00884563
train	00884566
train	00884646
train	00884647
train	00884648
train	00884650
train	00884661
train	00884662
train	00884664
train	00884672
train	00884693
train	00884696
train	00884819
train	00884830
train	00884835
train	00884854
train	00884868
train	00884892
train	00884904
train	00884927
train	00884942
train	00884981
train	00884984
train	00884988
train	00885006
train	00885008
train	00885061
train	00885113
train	00885223
train	00885239
train	00885306
train	00885312
train	00885540
train	00885602
train	00885688
train	00885719
train	00885724
train	00885827
train	00885828
train	00885905
train	00885921
train	00885924
train	00885956
train	00885958
train	00885972
train	00886017
train	00886056
train	00886066
train	00886076
train	00886112
train	00886118
train	00886121
train	00886142
train	00886144
train	00886190
train	00886191
train	00886215
train	00886221
train	00886267
train	00886329
train	00886332
train	00886339
train	00886349
train	00886351
train	00886358
train	00886384
train	00886405
train	00886407
train	00886420
train	00886466
train	00886487
train	00886530
train	00886615
train	00886684
train	00886685
train	00886686
train	00886690
train	00886692
train	00886723
train	00886725
train	00886785
train	00886786
train	00886969
train	00887006
train	00887014
train	00887018
train	00887146
train	00887221
train	00887345
train	00887361
train	00887445
train	00887467
train	00887472
train	00887485
train	00887520
train	00887718
train	00887728
train	00887731
train	00887851
train	00887865
train	00887872
train	00887874
train	00887880
train	00887908
train	00887918
train	00887932
train	00887997
train	00888192
train	00888203
train	00888209
train	00888244
train	00888274
train	00888431
train	00888475
train	00888486
train	00888581
train	00888594
train	00888599
train	00888708
train	00888715
train	00888734
train	00888735
train	00888736
train	00888746
train	00888851
train	00888906
train	00888943
train	00888995
train	00889029
train	00889059
train	00889064
train	00889094
train	00889147
train	00889175
train	00889259
train	00889300
train	00889336
train	00889580
train	00889603
train	00889649
train	00889650
train	00889651
train	00889660
train	00889689
train	00889715
train	00889719
train	00889734
train	00889748
train	00889753
train	00889757
train	00889759
train	00889770
train	00889870
train	00889880
train	00889891
train	00889931
train	00889958
train	00890014
train	00890020
train	00890080
train	00890089
train	00890111
train	00890119
train	00890130
train	00890131
train	00890136
train	00890336
train	00890396
train	00890400
train	00890433
train	00890435
train	00890455
train	00890471
train	00890478
train	00890479
train	00890480
train	00890481
train	00890482
train	00890484
train	00890488
train	00890502
train	00890509
train	00890537
train	00890546
train	00890552
train	00890635
train	00890639
train	00890664
train	00890670
train	00890690
train	00890776
train	00890782
train	00890901
train	00891033
train	00891073
train	00891124
train	00891138
train	00891139
train	00891142
train	00891143
train	00891154
train	00891159
train	00891162
train	00891167
train	00891174
train	00891195
train	00891227
train	00891228
train	00891244
train	00891329
train	00891371
train	00891419
train	00891453
train	00891454
train	00891459
train	00891460
train	00891461
train	00891475
train	00891501
train	00891548
train	00891549
train	00891672
train	00891681
train	00891703
train	00891747
train	00891781
train	00891831
train	00891888
train	00891934
train	00891937
train	00891960
train	00892003
train	00892004
train	00892007
train	00892008
train	00892011
train	00892013
train	00892014
train	00892043
train	00892120
train	00892124
train	00892125
train	00892169
train	00892230
train	00892349
train	00892430
train	00892431
train	00892479
train	00892610
train	00892613
train	00892619
train	00892689
train	00892701
train	00892707
train	00892717
train	00892750
train	00892805
train	00892819
train	00892820
train	00892821
train	00892829
train	00892833
train	00892870
train	00892878
train	00892906
train	00892913
train	00892932
train	00892938
train	00893040
train	00893100
train	00893101
train	00893112
train	00893117
train	00893138
train	00893140
train	00893168
train	00893191
train	00893213
train	00893244
train	00893316
train	00893329
train	00893335
train	00893371
train	00893372
train	00893380
train	00893387
train	00893392
train	00893435
train	00893462
train	00893463
train	00893468
train	00893477
train	00893495
train	00893504
train	00893517
train	00893546
train	00893547
train	00893548
train	00893549
train	00893572
train	00893579
train	00893620
train	00893622
train	00893636
train	00893639
train	00893641
train	00893651
train	00893653
train	00893654
train	00893662
train	00893669
train	00893671
train	00893672
train	00893673
train	00893697
train	00893700
train	00893701
train	00893709
train	00893754
train	00893931
train	00893933
train	00893945
train	00893946
train	00893978
train	00894004
train	00894009
train	00894010
train	00894029
train	00894074
train	00894078
train	00894089
train	00894094
train	00894097
train	00894108
train	00894149
train	00894156
train	00894174
train	00894308
train	00894314
train	00894340
train	00894343
train	00894352
train	00894422
train	00894477
train	00894539
train	00894564
train	00894565
train	00894567
train	00894569
train	00894591
train	00894643
train	00894675
train	00894779
train	00894790
train	00894861
train	00894924
train	00894934
train	00894953
train	00894967
train	00894981
train	00895002
train	00895003
train	00895004
train	00895005
train	00895006
train	00895009
train	00895014
train	00895016
train	00895017
train	00895021
train	00895022
train	00895023
train	00895024
train	00895025
train	00895099
train	00895141
train	00895142
train	00895151
train	00895220
train	00895403
train	00895449
train	00895459
train	00895470
train	00895472
train	00895474
train	00895476
train	00895477
train	00895505
train	00895512
train	00895568
train	00895578
train	00895579
train	00895793
train	00895794
train	00895795
train	00895799
train	00895841
train	00895999
train	00896013
train	00896021
train	00896022
train	00896059
train	00896089
train	00896090
train	00896114
train	00896115
train	00896117
train	00896118
train	00896119
train	00896142
train	00896183
train	00896192
train	00896301
train	00896363
train	00896379
train	00896431
train	00896452
train	00896465
train	00896487
train	00896535
train	00896552
train	00896556
train	00896575
train	00896582
train	00896586
train	00896590
train	00896592
train	00896598
train	00896599
train	00896623
train	00896624
train	00896645
train	00896650
train	00896656
train	00896657
train	00896674
train	00896689
train	00896693
train	00896694
train	00896700
train	00896702
train	00896729
train	00896766
train	00896771
train	00896780
train	00896801
train	00896803
train	00896814
train	00896827
train	00896831
train	00896958
train	00896963
train	00896987
train	00896998
train	00897004
train	00897011
train	00897029
train	00897034
train	00897062
train	00897066
train	00897090
train	00897092
train	00897099
train	00897139
train	00897149
train	00897190
train	00897191
train	00897221
train	00897257
train	00897263
train	00897281
train	00897286
train	00897321
train	00897332
train	00897364
train	00897374
train	00897409
train	00897412
train	00897435
train	00897448
train	00897452
train	00897462
train	00897465
train	00897494
train	00897496
train	00897514
train	00897516
train	00897547
train	00897612
train	00897646
train	00897730
train	00897732
train	00897736
train	00897753
train	00897756
train	00897767
train	00897768
train	00897817
train	00897818
train	00897853
train	00897869
train	00898001
train	00898046
train	00898065
train	00898074
train	00898084
train	00898091
train	00898112
train	00898113
train	00898117
train	00898118
train	00898124
train	00898131
train	00898244
train	00898248
train	00898250
train	00898252
train	00898307
train	00898346
train	00898349
train	00898366
train	00898411
train	00898447
train	00898448
train	00898480
train	00898588
train	00898648
train	00898668
train	00898671
train	00898672
train	00898675
train	00898697
train	00898779
train	00898827
train	00898828
train	00898832
train	00898892
train	00898949
train	00898951
train	00898969
train	00899096
train	00899099
train	00899119
train	00899143
train	00899159
train	00899176
train	00899198
train	00899207
train	00899353
train	00899354
train	00899355
train	00899356
train	00899359
train	00899360
train	00899370
train	00899381
train	00899391
train	00899392
train	00899393
train	00899560
train	00899655
train	00899658
train	00899664
train	00899785
train	00899840
train	00899852
train	00899856
train	00899863
train	00899873
train	00899919
train	00899954
train	00900015
train	00900019
train	00900030
train	00900041
train	00900074
train	00900102
train	00900238
train	00900245
train	00900281
train	00900306
train	00900311
train	00900312
train	00900320
train	00900341
train	00900343
train	00900344
train	00900345
train	00900346
train	00900405
train	00900406
train	00900411
train	00900458
train	00900554
train	00900586
train	00900598
train	00900599
train	00900600
train	00900609
train	00900694
train	00900695
train	00900696
train	00900697
train	00900699
train	00900700
train	00900714
train	00900718
train	00900747
train	00900779
train	00900781
train	00900785
train	00900791
train	00900819
train	00900821
train	00900840
train	00900842
train	00900879
train	00900886
train	00900891
train	00900899
train	00900905
train	00900938
train	00900943
train	00900957
train	00900967
train	00901008
train	00901036
train	00901059
train	00901062
train	00901146
train	00901149
train	00901156
train	00901198
train	00901207
train	00901275
train	00901300
train	00901311
train	00901312
train	00901424
train	00901448
train	00901455
train	00901467
train	00901476
train	00901479
train	00901501
train	00901502
train	00901507
train	00901618
train	00901663
train	00901664
train	00901700
train	00901716
train	00901736
train	00901740
train	00901745
train	00901802
train	00901836
train	00901879
train	00901914
train	00901928
train	00901971
train	00901986
train	00902022
train	00902023
train	00902024
train	00902027
train	00902037
train	00902117
train	00902275
train	00902278
train	00902305
train	00902345
train	00902347
train	00902348
train	00902418
train	00902528
train	00902542
train	00902549
train	00902553
train	00902564
train	00902581
train	00902582
train	00902587
train	00902603
train	00902613
train	00902617
train	00902619
train	00902620
train	00902675
train	00902705
train	00902933
train	00902961
train	00902967
train	00903000
train	00903078
train	00903123
train	00903133
train	00903151
train	00903154
train	00903202
train	00903233
train	00903277
train	00903298
train	00903308
train	00903322
train	00903366
train	00903381
train	00903459
train	00903460
train	00903475
train	00903541
train	00903563
train	00903683
train	00903689
train	00903690
train	00903695
train	00903714
train	00903789
train	00903806
train	00903850
train	00903861
train	00903896
train	00903909
train	00903910
train	00903913
train	00903925
train	00903945
train	00903950
train	00903953
train	00904044
train	00904053
train	00904067
train	00904070
train	00904071
train	00904072
train	00904087
train	00904131
train	00904135
train	00904137
train	00904160
train	00904180
train	00904181
train	00904182
train	00904197
train	00904280
train	00904408
train	00904435
train	00904536
train	00904540
train	00904547
train	00904548
train	00904571
train	00904639
train	00904649
train	00904668
train	00904674
train	00904684
train	00904702
train	00904703
train	00904720
train	00904735
train	00904753
train	00904792
train	00904797
train	00904803
train	00904812
train	00904844
train	00904845
train	00904848
train	00904849
train	00904970
train	00904993
train	00905028
train	00905048
train	00905062
train	00905093
train	00905117
train	00905158
train	00905200
train	00905204
train	00905208
train	00905211
train	00905217
train	00905222
train	00905231
train	00905236
train	00905238
train	00905327
train	00905370
train	00905395
train	00905650
train	00905715
train	00905728
train	00905776
train	00905786
train	00905787
train	00905847
train	00905852
train	00905866
train	00905878
train	00905890
train	00905892
train	00905894
train	00905896
train	00905899
train	00905913
train	00905915
train	00905921
train	00905963
train	00905964
train	00905984
train	00905992
train	00906024
train	00906108
train	00906109
train	00906153
train	00906171
train	00906251
train	00906340
train	00906432
train	00906434
train	00906458
train	00906463
train	00906467
train	00906470
train	00906479
train	00906488
train	00906490
train	00906494
train	00906558
train	00906562
train	00906564
train	00906584
train	00906600
train	00906617
train	00906620
train	00906703
train	00906717
train	00906755
train	00906766
train	00906783
train	00906784
train	00906844
train	00906852
train	00906858
train	00906864
train	00906908
train	00906914
train	00906933
train	00906934
train	00906937
train	00906956
train	00906957
train	00907010
train	00907013
train	00907014
train	00907101
train	00907117
train	00907121
train	00907133
train	00907151
train	00907179
train	00907194
train	00907195
train	00907255
train	00907256
train	00907267
train	00907269
train	00907369
train	00907383
train	00907394
train	00907405
train	00907410
train	00907465
train	00907475
train	00907518
train	00907537
train	00907565
train	00907632
train	00907643
train	00907670
train	00907671
train	00907742
train	00907753
train	00907771
train	00907772
train	00907773
train	00907802
train	00907822
train	00907853
train	00907854
train	00907858
train	00907886
train	00907948
train	00907987
train	00908081
train	00908179
train	00908212
train	00908260
train	00908334
train	00908335
train	00908342
train	00908348
train	00908379
train	00908556
train	00908565
train	00908581
train	00908609
train	00908620
train	00908631
train	00908688
train	00908714
train	00908716
train	00908718
train	00908752
train	00908765
train	00908803
train	00909010
train	00909016
train	00909041
train	00909070
train	00909089
train	00909103
train	00909109
train	00909110
train	00909151
train	00909174
train	00909177
train	00909234
train	00909315
train	00909319
train	00909532
train	00909551
train	00909554
train	00909569
train	00909594
train	00909599
train	00909633
train	00909634
train	00909647
train	00909648
train	00909760
train	00909764
train	00909785
train	00909789
train	00909798
train	00909808
train	00909940
train	00909964
train	00909970
train	00909997
train	00910003
train	00910004
train	00910012
train	00910018
train	00910045
train	00910047
train	00910051
train	00910068
train	00910069
train	00910072
train	00910083
train	00910087
train	00910099
train	00910161
train	00910215
train	00910228
train	00910230
train	00910236
train	00910282
train	00910317
train	00910321
train	00910325
train	00910327
train	00910337
train	00910342
train	00910388
train	00910427
train	00910563
train	00910577
train	00910594
train	00910607
train	00910615
train	00910616
train	00910618
train	00910625
train	00910639
train	00910644
train	00910646
train	00910670
train	00910671
train	00910672
train	00910819
train	00910820
train	00910823
train	00910829
train	00910858
train	00910872
train	00910901
train	00910920
train	00910962
train	00910987
train	00911055
train	00911131
train	00911232
train	00911240
train	00911247
train	00911263
train	00911344
train	00911375
train	00911380
train	00911408
train	00911517
train	00911543
train	00911544
train	00911569
train	00911579
train	00911594
train	00911598
train	00911737
train	00911766
train	00911789
train	00911824
train	00911826
train	00911930
train	00911951
train	00911959
train	00911960
train	00911963
train	00911973
train	00912073
train	00912108
train	00912112
train	00912134
train	00912188
train	00912227
train	00912346
train	00912424
train	00912434
train	00912435
train	00912468
train	00912469
train	00912542
train	00912606
train	00912608
train	00912838
train	00912885
train	00912886
train	00912904
train	00912931
train	00912954
train	00912958
train	00912959
train	00912961
train	00912968
train	00913004
train	00913007
train	00913101
train	00913135
train	00913140
train	00913154
train	00913166
train	00913174
train	00913229
train	00913230
train	00913246
train	00913255
train	00913256
train	00913266
train	00913267
train	00913298
train	00913302
train	00913323
train	00913330
train	00913361
train	00913362
train	00913456
train	00913483
train	00913523
train	00913526
train	00913587
train	00913588
train	00913767
train	00913795
train	00913796
train	00913805
train	00913806
train	00913808
train	00913819
train	00913829
train	00913830
train	00913920
train	00913921
train	00913955
train	00913972
train	00913991
train	00913996
train	00913997
train	00913998
train	00914016
train	00914034
train	00914114
train	00914117
train	00914169
train	00914224
train	00914226
train	00914273
train	00914274
train	00914501
train	00914541
train	00914567
train	00914608
train	00914610
train	00914633
train	00914662
train	00914688
train	00914894
train	00914991
train	00915045
train	00915073
train	00915105
train	00915162
train	00915182
train	00915183
train	00915238
train	00915255
train	00915256
train	00915257
train	00915265
train	00915276
train	00915288
train	00915376
train	00915470
train	00915489
train	00915561
train	00915611
train	00915666
train	00915690
train	00915692
train	00915694
train	00915701
train	00915717
train	00915719
train	00915724
train	00915725
train	00915759
train	00915821
train	00915896
train	00915930
train	00915931
train	00916129
train	00916358
train	00916659
train	00916664
train	00916778
train	00916809
train	00916834
train	00916904
train	00916944
train	00916947
train	00916965
train	00917041
train	00917085
train	00917136
train	00917143
train	00917152
train	00917158
train	00917189
train	00917250
train	00917262
train	00917268
train	00917303
train	00917312
train	00917344
train	00917377
train	00917385
train	00917451
train	00917478
train	00917484
train	00917487
train	00917493
train	00917499
train	00917590
train	00917633
train	00917654
train	00917660
train	00917676
train	00917738
train	00917751
train	00917768
train	00917805
train	00917809
train	00917903
train	00917999
train	00918024
train	00918036
train	00918047
train	00918099
train	00918281
train	00918282
train	00918315
train	00918336
train	00918411
train	00918413
train	00918432
train	00918460
train	00918576
train	00918630
train	00918631
train	00918632
train	00918639
train	00918640
train	00918653
train	00918690
train	00918700
train	00918713
train	00918725
train	00918726
train	00918727
train	00918728
train	00918729
train	00918740
train	00918749
train	00918770
train	00918779
train	00918789
train	00918791
train	00918792
train	00918794
train	00918796
train	00918803
train	00918850
train	00918870
train	00918894
train	00918895
train	00918918
train	00918953
train	00919064
train	00919065
train	00919109
train	00919116
train	00919130
train	00919138
train	00919139
train	00919144
train	00919187
train	00919328
train	00919329
train	00919339
train	00919345
train	00919391
train	00919422
train	00919462
train	00919476
train	00919648
train	00919701
train	00919810
train	00919835
train	00919920
train	00919939
train	00920001
train	00920090
train	00920091
train	00920092
train	00920110
train	00920133
train	00920156
train	00920163
train	00920165
train	00920168
train	00920169
train	00920179
train	00920182
train	00920199
train	00920202
train	00920215
train	00920216
train	00920241
train	00920318
train	00920373
train	00920375
train	00920479
train	00920486
train	00920490
train	00920512
train	00920520
train	00920559
train	00920560
train	00920562
train	00920584
train	00920597
train	00920619
train	00920653
train	00920695
train	00920707
train	00920734
train	00920738
train	00920739
train	00920764
train	00920767
train	00920772
train	00920776
train	00920867
train	00920919
train	00920921
train	00920923
train	00920950
train	00921001
train	00921007
train	00921021
train	00921034
train	00921040
train	00921046
train	00921099
train	00921234
train	00921255
train	00921297
train	00921299
train	00921305
train	00921306
train	00921307
train	00921308
train	00921327
train	00921351
train	00921364
train	00921368
train	00921374
train	00921377
train	00921584
train	00921587
train	00921607
train	00921625
train	00921630
train	00921641
train	00921678
train	00921718
train	00921805
train	00921806
train	00921825
train	00921834
train	00921872
train	00921886
train	00921894
train	00921921
train	00921922
train	00921925
train	00921926
train	00921929
train	00921932
train	00921933
train	00921952
train	00922006
train	00922016
train	00922056
train	00922063
train	00922083
train	00922181
train	00922183
train	00922184
train	00922187
train	00922189
train	00922213
train	00922224
train	00922270
train	00922293
train	00922305
train	00922310
train	00922314
train	00922336
train	00922371
train	00922373
train	00922599
train	00922624
train	00922696
train	00922736
train	00922751
train	00922781
train	00922820
train	00922833
train	00922912
train	00922916
train	00922917
train	00922928
train	00922977
train	00922981
train	00923039
train	00923100
train	00923104
train	00923171
train	00923239
train	00923242
train	00923304
train	00923324
train	00923365
train	00923370
train	00923381
train	00923385
train	00923419
train	00923420
train	00923421
train	00923482
train	00923521
train	00923528
train	00923543
train	00923574
train	00923575
train	00923579
train	00923666
train	00923670
train	00923676
train	00923687
train	00923769
train	00923772
train	00923782
train	00923820
train	00923822
train	00923845
train	00923855
train	00923860
train	00923895
train	00923896
train	00923909
train	00923936
train	00923937
train	00923938
train	00923973
train	00923994
train	00924012
train	00924036
train	00924133
train	00924135
train	00924147
train	00924208
train	00924246
train	00924261
train	00924262
train	00924441
train	00924572
train	00924576
train	00924641
train	00924711
train	00924755
train	00924767
train	00924779
train	00924786
train	00924790
train	00924791
train	00924792
train	00924802
train	00924803
train	00924837
train	00924851
train	00924906
train	00924907
train	00924979
train	00925006
train	00925009
train	00925013
train	00925025
train	00925048
train	00925049
train	00925054
train	00925056
train	00925099
train	00925101
train	00925123
train	00925160
train	00925162
train	00925202
train	00925235
train	00925246
train	00925258
train	00925262
train	00925289
train	00925324
train	00925329
train	00925341
train	00925415
train	00925416
train	00925419
train	00925422
train	00925545
train	00925556
train	00925572
train	00925580
train	00925595
train	00925610
train	00925664
train	00925700
train	00925915
train	00925952
train	00925953
train	00925979
train	00925981
train	00925993
train	00926036
train	00926037
train	00926108
train	00926109
train	00926122
train	00926126
train	00926140
train	00926142
train	00926233
train	00926303
train	00926367
train	00926379
train	00926381
train	00926385
train	00926387
train	00926394
train	00926472
train	00926486
train	00926493
train	00926575
train	00926582
train	00926653
train	00926678
train	00926680
train	00926690
train	00926696
train	00926697
train	00926708
train	00926726
train	00926733
train	00926739
train	00926740
train	00926742
train	00926756
train	00926766
train	00926802
train	00926926
train	00926932
train	00926933
train	00926936
train	00926952
train	00926966
train	00927011
train	00927058
train	00927093
train	00927166
train	00927167
train	00927182
train	00927187
train	00927211
train	00927364
train	00927393
train	00927446
train	00927450
train	00927469
train	00927522
train	00927533
train	00927548
train	00927552
train	00927554
train	00927555
train	00927557
train	00927560
train	00927563
train	00927572
train	00927610
train	00927637
train	00927708
train	00927716
train	00927764
train	00927765
train	00927784
train	00927862
train	00927863
train	00927909
train	00927926
train	00928004
train	00928019
train	00928035
train	00928056
train	00928067
train	00928068
train	00928085
train	00928086
train	00928087
train	00928106
train	00928119
train	00928132
train	00928203
train	00928320
train	00928341
train	00928405
train	00928406
train	00928407
train	00928424
train	00928432
train	00928465
train	00928466
train	00928480
train	00928486
train	00928665
train	00928666
train	00928763
train	00928769
train	00928785
train	00928786
train	00928827
train	00928857
train	00928889
train	00928978
train	00929070
train	00929072
train	00929073
train	00929080
train	00929116
train	00929215
train	00929222
train	00929257
train	00929270
train	00929272
train	00929576
train	00929632
train	00929657
train	00929658
train	00929659
train	00929664
train	00929667
train	00929669
train	00929719
train	00929758
train	00929759
train	00929774
train	00929795
train	00929808
train	00929813
train	00929838
train	00929840
train	00929900
train	00929904
train	00929907
train	00929920
train	00930037
train	00930052
train	00930124
train	00930139
train	00930196
train	00930301
train	00930302
train	00930325
train	00930336
train	00930338
train	00930388
train	00930401
train	00930470
train	00930515
train	00930552
train	00930661
train	00930678
train	00930679
train	00930690
train	00930708
train	00930711
train	00930752
train	00930775
train	00930781
train	00930787
train	00930788
train	00930793
train	00930797
train	00930844
train	00930881
train	00930903
train	00930917
train	00930922
train	00930945
train	00931016
train	00931038
train	00931043
train	00931049
train	00931054
train	00931056
train	00931058
train	00931075
train	00931117
train	00931129
train	00931175
train	00931186
train	00931204
train	00931216
train	00931249
train	00931343
train	00931348
train	00931367
train	00931377
train	00931563
train	00931756
train	00931884
train	00931887
train	00931888
train	00931899
train	00931936
train	00931945
train	00931982
train	00932026
train	00932042
train	00932048
train	00932064
train	00932069
train	00932097
train	00932108
train	00932135
train	00932170
train	00932407
train	00932410
train	00932428
train	00932450
train	00932452
train	00932488
train	00932492
train	00932628
train	00932638
train	00932675
train	00932682
train	00932698
train	00932699
train	00932790
train	00932794
train	00932798
train	00932803
train	00932869
train	00932885
train	00933005
train	00933009
train	00933103
train	00933127
train	00933155
train	00933229
train	00933294
train	00933303
train	00933353
train	00933355
train	00933377
train	00933382
train	00933390
train	00933511
train	00933514
train	00933515
train	00933530
train	00933534
train	00933539
train	00933540
train	00933542
train	00933558
train	00933635
train	00933675
train	00933796
train	00933823
train	00933871
train	00933889
train	00933946
train	00933954
train	00933957
train	00934084
train	00934094
train	00934257
train	00934260
train	00934273
train	00934327
train	00934332
train	00934352
train	00934356
train	00934361
train	00934363
train	00934364
train	00934365
train	00934366
train	00934367
train	00934372
train	00934554
train	00934599
train	00934608
train	00934629
train	00934662
train	00934671
train	00934672
train	00934674
train	00934678
train	00934688
train	00934721
train	00934731
train	00934734
train	00934741
train	00934773
train	00934789
train	00934811
train	00934812
train	00934844
train	00934880
train	00934892
train	00934893
train	00934907
train	00934909
train	00934910
train	00934913
train	00934914
train	00934922
train	00934923
train	00934924
train	00934925
train	00934937
train	00934956
train	00934957
train	00934976
train	00934999
train	00935003
train	00935004
train	00935006
train	00935008
train	00935082
train	00935084
train	00935096
train	00935103
train	00935124
train	00935126
train	00935163
train	00935169
train	00935231
train	00935235
train	00935342
train	00935568
train	00936274
train	00936297
train	00936300
train	00936312
train	00936336
train	00936337
train	00936341
train	00936364
train	00936366
train	00936372
train	00936448
train	00936494
train	00936578
train	00936579
train	00936580
train	00936684
train	00936685
train	00936686
train	00936690
train	00936691
train	00936738
train	00936777
train	00936778
train	00936779
train	00936793
train	00936801
train	00936815
train	00936816
train	00936887
train	00936926
train	00936927
train	00936943
train	00936957
train	00936958
train	00936987
train	00937138
train	00937153
train	00937154
train	00937155
train	00937156
train	00937158
train	00937159
train	00937161
train	00937169
train	00937204
train	00937207
train	00937208
train	00937220
train	00937276
train	00937314
train	00937381
train	00937393
train	00937401
train	00937402
train	00937405
train	00937406
train	00937413
train	00937414
train	00937418
train	00937422
train	00937425
train	00937456
train	00937499
train	00937509
train	00937789
train	00937821
train	00937831
train	00937928
train	00937946
train	00938141
train	00938149
train	00938157
train	00938158
train	00938159
train	00938286
train	00938298
train	00938330
train	00938437
train	00938458
train	00938469
train	00938470
train	00938510
train	00938518
train	00938539
train	00938612
train	00938613
train	00938628
train	00938630
train	00938678
train	00938709
train	00938867
train	00938893
train	00938903
train	00938942
train	00938966
train	00938984
train	00939037
train	00939115
train	00939131
train	00939186
train	00939213
train	00939233
train	00939243
train	00939246
train	00939252
train	00939276
train	00939277
train	00939343
train	00939369
train	00939410
train	00939473
train	00939482
train	00939488
train	00939559
train	00939582
train	00939604
train	00939629
train	00939633
train	00939635
train	00939636
train	00939656
train	00939682
train	00939684
train	00939689
train	00939724
train	00939845
train	00939882
train	00939907
train	00939908
train	00939946
train	00939955
train	00939956
train	00940002
train	00940046
train	00940047
train	00940115
train	00940128
train	00940140
train	00940144
train	00940149
train	00940239
train	00940245
train	00940296
train	00940421
train	00940428
train	00940540
train	00940567
train	00940576
train	00940599
train	00940602
train	00940616
train	00940710
train	00940901
train	00940902
train	00940938
train	00940989
train	00941032
train	00941047
train	00941075
train	00941076
train	00941085
train	00941140
train	00941167
train	00941205
train	00941225
train	00941244
train	00941247
train	00941265
train	00941298
train	00941301
train	00941392
train	00941405
train	00941439
train	00941457
train	00941462
train	00941479
train	00941482
train	00941504
train	00941506
train	00941584
train	00941676
train	00941724
train	00941768
train	00941800
train	00941884
train	00941980
train	00941985
train	00942032
train	00942091
train	00942096
train	00942106
train	00942146
train	00942221
train	00942222
train	00942235
train	00942259
train	00942260
train	00942261
train	00942262
train	00942263
train	00942278
train	00942315
train	00942327
train	00942359
train	00942402
train	00942410
train	00942440
train	00942445
train	00942498
train	00942539
train	00942569
train	00942610
train	00942615
train	00942616
train	00942635
train	00942685
train	00942714
train	00942724
train	00942752
train	00942806
train	00942807
train	00942812
train	00942837
train	00942841
train	00942897
train	00942923
train	00942926
train	00942987
train	00942995
train	00943037
train	00943050
train	00943052
train	00943054
train	00943072
train	00943082
train	00943083
train	00943092
train	00943094
train	00943140
train	00943164
train	00943165
train	00943240
train	00943254
train	00943272
train	00943335
train	00943350
train	00943361
train	00943520
train	00943541
train	00943572
train	00943617
train	00943629
train	00943699
train	00943718
train	00943728
train	00943733
train	00943837
train	00943838
train	00943902
train	00943942
train	00944016
train	00944073
train	00944074
train	00944087
train	00944238
train	00944243
train	00944295
train	00944302
train	00944322
train	00944327
train	00944329
train	00944347
train	00944427
train	00944461
train	00944533
train	00944540
train	00944568
train	00944597
train	00944600
train	00944619
train	00944673
train	00944675
train	00944702
train	00944710
train	00944720
train	00944721
train	00944725
train	00944727
train	00944731
train	00944760
train	00944762
train	00944764
train	00944861
train	00944864
train	00944865
train	00944886
train	00944890
train	00944926
train	00944934
train	00944941
train	00944970
train	00944982
train	00944999
train	00945004
train	00945005
train	00945007
train	00945008
train	00945009
train	00945010
train	00945011
train	00945050
train	00945062
train	00945063
train	00945079
train	00945088
train	00945152
train	00945163
train	00945182
train	00945200
train	00945201
train	00945224
train	00945321
train	00945383
train	00945387
train	00945404
train	00945450
train	00945462
train	00945500
train	00945504
train	00945542
train	00945567
train	00945569
train	00945574
train	00945649
train	00945676
train	00945690
train	00945752
train	00945754
train	00945787
train	00945791
train	00945815
train	00945817
train	00945831
train	00945862
train	00945904
train	00945905
train	00945906
train	00945934
train	00945936
train	00945942
train	00945954
train	00946028
train	00946041
train	00946119
train	00946143
train	00946150
train	00946192
train	00946244
train	00946275
train	00946283
train	00946297
train	00946326
train	00946327
train	00946328
train	00946331
train	00946342
train	00946343
train	00946345
train	00946347
train	00946376
train	00946377
train	00946473
train	00946519
train	00946523
train	00946544
train	00946566
train	00946570
train	00946575
train	00946591
train	00946606
train	00946704
train	00946714
train	00946720
train	00946765
train	00946766
train	00946768
train	00946769
train	00946787
train	00946916
train	00947076
train	00947134
train	00947158
train	00947193
train	00947200
train	00947242
train	00947255
train	00947273
train	00947341
train	00947390
train	00947411
train	00947577
train	00947578
train	00947594
train	00947613
train	00947633
train	00947813
train	00947847
train	00947870
train	00947878
train	00947887
train	00947888
train	00947892
train	00948135
train	00948138
train	00948139
train	00948149
train	00948153
train	00948159
train	00948162
train	00948167
train	00948168
train	00948170
train	00948172
train	00948224
train	00948226
train	00948228
train	00948234
train	00948244
train	00948271
train	00948276
train	00948280
train	00948332
train	00948343
train	00948356
train	00948393
train	00948432
train	00948433
train	00948601
train	00948605
train	00948632
train	00948639
train	00948676
train	00948762
train	00948790
train	00948809
train	00948810
train	00948849
train	00948851
train	00948859
train	00948896
train	00948910
train	00949033
train	00949040
train	00949063
train	00949065
train	00949066
train	00949068
train	00949091
train	00949143
train	00949172
train	00949181
train	00949224
train	00949367
train	00949405
train	00949423
train	00949441
train	00949465
train	00949466
train	00949530
train	00949531
train	00949707
train	00949709
train	00949711
train	00949713
train	00949716
train	00949717
train	00949719
train	00949722
train	00949725
train	00949731
train	00949734
train	00949773
train	00949887
train	00949899
train	00949988
train	00950013
train	00950016
train	00950050
train	00950118
train	00950121
train	00950133
train	00950275
train	00950280
train	00950281
train	00950425
train	00950438
train	00950456
train	00950464
train	00950631
train	00950634
train	00950639
train	00950652
train	00950669
train	00950675
train	00950678
train	00950682
train	00950703
train	00950743
train	00950775
train	00950806
train	00950831
train	00950833
train	00950841
train	00951036
train	00951053
train	00951063
train	00951064
train	00951105
train	00951201
train	00951218
train	00951219
train	00951247
train	00951249
train	00951269
train	00951271
train	00951401
train	00951440
train	00951506
train	00951507
train	00951508
train	00951509
train	00951510
train	00951511
train	00951514
train	00951523
train	00951524
train	00951525
train	00951530
train	00951534
train	00951538
train	00951543
train	00951549
train	00951550
train	00951584
train	00951592
train	00951669
train	00951677
train	00951699
train	00951700
train	00951759
train	00951764
train	00951776
train	00951801
train	00951841
train	00951873
train	00951910
train	00951917
train	00951919
train	00951920
train	00951922
train	00951924
train	00951931
train	00951937
train	00951941
train	00951942
train	00951960
train	00951968
train	00951977
train	00951996
train	00952015
train	00952036
train	00952067
train	00952071
train	00952075
train	00952088
train	00952118
train	00952167
train	00952173
train	00952180
train	00952234
train	00952259
train	00952300
train	00952326
train	00952434
train	00952441
train	00952451
train	00952592
train	00952617
train	00952618
train	00952695
train	00952705
train	00952725
train	00952730
train	00952735
train	00952738
train	00952765
train	00952788
train	00952808
train	00952815
train	00952852
train	00952863
train	00952913
train	00952995
train	00953021
train	00953068
train	00953104
train	00953117
train	00953257
train	00953271
train	00953272
train	00953279
train	00953287
train	00953288
train	00953289
train	00953328
train	00953330
train	00953333
train	00953338
train	00953379
train	00953381
train	00953383
train	00953385
train	00953390
train	00953396
train	00953409
train	00953445
train	00953447
train	00953544
train	00953612
train	00953615
train	00953620
train	00953621
train	00953651
train	00953684
train	00953702
train	00953711
train	00953753
train	00953798
train	00953851
train	00953914
train	00953915
train	00953950
train	00953953
train	00953971
train	00953977
train	00954023
train	00954067
train	00954069
train	00954233
train	00954311
train	00954338
train	00954442
train	00954520
train	00954531
train	00954550
train	00954632
train	00954703
train	00954706
train	00954724
train	00954763
train	00954766
train	00954782
train	00954790
train	00954830
train	00954982
train	00954996
train	00955000
train	00955159
train	00955162
train	00955169
train	00955172
train	00955181
train	00955188
train	00955258
train	00955354
train	00955379
train	00955383
train	00955384
train	00955398
train	00955405
train	00955410
train	00955432
train	00955484
train	00955487
train	00955550
train	00955580
train	00955583
train	00955634
train	00955636
train	00955707
train	00955742
train	00955781
train	00955851
train	00955886
train	00955902
train	00955903
train	00955908
train	00955915
train	00955920
train	00955953
train	00955986
train	00956106
train	00956126
train	00956127
train	00956130
train	00956152
train	00956156
train	00956164
train	00956168
train	00956174
train	00956175
train	00956177
train	00956179
train	00956182
train	00956183
train	00956195
train	00956210
train	00956247
train	00956250
train	00956374
train	00956398
train	00956399
train	00956524
train	00956785
train	00956799
train	00956810
train	00956812
train	00956888
train	00956957
train	00956968
train	00957064
train	00957127
train	00957138
train	00957140
train	00957174
train	00957215
train	00957286
train	00957364
train	00957382
train	00957383
train	00957399
train	00957407
train	00957417
train	00957421
train	00957463
train	00957465
train	00957466
train	00957515
train	00957605
train	00957606
train	00957607
train	00957608
train	00957632
train	00957642
train	00957643
train	00957650
train	00957724
train	00957728
train	00957743
train	00957757
train	00957872
train	00957915
train	00958037
train	00958040
train	00958041
train	00958043
train	00958085
train	00958127
train	00958300
train	00958325
train	00958326
train	00958333
train	00958349
train	00958366
train	00958429
train	00958435
train	00958438
train	00958454
train	00958458
train	00958470
train	00958487
train	00958571
train	00958581
train	00958890
train	00958989
train	00959007
train	00959020
train	00959045
train	00959057
train	00959142
train	00959166
train	00959184
train	00959224
train	00959302
train	00959378
train	00959395
train	00959421
train	00959440
train	00959467
train	00959477
train	00959510
train	00959571
train	00959573
train	00959575
train	00959592
train	00959594
train	00959607
train	00959611
train	00959612
train	00959674
train	00959678
train	00959679
train	00959725
train	00959729
train	00959736
train	00959813
train	00959843
train	00959947
train	00959960
train	00959963
train	00960003
train	00960040
train	00960065
train	00960067
train	00960079
train	00960092
train	00960094
train	00960253
train	00960271
train	00960326
train	00960345
train	00960380
train	00960384
train	00960387
train	00960394
train	00960398
train	00960421
train	00960430
train	00960539
train	00960573
train	00960574
train	00960577
train	00960650
train	00960852
train	00960902
train	00960949
train	00960966
train	00960999
train	00961015
train	00961045
train	00961048
train	00961115
train	00961125
train	00961127
train	00961231
train	00961264
train	00961275
train	00961292
train	00961315
train	00961337
train	00961339
train	00961390
train	00961399
train	00961591
train	00961597
train	00961605
train	00961641
train	00961806
train	00961972
train	00962015
train	00962025
train	00962027
train	00962053
train	00962102
train	00962108
train	00962114
train	00962196
train	00962208
train	00962253
train	00962254
train	00962270
train	00962274
train	00962283
train	00962319
train	00962351
train	00962398
train	00962548
train	00962553
train	00962606
train	00962660
train	00962661
train	00962673
train	00962698
train	00962825
train	00962840
train	00962851
train	00962902
train	00962905
train	00962907
train	00962914
train	00962915
train	00962970
train	00962981
train	00963002
train	00963008
train	00963016
train	00963095
train	00963127
train	00963129
train	00963130
train	00963233
train	00963235
train	00963246
train	00963276
train	00963300
train	00963319
train	00963355
train	00963356
train	00963376
train	00963403
train	00963410
train	00963411
train	00963413
train	00963505
train	00963518
train	00963537
train	00963542
train	00963543
train	00963544
train	00963546
train	00963619
train	00963718
train	00963720
train	00963722
train	00963723
train	00963725
train	00963786
train	00963895
train	00963920
train	00964014
train	00964042
train	00964044
train	00964045
train	00964087
train	00964183
train	00964187
train	00964197
train	00964253
train	00964273
train	00964380
train	00964394
train	00964419
train	00964421
train	00964442
train	00964443
train	00964454
train	00964455
train	00964456
train	00964457
train	00964533
train	00964554
train	00964567
train	00964683
train	00964684
train	00964729
train	00964731
train	00964771
train	00964806
train	00964826
train	00964829
train	00964841
train	00964910
train	00964924
train	00965024
train	00965065
train	00965078
train	00965088
train	00965094
train	00965096
train	00965117
train	00965130
train	00965131
train	00965181
train	00965382
train	00965407
train	00965434
train	00965444
train	00965445
train	00965446
train	00965459
train	00965538
train	00965567
train	00965580
train	00965581
train	00965583
train	00965590
train	00965593
train	00965599
train	00965602
train	00965619
train	00965631
train	00965659
train	00965660
train	00965661
train	00965688
train	00965698
train	00965700
train	00965726
train	00965740
train	00965773
train	00965915
train	00965975
train	00966018
train	00966091
train	00966123
train	00966125
train	00966128
train	00966173
train	00966207
train	00966231
train	00966235
train	00966243
train	00966245
train	00966254
train	00966327
train	00966377
train	00966392
train	00966453
train	00966464
train	00966470
train	00966472
train	00966501
train	00966604
train	00966624
train	00966625
train	00966665
train	00966700
train	00966759
train	00966780
train	00966802
train	00966815
train	00966848
train	00966852
train	00966893
train	00966911
train	00966939
train	00966941
train	00966942
train	00966983
train	00966984
train	00966994
train	00967000
train	00967005
train	00967098
train	00967102
train	00967107
train	00967239
train	00967283
train	00967300
train	00967492
train	00967497
train	00967527
train	00967540
train	00967549
train	00967552
train	00967562
train	00967576
train	00967581
train	00967614
train	00967620
train	00967634
train	00967646
train	00967664
train	00967671
train	00967676
train	00967703
train	00967749
train	00967765
train	00967847
train	00967888
train	00967893
train	00967903
train	00967935
train	00967956
train	00967988
train	00968039
train	00968105
train	00968122
train	00968134
train	00968136
train	00968143
train	00968189
train	00968287
train	00968366
train	00968372
train	00968374
train	00968463
train	00968466
train	00968475
train	00968565
train	00968626
train	00968628
train	00968629
train	00968630
train	00968639
train	00968673
train	00968689
train	00968740
train	00968765
train	00968766
train	00968771
train	00968778
train	00968851
train	00968859
train	00968937
train	00968950
train	00969036
train	00969057
train	00969074
train	00969094
train	00969131
train	00969133
train	00969150
train	00969174
train	00969178
train	00969179
train	00969223
train	00969233
train	00969449
train	00969450
train	00969451
train	00969454
train	00969467
train	00969497
train	00969503
train	00969539
train	00969553
train	00969576
train	00969670
train	00969780
train	00969889
train	00969905
train	00969911
train	00970021
train	00970030
train	00970067
train	00970112
train	00970113
train	00970197
train	00970207
train	00970254
train	00970303
train	00970312
train	00970369
train	00970372
train	00970445
train	00970451
train	00970473
train	00970485
train	00970617
train	00970618
train	00970663
train	00970665
train	00970678
train	00970725
train	00970744
train	00970795
train	00970846
train	00970855
train	00970856
train	00970889
train	00970930
train	00970933
train	00970939
train	00970956
train	00970957
train	00971028
train	00971048
train	00971067
train	00971068
train	00971077
train	00971189
train	00971191
train	00971251
train	00971294
train	00971296
train	00971301
train	00971362
train	00971364
train	00971485
train	00971498
train	00971578
train	00971582
train	00971583
train	00971603
train	00971615
train	00971647
train	00971873
train	00971876
train	00971943
train	00972084
train	00972115
train	00972116
train	00972237
train	00972296
train	00972301
train	00972474
train	00972573
train	00972596
train	00972598
train	00972604
train	00972659
train	00972733
train	00972784
train	00972835
train	00972843
train	00972908
train	00972912
train	00972956
train	00972962
train	00972966
train	00972987
train	00973002
train	00973007
train	00973054
train	00973055
train	00973061
train	00973062
train	00973065
train	00973085
train	00973155
train	00973204
train	00973218
train	00973232
train	00973306
train	00973366
train	00973377
train	00973382
train	00973384
train	00973398
train	00973404
train	00973422
train	00973448
train	00973452
train	00973476
train	00973523
train	00973536
train	00973598
train	00973614
train	00973624
train	00973646
train	00973655
train	00973669
train	00973765
train	00973889
train	00973912
train	00974166
train	00974174
train	00974221
train	00974224
train	00974237
train	00974242
train	00974245
train	00974256
train	00974262
train	00974274
train	00974404
train	00974414
train	00974445
train	00974478
train	00974488
train	00974489
train	00974556
train	00974600
train	00974642
train	00974708
train	00974754
train	00974785
train	00974804
train	00974806
train	00974819
train	00974820
train	00974821
train	00974823
train	00974825
train	00974834
train	00974867
train	00974907
train	00974972
train	00974973
train	00975144
train	00975173
train	00975186
train	00975253
train	00975258
train	00975259
train	00975302
train	00975324
train	00975349
train	00975350
train	00975386
train	00975418
train	00975450
train	00975454
train	00975483
train	00975496
train	00975559
train	00975633
train	00975773
train	00975820
train	00975843
train	00975852
train	00975871
train	00975879
train	00975887
train	00975911
train	00975947
train	00975949
train	00975965
train	00976068
train	00976143
train	00976225
train	00976240
train	00976320
train	00976330
train	00976331
train	00976336
train	00976353
train	00976391
train	00976410
train	00976412
train	00976413
train	00976437
train	00976480
train	00976481
train	00976520
train	00976529
train	00976542
train	00976549
train	00976587
train	00976590
train	00976629
train	00976661
train	00976715
train	00976716
train	00976721
train	00976734
train	00976735
train	00976736
train	00976739
train	00976754
train	00976785
train	00976813
train	00976885
train	00976945
train	00976953
train	00976961
train	00976964
train	00976966
train	00976976
train	00976992
train	00977003
train	00977005
train	00977104
train	00977105
train	00977230
train	00977236
train	00977267
train	00977431
train	00977447
train	00977466
train	00977503
train	00977561
train	00977592
train	00977593
train	00977628
train	00977703
train	00977704
train	00977708
train	00977738
train	00977770
train	00977886
train	00977907
train	00977908
train	00978016
train	00978031
train	00978032
train	00978051
train	00978078
train	00978095
train	00978106
train	00978111
train	00978132
train	00978142
train	00978145
train	00978147
train	00978148
train	00978150
train	00978203
train	00978290
train	00978530
train	00978701
train	00978722
train	00978725
train	00978727
train	00978743
train	00978768
train	00978875
train	00978895
train	00978969
train	00979015
train	00979017
train	00979045
train	00979046
train	00979047
train	00979146
train	00979149
train	00979184
train	00979225
train	00979240
train	00979275
train	00979277
train	00979355
train	00979363
train	00979488
train	00979620
train	00979692
train	00979696
train	00979697
train	00979710
train	00979712
train	00979768
train	00979876
train	00979990
train	00980009
train	00980012
train	00980156
train	00980185
train	00980203
train	00980207
train	00980214
train	00980230
train	00980262
train	00980290
train	00980319
train	00980322
train	00980339
train	00980410
train	00980469
train	00980495
train	00980500
train	00980504
train	00980517
train	00980551
train	00980559
train	00980698
train	00980717
train	00980747
train	00980757
train	00980760
train	00980769
train	00980798
train	00980799
train	00980878
train	00980880
train	00980999
train	00981072
train	00981081
train	00981096
train	00981106
train	00981108
train	00981113
train	00981262
train	00981387
train	00981404
train	00981447
train	00981479
train	00981513
train	00981516
train	00981568
train	00981584
train	00981585
train	00981633
train	00981637
train	00981674
train	00981680
train	00981688
train	00981689
train	00981756
train	00981762
train	00981802
train	00981899
train	00981948
train	00981960
train	00981977
train	00982038
train	00982217
train	00982253
train	00982281
train	00982292
train	00982303
train	00982398
train	00982558
train	00982654
train	00982670
train	00982709
train	00982743
train	00982846
train	00982897
train	00982902
train	00982976
train	00982982
train	00983085
train	00983090
train	00983118
train	00983121
train	00983175
train	00983176
train	00983177
train	00983193
train	00983194
train	00983204
train	00983208
train	00983230
train	00983239
train	00983273
train	00983274
train	00983425
train	00983450
train	00983478
train	00983568
train	00983572
train	00983579
train	00983620
train	00983686
train	00983687
train	00983694
train	00983748
train	00983750
train	00983793
train	00983822
train	00983863
train	00983918
train	00983954
train	00983956
train	00983960
train	00983963
train	00984008
train	00984010
train	00984021
train	00984033
train	00984069
train	00984223
train	00984225
train	00984226
train	00984227
train	00984232
train	00984234
train	00984235
train	00984236
train	00984248
train	00984346
train	00984350
train	00984351
train	00984364
train	00984394
train	00984403
train	00984411
train	00984424
train	00984428
train	00984464
train	00984493
train	00984498
train	00984501
train	00984513
train	00984597
train	00984609
train	00984629
train	00984636
train	00984637
train	00984709
train	00984760
train	00984762
train	00984764
train	00984770
train	00984883
train	00984886
train	00984904
train	00984924
train	00984993
train	00985004
train	00985011
train	00985055
train	00985072
train	00985075
train	00985110
train	00985162
train	00985182
train	00985196
train	00985204
train	00985209
train	00985242
train	00985264
train	00985288
train	00985302
train	00985338
train	00985340
train	00985344
train	00985463
train	00985467
train	00985491
train	00985542
train	00985553
train	00985602
train	00985612
train	00985631
train	00985638
train	00985640
train	00985641
train	00985665
train	00985666
train	00985772
train	00985775
train	00985789
train	00985800
train	00985818
train	00986005
train	00986023
train	00986048
train	00986050
train	00986068
train	00986095
train	00986105
train	00986138
train	00986142
train	00986178
train	00986203
train	00986222
train	00986225
train	00986226
train	00986232
train	00986237
train	00986243
train	00986299
train	00986308
train	00986309
train	00986313
train	00986314
train	00986334
train	00986377
train	00986380
train	00986394
train	00986417
train	00986548
train	00986588
train	00986681
train	00986683
train	00986699
train	00986701
train	00986708
train	00986713
train	00986717
train	00986718
train	00986766
train	00986814
train	00986847
train	00986915
train	00986924
train	00986931
train	00987057
train	00987084
train	00987090
train	00987092
train	00987143
train	00987185
train	00987287
train	00987306
train	00987309
train	00987414
train	00987421
train	00987435
train	00987546
train	00987613
train	00987618
train	00987621
train	00987622
train	00987632
train	00987636
train	00987641
train	00987730
train	00987731
train	00987734
train	00987736
train	00987743
train	00987781
train	00987783
train	00987793
train	00987799
train	00987819
train	00987839
train	00987862
train	00987900
train	00988087
train	00988116
train	00988122
train	00988140
train	00988141
train	00988185
train	00988187
train	00988215
train	00988216
train	00988222
train	00988287
train	00988295
train	00988438
train	00988458
train	00988538
train	00988540
train	00988542
train	00988549
train	00988553
train	00988559
train	00988602
train	00988628
train	00988712
train	00988781
train	00988825
train	00988849
train	00989049
train	00989171
train	00989506
train	00989512
train	00989529
train	00989532
train	00989568
train	00989570
train	00989628
train	00989644
train	00989657
train	00989658
train	00989691
train	00989783
train	00989805
train	00989859
train	00989922
train	00989997
train	00990003
train	00990176
train	00990215
train	00990236
train	00990310
train	00990336
train	00990348
train	00990352
train	00990360
train	00990366
train	00990671
train	00990725
train	00990739
train	00990890
train	00990907
train	00990910
train	00990920
train	00990923
train	00990924
train	00990926
train	00990934
train	00990935
train	00990936
train	00990944
train	00990946
train	00990949
train	00990951
train	00990954
train	00990957
train	00990958
train	00990959
train	00990962
train	00990963
train	00990964
train	00990965
train	00990966
train	00990967
train	00990968
train	00990971
train	00990972
train	00990979
train	00990980
train	00990983
train	00990984
train	00991012
train	00991016
train	00991020
train	00991023
train	00991024
train	00991029
train	00991043
train	00991087
train	00991089
train	00991170
train	00991181
train	00991225
train	00991376
train	00991671
train	00991715
train	00991778
train	00991790
train	00991808
train	00991860
train	00991876
train	00991883
train	00991889
train	00991962
train	00992129
train	00992130
train	00992148
train	00992253
train	00992384
train	00992462
train	00992467
train	00992493
train	00992513
train	00992525
train	00992539
train	00992583
train	00992664
train	00993135
train	00993136
train	00993142
train	00993143
train	00993144
train	00993150
train	00993153
train	00993155
train	00993157
train	00993160
train	00993163
train	00993166
train	00993168
train	00993171
train	00993172
train	00993174
train	00993177
train	00993179
train	00993183
train	00993184
train	00993204
train	00993205
train	00993209
train	00993210
train	00993251
train	00993255
train	00993294
train	00993304
train	00993310
train	00993421
train	00993442
train	00993474
train	00993503
train	00993509
train	00993518
train	00993519
train	00993563
train	00993575
train	00993576
train	00993578
train	00993587
train	00993642
train	00993669
train	00993672
train	00993823
train	00993855
train	00993861
train	00993864
train	00993888
train	00993901
train	00993963
train	00993973
train	00994019
train	00994040
train	00994047
train	00994054
train	00994068
train	00994109
train	00994138
train	00994139
train	00994151
train	00994167
train	00994227
train	00994236
train	00994357
train	00994362
train	00994381
train	00994411
train	00994460
train	00994586
train	00994612
train	00994631
train	00994641
train	00994689
train	00994690
train	00994927
train	00994946
train	00994951
train	00995037
train	00995056
train	00995082
train	00995101
train	00995119
train	00995182
train	00995216
train	00995218
train	00995219
train	00995265
train	00995269
train	00995270
train	00995337
train	00995348
train	00995377
train	00995422
train	00995449
train	00995484
train	00995501
train	00995522
train	00995536
train	00995544
train	00995565
train	00995590
train	00995602
train	00995607
train	00995611
train	00995646
train	00995648
train	00995695
train	00995707
train	00995733
train	00995755
train	00996294
train	00996306
train	00996328
train	00996351
train	00996372
train	00996393
train	00996438
train	00996454
train	00996455
train	00996473
train	00996483
train	00996485
train	00996532
train	00996536
train	00996537
train	00996560
train	00996562
train	00996648
train	00996698
train	00996730
train	00996775
train	00996822
train	00996838
train	00996841
train	00996853
train	00996854
train	00996866
train	00996881
train	00996885
train	00996920
train	00996923
train	00996960
train	00996961
train	00996965
train	00997019
train	00997400
train	00997429
train	00997495
train	00997523
train	00997527
train	00997529
train	00997538
train	00997542
train	00997546
train	00997557
train	00997562
train	00997565
train	00997574
train	00997580
train	00997598
train	00997613
train	00997616
train	00997627
train	00997680
train	00997681
train	00997753
train	00997777
train	00997785
train	00997820
train	00997852
train	00997878
train	00997884
train	00997931
train	00997933
train	00997934
train	00997959
train	00997963
train	00998012
train	00998013
train	00998747
train	00998748
train	00998760
train	00998772
train	00998776
train	00998777
train	00998778
train	00998789
train	00998821
train	00998917
train	00998921
train	00998927
train	00998937
train	00998938
train	00998953
train	00998974
train	00999130
train	00999133
train	00999181
train	00999329
train	00999341
train	00999374
train	00999679
train	00999681
train	00999713
train	00999790
train	00999797
train	00999799
train	00999800
train	00999998
train	00999999
val	00000178
val	00000894
val	00003202
val	00003406
val	00003999
val	00005825
val	00006067
val	00006608
val	00007585
val	00007655
val	00008165
val	00009919
val	00010156
val	00010531
val	00010555
val	00010704
val	00010887
val	00011043
val	00011994
val	00013449
val	00014538
val	00015702
val	00015736
val	00016772
val	00017035
val	00017052
val	00017266
val	00017292
val	00017468
val	00017598
val	00018361
val	00019190
val	00019718
val	00019753
val	00020410
val	00020508
val	00020984
val	00021017
val	00021029
val	00021074
val	00021289
val	00021304
val	00021932
val	00022149
val	00022152
val	00022157
val	00022326
val	00022474
val	00022668
val	00022686
val	00022820
val	00022862
val	00023771
val	00024025
val	00024146
val	00024632
val	00024643
val	00024732
val	00024805
val	00024807
val	00024815
val	00024846
val	00025161
val	00025334
val	00025689
val	00026350
val	00026398
val	00026549
val	00026681
val	00026799
val	00026849
val	00026910
val	00028226
val	00028288
val	00028639
val	00029288
val	00029294
val	00029538
val	00029592
val	00029676
val	00030062
val	00030091
val	00030109
val	00030567
val	00030822
val	00031031
val	00031208
val	00031701
val	00032217
val	00032359
val	00032409
val	00032913
val	00033173
val	00033601
val	00033796
val	00034507
val	00034826
val	00035123
val	00035173
val	00035175
val	00035332
val	00036029
val	00036532
val	00036650
val	00036894
val	00036895
val	00037130
val	00037995
val	00038141
val	00038913
val	00039193
val	00039511
val	00039724
val	00039946
val	00040142
val	00041029
val	00041275
val	00041607
val	00041989
val	00042579
val	00043487
val	00043615
val	00043915
val	00043944
val	00044448
val	00045081
val	00045638
val	00045789
val	00046039
val	00047564
val	00047597
val	00047795
val	00047988
val	00048033
val	00048093
val	00048299
val	00048411
val	00048843
val	00048846
val	00048928
val	00049185
val	00049498
val	00049578
val	00049679
val	00049927
val	00049964
val	00050245
val	00050262
val	00050304
val	00050886
val	00051808
val	00052303
val	00052554
val	00052978
val	00053122
val	00053230
val	00053378
val	00053531
val	00053582
val	00053609
val	00053959
val	00054105
val	00054183
val	00054532
val	00054815
val	00055621
val	00056174
val	00056518
val	00056579
val	00056686
val	00056836
val	00056846
val	00056956
val	00057497
val	00058116
val	00058885
val	00058890
val	00059121
val	00059509
val	00059708
val	00059979
val	00060069
val	00060173
val	00060191
val	00060240
val	00060317
val	00060556
val	00061119
val	00061231
val	00061334
val	00061403
val	00061513
val	00062070
val	00062188
val	00062835
val	00063061
val	00063203
val	00063259
val	00063324
val	00063439
val	00063604
val	00063751
val	00063816
val	00064404
val	00064445
val	00064568
val	00065505
val	00065600
val	00066365
val	00066496
val	00066501
val	00067694
val	00068474
val	00068675
val	00069116
val	00069784
val	00070554
val	00071050
val	00071436
val	00071699
val	00071712
val	00071788
val	00071822
val	00072409
val	00073445
val	00073872
val	00073879
val	00074618
val	00074850
val	00074919
val	00075289
val	00075293
val	00075391
val	00075529
val	00075664
val	00076136
val	00076583
val	00076654
val	00076699
val	00077663
val	00077684
val	00078577
val	00078627
val	00078665
val	00079164
val	00079287
val	00079585
val	00079677
val	00079936
val	00080138
val	00080605
val	00080668
val	00080982
val	00081253
val	00081310
val	00081416
val	00081780
val	00082361
val	00082709
val	00083619
val	00083783
val	00084314
val	00084472
val	00085168
val	00085169
val	00085407
val	00085778
val	00086410
val	00087229
val	00087309
val	00087628
val	00087955
val	00088206
val	00088362
val	00088769
val	00089108
val	00089215
val	00089322
val	00090227
val	00090473
val	00091304
val	00091346
val	00091688
val	00091793
val	00093621
val	00094066
val	00094101
val	00094103
val	00094123
val	00095131
val	00095615
val	00095750
val	00095919
val	00096319
val	00096453
val	00096487
val	00096511
val	00096536
val	00096553
val	00096631
val	00096688
val	00096701
val	00096753
val	00096782
val	00096802
val	00097540
val	00097597
val	00097947
val	00098043
val	00098046
val	00098052
val	00098163
val	00098632
val	00098726
val	00099083
val	00099353
val	00099463
val	00099601
val	00100399
val	00100694
val	00100853
val	00101440
val	00101442
val	00101478
val	00101539
val	00101719
val	00102032
val	00102192
val	00102467
val	00102472
val	00102613
val	00103447
val	00103711
val	00103855
val	00103964
val	00104045
val	00104284
val	00104502
val	00104999
val	00105022
val	00105124
val	00105273
val	00105580
val	00106060
val	00106611
val	00106744
val	00107152
val	00107234
val	00107381
val	00107430
val	00107752
val	00109082
val	00109367
val	00109446
val	00109593
val	00109741
val	00109755
val	00110269
val	00111309
val	00111341
val	00111725
val	00112474
val	00112697
val	00112982
val	00113029
val	00113090
val	00113259
val	00113486
val	00113640
val	00113854
val	00114107
val	00114394
val	00114778
val	00114886
val	00115166
val	00115368
val	00115586
val	00116053
val	00116176
val	00116240
val	00116436
val	00116691
val	00117161
val	00117403
val	00117674
val	00118176
val	00118249
val	00118516
val	00118873
val	00119827
val	00119837
val	00119880
val	00120511
val	00120640
val	00120721
val	00120765
val	00121089
val	00121094
val	00121102
val	00121425
val	00121537
val	00121861
val	00122053
val	00122202
val	00122422
val	00123303
val	00123452
val	00123773
val	00124063
val	00124754
val	00125816
val	00125997
val	00126051
val	00126385
val	00127423
val	00127685
val	00128722
val	00129347
val	00129479
val	00129541
val	00129654
val	00129657
val	00129970
val	00130477
val	00130528
val	00130610
val	00130624
val	00130818
val	00130875
val	00130900
val	00132041
val	00132112
val	00132273
val	00132396
val	00132482
val	00133124
val	00133354
val	00133795
val	00134043
val	00134435
val	00134741
val	00135196
val	00135216
val	00135726
val	00135912
val	00136092
val	00136462
val	00136554
val	00136602
val	00136686
val	00136690
val	00136735
val	00136914
val	00136941
val	00136954
val	00137010
val	00137022
val	00137031
val	00137060
val	00137197
val	00137199
val	00137223
val	00137251
val	00137257
val	00137260
val	00137274
val	00137278
val	00137494
val	00137700
val	00137950
val	00138024
val	00138062
val	00138565
val	00139834
val	00140064
val	00140815
val	00141146
val	00141154
val	00141163
val	00141175
val	00141409
val	00141432
val	00141433
val	00141438
val	00141478
val	00141709
val	00141710
val	00141933
val	00141942
val	00142470
val	00142904
val	00142969
val	00145210
val	00146913
val	00146950
val	00147269
val	00147313
val	00147488
val	00147756
val	00148170
val	00149198
val	00149859
val	00149881
val	00150303
val	00150622
val	00151263
val	00151313
val	00151336
val	00151692
val	00151878
val	00152653
val	00154608
val	00154827
val	00155017
val	00155107
val	00155383
val	00155961
val	00156029
val	00156239
val	00156460
val	00156793
val	00157779
val	00158291
val	00159056
val	00159124
val	00159201
val	00160142
val	00160324
val	00160663
val	00160686
val	00161158
val	00162016
val	00162781
val	00163094
val	00163111
val	00163604
val	00164308
val	00164927
val	00165216
val	00165440
val	00166164
val	00166203
val	00166449
val	00168273
val	00168419
val	00169037
val	00169174
val	00169244
val	00169338
val	00169620
val	00169876
val	00170428
val	00171050
val	00171297
val	00172198
val	00172956
val	00172973
val	00173012
val	00173372
val	00174060
val	00174279
val	00174324
val	00174412
val	00174791
val	00174945
val	00175690
val	00175753
val	00175919
val	00176159
val	00176166
val	00176392
val	00176858
val	00177090
val	00177311
val	00177319
val	00177421
val	00177533
val	00177611
val	00178065
val	00178086
val	00178447
val	00178545
val	00178964
val	00179192
val	00179709
val	00179937
val	00179945
val	00180741
val	00180779
val	00181828
val	00181894
val	00181912
val	00182534
val	00182621
val	00183100
val	00183585
val	00184085
val	00184378
val	00184448
val	00184526
val	00185153
val	00185253
val	00186325
val	00186412
val	00186423
val	00186511
val	00186673
val	00186999
val	00187390
val	00189378
val	00189401
val	00189578
val	00189733
val	00190087
val	00190967
val	00190996
val	00191330
val	00192243
val	00192513
val	00193204
val	00193205
val	00193681
val	00193690
val	00194055
val	00194985
val	00195139
val	00195212
val	00195728
val	00195789
val	00195839
val	00196428
val	00196907
val	00197488
val	00197498
val	00197713
val	00198245
val	00199100
val	00199119
val	00199207
val	00199453
val	00199546
val	00199648
val	00199673
val	00199749
val	00200505
val	00200657
val	00201505
val	00203326
val	00203334
val	00203577
val	00203583
val	00205344
val	00205801
val	00206699
val	00207567
val	00207678
val	00207778
val	00208060
val	00208610
val	00209124
val	00210332
val	00210867
val	00211162
val	00211211
val	00211362
val	00211668
val	00213292
val	00213565
val	00213713
val	00214457
val	00214983
val	00215709
val	00216277
val	00217341
val	00217697
val	00217717
val	00218364
val	00218378
val	00218459
val	00218510
val	00218784
val	00218909
val	00219043
val	00219101
val	00219209
val	00219370
val	00219371
val	00219727
val	00220538
val	00220808
val	00220866
val	00220919
val	00221026
val	00221258
val	00221467
val	00221491
val	00221517
val	00221995
val	00222338
val	00222368
val	00222549
val	00222573
val	00222619
val	00223056
val	00223213
val	00223806
val	00223929
val	00224876
val	00225099
val	00225187
val	00225220
val	00225646
val	00226227
val	00226253
val	00226263
val	00226272
val	00226275
val	00227564
val	00227580
val	00227843
val	00228538
val	00228572
val	00229077
val	00229264
val	00230180
val	00230314
val	00230419
val	00230423
val	00230447
val	00230480
val	00230601
val	00230716
val	00231353
val	00231439
val	00231535
val	00231595
val	00231611
val	00231645
val	00231717
val	00231899
val	00231900
val	00231936
val	00232503
val	00232782
val	00232799
val	00232883
val	00232966
val	00233600
val	00234746
val	00234894
val	00235299
val	00235348
val	00235999
val	00236192
val	00236197
val	00236709
val	00236749
val	00237091
val	00237311
val	00237718
val	00237739
val	00237953
val	00238015
val	00238994
val	00239130
val	00239197
val	00239320
val	00239468
val	00240102
val	00240227
val	00240415
val	00241049
val	00241201
val	00241485
val	00241599
val	00241656
val	00241670
val	00241690
val	00241779
val	00241924
val	00242151
val	00242176
val	00242270
val	00242597
val	00242659
val	00242740
val	00243090
val	00243246
val	00243277
val	00243306
val	00243844
val	00244142
val	00244283
val	00244412
val	00244486
val	00244548
val	00245850
val	00245888
val	00246025
val	00246040
val	00246265
val	00246337
val	00246418
val	00246558
val	00246767
val	00246806
val	00247167
val	00247245
val	00247378
val	00247471
val	00247875
val	00248145
val	00248284
val	00248392
val	00248483
val	00248690
val	00248763
val	00248831
val	00248919
val	00248935
val	00249429
val	00250458
val	00250803
val	00251268
val	00251735
val	00251792
val	00252201
val	00254329
val	00254361
val	00254521
val	00254929
val	00254984
val	00255159
val	00255574
val	00255725
val	00256155
val	00256587
val	00256656
val	00256773
val	00256928
val	00257411
val	00257564
val	00257627
val	00257690
val	00257730
val	00257731
val	00257735
val	00257740
val	00257801
val	00258785
val	00259144
val	00260130
val	00261221
val	00261563
val	00262144
val	00262222
val	00262237
val	00262305
val	00262429
val	00262479
val	00262569
val	00262658
val	00263106
val	00263183
val	00263288
val	00263504
val	00263527
val	00263532
val	00263552
val	00263555
val	00263580
val	00263586
val	00264023
val	00264040
val	00264043
val	00264312
val	00264604
val	00264607
val	00264648
val	00264702
val	00264708
val	00265639
val	00266085
val	00266363
val	00266484
val	00266699
val	00266718
val	00267016
val	00267596
val	00267673
val	00267846
val	00268143
val	00268145
val	00268287
val	00268491
val	00270192
val	00270196
val	00270444
val	00270759
val	00270824
val	00270827
val	00270855
val	00270864
val	00270868
val	00270884
val	00270886
val	00270891
val	00270953
val	00271007
val	00271096
val	00271105
val	00271124
val	00271128
val	00271146
val	00271182
val	00271221
val	00271227
val	00271414
val	00271425
val	00271438
val	00271930
val	00272500
val	00272501
val	00272504
val	00272519
val	00272586
val	00272609
val	00272626
val	00272640
val	00272763
val	00272765
val	00272774
val	00272775
val	00272783
val	00272810
val	00272819
val	00272834
val	00272882
val	00272936
val	00273140
val	00273170
val	00273222
val	00273231
val	00273251
val	00273667
val	00274467
val	00274553
val	00274558
val	00274628
val	00274701
val	00274772
val	00275121
val	00275163
val	00275847
val	00276058
val	00276096
val	00276099
val	00276116
val	00276164
val	00276682
val	00276866
val	00277275
val	00277322
val	00277504
val	00277856
val	00278780
val	00279087
val	00279143
val	00279408
val	00279635
val	00279655
val	00279797
val	00279921
val	00280070
val	00280246
val	00280284
val	00280296
val	00280443
val	00280446
val	00280484
val	00280733
val	00281253
val	00281902
val	00281987
val	00282004
val	00282143
val	00282224
val	00282255
val	00282268
val	00282274
val	00282284
val	00282310
val	00282311
val	00282412
val	00282833
val	00283269
val	00283314
val	00283954
val	00284006
val	00284156
val	00284178
val	00284182
val	00284256
val	00284781
val	00284821
val	00284833
val	00284850
val	00284857
val	00284916
val	00285034
val	00285061
val	00285325
val	00285329
val	00285675
val	00285689
val	00285724
val	00285725
val	00285736
val	00285757
val	00285761
val	00285799
val	00285813
val	00285838
val	00286347
val	00286448
val	00287052
val	00287128
val	00287202
val	00287771
val	00287943
val	00287945
val	00288065
val	00288360
val	00288377
val	00288543
val	00288588
val	00288823
val	00288857
val	00288900
val	00289308
val	00289550
val	00289924
val	00290393
val	00290417
val	00290419
val	00290430
val	00290624
val	00290650
val	00291261
val	00291275
val	00291586
val	00292180
val	00292233
val	00292236
val	00292247
val	00292280
val	00292300
val	00293175
val	00293265
val	00293302
val	00293472
val	00293638
val	00294042
val	00294248
val	00294356
val	00294546
val	00295359
val	00295417
val	00295534
val	00296791
val	00296817
val	00297217
val	00297291
val	00297425
val	00297890
val	00297908
val	00298034
val	00298174
val	00298323
val	00298821
val	00299041
val	00299310
val	00299704
val	00299937
val	00300008
val	00300515
val	00300520
val	00300574
val	00300708
val	00300810
val	00301055
val	00301142
val	00301184
val	00301403
val	00301633
val	00301986
val	00302532
val	00302559
val	00302575
val	00303045
val	00303379
val	00303878
val	00304156
val	00304161
val	00304181
val	00304393
val	00305238
val	00305450
val	00306098
val	00306258
val	00306489
val	00306498
val	00306507
val	00306510
val	00306512
val	00306550
val	00306600
val	00306657
val	00307127
val	00307237
val	00307242
val	00307247
val	00307280
val	00307298
val	00307311
val	00307334
val	00307638
val	00307644
val	00307653
val	00307666
val	00307695
val	00307701
val	00307704
val	00307731
val	00307786
val	00307852
val	00307893
val	00307931
val	00307964
val	00307997
val	00308054
val	00308189
val	00308604
val	00308608
val	00308714
val	00308910
val	00309115
val	00309183
val	00309279
val	00309364
val	00309547
val	00309604
val	00309745
val	00309785
val	00309854
val	00309885
val	00309944
val	00310073
val	00310976
val	00311300
val	00311495
val	00312796
val	00312947
val	00312995
val	00313378
val	00313382
val	00313391
val	00313394
val	00313507
val	00313541
val	00313582
val	00313590
val	00313606
val	00313612
val	00313624
val	00314032
val	00314109
val	00314764
val	00315709
val	00315756
val	00317365
val	00317619
val	00317673
val	00317808
val	00317839
val	00318470
val	00318755
val	00318765
val	00318877
val	00319306
val	00319325
val	00319449
val	00319571
val	00319603
val	00319691
val	00319694
val	00319736
val	00319772
val	00319922
val	00319977
val	00320027
val	00320274
val	00321023
val	00321049
val	00321091
val	00321167
val	00321219
val	00321301
val	00321357
val	00321466
val	00321498
val	00321520
val	00321538
val	00321885
val	00322088
val	00322093
val	00322098
val	00322622
val	00322756
val	00322777
val	00322813
val	00322858
val	00322886
val	00323029
val	00323137
val	00323188
val	00323373
val	00323403
val	00323519
val	00323542
val	00324229
val	00325205
val	00325385
val	00325622
val	00325996
val	00326135
val	00327220
val	00327529
val	00327541
val	00327670
val	00327823
val	00327883
val	00328062
val	00328177
val	00328764
val	00329132
val	00329173
val	00329177
val	00329230
val	00329372
val	00329549
val	00330173
val	00330346
val	00330767
val	00330992
val	00330999
val	00331004
val	00331056
val	00331081
val	00331091
val	00331316
val	00331482
val	00331748
val	00332163
val	00332171
val	00332435
val	00332491
val	00332994
val	00333469
val	00335093
val	00335132
val	00335191
val	00335228
val	00335261
val	00335545
val	00335963
val	00336010
val	00336066
val	00336381
val	00336552
val	00336687
val	00336831
val	00338041
val	00338179
val	00339604
val	00340011
val	00340018
val	00340170
val	00340178
val	00340181
val	00341219
val	00341325
val	00342826
val	00342840
val	00342860
val	00342888
val	00342981
val	00343061
val	00343066
val	00343168
val	00343807
val	00343996
val	00344592
val	00344659
val	00344778
val	00344855
val	00344859
val	00344860
val	00344863
val	00344928
val	00344992
val	00345585
val	00345660
val	00345697
val	00346093
val	00346233
val	00346816
val	00347130
val	00347353
val	00347531
val	00347543
val	00347899
val	00348593
val	00348879
val	00349168
val	00349321
val	00349498
val	00349814
val	00350306
val	00350368
val	00350814
val	00350854
val	00351042
val	00351066
val	00351408
val	00351537
val	00351586
val	00351851
val	00351860
val	00351872
val	00352103
val	00352170
val	00352216
val	00352439
val	00352642
val	00352768
val	00352828
val	00352923
val	00353627
val	00353637
val	00353664
val	00353673
val	00353716
val	00354338
val	00354405
val	00354849
val	00354895
val	00355066
val	00355153
val	00355170
val	00355441
val	00355799
val	00355842
val	00355871
val	00355989
val	00356252
val	00356278
val	00356328
val	00356331
val	00356357
val	00356425
val	00356470
val	00356481
val	00356513
val	00356567
val	00356643
val	00356654
val	00356786
val	00357051
val	00357313
val	00358260
val	00358809
val	00359060
val	00359067
val	00359102
val	00359441
val	00359468
val	00359509
val	00359558
val	00359851
val	00359860
val	00360686
val	00360743
val	00361272
val	00361306
val	00361375
val	00361387
val	00361388
val	00361420
val	00361458
val	00361490
val	00361569
val	00361683
val	00361776
val	00361888
val	00361890
val	00361906
val	00361959
val	00362210
val	00362348
val	00362391
val	00362397
val	00362520
val	00362522
val	00362836
val	00362940
val	00363229
val	00363230
val	00363350
val	00363757
val	00363999
val	00364349
val	00364486
val	00364558
val	00365246
val	00365587
val	00365635
val	00366107
val	00366188
val	00366278
val	00366330
val	00366456
val	00366472
val	00366519
val	00366766
val	00367885
val	00368264
val	00368265
val	00368312
val	00368732
val	00369160
val	00370272
val	00370808
val	00370820
val	00371538
val	00371574
val	00371589
val	00372628
val	00372941
val	00373162
val	00373182
val	00373516
val	00373599
val	00373603
val	00373745
val	00374270
val	00375351
val	00375402
val	00375883
val	00377079
val	00378212
val	00378413
val	00378414
val	00378463
val	00378701
val	00378914
val	00379068
val	00379205
val	00379341
val	00379532
val	00380446
val	00380590
val	00381055
val	00381058
val	00381088
val	00381292
val	00381667
val	00381814
val	00382045
val	00382049
val	00382257
val	00382651
val	00382771
val	00383015
val	00383090
val	00383118
val	00383766
val	00384003
val	00384126
val	00384474
val	00385279
val	00385407
val	00385630
val	00385700
val	00386546
val	00386559
val	00386565
val	00386578
val	00386977
val	00387013
val	00387303
val	00387384
val	00387522
val	00387539
val	00387672
val	00388413
val	00388837
val	00388854
val	00389352
val	00389391
val	00389408
val	00389772
val	00390000
val	00390124
val	00390384
val	00390513
val	00391107
val	00391318
val	00391480
val	00391485
val	00391930
val	00392371
val	00392603
val	00392678
val	00392880
val	00393076
val	00393867
val	00394954
val	00395112
val	00395308
val	00396041
val	00396596
val	00396603
val	00396611
val	00396616
val	00397399
val	00397412
val	00397670
val	00397985
val	00397996
val	00398734
val	00399210
val	00399215
val	00400516
val	00400636
val	00401312
val	00402556
val	00402720
val	00402740
val	00402959
val	00403146
val	00403241
val	00403275
val	00403550
val	00404075
val	00404182
val	00404568
val	00405012
val	00405073
val	00405237
val	00406090
val	00406430
val	00406950
val	00407048
val	00407919
val	00408645
val	00408806
val	00409013
val	00409015
val	00409158
val	00409424
val	00409452
val	00409755
val	00410580
val	00411078
val	00411277
val	00411288
val	00411302
val	00411435
val	00411453
val	00411534
val	00411541
val	00411576
val	00411904
val	00411952
val	00412352
val	00413152
val	00413774
val	00414828
val	00415420
val	00416395
val	00416656
val	00416772
val	00416968
val	00417098
val	00417133
val	00418694
val	00418781
val	00418798
val	00418840
val	00418872
val	00418886
val	00418899
val	00418935
val	00418948
val	00418975
val	00418996
val	00419000
val	00419003
val	00419055
val	00419079
val	00419244
val	00419254
val	00419261
val	00419265
val	00419271
val	00419298
val	00419314
val	00419355
val	00419358
val	00419376
val	00419709
val	00419790
val	00419925
val	00420331
val	00420657
val	00420710
val	00421089
val	00421231
val	00421340
val	00421368
val	00421542
val	00421718
val	00421723
val	00421738
val	00421789
val	00421790
val	00421813
val	00421930
val	00421969
val	00422157
val	00422258
val	00422268
val	00422284
val	00422312
val	00422353
val	00422367
val	00422368
val	00422374
val	00422588
val	00422649
val	00422968
val	00424414
val	00424461
val	00424814
val	00424815
val	00424878
val	00425150
val	00425263
val	00425298
val	00425313
val	00425379
val	00425440
val	00425503
val	00425561
val	00426207
val	00426407
val	00426934
val	00426939
val	00427118
val	00427513
val	00427599
val	00427678
val	00427700
val	00427708
val	00429043
val	00429508
val	00430638
val	00430869
val	00432527
val	00432891
val	00433538
val	00433839
val	00434741
val	00434748
val	00434838
val	00435141
val	00436690
val	00436887
val	00437545
val	00437588
val	00437607
val	00437709
val	00437857
val	00437951
val	00437953
val	00438178
val	00438576
val	00439030
val	00439063
val	00439201
val	00439692
val	00440053
val	00440167
val	00440337
val	00440591
val	00440833
val	00440918
val	00442012
val	00442028
val	00442296
val	00442994
val	00443147
val	00443305
val	00443517
val	00444043
val	00444540
val	00445107
val	00445339
val	00445873
val	00446151
val	00447063
val	00447069
val	00447170
val	00448269
val	00448413
val	00448756
val	00448774
val	00448799
val	00450028
val	00450055
val	00450967
val	00451104
val	00452036
val	00452043
val	00452193
val	00453973
val	00454569
val	00454639
val	00454962
val	00455548
val	00455644
val	00455653
val	00456267
val	00456292
val	00456347
val	00456459
val	00456599
val	00456867
val	00456958
val	00457865
val	00457931
val	00458651
val	00458721
val	00458836
val	00459399
val	00459434
val	00459437
val	00459441
val	00459455
val	00459584
val	00459635
val	00459993
val	00460084
val	00460305
val	00460420
val	00460745
val	00460764
val	00460776
val	00460777
val	00460827
val	00460931
val	00461045
val	00461104
val	00461136
val	00461256
val	00461403
val	00461752
val	00461813
val	00461856
val	00462084
val	00462093
val	00462215
val	00462238
val	00462841
val	00463261
val	00463539
val	00463634
val	00463799
val	00464059
val	00464200
val	00464409
val	00464419
val	00464530
val	00465164
val	00465947
val	00466104
val	00466159
val	00466319
val	00466552
val	00467063
val	00467258
val	00467273
val	00467435
val	00467569
val	00467830
val	00467896
val	00468412
val	00468451
val	00468892
val	00468964
val	00469565
val	00469660
val	00469826
val	00469866
val	00469966
val	00470047
val	00470051
val	00470052
val	00470171
val	00470496
val	00470612
val	00470699
val	00470826
val	00471184
val	00471212
val	00471818
val	00472310
val	00472322
val	00472835
val	00472922
val	00473427
val	00473947
val	00474133
val	00474239
val	00475372
val	00475639
val	00476151
val	00476194
val	00476279
val	00476336
val	00476474
val	00476731
val	00476777
val	00477114
val	00477130
val	00477801
val	00477864
val	00478328
val	00478370
val	00478691
val	00478834
val	00478946
val	00479266
val	00479582
val	00479684
val	00479812
val	00480192
val	00481253
val	00481396
val	00481408
val	00481985
val	00482040
val	00483261
val	00483282
val	00483354
val	00483554
val	00484633
val	00484830
val	00485114
val	00485731
val	00486317
val	00486547
val	00486551
val	00486597
val	00486644
val	00486654
val	00487004
val	00487048
val	00487071
val	00487087
val	00487095
val	00487281
val	00487387
val	00487412
val	00487626
val	00488647
val	00489150
val	00489155
val	00489235
val	00489343
val	00490322
val	00490394
val	00490463
val	00491599
val	00492256
val	00492328
val	00492672
val	00492846
val	00493007
val	00493320
val	00493328
val	00493389
val	00493632
val	00493961
val	00494321
val	00494689
val	00494751
val	00495096
val	00495412
val	00495467
val	00495858
val	00496351
val	00496450
val	00496451
val	00496456
val	00496519
val	00496532
val	00496577
val	00496628
val	00496666
val	00496862
val	00497047
val	00497102
val	00497156
val	00497336
val	00498011
val	00498301
val	00498499
val	00498598
val	00498904
val	00498989
val	00499017
val	00499084
val	00499165
val	00499311
val	00499314
val	00499512
val	00500114
val	00500174
val	00500488
val	00500616
val	00500937
val	00500950
val	00500976
val	00501491
val	00501519
val	00501857
val	00501957
val	00502951
val	00503141
val	00503680
val	00504145
val	00504607
val	00504877
val	00505046
val	00505330
val	00505499
val	00505543
val	00505949
val	00506167
val	00506896
val	00507070
val	00507156
val	00507275
val	00507322
val	00507323
val	00507612
val	00507870
val	00507950
val	00508044
val	00508308
val	00508740
val	00508741
val	00508981
val	00510427
val	00510679
val	00510762
val	00510792
val	00511037
val	00511835
val	00512149
val	00512465
val	00512842
val	00513116
val	00513426
val	00513428
val	00513544
val	00514330
val	00514618
val	00514695
val	00514719
val	00514854
val	00516171
val	00516185
val	00517112
val	00517115
val	00517269
val	00517434
val	00517555
val	00517645
val	00517930
val	00518122
val	00518469
val	00518515
val	00518747
val	00518804
val	00518830
val	00519066
val	00519083
val	00519085
val	00519125
val	00519137
val	00519384
val	00519567
val	00519604
val	00519769
val	00520678
val	00521116
val	00521437
val	00522971
val	00523656
val	00523808
val	00523904
val	00525649
val	00525941
val	00526692
val	00527009
val	00527118
val	00527275
val	00527280
val	00527513
val	00527526
val	00527549
val	00527551
val	00527604
val	00527636
val	00527786
val	00528149
val	00528233
val	00528733
val	00528898
val	00528899
val	00529158
val	00529202
val	00529413
val	00529913
val	00530011
val	00530021
val	00530023
val	00530080
val	00530229
val	00530310
val	00530311
val	00530360
val	00530386
val	00530392
val	00530409
val	00530442
val	00530509
val	00530612
val	00530756
val	00531240
val	00531241
val	00531489
val	00531855
val	00532062
val	00532126
val	00532343
val	00532356
val	00532537
val	00532733
val	00532973
val	00532988
val	00533153
val	00533979
val	00533987
val	00534086
val	00534212
val	00534904
val	00535355
val	00535578
val	00535751
val	00536281
val	00536582
val	00536781
val	00536929
val	00536978
val	00536983
val	00537324
val	00537444
val	00537450
val	00537546
val	00537883
val	00538309
val	00538513
val	00539230
val	00539872
val	00539877
val	00539938
val	00539976
val	00540269
val	00540520
val	00540609
val	00540670
val	00540751
val	00540766
val	00540768
val	00540770
val	00540841
val	00541147
val	00541508
val	00541769
val	00542674
val	00542924
val	00542949
val	00543536
val	00544282
val	00544762
val	00545137
val	00545392
val	00545977
val	00546668
val	00546787
val	00547726
val	00547880
val	00548119
val	00548329
val	00548760
val	00548762
val	00548903
val	00549420
val	00549552
val	00549754
val	00549889
val	00550072
val	00550084
val	00551111
val	00551349
val	00552173
val	00552251
val	00552727
val	00554374
val	00555352
val	00555414
val	00555415
val	00555565
val	00555650
val	00556301
val	00556507
val	00556718
val	00556720
val	00556738
val	00557291
val	00557756
val	00557882
val	00557933
val	00558169
val	00558179
val	00558702
val	00558725
val	00558993
val	00559315
val	00559641
val	00559960
val	00560181
val	00560519
val	00560858
val	00560991
val	00561165
val	00561257
val	00561313
val	00561322
val	00562058
val	00562291
val	00562553
val	00562595
val	00563009
val	00563269
val	00563297
val	00563879
val	00563930
val	00564095
val	00564324
val	00564793
val	00565001
val	00565763
val	00565883
val	00565888
val	00566304
val	00566419
val	00566564
val	00566716
val	00567031
val	00567683
val	00567696
val	00567714
val	00567797
val	00568631
val	00568666
val	00569075
val	00569083
val	00569098
val	00569399
val	00569531
val	00569628
val	00570190
val	00570266
val	00570298
val	00570568
val	00571240
val	00571605
val	00572057
val	00572400
val	00572463
val	00573330
val	00573462
val	00573697
val	00573906
val	00573909
val	00573940
val	00574616
val	00576066
val	00576219
val	00576587
val	00577279
val	00578099
val	00578940
val	00578944
val	00579950
val	00580050
val	00580093
val	00580261
val	00580449
val	00580937
val	00581209
val	00581313
val	00581577
val	00581715
val	00581717
val	00582194
val	00582199
val	00582798
val	00582809
val	00583135
val	00583405
val	00583528
val	00583625
val	00583754
val	00583906
val	00584059
val	00584134
val	00584864
val	00585197
val	00585946
val	00586137
val	00586271
val	00586522
val	00586626
val	00586667
val	00586705
val	00586857
val	00587047
val	00588165
val	00588193
val	00588377
val	00588446
val	00588495
val	00588788
val	00588971
val	00589110
val	00589162
val	00589608
val	00589778
val	00589938
val	00590131
val	00590482
val	00590872
val	00591176
val	00591344
val	00591867
val	00592208
val	00592210
val	00592394
val	00592914
val	00593855
val	00593860
val	00594039
val	00594175
val	00594362
val	00595102
val	00595198
val	00595253
val	00595373
val	00595409
val	00595603
val	00595840
val	00596502
val	00596581
val	00596690
val	00596730
val	00597133
val	00597427
val	00598402
val	00598926
val	00599016
val	00599125
val	00600137
val	00600162
val	00600243
val	00600452
val	00600467
val	00600769
val	00600962
val	00601185
val	00601188
val	00601203
val	00601348
val	00601396
val	00601991
val	00602603
val	00602788
val	00602799
val	00602933
val	00604074
val	00604875
val	00605228
val	00605265
val	00605433
val	00605776
val	00605826
val	00605991
val	00606020
val	00606043
val	00606279
val	00606285
val	00606659
val	00606770
val	00607203
val	00607535
val	00607585
val	00607776
val	00607812
val	00608145
val	00609392
val	00610228
val	00611215
val	00611260
val	00611762
val	00611805
val	00611808
val	00611874
val	00612035
val	00612802
val	00612912
val	00613428
val	00613790
val	00613865
val	00613892
val	00613963
val	00613983
val	00614163
val	00614164
val	00614362
val	00614438
val	00614467
val	00614607
val	00614948
val	00615245
val	00615272
val	00615339
val	00615824
val	00615898
val	00616286
val	00616431
val	00616779
val	00616822
val	00616952
val	00617127
val	00617152
val	00617350
val	00617450
val	00617784
val	00618032
val	00618061
val	00618120
val	00618151
val	00618334
val	00618737
val	00620362
val	00620826
val	00621019
val	00621194
val	00622273
val	00622284
val	00622362
val	00622908
val	00623170
val	00623957
val	00624461
val	00624970
val	00625302
val	00625315
val	00625465
val	00625681
val	00625879
val	00626084
val	00626181
val	00626394
val	00626447
val	00626454
val	00626546
val	00626662
val	00626894
val	00627548
val	00627643
val	00628590
val	00629576
val	00629901
val	00630167
val	00630616
val	00630649
val	00630768
val	00630870
val	00630925
val	00631233
val	00631516
val	00631702
val	00631765
val	00631905
val	00632205
val	00632252
val	00633303
val	00633322
val	00633678
val	00633750
val	00633758
val	00633858
val	00633934
val	00634247
val	00634289
val	00634540
val	00634613
val	00634770
val	00634798
val	00635217
val	00635223
val	00635504
val	00636211
val	00636414
val	00636619
val	00636681
val	00636867
val	00636993
val	00637062
val	00637447
val	00637663
val	00637865
val	00638568
val	00638722
val	00638921
val	00639431
val	00640017
val	00640048
val	00640427
val	00640798
val	00640808
val	00640858
val	00641172
val	00641549
val	00641833
val	00641835
val	00643233
val	00643265
val	00643270
val	00643417
val	00643473
val	00643712
val	00644474
val	00645463
val	00645573
val	00645856
val	00646359
val	00646373
val	00646398
val	00648215
val	00648681
val	00649066
val	00649075
val	00649357
val	00650480
val	00650685
val	00651180
val	00652146
val	00652168
val	00652289
val	00652529
val	00652646
val	00652778
val	00652846
val	00653366
val	00653367
val	00653978
val	00654054
val	00654341
val	00654681
val	00654891
val	00655096
val	00655706
val	00655897
val	00656220
val	00656228
val	00656657
val	00657473
val	00657800
val	00657897
val	00659702
val	00660912
val	00661324
val	00661378
val	00661775
val	00662063
val	00662186
val	00662571
val	00662679
val	00662710
val	00662725
val	00662777
val	00663080
val	00663128
val	00663187
val	00663362
val	00666008
val	00666182
val	00666593
val	00666699
val	00666731
val	00666744
val	00666799
val	00667169
val	00668350
val	00668511
val	00668707
val	00668751
val	00668824
val	00669424
val	00669439
val	00669454
val	00669467
val	00669690
val	00670446
val	00670965
val	00671152
val	00671617
val	00671939
val	00671992
val	00672341
val	00673302
val	00673308
val	00673654
val	00673669
val	00674005
val	00674372
val	00674404
val	00674415
val	00675233
val	00675682
val	00677146
val	00677333
val	00677467
val	00678602
val	00678742
val	00679384
val	00679693
val	00679864
val	00680098
val	00680125
val	00680596
val	00680991
val	00681181
val	00681281
val	00681293
val	00681756
val	00681973
val	00682016
val	00682037
val	00682076
val	00682095
val	00682140
val	00682145
val	00682183
val	00682192
val	00682212
val	00682743
val	00682782
val	00682821
val	00683291
val	00683676
val	00683912
val	00684235
val	00684329
val	00684380
val	00684681
val	00685220
val	00685431
val	00685467
val	00685482
val	00685509
val	00685588
val	00685602
val	00685630
val	00685652
val	00685656
val	00685690
val	00685778
val	00685824
val	00685834
val	00685835
val	00685847
val	00685866
val	00685876
val	00685884
val	00685927
val	00685930
val	00686998
val	00687021
val	00687024
val	00687627
val	00687855
val	00688520
val	00688661
val	00688673
val	00688927
val	00688976
val	00689025
val	00689341
val	00689344
val	00689358
val	00689525
val	00689706
val	00690057
val	00690752
val	00690881
val	00691010
val	00691137
val	00692043
val	00692988
val	00694627
val	00694915
val	00695148
val	00695524
val	00695543
val	00695914
val	00696181
val	00696486
val	00696567
val	00696795
val	00697266
val	00697864
val	00698040
val	00698090
val	00698361
val	00698868
val	00700201
val	00700264
val	00700275
val	00700704
val	00701324
val	00701667
val	00702230
val	00702545
val	00702823
val	00702825
val	00702958
val	00703103
val	00703220
val	00703226
val	00703281
val	00704523
val	00704693
val	00704694
val	00704963
val	00705246
val	00705288
val	00705699
val	00705839
val	00706788
val	00707663
val	00707673
val	00707742
val	00707809
val	00707842
val	00707946
val	00707996
val	00708002
val	00708311
val	00708501
val	00709348
val	00709371
val	00709780
val	00709868
val	00710157
val	00710622
val	00710800
val	00711540
val	00712981
val	00713385
val	00713760
val	00714716
val	00715014
val	00715306
val	00715756
val	00715787
val	00716336
val	00717133
val	00717253
val	00717410
val	00717604
val	00717676
val	00717914
val	00717939
val	00718187
val	00718191
val	00718258
val	00718415
val	00718440
val	00718502
val	00718682
val	00719145
val	00719148
val	00719412
val	00719979
val	00720033
val	00720105
val	00720422
val	00720739
val	00721137
val	00721266
val	00721296
val	00721318
val	00721351
val	00721638
val	00721653
val	00722142
val	00722445
val	00722536
val	00722656
val	00722662
val	00722912
val	00723332
val	00723414
val	00723504
val	00723774
val	00723778
val	00724265
val	00724386
val	00724466
val	00724491
val	00724609
val	00725186
val	00725989
val	00726160
val	00726275
val	00726317
val	00727852
val	00727924
val	00728101
val	00728910
val	00729005
val	00729366
val	00729494
val	00729818
val	00730389
val	00731068
val	00731355
val	00731558
val	00731762
val	00731796
val	00732328
val	00732846
val	00733754
val	00733985
val	00734186
val	00734205
val	00735729
val	00735811
val	00735819
val	00735838
val	00735844
val	00735847
val	00736047
val	00736053
val	00736488
val	00736588
val	00737533
val	00737645
val	00737757
val	00737819
val	00737966
val	00737980
val	00737991
val	00738329
val	00738368
val	00738372
val	00738406
val	00738651
val	00738672
val	00738739
val	00738756
val	00738765
val	00738862
val	00739183
val	00739249
val	00739346
val	00739369
val	00739496
val	00739687
val	00739774
val	00739887
val	00740301
val	00740428
val	00741356
val	00741883
val	00742408
val	00742416
val	00742436
val	00742503
val	00742512
val	00742745
val	00742773
val	00742912
val	00742953
val	00743040
val	00743257
val	00743706
val	00744114
val	00744390
val	00745093
val	00745747
val	00746394
val	00746506
val	00746731
val	00746899
val	00746949
val	00747129
val	00748027
val	00748311
val	00748312
val	00748313
val	00748349
val	00748494
val	00748725
val	00748744
val	00748895
val	00749122
val	00749174
val	00749586
val	00749674
val	00749711
val	00749782
val	00749814
val	00749819
val	00750005
val	00750014
val	00750225
val	00751534
val	00751555
val	00752200
val	00752398
val	00752845
val	00753392
val	00753395
val	00754211
val	00754998
val	00755211
val	00755990
val	00756444
val	00757441
val	00757627
val	00757745
val	00758230
val	00758612
val	00758717
val	00758768
val	00759408
val	00759479
val	00759650
val	00759701
val	00759808
val	00759953
val	00760194
val	00760580
val	00761200
val	00761560
val	00762162
val	00762202
val	00762440
val	00762790
val	00763326
val	00763348
val	00763630
val	00763827
val	00764086
val	00764228
val	00764572
val	00765123
val	00765569
val	00765633
val	00765739
val	00766824
val	00767976
val	00768373
val	00768407
val	00768657
val	00768703
val	00769642
val	00769664
val	00769919
val	00770090
val	00770273
val	00770345
val	00770346
val	00770630
val	00770764
val	00770788
val	00771692
val	00772135
val	00772289
val	00772375
val	00772384
val	00772386
val	00772387
val	00772671
val	00772941
val	00772987
val	00773334
val	00774212
val	00774384
val	00774574
val	00774766
val	00776070
val	00776141
val	00776283
val	00776840
val	00776841
val	00776844
val	00776913
val	00777007
val	00777945
val	00778371
val	00778995
val	00779234
val	00779306
val	00779308
val	00779393
val	00779661
val	00779870
val	00780645
val	00780668
val	00781378
val	00781694
val	00781818
val	00781860
val	00782079
val	00782303
val	00782744
val	00783527
val	00783625
val	00783643
val	00783655
val	00783661
val	00783701
val	00783736
val	00783961
val	00784478
val	00784814
val	00785127
val	00785339
val	00785523
val	00785863
val	00785864
val	00785873
val	00786480
val	00786485
val	00786495
val	00786512
val	00786796
val	00787003
val	00787322
val	00787382
val	00787424
val	00787455
val	00787582
val	00787605
val	00787630
val	00787647
val	00788029
val	00788030
val	00788298
val	00788463
val	00788473
val	00788672
val	00788722
val	00789388
val	00789545
val	00789546
val	00789571
val	00789736
val	00790248
val	00790349
val	00790760
val	00790761
val	00791099
val	00791185
val	00791224
val	00791624
val	00791946
val	00792046
val	00792310
val	00792702
val	00792707
val	00792937
val	00792946
val	00793511
val	00793523
val	00793537
val	00793901
val	00794157
val	00794377
val	00794527
val	00794744
val	00794816
val	00795062
val	00795150
val	00795905
val	00795936
val	00796205
val	00796222
val	00796811
val	00796969
val	00797425
val	00797892
val	00798703
val	00799948
val	00800279
val	00800546
val	00800866
val	00801517
val	00803146
val	00803606
val	00803629
val	00803890
val	00804156
val	00804655
val	00804663
val	00805357
val	00805530
val	00806763
val	00806878
val	00806983
val	00807730
val	00807877
val	00808304
val	00808592
val	00808839
val	00809111
val	00809192
val	00809586
val	00810148
val	00810188
val	00810675
val	00810685
val	00810795
val	00810838
val	00810916
val	00811665
val	00812416
val	00812508
val	00814236
val	00814705
val	00815196
val	00815916
val	00815928
val	00816431
val	00816523
val	00816830
val	00816892
val	00817030
val	00817186
val	00817352
val	00817401
val	00817428
val	00819887
val	00820067
val	00820269
val	00821232
val	00822604
val	00823396
val	00823433
val	00823577
val	00823772
val	00824380
val	00824642
val	00824645
val	00826208
val	00826454
val	00826488
val	00826945
val	00827121
val	00827468
val	00827996
val	00828845
val	00828954
val	00829197
val	00829320
val	00830377
val	00830401
val	00831427
val	00831802
val	00832539
val	00832897
val	00833523
val	00833654
val	00833899
val	00834235
val	00834856
val	00836424
val	00836795
val	00838052
val	00841202
val	00841259
val	00841659
val	00842522
val	00842641
val	00843633
val	00844403
val	00844723
val	00845121
val	00845296
val	00845654
val	00846372
val	00846412
val	00846877
val	00846972
val	00847041
val	00849065
val	00850174
val	00850264
val	00850542
val	00850856
val	00851181
val	00851231
val	00851332
val	00851590
val	00851763
val	00852797
val	00854078
val	00854875
val	00856030
val	00857110
val	00857355
val	00857604
val	00858121
val	00858824
val	00860187
val	00860287
val	00860402
val	00860461
val	00860846
val	00860869
val	00862824
val	00863249
val	00863458
val	00863836
val	00864151
val	00864292
val	00864872
val	00865283
val	00865876
val	00866511
val	00866610
val	00866858
val	00867177
val	00867252
val	00867731
val	00868300
val	00868891
val	00869135
val	00869167
val	00869369
val	00870257
val	00870272
val	00870526
val	00871743
val	00871985
val	00872695
val	00872720
val	00872813
val	00873024
val	00874619
val	00874643
val	00874655
val	00875922
val	00876442
val	00876693
val	00876709
val	00876732
val	00876760
val	00876847
val	00877039
val	00877078
val	00877146
val	00877277
val	00877323
val	00877593
val	00878364
val	00878650
val	00879005
val	00879064
val	00879719
val	00879876
val	00880259
val	00880738
val	00880857
val	00880877
val	00882715
val	00882907
val	00882915
val	00884029
val	00884251
val	00884334
val	00884402
val	00884424
val	00885735
val	00885947
val	00886446
val	00887224
val	00887249
val	00887470
val	00887877
val	00888193
val	00889691
val	00889756
val	00890320
val	00891149
val	00891426
val	00891488
val	00891806
val	00892547
val	00892832
val	00893212
val	00893800
val	00894096
val	00894199
val	00894487
val	00895247
val	00895279
val	00896009
val	00896495
val	00896669
val	00897264
val	00897752
val	00898043
val	00898081
val	00898219
val	00899357
val	00899803
val	00900432
val	00902038
val	00902191
val	00902999
val	00903838
val	00903862
val	00903955
val	00904864
val	00905725
val	00906759
val	00907110
val	00907131
val	00907689
val	00908774
val	00909080
val	00909173
val	00909613
val	00909650
val	00909989
val	00910338
val	00910601
val	00910643
val	00910828
val	00911721
val	00911927
val	00911964
val	00912932
val	00913386
val	00913761
val	00914068
val	00914538
val	00915197
val	00915291
val	00915385
val	00916322
val	00916894
val	00916895
val	00917202
val	00917411
val	00917483
val	00918118
val	00918469
val	00918490
val	00918788
val	00918893
val	00919059
val	00919108
val	00919167
val	00920196
val	00920217
val	00920663
val	00920918
val	00921039
val	00921923
val	00921930
val	00921942
val	00922185
val	00922370
val	00923428
val	00923679
val	00923761
val	00924229
val	00924430
val	00924801
val	00924954
val	00925599
val	00925638
val	00928005
val	00928310
val	00928874
val	00928969
val	00929296
val	00929436
val	00930366
val	00930778
val	00932695
val	00932845
val	00933492
val	00933737
val	00934478
val	00934558
val	00934589
val	00934590
val	00934670
val	00934954
val	00934970
val	00935162
val	00936565
val	00937079
val	00937160
val	00937435
val	00938308
val	00938629
val	00938923
val	00939039
val	00939336
val	00939387
val	00939580
val	00939637
val	00939675
val	00939873
val	00940601
val	00941877
val	00942049
val	00942576
val	00943167
val	00943569
val	00944114
val	00944237
val	00944318
val	00944505
val	00945061
val	00947512
val	00947837
val	00948124
val	00948169
val	00948607
val	00949652
val	00949712
val	00949777
val	00949950
val	00950668
val	00951255
val	00951938
val	00952252
val	00952449
val	00952561
val	00953195
val	00953472
val	00953520
val	00953836
val	00954709
val	00955340
val	00955540
val	00956288
val	00957418
val	00958873
val	00958930
val	00959229
val	00959235
val	00959837
val	00959865
val	00960215
val	00960222
val	00960383
val	00960580
val	00960995
val	00961281
val	00961600
val	00961742
val	00962210
val	00962482
val	00962845
val	00963003
val	00963934
val	00964129
val	00964855
val	00964953
val	00965187
val	00966471
val	00966894
val	00967494
val	00969139
val	00970411
val	00970818
val	00971942
val	00971950
val	00972718
val	00972872
val	00973144
val	00974833
val	00975757
val	00976169
val	00976275
val	00976503
val	00976611
val	00976707
val	00977460
val	00978556
val	00979145
val	00979278
val	00980291
val	00980629
val	00980997
val	00981043
val	00981141
val	00981874
val	00982722
val	00982889
val	00983173
val	00983600
val	00984395
val	00984604
val	00984683
val	00984700
val	00985731
val	00986201
val	00986518
val	00986712
val	00987098
val	00987706
val	00988784
val	00988978
val	00989125
val	00989511
val	00989653
val	00990217
val	00990838
val	00990876
val	00990919
val	00990950
val	00990969
val	00990973
val	00990985
val	00992542
val	00992908
val	00993131
val	00993156
val	00993418
val	00993549
val	00994284
val	00994455
val	00994472
val	00994691
val	00994706
val	00994791
val	00994797
val	00996027
val	00996368
val	00996417
val	00996598
val	00997300
val	00997843
val	00998008
val	00998285
val	00998540
val	00998698
val	00998920
test	00000093
test	00000797
test	00001907
test	00001926
test	00002718
test	00003390
test	00003877
test	00005083
test	00005247
test	00005807
test	00005879
test	00006588
test	00007186
test	00007551
test	00007648
test	00009016
test	00009051
test	00009254
test	00009547
test	00009683
test	00010085
test	00010361
test	00010397
test	00010702
test	00011050
test	00011604
test	00014932
test	00014933
test	00014960
test	00015455
test	00015588
test	00015962
test	00016271
test	00016307
test	00016424
test	00016936
test	00016984
test	00017091
test	00017160
test	00017301
test	00017346
test	00017363
test	00017462
test	00018543
test	00019335
test	00019677
test	00020602
test	00020942
test	00021067
test	00021072
test	00021104
test	00021854
test	00021937
test	00021948
test	00021992
test	00022077
test	00022201
test	00022650
test	00022793
test	00024132
test	00024399
test	00024653
test	00025814
test	00026284
test	00026379
test	00026789
test	00026943
test	00027421
test	00027537
test	00029925
test	00030648
test	00031007
test	00031302
test	00032221
test	00032357
test	00032613
test	00033093
test	00033624
test	00033625
test	00034096
test	00034102
test	00034261
test	00035085
test	00035096
test	00035212
test	00035443
test	00035952
test	00036786
test	00037128
test	00037317
test	00037399
test	00037522
test	00037994
test	00038377
test	00038614
test	00039347
test	00039769
test	00041117
test	00041772
test	00042408
test	00042483
test	00042493
test	00042564
test	00042565
test	00042594
test	00043034
test	00043054
test	00043436
test	00043885
test	00044176
test	00044486
test	00044547
test	00044738
test	00045133
test	00045135
test	00045168
test	00045203
test	00045703
test	00046003
test	00046872
test	00047054
test	00047057
test	00047522
test	00047559
test	00048658
test	00050436
test	00050446
test	00051370
test	00051852
test	00052220
test	00052336
test	00052829
test	00053073
test	00053171
test	00053704
test	00054469
test	00055496
test	00055503
test	00055575
test	00055963
test	00058541
test	00058669
test	00059014
test	00059365
test	00059898
test	00060075
test	00060309
test	00062633
test	00062927
test	00063876
test	00064780
test	00065069
test	00065079
test	00065204
test	00065744
test	00065815
test	00066692
test	00066694
test	00066795
test	00066852
test	00067190
test	00067833
test	00067927
test	00067937
test	00068130
test	00068246
test	00068415
test	00068606
test	00069306
test	00069546
test	00070266
test	00070788
test	00071931
test	00072791
test	00073228
test	00073449
test	00074812
test	00074925
test	00075616
test	00076215
test	00077546
test	00077661
test	00077902
test	00077903
test	00078112
test	00079326
test	00080752
test	00080755
test	00080891
test	00081261
test	00082080
test	00082207
test	00082689
test	00082891
test	00083216
test	00083417
test	00083431
test	00084447
test	00084665
test	00084888
test	00086004
test	00086074
test	00086425
test	00087329
test	00088279
test	00088533
test	00089194
test	00090147
test	00090799
test	00091061
test	00091649
test	00092270
test	00092294
test	00092425
test	00092559
test	00093760
test	00094071
test	00094434
test	00094544
test	00095708
test	00095759
test	00096364
test	00096891
test	00097342
test	00097388
test	00100099
test	00101191
test	00101531
test	00101718
test	00101851
test	00102046
test	00103282
test	00103318
test	00103612
test	00104072
test	00104204
test	00106052
test	00106668
test	00106787
test	00106929
test	00106978
test	00107150
test	00107228
test	00107236
test	00107660
test	00109387
test	00109869
test	00110206
test	00110304
test	00110309
test	00110475
test	00112168
test	00113091
test	00114389
test	00114657
test	00114804
test	00115681
test	00116611
test	00117213
test	00117819
test	00117915
test	00119286
test	00120829
test	00121343
test	00122037
test	00122641
test	00122741
test	00123476
test	00123603
test	00123609
test	00125206
test	00125499
test	00125735
test	00125921
test	00125988
test	00126796
test	00126894
test	00127093
test	00129391
test	00130510
test	00130562
test	00130641
test	00130864
test	00131007
test	00131013
test	00131529
test	00131609
test	00131661
test	00132202
test	00132506
test	00132730
test	00134770
test	00135330
test	00135497
test	00135700
test	00136771
test	00136926
test	00137013
test	00137196
test	00137404
test	00137527
test	00137670
test	00138168
test	00139064
test	00139443
test	00139712
test	00140706
test	00141434
test	00141708
test	00142081
test	00142270
test	00142922
test	00142939
test	00143853
test	00144212
test	00144225
test	00144677
test	00144730
test	00145748
test	00145936
test	00146912
test	00147229
test	00147310
test	00147363
test	00147871
test	00147904
test	00147982
test	00150359
test	00150524
test	00150876
test	00152373
test	00152462
test	00152464
test	00152549
test	00152696
test	00153050
test	00153634
test	00154157
test	00154238
test	00154647
test	00155026
test	00156908
test	00157099
test	00157558
test	00159892
test	00160241
test	00160476
test	00160712
test	00160787
test	00160917
test	00160940
test	00161119
test	00161286
test	00161532
test	00161544
test	00161604
test	00161733
test	00162067
test	00162227
test	00162250
test	00162320
test	00162458
test	00163989
test	00164978
test	00165264
test	00166136
test	00168212
test	00168418
test	00168422
test	00168790
test	00168843
test	00170229
test	00170653
test	00170892
test	00170995
test	00173187
test	00173619
test	00174132
test	00174149
test	00175105
test	00176495
test	00177420
test	00177495
test	00178767
test	00179685
test	00179698
test	00180090
test	00181041
test	00181099
test	00181763
test	00182133
test	00182358
test	00183608
test	00183923
test	00183931
test	00183932
test	00184075
test	00184179
test	00184906
test	00185360
test	00185431
test	00186042
test	00186954
test	00187336
test	00188449
test	00189220
test	00189235
test	00189381
test	00191179
test	00191328
test	00191638
test	00191862
test	00192061
test	00192320
test	00192442
test	00192696
test	00193895
test	00194590
test	00195147
test	00195538
test	00195595
test	00197484
test	00199116
test	00199219
test	00199274
test	00199650
test	00199906
test	00199981
test	00200260
test	00200282
test	00200380
test	00200579
test	00201504
test	00201600
test	00202163
test	00202531
test	00204424
test	00204902
test	00204926
test	00205239
test	00205323
test	00205573
test	00205894
test	00206121
test	00206160
test	00206205
test	00207052
test	00207270
test	00207354
test	00208251
test	00208275
test	00208437
test	00209228
test	00209620
test	00210133
test	00210669
test	00211514
test	00211584
test	00211797
test	00212227
test	00212275
test	00212409
test	00212725
test	00214603
test	00214920
test	00215870
test	00216367
test	00217105
test	00217119
test	00217731
test	00218122
test	00218344
test	00218412
test	00218527
test	00218731
test	00218886
test	00218887
test	00218958
test	00219081
test	00219083
test	00219388
test	00219619
test	00219891
test	00219937
test	00219954
test	00220601
test	00220767
test	00220863
test	00220926
test	00221011
test	00221688
test	00222047
test	00222307
test	00222356
test	00222985
test	00223409
test	00223640
test	00223685
test	00223808
test	00223857
test	00224142
test	00224406
test	00224431
test	00224861
test	00225143
test	00225724
test	00226622
test	00227930
test	00228229
test	00228401
test	00228542
test	00228567
test	00229197
test	00230439
test	00230494
test	00230569
test	00230879
test	00231373
test	00231710
test	00231820
test	00231948
test	00232001
test	00232040
test	00232386
test	00232897
test	00232900
test	00232902
test	00232960
test	00233034
test	00234013
test	00234195
test	00234247
test	00234412
test	00234423
test	00234584
test	00234771
test	00234977
test	00235228
test	00235525
test	00235549
test	00235955
test	00236015
test	00236422
test	00236689
test	00236865
test	00237196
test	00238109
test	00238163
test	00238233
test	00238360
test	00238384
test	00238818
test	00238922
test	00239323
test	00239569
test	00239870
test	00239945
test	00239984
test	00240195
test	00240224
test	00240380
test	00241104
test	00241271
test	00241553
test	00241570
test	00241916
test	00242361
test	00242463
test	00242465
test	00242735
test	00242879
test	00243049
test	00243852
test	00243943
test	00244336
test	00244444
test	00245479
test	00245874
test	00246036
test	00246091
test	00246846
test	00248013
test	00248669
test	00249439
test	00249707
test	00249913
test	00250107
test	00250213
test	00251807
test	00251852
test	00252176
test	00255935
test	00256362
test	00256514
test	00256560
test	00256640
test	00256712
test	00256774
test	00256824
test	00256849
test	00257739
test	00257778
test	00257817
test	00258356
test	00260361
test	00260521
test	00260991
test	00261287
test	00262126
test	00262342
test	00262661
test	00263070
test	00263565
test	00263787
test	00264611
test	00264864
test	00265607
test	00265781
test	00266412
test	00266740
test	00267657
test	00267698
test	00267701
test	00267807
test	00268230
test	00268260
test	00268284
test	00268485
test	00269476
test	00269653
test	00269918
test	00270325
test	00270497
test	00270595
test	00270766
test	00270951
test	00271117
test	00271186
test	00271352
test	00271381
test	00271410
test	00272357
test	00272362
test	00272459
test	00272574
test	00272614
test	00272643
test	00272661
test	00272806
test	00272862
test	00272919
test	00273102
test	00273246
test	00273828
test	00273866
test	00274107
test	00274483
test	00274494
test	00274625
test	00274905
test	00275019
test	00275022
test	00275587
test	00277017
test	00277356
test	00277425
test	00277921
test	00278113
test	00278283
test	00278303
test	00279098
test	00280106
test	00280150
test	00280163
test	00280175
test	00280271
test	00280470
test	00280686
test	00280782
test	00280969
test	00281805
test	00281866
test	00282048
test	00282117
test	00282154
test	00282194
test	00282254
test	00282588
test	00282768
test	00283385
test	00283762
test	00283985
test	00284002
test	00284285
test	00284476
test	00284915
test	00285070
test	00285156
test	00285203
test	00285306
test	00285385
test	00285864
test	00286033
test	00286353
test	00287456
test	00287621
test	00287841
test	00288647
test	00289780
test	00290403
test	00291081
test	00291304
test	00291571
test	00292024
test	00292113
test	00292222
test	00292992
test	00293398
test	00293490
test	00293501
test	00293717
test	00294028
test	00294125
test	00294615
test	00294696
test	00294943
test	00295085
test	00295220
test	00296055
test	00296136
test	00296830
test	00296925
test	00296928
test	00296942
test	00297204
test	00297744
test	00297893
test	00298888
test	00299397
test	00299523
test	00299705
test	00299978
test	00300613
test	00301062
test	00301325
test	00301329
test	00301435
test	00301565
test	00301568
test	00302233
test	00303021
test	00303202
test	00303363
test	00303436
test	00303875
test	00304077
test	00304236
test	00305182
test	00305674
test	00305730
test	00305795
test	00306141
test	00306206
test	00306364
test	00306373
test	00306483
test	00306504
test	00306552
test	00306910
test	00307021
test	00307173
test	00307263
test	00307330
test	00307496
test	00307787
test	00307868
test	00307895
test	00308160
test	00308173
test	00308239
test	00308263
test	00308282
test	00308332
test	00308435
test	00308437
test	00308574
test	00309284
test	00309458
test	00309537
test	00309630
test	00309965
test	00310616
test	00311417
test	00311613
test	00312716
test	00312998
test	00313402
test	00313407
test	00313536
test	00313605
test	00313607
test	00313943
test	00313946
test	00313947
test	00314041
test	00314355
test	00314630
test	00314660
test	00315386
test	00315564
test	00315857
test	00317172
test	00317533
test	00317674
test	00317683
test	00317811
test	00317942
test	00318149
test	00318785
test	00319056
test	00319479
test	00319537
test	00319773
test	00319915
test	00319953
test	00320685
test	00321088
test	00321106
test	00321198
test	00321267
test	00321555
test	00321573
test	00321574
test	00322156
test	00322315
test	00322332
test	00322807
test	00322826
test	00322840
test	00323185
test	00323267
test	00323544
test	00323955
test	00323973
test	00324482
test	00324920
test	00324981
test	00325447
test	00326127
test	00326520
test	00327724
test	00327728
test	00327812
test	00327816
test	00328554
test	00328706
test	00328737
test	00329281
test	00329909
test	00330199
test	00330209
test	00330948
test	00331543
test	00332174
test	00332418
test	00332859
test	00332908
test	00333001
test	00333069
test	00333484
test	00333503
test	00334582
test	00335067
test	00335203
test	00335622
test	00335899
test	00335970
test	00336279
test	00336287
test	00336405
test	00336446
test	00338049
test	00338132
test	00339204
test	00339481
test	00339564
test	00339603
test	00339858
test	00340789
test	00342053
test	00342946
test	00342984
test	00343366
test	00344861
test	00345970
test	00346059
test	00346830
test	00347562
test	00347615
test	00348003
test	00348381
test	00349126
test	00349143
test	00349449
test	00349946
test	00350088
test	00351288
test	00351327
test	00351406
test	00351484
test	00351852
test	00351934
test	00352272
test	00352424
test	00352587
test	00353646
test	00353694
test	00354124
test	00354125
test	00354170
test	00354257
test	00356355
test	00356436
test	00356581
test	00356644
test	00356670
test	00356815
test	00357042
test	00357129
test	00357171
test	00357185
test	00357537
test	00358741
test	00359093
test	00359094
test	00359099
test	00359105
test	00359117
test	00359129
test	00359133
test	00359148
test	00359391
test	00359414
test	00359422
test	00359456
test	00359836
test	00360103
test	00360141
test	00360415
test	00360658
test	00361037
test	00361175
test	00361371
test	00361419
test	00361848
test	00363973
test	00363974
test	00364031
test	00365223
test	00365228
test	00366331
test	00366633
test	00366820
test	00366902
test	00367053
test	00367072
test	00367823
test	00368540
test	00368641
test	00368788
test	00369072
test	00369116
test	00369178
test	00369734
test	00369812
test	00369976
test	00370730
test	00370802
test	00372281
test	00372804
test	00373165
test	00373550
test	00374201
test	00374273
test	00374663
test	00374765
test	00374892
test	00375296
test	00375328
test	00375626
test	00375802
test	00376629
test	00377676
test	00378185
test	00379117
test	00379362
test	00379437
test	00379756
test	00380071
test	00381605
test	00381705
test	00381706
test	00382400
test	00383937
test	00384131
test	00384531
test	00384541
test	00385112
test	00385241
test	00385476
test	00386227
test	00386810
test	00386883
test	00388341
test	00388715
test	00388964
test	00389761
test	00389765
test	00389801
test	00390281
test	00391239
test	00391339
test	00392761
test	00392891
test	00394372
test	00395049
test	00395475
test	00396073
test	00396694
test	00400672
test	00401580
test	00402733
test	00402853
test	00403274
test	00403280
test	00403478
test	00404317
test	00404442
test	00404483
test	00405485
test	00406716
test	00406977
test	00408096
test	00410476
test	00410674
test	00410883
test	00411666
test	00411895
test	00411901
test	00411903
test	00412279
test	00412533
test	00413192
test	00413740
test	00414055
test	00415865
test	00416460
test	00416967
test	00417142
test	00417145
test	00417177
test	00418182
test	00418756
test	00418764
test	00418846
test	00418962
test	00419048
test	00419389
test	00419816
test	00419857
test	00420302
test	00420544
test	00420707
test	00421270
test	00421814
test	00421837
test	00421872
test	00421905
test	00421915
test	00422164
test	00422202
test	00422309
test	00422318
test	00422359
test	00422364
test	00423247
test	00423325
test	00423708
test	00424673
test	00424838
test	00425003
test	00425176
test	00425515
test	00426095
test	00426105
test	00426847
test	00426927
test	00427048
test	00427124
test	00427927
test	00428008
test	00428022
test	00428859
test	00429824
test	00432451
test	00433597
test	00433717
test	00433776
test	00433838
test	00434834
test	00435058
test	00435069
test	00435895
test	00436650
test	00437159
test	00437324
test	00438737
test	00438960
test	00439331
test	00439582
test	00439642
test	00440000
test	00440070
test	00440590
test	00440989
test	00442494
test	00442761
test	00443516
test	00443652
test	00443977
test	00445021
test	00446170
test	00446595
test	00446671
test	00447233
test	00447815
test	00450000
test	00450790
test	00451742
test	00451903
test	00453108
test	00453200
test	00455421
test	00455623
test	00456288
test	00456753
test	00456894
test	00457478
test	00457738
test	00458005
test	00459112
test	00459301
test	00459368
test	00459995
test	00460112
test	00460347
test	00460356
test	00460602
test	00461022
test	00461242
test	00461349
test	00461495
test	00461540
test	00462153
test	00463031
test	00464083
test	00464159
test	00464754
test	00465216
test	00465341
test	00465388
test	00465451
test	00465885
test	00466456
test	00466732
test	00466753
test	00467407
test	00467518
test	00468466
test	00468543
test	00469532
test	00469793
test	00470963
test	00471091
test	00471159
test	00471349
test	00471383
test	00471712
test	00472622
test	00472674
test	00473372
test	00474291
test	00474374
test	00474378
test	00474740
test	00474918
test	00475715
test	00476498
test	00476513
test	00476813
test	00477268
test	00477351
test	00477464
test	00477799
test	00477826
test	00478318
test	00478429
test	00478633
test	00478981
test	00479385
test	00479434
test	00479455
test	00479545
test	00479548
test	00480145
test	00480189
test	00480996
test	00481197
test	00481497
test	00482402
test	00482647
test	00482997
test	00483107
test	00483284
test	00483908
test	00484073
test	00485151
test	00486388
test	00486618
test	00486655
test	00486789
test	00487635
test	00488382
test	00488415
test	00488419
test	00488508
test	00488661
test	00488869
test	00489349
test	00489352
test	00489368
test	00489649
test	00490258
test	00492701
test	00492810
test	00493308
test	00493335
test	00493652
test	00493653
test	00493658
test	00493674
test	00493681
test	00493689
test	00493824
test	00493971
test	00494322
test	00494523
test	00494535
test	00494789
test	00495088
test	00495388
test	00496232
test	00496358
test	00496495
test	00496840
test	00496863
test	00496893
test	00497734
test	00499288
test	00499344
test	00499421
test	00500019
test	00500124
test	00500272
test	00500313
test	00500797
test	00500836
test	00501130
test	00501701
test	00501918
test	00501998
test	00502085
test	00502640
test	00503096
test	00503196
test	00503527
test	00503688
test	00503735
test	00503966
test	00504059
test	00504119
test	00504381
test	00505953
test	00506139
test	00506850
test	00506856
test	00507173
test	00507475
test	00507636
test	00507979
test	00508268
test	00508401
test	00508461
test	00508970
test	00509188
test	00509563
test	00509723
test	00509963
test	00510611
test	00510920
test	00510943
test	00511094
test	00511349
test	00513302
test	00514556
test	00514611
test	00514734
test	00514985
test	00515294
test	00516147
test	00516834
test	00516928
test	00516995
test	00516997
test	00517338
test	00517934
test	00518528
test	00518531
test	00518536
test	00518789
test	00518802
test	00518910
test	00518919
test	00519039
test	00519284
test	00519317
test	00519533
test	00519796
test	00520170
test	00520189
test	00520669
test	00521155
test	00522138
test	00523879
test	00523885
test	00524350
test	00524702
test	00525238
test	00525366
test	00525381
test	00525823
test	00526383
test	00526577
test	00526633
test	00527292
test	00527376
test	00527536
test	00527601
test	00527726
test	00528908
test	00529140
test	00529156
test	00529213
test	00529471
test	00529876
test	00529923
test	00530019
test	00530158
test	00530301
test	00530320
test	00530374
test	00530383
test	00530411
test	00530443
test	00530481
test	00531450
test	00531770
test	00533232
test	00533417
test	00533614
test	00533990
test	00534147
test	00534148
test	00534297
test	00534428
test	00534824
test	00535082
test	00535291
test	00536205
test	00536453
test	00536778
test	00537416
test	00537417
test	00537490
test	00537503
test	00537597
test	00537718
test	00538495
test	00538912
test	00540013
test	00540161
test	00540198
test	00540224
test	00540570
test	00540684
test	00540757
test	00540804
test	00540838
test	00540858
test	00541462
test	00541592
test	00541804
test	00541860
test	00541894
test	00542394
test	00544358
test	00544376
test	00544492
test	00544685
test	00545608
test	00545772
test	00545838
test	00546589
test	00546841
test	00547057
test	00547707
test	00548213
test	00548764
test	00549421
test	00550035
test	00550748
test	00550807
test	00551214
test	00551340
test	00551355
test	00552068
test	00552134
test	00552239
test	00553273
test	00553275
test	00553493
test	00554439
test	00554754
test	00554865
test	00554958
test	00555740
test	00556193
test	00556612
test	00557934
test	00558801
test	00559974
test	00560218
test	00560503
test	00561274
test	00561326
test	00561497
test	00561733
test	00562255
test	00562665
test	00563157
test	00564141
test	00564267
test	00564810
test	00565011
test	00565434
test	00566668
test	00567279
test	00568092
test	00568111
test	00568274
test	00568333
test	00568384
test	00568719
test	00569626
test	00570635
test	00570933
test	00571237
test	00571389
test	00571486
test	00571918
test	00572252
test	00572443
test	00572504
test	00572724
test	00573467
test	00573562
test	00573970
test	00574356
test	00576154
test	00576517
test	00576649
test	00576734
test	00577370
test	00578202
test	00578255
test	00579011
test	00579385
test	00579595
test	00579936
test	00579971
test	00580046
test	00580061
test	00583114
test	00583767
test	00583958
test	00584071
test	00585252
test	00587049
test	00588478
test	00588820
test	00590175
test	00590625
test	00591066
test	00591155
test	00591900
test	00592578
test	00593559
test	00594040
test	00595823
test	00595909
test	00596090
test	00598784
test	00599746
test	00599865
test	00600126
test	00600198
test	00600285
test	00600657
test	00600985
test	00601145
test	00601816
test	00602979
test	00603006
test	00603306
test	00604040
test	00604273
test	00604592
test	00604910
test	00605266
test	00605857
test	00605943
test	00605944
test	00605980
test	00606036
test	00606540
test	00606626
test	00606794
test	00606839
test	00607367
test	00607421
test	00607508
test	00607531
test	00607573
test	00608372
test	00608556
test	00608748
test	00609396
test	00609474
test	00609531
test	00610102
test	00610524
test	00611585
test	00611653
test	00613076
test	00613112
test	00613143
test	00613340
test	00613841
test	00613986
test	00613989
test	00614012
test	00614924
test	00615912
test	00616635
test	00616792
test	00616846
test	00616983
test	00617241
test	00617277
test	00618095
test	00619236
test	00619237
test	00620185
test	00620323
test	00620646
test	00620669
test	00622794
test	00623092
test	00623609
test	00624661
test	00624861
test	00625654
test	00625914
test	00626143
test	00626666
test	00627209
test	00627745
test	00627747
test	00627909
test	00628237
test	00629874
test	00630018
test	00631214
test	00631253
test	00631282
test	00631497
test	00631564
test	00632015
test	00632242
test	00632443
test	00632741
test	00633620
test	00634251
test	00634780
test	00634917
test	00635132
test	00635610
test	00635928
test	00636045
test	00636213
test	00636638
test	00637050
test	00637362
test	00637438
test	00637495
test	00638736
test	00638901
test	00639023
test	00639885
test	00640423
test	00640597
test	00641205
test	00641212
test	00641822
test	00642035
test	00642204
test	00642249
test	00642721
test	00642783
test	00645022
test	00646280
test	00646390
test	00646926
test	00647213
test	00648086
test	00649353
test	00649358
test	00649495
test	00650560
test	00650843
test	00652493
test	00652659
test	00653023
test	00653091
test	00653311
test	00654147
test	00654648
test	00655174
test	00655499
test	00655556
test	00656351
test	00656820
test	00656915
test	00656991
test	00657465
test	00658127
test	00658242
test	00658407
test	00658428
test	00659071
test	00659133
test	00659675
test	00660215
test	00660508
test	00660633
test	00661201
test	00661391
test	00662950
test	00663106
test	00663313
test	00663723
test	00664484
test	00664516
test	00665208
test	00666695
test	00666803
test	00668949
test	00669299
test	00669451
test	00669838
test	00670178
test	00670464
test	00670479
test	00672390
test	00673343
test	00673720
test	00673775
test	00673866
test	00673869
test	00674441
test	00675295
test	00676353
test	00676653
test	00677369
test	00679079
test	00679853
test	00681161
test	00681760
test	00681869
test	00682046
test	00682055
test	00682107
test	00682122
test	00682248
test	00682548
test	00682566
test	00683079
test	00683308
test	00684025
test	00684055
test	00684934
test	00685261
test	00685289
test	00685566
test	00685581
test	00685693
test	00685890
test	00685969
test	00686400
test	00686748
test	00687083
test	00687741
test	00688915
test	00688920
test	00690340
test	00691054
test	00691500
test	00692217
test	00692311
test	00692642
test	00693453
test	00693811
test	00694828
test	00695241
test	00695311
test	00695771
test	00696149
test	00696267
test	00696611
test	00696925
test	00696927
test	00697339
test	00697434
test	00698394
test	00698399
test	00698828
test	00698893
test	00698985
test	00699297
test	00699311
test	00700697
test	00700731
test	00701158
test	00701675
test	00702066
test	00702221
test	00702497
test	00702516
test	00702563
test	00702781
test	00702856
test	00702891
test	00703073
test	00703102
test	00703158
test	00703171
test	00703263
test	00703514
test	00703900
test	00704257
test	00705082
test	00705130
test	00705263
test	00705695
test	00705837
test	00706155
test	00707343
test	00707665
test	00708740
test	00709211
test	00709299
test	00709498
test	00709506
test	00709739
test	00710168
test	00710467
test	00711346
test	00711568
test	00711822
test	00712541
test	00712594
test	00712603
test	00713331
test	00713363
test	00714501
test	00714729
test	00714815
test	00715534
test	00716072
test	00716683
test	00717136
test	00717354
test	00718514
test	00718868
test	00721170
test	00721182
test	00721185
test	00721576
test	00721652
test	00722725
test	00722756
test	00722833
test	00723326
test	00723343
test	00723439
test	00723656
test	00725203
test	00725227
test	00728512
test	00728822
test	00730444
test	00730675
test	00731104
test	00731383
test	00731609
test	00732452
test	00732461
test	00734290
test	00734376
test	00734912
test	00735677
test	00735731
test	00735803
test	00735882
test	00735988
test	00736033
test	00736217
test	00736850
test	00736882
test	00737538
test	00737781
test	00738557
test	00738816
test	00738844
test	00738853
test	00738860
test	00739173
test	00739178
test	00739344
test	00739793
test	00739986
test	00740546
test	00740904
test	00741202
test	00741254
test	00741393
test	00741471
test	00741847
test	00741878
test	00741972
test	00742341
test	00742347
test	00742348
test	00742545
test	00742557
test	00742870
test	00742989
test	00743393
test	00743860
test	00744085
test	00744749
test	00744912
test	00745875
test	00746500
test	00746505
test	00746604
test	00746961
test	00746967
test	00747180
test	00747767
test	00748278
test	00748659
test	00748724
test	00748884
test	00748926
test	00748941
test	00748963
test	00749182
test	00749788
test	00750216
test	00750403
test	00751422
test	00752500
test	00754862
test	00755610
test	00755983
test	00755989
test	00756286
test	00756641
test	00757284
test	00757576
test	00758212
test	00758942
test	00759365
test	00759403
test	00759434
test	00761396
test	00761663
test	00762327
test	00763123
test	00763292
test	00763349
test	00763620
test	00764196
test	00764264
test	00764362
test	00764500
test	00765118
test	00766613
test	00767824
test	00767978
test	00768300
test	00768461
test	00769879
test	00770520
test	00770703
test	00771844
test	00772082
test	00772578
test	00773001
test	00773122
test	00773560
test	00774679
test	00775373
test	00775469
test	00776143
test	00776846
test	00776857
test	00777261
test	00777563
test	00778108
test	00778188
test	00778197
test	00778728
test	00779074
test	00779100
test	00779330
test	00779385
test	00779529
test	00779837
test	00780369
test	00781387
test	00781916
test	00782324
test	00782384
test	00783444
test	00783492
test	00783533
test	00783559
test	00784319
test	00784713
test	00785225
test	00785757
test	00785765
test	00786455
test	00786933
test	00787088
test	00787442
test	00787469
test	00787596
test	00787608
test	00787767
test	00787967
test	00788120
test	00788449
test	00788472
test	00788789
test	00789034
test	00789978
test	00790334
test	00790702
test	00790721
test	00791223
test	00791426
test	00791533
test	00791775
test	00791781
test	00792291
test	00792465
test	00792815
test	00792996
test	00794230
test	00794467
test	00795107
test	00795772
test	00796035
test	00797376
test	00797686
test	00797837
test	00797875
test	00797906
test	00797915
test	00798773
test	00798856
test	00800467
test	00800735
test	00800809
test	00800825
test	00800972
test	00801107
test	00801112
test	00801199
test	00801203
test	00801732
test	00803474
test	00804163
test	00805070
test	00805416
test	00806948
test	00808288
test	00809229
test	00809525
test	00809579
test	00809870
test	00810270
test	00810984
test	00811277
test	00811641
test	00812454
test	00813814
test	00814033
test	00814115
test	00814267
test	00814669
test	00814792
test	00815009
test	00815309
test	00815474
test	00815836
test	00815930
test	00817047
test	00817888
test	00818947
test	00819017
test	00819437
test	00819594
test	00819758
test	00820578
test	00821433
test	00821522
test	00821604
test	00821670
test	00823786
test	00824187
test	00824556
test	00825165
test	00825201
test	00825507
test	00826132
test	00826157
test	00826343
test	00826344
test	00827283
test	00827871
test	00828031
test	00828903
test	00829167
test	00830985
test	00831489
test	00832036
test	00832249
test	00833317
test	00833602
test	00834440
test	00834544
test	00834586
test	00834621
test	00835026
test	00835728
test	00835783
test	00836091
test	00836097
test	00836263
test	00836875
test	00836896
test	00837287
test	00837823
test	00837850
test	00838581
test	00839500
test	00839921
test	00840035
test	00840095
test	00840100
test	00841267
test	00841319
test	00841954
test	00842540
test	00843396
test	00843710
test	00843777
test	00844880
test	00844913
test	00845141
test	00845253
test	00846133
test	00846213
test	00846408
test	00847353
test	00848714
test	00851255
test	00851333
test	00851739
test	00851780
test	00852119
test	00852629
test	00852892
test	00854050
test	00854213
test	00854907
test	00855634
test	00856486
test	00856678
test	00856863
test	00856985
test	00857747
test	00859256
test	00860327
test	00860637
test	00860850
test	00860878
test	00860885
test	00861118
test	00861480
test	00861494
test	00861651
test	00861690
test	00862575
test	00863328
test	00863960
test	00864179
test	00864347
test	00865782
test	00865922
test	00866303
test	00866606
test	00867068
test	00867074
test	00867509
test	00868426
test	00868604
test	00869029
test	00869139
test	00871157
test	00872412
test	00873259
test	00873599
test	00873889
test	00874506
test	00874603
test	00874710
test	00874887
test	00875306
test	00876321
test	00877074
test	00877142
test	00877648
test	00877837
test	00878083
test	00878404
test	00879286
test	00879652
test	00879921
test	00879971
test	00880014
test	00880624
test	00880626
test	00880721
test	00881087
test	00881150
test	00881494
test	00882236
test	00882328
test	00882538
test	00882872
test	00883160
test	00883529
test	00884117
test	00885238
test	00885859
test	00887699
test	00888001
test	00890523
test	00890876
test	00891411
test	00892213
test	00893476
test	00893623
test	00893660
test	00894443
test	00894530
test	00894542
test	00894572
test	00894954
test	00895983
test	00896198
test	00896572
test	00896619
test	00896733
test	00896935
test	00897262
test	00898125
test	00898650
test	00899570
test	00899793
test	00901485
test	00903530
test	00904179
test	00904465
test	00905213
test	00905700
test	00906020
test	00906133
test	00907226
test	00907431
test	00907885
test	00907926
test	00909153
test	00909584
test	00910330
test	00910961
test	00911125
test	00911570
test	00912012
test	00913098
test	00913173
test	00913466
test	00915180
test	00915521
test	00916309
test	00916970
test	00917120
test	00917482
test	00918795
test	00918874
test	00919405
test	00919659
test	00919727
test	00920837
test	00921370
test	00921632
test	00921931
test	00922182
test	00922203
test	00922321
test	00922887
test	00924921
test	00924953
test	00925104
test	00927550
test	00927597
test	00927599
test	00928617
test	00928755
test	00929069
test	00929577
test	00930298
test	00930976
test	00931905
test	00932166
test	00933065
test	00933510
test	00933822
test	00933890
test	00934357
test	00934777
test	00935125
test	00936203
test	00936303
test	00936492
test	00936617
test	00936810
test	00938299
test	00938325
test	00938326
test	00938625
test	00939345
test	00939543
test	00940597
test	00940799
test	00941213
test	00941747
test	00942107
test	00942554
test	00943295
test	00944346
test	00944385
test	00944587
test	00944598
test	00945222
test	00946208
test	00946574
test	00946617
test	00947632
test	00948062
test	00950637
test	00951500
test	00951871
test	00951972
test	00953096
test	00953994
test	00954235
test	00954340
test	00954582
test	00954749
test	00954859
test	00955166
test	00955637
test	00956176
test	00956328
test	00956792
test	00957272
test	00957517
test	00957604
test	00959397
test	00959602
test	00960070
test	00960317
test	00960368
test	00960635
test	00962067
test	00962504
test	00962888
test	00962959
test	00963405
test	00963721
test	00964767
test	00965826
test	00966330
test	00966979
test	00967732
test	00967766
test	00968251
test	00968279
test	00968464
test	00968854
test	00969037
test	00969679
test	00970070
test	00970210
test	00971439
test	00972236
test	00972239
test	00973378
test	00973543
test	00974225
test	00974811
test	00975187
test	00975325
test	00975610
test	00976340
test	00976463
test	00976541
test	00976631
test	00976949
test	00976985
test	00977060
test	00978110
test	00978195
test	00978207
test	00978724
test	00979693
test	00979943
test	00980287
test	00980946
test	00981259
test	00981373
test	00981652
test	00981706
test	00981839
test	00981891
test	00982695
test	00983512
test	00983602
test	00983684
test	00984238
test	00985118
test	00985194
test	00985779
test	00986248
test	00986512
test	00987427
test	00987887
test	00987922
test	00988566
test	00989510
test	00990394
test	00990947
test	00990978
test	00990986
test	00991101
test	00991826
test	00992460
test	00993146
test	00993185
test	00993199
test	00995116
test	00995406
test	00995430
test	00996988
test	00997324
test	00997577
test	00999478
test	00999792
